International Designator,National Designator,Name of Space Object,State/Organization,Date of Launch,GSO Location,UN Registered,Registration Document,Other Documents,Status,Date of Decay or Change,Function of Space Object,Secretariat`s Remarks,External website,_year
2020-104A,,CSO 2 ,France,12/29/2020,,Yes,ST/SG/SER.E/982,,in orbit,,Earth observation,------,,2020
2020-103A,,Yaogan 33 ,China,12/27/2020,,Yes,ST/SG/SER.E/1033,,in orbit,,Remote sensing satellite,------,,2020
2020-103B,,Weina 2 ,China,12/27/2020,,Yes,ST/SG/SER.E/1033,,in orbit,,Remote sensing satellite,------,,2020
2020-102B,,Haisi 1 ,China,12/22/2020,,Yes,ST/SG/SER.E/1033,,in orbit,,Used for space science experiments and technological verification,------,,2020
2020-102E,,SMART01 A [ET SMART-RSS],China,12/22/2020,,Yes,ST/SG/SER.E/1033,,[decayed],[2023-10-21],Earth observation satellite,------,,2020
2020-102D,,Tianqi 8 ,China,12/22/2020,[------],Yes,ST/SG/SER.E/1033,,[decayed],[2024-06-14],Communications satellite,------,,2020
2020-102A,,Yuanguang ,China,12/22/2020,[------],Yes,ST/SG/SER.E/1033,,[decayed],[2024-06-15],Used for space science experiments and technological verification,------,,2020
2020-101A,,USA 312 ,USA,12/19/2020,,Yes,ST/SG/SER.E/971,,in orbit,,Spacecraft engaged in practical applications and uses of space technology such as weather or communications,------,,2020
2020-101B,,USA 313 ,USA,12/19/2020,,Yes,ST/SG/SER.E/971,,in orbit,,Spacecraft engaged in practical applications and uses of space technology such as weather or communications,------,,2020
2020-100F,47263,OWLID00080 (SL0117) [ONEWEB 0117],United Kingdom,12/18/2020,,Yes,ST/SG/SER.E/965,ST/SG/SER.E/968,in orbit,,Communications satellite,State of registry notes that given Basic Orbital Parameters are for the intended final orbit which should be achieved by 2021-04-30. Mentioned by the Russian Federation in ST/SG/SER.E/968.,Link,2020
2020-100AF,47287,OWLID00104 (SL0141) [ONEWEB 0141],United Kingdom,12/18/2020,,Yes,ST/SG/SER.E/965,ST/SG/SER.E/968,in orbit,,Communications satellite,State of registry notes that given Basic Orbital Parameters are for the intended final orbit which should be achieved by 2021-04-30. Mentioned by the Russian Federation in ST/SG/SER.E/968.,Link,2020
2020-100AH,47289,OWLID00106 (SL0143) [ONEWEB 0143],United Kingdom,12/18/2020,,Yes,ST/SG/SER.E/965,ST/SG/SER.E/968,in orbit,,Communications satellite,State of registry notes that given Basic Orbital Parameters are for the intended final orbit which should be achieved by 2021-04-30. Mentioned by the Russian Federation in ST/SG/SER.E/968.,Link,2020
2020-100Z,47281,OWLID00098 (SL0135) [ONEWEB 0135],United Kingdom,12/18/2020,,Yes,ST/SG/SER.E/965,ST/SG/SER.E/968,in orbit,,Communications satellite,State of registry notes that given Basic Orbital Parameters are for the intended final orbit which should be achieved by 2021-04-30. Mentioned by the Russian Federation in ST/SG/SER.E/968.,Link,2020
2020-100AB,47283,OWLID00100 (SL0137) [ONEWEB 0137],United Kingdom,12/18/2020,,Yes,ST/SG/SER.E/965,ST/SG/SER.E/968,in orbit,,Communications satellite,State of registry notes that given Basic Orbital Parameters are for the intended final orbit which should be achieved by 2021-04-30. Mentioned by the Russian Federation in ST/SG/SER.E/968.,Link,2020
2020-100AC,47284,OWLID00101 (SL0138) [ONEWEB 0138],United Kingdom,12/18/2020,,Yes,ST/SG/SER.E/965,ST/SG/SER.E/968,in orbit,,Communications satellite,State of registry notes that given Basic Orbital Parameters are for the intended final orbit which should be achieved by 2021-04-30. Mentioned by the Russian Federation in ST/SG/SER.E/968.,Link,2020
2020-100AD,47285,OWLID00102 (SL0139) [ONEWEB 0139],United Kingdom,12/18/2020,,Yes,ST/SG/SER.E/965,ST/SG/SER.E/968,in orbit,,Communications satellite,State of registry notes that given Basic Orbital Parameters are for the intended final orbit which should be achieved by 2021-04-30. Mentioned by the Russian Federation in ST/SG/SER.E/968.,Link,2020
2020-100AE,47286,OWLID00103 (SL0140) [ONEWEB 0140],United Kingdom,12/18/2020,,Yes,ST/SG/SER.E/965,ST/SG/SER.E/968,in orbit,,Communications satellite,State of registry notes that given Basic Orbital Parameters are for the intended final orbit which should be achieved by 2021-04-30. Mentioned by the Russian Federation in ST/SG/SER.E/968.,Link,2020
2020-100AG,47288,OWLID00105 (SL0142) [ONEWEB 0142],United Kingdom,12/18/2020,,Yes,ST/SG/SER.E/965,ST/SG/SER.E/968,in orbit,,Communications satellite,State of registry notes that given Basic Orbital Parameters are for the intended final orbit which should be achieved by 2021-04-30. Mentioned by the Russian Federation in ST/SG/SER.E/968.,Link,2020
2020-100AA,47282,OWLID00099 (SL0136) [ONEWEB 0136],United Kingdom,12/18/2020,,Yes,ST/SG/SER.E/965,ST/SG/SER.E/968,in orbit,,Communications satellite,State of registry notes that given Basic Orbital Parameters are for the intended final orbit which should be achieved by 2021-04-30. Mentioned by the Russian Federation in ST/SG/SER.E/968.,Link,2020
2020-100G,47264,OWLID00081 (SL0118) [ONEWEB 0118],United Kingdom,12/18/2020,,Yes,ST/SG/SER.E/965,ST/SG/SER.E/968,in orbit,,Communications satellite,State of registry notes that given Basic Orbital Parameters are for the intended final orbit which should be achieved by 2021-04-30. Mentioned by the Russian Federation in ST/SG/SER.E/968.,Link,2020
2020-100W,47278,OWLID00095 (SL0132) [ONEWEB 0132],United Kingdom,12/18/2020,,Yes,ST/SG/SER.E/965,ST/SG/SER.E/968,in orbit,,Communications satellite,State of registry notes that given Basic Orbital Parameters are for the intended final orbit which should be achieved by 2021-04-30. Mentioned by the Russian Federation in ST/SG/SER.E/968.,Link,2020
2020-100Q,47272,OWLID00089 (SL0126) [ONEWEB 0126],United Kingdom,12/18/2020,,Yes,ST/SG/SER.E/965,ST/SG/SER.E/968,in orbit,,Communications satellite,State of registry notes that given Basic Orbital Parameters are for the intended final orbit which should be achieved by 2021-04-30. Mentioned by the Russian Federation in ST/SG/SER.E/968.,Link,2020
2020-100R,47273,OWLID00090 (SL0127) [ONEWEB 0127],United Kingdom,12/18/2020,,Yes,ST/SG/SER.E/965,ST/SG/SER.E/968,in orbit,,Communications satellite,State of registry notes that given Basic Orbital Parameters are for the intended final orbit which should be achieved by 2021-04-30. Mentioned by the Russian Federation in ST/SG/SER.E/968.,Link,2020
2020-100S,47274,OWLID00091 (SL0128) [ONEWEB 0128],United Kingdom,12/18/2020,,Yes,ST/SG/SER.E/965,ST/SG/SER.E/968,in orbit,,Communications satellite,State of registry notes that given Basic Orbital Parameters are for the intended final orbit which should be achieved by 2021-04-30. Mentioned by the Russian Federation in ST/SG/SER.E/968.,Link,2020
2020-100T,47275,OWLID00092 (SL0129) [ONEWEB 0129],United Kingdom,12/18/2020,,Yes,ST/SG/SER.E/965,ST/SG/SER.E/968,in orbit,,Communications satellite,State of registry notes that given Basic Orbital Parameters are for the intended final orbit which should be achieved by 2021-04-30. Mentioned by the Russian Federation in ST/SG/SER.E/968.,Link,2020
2020-100U,47276,OWLID00093 (SL0130) [ONEWEB 0130],United Kingdom,12/18/2020,,Yes,ST/SG/SER.E/965,ST/SG/SER.E/968,in orbit,,Communications satellite,State of registry notes that given Basic Orbital Parameters are for the intended final orbit which should be achieved by 2021-04-30. Mentioned by the Russian Federation in ST/SG/SER.E/968.,Link,2020
2020-100X,47279,OWLID00096 (SL0133) [ONEWEB 0133],United Kingdom,12/18/2020,,Yes,ST/SG/SER.E/965,ST/SG/SER.E/968,in orbit,,Communications satellite,State of registry notes that given Basic Orbital Parameters are for the intended final orbit which should be achieved by 2021-04-30. Mentioned by the Russian Federation in ST/SG/SER.E/968.,Link,2020
2020-100V,47277,OWLID00094 (SL0131) [ONEWEB 0131],United Kingdom,12/18/2020,,Yes,ST/SG/SER.E/965,ST/SG/SER.E/968,in orbit,,Communications satellite,State of registry notes that given Basic Orbital Parameters are for the intended final orbit which should be achieved by 2021-04-30. Mentioned by the Russian Federation in ST/SG/SER.E/968.,Link,2020
2020-100Y,47280,OWLID00097 (SL0134) [ONEWEB 0134],United Kingdom,12/18/2020,,Yes,ST/SG/SER.E/965,ST/SG/SER.E/968,in orbit,,Communications satellite,State of registry notes that given Basic Orbital Parameters are for the intended final orbit which should be achieved by 2021-04-30. Mentioned by the Russian Federation in ST/SG/SER.E/968.,Link,2020
2020-100K,47267,OWLID00084 (SL0121) [ONEWEB 0121],United Kingdom,12/18/2020,,Yes,ST/SG/SER.E/965,ST/SG/SER.E/968,in orbit,,Communications satellite,State of registry notes that given Basic Orbital Parameters are for the intended final orbit which should be achieved by 2021-04-30. Mentioned by the Russian Federation in ST/SG/SER.E/968.,Link,2020
2020-100L,47268,OWLID00085 (SL0122) [ONEWEB 0122],United Kingdom,12/18/2020,,Yes,ST/SG/SER.E/965,ST/SG/SER.E/968,in orbit,,Communications satellite,State of registry notes that given Basic Orbital Parameters are for the intended final orbit which should be achieved by 2021-04-30. Mentioned by the Russian Federation in ST/SG/SER.E/968.,Link,2020
2020-100C,47260,OWLID00077 (SL0110) [ONEWEB 0110],United Kingdom,12/18/2020,,Yes,ST/SG/SER.E/965,ST/SG/SER.E/968,in orbit,,Communications satellite,State of registry notes that given Basic Orbital Parameters are for the intended final orbit which should be achieved by 2021-04-30. Mentioned by the Russian Federation in ST/SG/SER.E/968.,Link,2020
2020-100D,47261,OWLID00078 (SL0111) [ONEWEB 0111],United Kingdom,12/18/2020,,Yes,ST/SG/SER.E/965,ST/SG/SER.E/968,in orbit,,Communications satellite,State of registry notes that given Basic Orbital Parameters are for the intended final orbit which should be achieved by 2021-04-30. Mentioned by the Russian Federation in ST/SG/SER.E/968.,Link,2020
2020-100E,47262,OWLID00079 (SL0114) [ONEWEB 0114],United Kingdom,12/18/2020,,Yes,ST/SG/SER.E/965,ST/SG/SER.E/968,in orbit,,Communications satellite,State of registry notes that given Basic Orbital Parameters are for the intended final orbit which should be achieved by 2021-04-30. Mentioned by the Russian Federation in ST/SG/SER.E/968.,Link,2020
2020-100N,47270,OWLID00087 (SL0124) [ONEWEB 0124],United Kingdom,12/18/2020,,Yes,ST/SG/SER.E/965,ST/SG/SER.E/968,in orbit,,Communications satellite,State of registry notes that given Basic Orbital Parameters are for the intended final orbit which should be achieved by 2021-04-30. Mentioned by the Russian Federation in ST/SG/SER.E/968.,Link,2020
2020-100P,47271,OWLID00088 (SL0125) [ONEWEB 0125],United Kingdom,12/18/2020,,Yes,ST/SG/SER.E/965,ST/SG/SER.E/968,in orbit,,Communications satellite,State of registry notes that given Basic Orbital Parameters are for the intended final orbit which should be achieved by 2021-04-30. Mentioned by the Russian Federation in ST/SG/SER.E/968.,Link,2020
2020-100B,47259,OWLID00076 (SL0109) [ONEWEB 0109],United Kingdom,12/18/2020,,Yes,ST/SG/SER.E/965,ST/SG/SER.E/968,in orbit,,Communications satellite,State of registry notes that given Basic Orbital Parameters are for the intended final orbit which should be achieved by 2021-04-30. Mentioned by the Russian Federation in ST/SG/SER.E/968.,Link,2020
2020-100A,47258,OWLID00075 (SL0102) [ONEWEB 0102],United Kingdom,12/18/2020,,Yes,ST/SG/SER.E/965,ST/SG/SER.E/968,in orbit,,Communications satellite,State of registry notes that given Basic Orbital Parameters are for the intended final orbit which should be achieved by 2021-04-30. Mentioned by the Russian Federation in ST/SG/SER.E/968.,Link,2020
2020-100M,47269,OWLID00086 (SL0123) [ONEWEB 0123],United Kingdom,12/18/2020,,Yes,ST/SG/SER.E/965,ST/SG/SER.E/968,in orbit,,Communications satellite,State of registry notes that given Basic Orbital Parameters are for the intended final orbit which should be achieved by 2021-04-30. Mentioned by the Russian Federation in ST/SG/SER.E/968.,Link,2020
2020-100J,47266,OWLID00083 (SL0120) [ONEWEB 0120],United Kingdom,12/18/2020,,Yes,ST/SG/SER.E/965,ST/SG/SER.E/968,in orbit,,Communications satellite,State of registry notes that given Basic Orbital Parameters are for the intended final orbit which should be achieved by 2021-04-30. Mentioned by the Russian Federation in ST/SG/SER.E/968.,Link,2020
2020-100AK,47291,OWLID00108 (SL0145) [ONEWEB 0145],United Kingdom,12/18/2020,,Yes,ST/SG/SER.E/965,ST/SG/SER.E/968,in orbit,,Communications satellite,State of registry notes that given Basic Orbital Parameters are for the intended final orbit which should be achieved by 2021-04-30. Mentioned by the Russian Federation in ST/SG/SER.E/968.,Link,2020
2020-100AL,47292,OWLID00109 (SL0146) [ONEWEB 0146],United Kingdom,12/18/2020,,Yes,ST/SG/SER.E/965,ST/SG/SER.E/968,in orbit,,Communications satellite,State of registry notes that given Basic Orbital Parameters are for the intended final orbit which should be achieved by 2021-04-30. Mentioned by the Russian Federation in ST/SG/SER.E/968.,Link,2020
2020-100AJ,47290,OWLID00107 (SL0144) [ONEWEB 0144],United Kingdom,12/18/2020,,Yes,ST/SG/SER.E/965,ST/SG/SER.E/968,in orbit,,Communications satellite,State of registry notes that given Basic Orbital Parameters are for the intended final orbit which should be achieved by 2021-04-30. Mentioned by the Russian Federation in ST/SG/SER.E/968.,Link,2020
2020-100AM,47293,OWLID00110 (SL0147) [ONEWEB 0147],United Kingdom,12/18/2020,,Yes,ST/SG/SER.E/965,ST/SG/SER.E/968,in orbit,,Communications satellite,State of registry notes that given Basic Orbital Parameters are for the intended final orbit which should be achieved by 2021-04-30. Mentioned by the Russian Federation in ST/SG/SER.E/968.,Link,2020
2020-100H,47265,OWLID00082 (SL0119) [ONEWEB 0119],United Kingdom,12/18/2020,,Yes,ST/SG/SER.E/965,ST/SG/SER.E/968,in orbit,,Communications satellite,State of registry notes that given Basic Orbital Parameters are for the intended final orbit which should be achieved by 2021-04-30. Mentioned by the Russian Federation in ST/SG/SER.E/968.,Link,2020
2020-099A,,CMS 01 ,India,12/17/2020,[+83.0 degrees East],Yes,ST/SG/SER.E/1005,,in GSO,,Communications,------,,2020
2020-098A,,StriX α [(STRIX ALPHA)],Japan,12/15/2020,,Yes,ST/SG/SER.E/1011,ST/SG/SER.E/1240,decayed,10/27/2023,"StriX-α is the first SAR (Synthetic Aperture Rader) satellite made by Synspective Inc. to test capability of the SAR imagery (remote sensing) technology, including the uplink and downlink functionality and antenna signal strength.",Mentioned by New Zealand in ST/SG/SER.E/976.,Link,2020
[2020-097A],3560-2020-012,Full-scale model [IPM 2],Russian Federation,12/14/2020,,Yes,ST/SG/SER.E/968,,in GSO,,Full-scale model,------,,2020
2020-096A,,XM 7 ,USA,12/13/2020,[-085.0 degrees East],Yes,ST/SG/SER.E/971,,in GSO,,Spacecraft engaged in practical applications and uses of space technology such as weather or communications,------,,2020
2020-095A,,USA 311 ,USA,12/11/2020,,Yes,ST/SG/SER.E/971,,[in GSO],,Spacecraft engaged in practical applications and uses of space technology such as weather or communications,------,,2020
2020-094A,,GECAM A ,China,12/9/2020,,Yes,ST/SG/SER.E/1033,,in orbit,,Monitoring high-energy electromagnetic counterparts from gravitational wave events,------,,2020
2020-094B,,GECAM B ,China,12/9/2020,,Yes,ST/SG/SER.E/1033,,in orbit,,Monitoring high-energy electromagnetic counterparts from gravitational wave events,------,,2020
2020-092A,,Gaofen 14 ,China,12/6/2020,,Yes,ST/SG/SER.E/1033,,in orbit,,Remote sensing satellite,------,,2020
2020-093A,,Dragon CRS-21 ,USA,12/6/2020,,Yes,ST/SG/SER.E/971,ST/SG/SER.E/977,[recovered],1/14/2021,Reusable space transportation systems,------,,2020
[2020-091D],3559-2020-011,Cosmos 2548 ,Russian Federation,12/3/2020,,Yes,ST/SG/SER.E/968,,in orbit,,Intended for assignments on behalf of the Ministry of Defence of the Russian Federation,------,,2020
[2020-091B],3557-2020-011,Gonets M No.31  ,Russian Federation,12/3/2020,,Yes,ST/SG/SER.E/968,,in orbit,,Telecommunications,------,,2020
[2020-091C],3558-2020-011,Gonets M No.32  ,Russian Federation,12/3/2020,,Yes,ST/SG/SER.E/968,,in orbit,,Telecommunications,------,,2020
[2020-091A],3556-2020-011,Gonets M No.30  ,Russian Federation,12/3/2020,,Yes,ST/SG/SER.E/968,,in orbit,,Telecommunications,------,,2020
2020-090A,,Falcon Eye 2 ,United Arab Emirates,12/2/2020,,Yes,ST/SG/SER.E/972,,in orbit,,Optical satellite for Earth observation on a Sun synchronous orbit,------,,2020
2020-089A,2020-089A,Japanese Data Relay System (JDRS) [LUCAS (JDRS-1)],Japan,11/29/2020,,Yes,ST/SG/SER.E/1011,,in GSO,,Satellite conducting missions assigned by the Government of Japan,------,,2020
2020-088J,,Starlink 1839 ,USA,11/25/2020,,Yes,ST/SG/SER.E/967,ST/SG/SER.E/1131,[deorbited],5/3/2023,Spacecraft engaged in practical applications and uses of space technology such as weather or communications,------,,2020
2020-088AW,,Starlink 1881 ,USA,11/25/2020,,Yes,ST/SG/SER.E/967,ST/SG/SER.E/1116,[deorbited],2/28/2023,Spacecraft engaged in practical applications and uses of space technology such as weather or communications,------,,2020
2020-088AJ,,Starlink 1868 ,USA,11/25/2020,,Yes,ST/SG/SER.E/967,ST/SG/SER.E/1179,[deorbited],10/1/2023,Spacecraft engaged in practical applications and uses of space technology such as weather or communications,------,,2020
2020-088BM,,Starlink 1927 ,USA,11/25/2020,,Yes,ST/SG/SER.E/967,ST/SG/SER.E/1222,[deorbited],7/18/2024,Spacecraft engaged in practical applications and uses of space technology such as weather or communications,------,,2020
2020-088AA,,Starlink 1859 ,USA,11/25/2020,,Yes,ST/SG/SER.E/967,ST/SG/SER.E/1071,decayed,4/3/2022,Spacecraft engaged in practical applications and uses of space technology such as weather or communications,------,,2020
2020-088BG,,Starlink 1900 ,USA,11/25/2020,,Yes,ST/SG/SER.E/967,ST/SG/SER.E/1004,decayed,4/17/2021,Spacecraft engaged in practical applications and uses of space technology such as weather or communications,------,,2020
2020-088X,,Starlink 1856 ,USA,11/25/2020,,Yes,ST/SG/SER.E/967,,in orbit,,Spacecraft engaged in practical applications and uses of space technology such as weather or communications,------,,2020
2020-088T,,Starlink 1852 ,USA,11/25/2020,,Yes,ST/SG/SER.E/967,,in orbit,,Spacecraft engaged in practical applications and uses of space technology such as weather or communications,------,,2020
2020-088V,,Starlink 1854 ,USA,11/25/2020,,Yes,ST/SG/SER.E/967,,in orbit,,Spacecraft engaged in practical applications and uses of space technology such as weather or communications,------,,2020
2020-088AB,,Starlink 1860 ,USA,11/25/2020,,Yes,ST/SG/SER.E/967,,in orbit,,Spacecraft engaged in practical applications and uses of space technology such as weather or communications,------,,2020
2020-088AC,,Starlink 1861 ,USA,11/25/2020,,Yes,ST/SG/SER.E/967,,in orbit,,Spacecraft engaged in practical applications and uses of space technology such as weather or communications,------,,2020
2020-088AE,,Starlink 1863 ,USA,11/25/2020,,Yes,ST/SG/SER.E/967,,in orbit,,Spacecraft engaged in practical applications and uses of space technology such as weather or communications,------,,2020
2020-088AF,,Starlink 1864 ,USA,11/25/2020,,Yes,ST/SG/SER.E/967,,in orbit,,Spacecraft engaged in practical applications and uses of space technology such as weather or communications,------,,2020
2020-088AG,,Starlink 1866 ,USA,11/25/2020,,Yes,ST/SG/SER.E/967,,in orbit,,Spacecraft engaged in practical applications and uses of space technology such as weather or communications,------,,2020
2020-088M,,Starlink 1843 ,USA,11/25/2020,,Yes,ST/SG/SER.E/967,,in orbit,,Spacecraft engaged in practical applications and uses of space technology such as weather or communications,------,,2020
2020-088P,,Starlink 1845 ,USA,11/25/2020,,Yes,ST/SG/SER.E/967,,in orbit,,Spacecraft engaged in practical applications and uses of space technology such as weather or communications,------,,2020
2020-088AM,,Starlink 1871 ,USA,11/25/2020,,Yes,ST/SG/SER.E/967,,in orbit,,Spacecraft engaged in practical applications and uses of space technology such as weather or communications,------,,2020
2020-088AN,,Starlink 1873 ,USA,11/25/2020,,Yes,ST/SG/SER.E/967,,in orbit,,Spacecraft engaged in practical applications and uses of space technology such as weather or communications,------,,2020
2020-088AR,,Starlink 1876 ,USA,11/25/2020,,Yes,ST/SG/SER.E/967,,in orbit,,Spacecraft engaged in practical applications and uses of space technology such as weather or communications,------,,2020
2020-088BJ,,Starlink 1912 ,USA,11/25/2020,,Yes,ST/SG/SER.E/967,,in orbit,,Spacecraft engaged in practical applications and uses of space technology such as weather or communications,------,,2020
2020-088BK,,Starlink 1913 ,USA,11/25/2020,,Yes,ST/SG/SER.E/967,,in orbit,,Spacecraft engaged in practical applications and uses of space technology such as weather or communications,------,,2020
2020-088BB,,Starlink 1888 ,USA,11/25/2020,,Yes,ST/SG/SER.E/967,,in orbit,,Spacecraft engaged in practical applications and uses of space technology such as weather or communications,------,,2020
2020-088BF,,Starlink 1895 ,USA,11/25/2020,,Yes,ST/SG/SER.E/967,,in orbit,,Spacecraft engaged in practical applications and uses of space technology such as weather or communications,------,,2020
2020-088AV,,Starlink 1880  ,USA,11/25/2020,,Yes,ST/SG/SER.E/967,,in orbit,,Spacecraft engaged in practical applications and uses of space technology such as weather or communications,------,,2020
2020-088A,,Starlink 1777 ,USA,11/25/2020,,Yes,ST/SG/SER.E/967,,in orbit,,Spacecraft engaged in practical applications and uses of space technology such as weather or communications,------,,2020
2020-088C,,Starlink 1785 ,USA,11/25/2020,,Yes,ST/SG/SER.E/967,,in orbit,,Spacecraft engaged in practical applications and uses of space technology such as weather or communications,------,,2020
2020-088E,,Starlink 1812 ,USA,11/25/2020,,Yes,ST/SG/SER.E/967,,in orbit,,Spacecraft engaged in practical applications and uses of space technology such as weather or communications,------,,2020
2020-088K,,Starlink 1840 ,USA,11/25/2020,,Yes,ST/SG/SER.E/967,ST/SG/SER.E/1050,[deorbited],1/29/2022,Spacecraft engaged in practical applications and uses of space technology such as weather or communications,------,,2020
2020-088U,,Starlink 1853 ,USA,11/25/2020,,Yes,ST/SG/SER.E/967,ST/SG/SER.E/1050,[deorbited],1/28/2022,Spacecraft engaged in practical applications and uses of space technology such as weather or communications,------,,2020
2020-088AL,,Starlink 1870 ,USA,11/25/2020,,Yes,ST/SG/SER.E/967,ST/SG/SER.E/1071,[deorbited],4/24/2022,Spacecraft engaged in practical applications and uses of space technology such as weather or communications,------,,2020
2020-088BC,,Starlink 1889 ,USA,11/25/2020,,Yes,ST/SG/SER.E/967,ST/SG/SER.E/1071,[deorbited],4/9/2022,Spacecraft engaged in practical applications and uses of space technology such as weather or communications,------,,2020
2020-088AQ,,Starlink 1875 ,USA,11/25/2020,,Yes,ST/SG/SER.E/967,ST/SG/SER.E/1034,[deorbited],11/29/2021,Spacecraft engaged in practical applications and uses of space technology such as weather or communications,------,,2020
2020-088AP,,Starlink 1874 ,USA,11/25/2020,,Yes,ST/SG/SER.E/967,ST/SG/SER.E/1076,[deorbited],6/28/2022,Spacecraft engaged in practical applications and uses of space technology such as weather or communications,------,,2020
2020-088L,,Starlink 1842 ,USA,11/25/2020,,Yes,ST/SG/SER.E/967,ST/SG/SER.E/1024,[deorbited],7/5/2021,Spacecraft engaged in practical applications and uses of space technology such as weather or communications,------,,2020
2020-088B,,Starlink 1779 ,USA,11/25/2020,,Yes,ST/SG/SER.E/967,ST/SG/SER.E/1031,[deorbited],8/26/2021,Spacecraft engaged in practical applications and uses of space technology such as weather or communications,------,,2020
2020-088W,,Starlink 1855 ,USA,11/25/2020,,Yes,ST/SG/SER.E/967,ST/SG/SER.E/1031,[deorbited],9/11/2021,Spacecraft engaged in practical applications and uses of space technology such as weather or communications,------,,2020
2020-088D,,Starlink 1787 ,USA,11/25/2020,,Yes,ST/SG/SER.E/967,ST/SG/SER.E/1031,[deorbited],9/13/2021,Spacecraft engaged in practical applications and uses of space technology such as weather or communications,------,,2020
2020-088AZ,,Starlink 1886 ,USA,11/25/2020,,Yes,ST/SG/SER.E/967,ST/SG/SER.E/1031,[deorbited],10/22/2021,Spacecraft engaged in practical applications and uses of space technology such as weather or communications,------,,2020
2020-088F,,Starlink 1836 ,USA,11/25/2020,,Yes,ST/SG/SER.E/967,ST/SG/SER.E/1031,[deorbited],10/3/2021,Spacecraft engaged in practical applications and uses of space technology such as weather or communications,------,,2020
2020-088BL,,Starlink 1914 ,USA,11/25/2020,,Yes,ST/SG/SER.E/967,ST/SG/SER.E/1031,[deorbited],10/30/2021,Spacecraft engaged in practical applications and uses of space technology such as weather or communications,------,,2020
2020-088AY,,Starlink 1885 ,USA,11/25/2020,,Yes,ST/SG/SER.E/967,ST/SG/SER.E/1080,[deorbited],8/14/2022,Spacecraft engaged in practical applications and uses of space technology such as weather or communications,------,,2020
2020-088Z,,Starlink 1858 ,USA,11/25/2020,,Yes,ST/SG/SER.E/967,ST/SG/SER.E/1080,[deorbited],8/9/2022,Spacecraft engaged in practical applications and uses of space technology such as weather or communications,------,,2020
2020-088N,,Starlink 1844 ,USA,11/25/2020,,Yes,ST/SG/SER.E/967,ST/SG/SER.E/1249,[deorbited],12/18/2024,Spacecraft engaged in practical applications and uses of space technology such as weather or communications,------,,2020
2020-088G,,Starlink 1837 ,USA,11/25/2020,,Yes,ST/SG/SER.E/967,ST/SG/SER.E/1249,[deorbited],12/28/2024,Spacecraft engaged in practical applications and uses of space technology such as weather or communications,------,,2020
2020-088H,,Starlink 1838 ,USA,11/25/2020,,Yes,ST/SG/SER.E/967,ST/SG/SER.E/1302,[deorbited],5/8/2025,Spacecraft engaged in practical applications and uses of space technology such as weather or communications,------,,2020
2020-088AX,,Starlink 1884 ,USA,11/25/2020,,Yes,ST/SG/SER.E/967,ST/SG/SER.E/1270,[deorbited],1/14/2025,Spacecraft engaged in practical applications and uses of space technology such as weather or communications,------,,2020
2020-088BD,,Starlink 1890 ,USA,11/25/2020,,Yes,ST/SG/SER.E/967,ST/SG/SER.E/1302,[deorbited],6/30/2025,Spacecraft engaged in practical applications and uses of space technology such as weather or communications,------,,2020
2020-088AT,,Starlink 1878 ,USA,11/25/2020,,Yes,ST/SG/SER.E/967,ST/SG/SER.E/1270,[deorbited],1/23/2025,Spacecraft engaged in practical applications and uses of space technology such as weather or communications,------,,2020
2020-088BE,,Starlink 1891 ,USA,11/25/2020,,Yes,ST/SG/SER.E/967,ST/SG/SER.E/1270,[deorbited],1/9/2025,Spacecraft engaged in practical applications and uses of space technology such as weather or communications,------,,2020
2020-088Y,,Starlink 1857 ,USA,11/25/2020,,Yes,ST/SG/SER.E/967,ST/SG/SER.E/1287,[deorbited],2/22/2025,Spacecraft engaged in practical applications and uses of space technology such as weather or communications,------,,2020
2020-088Q,,Starlink 1846 ,USA,11/25/2020,,Yes,ST/SG/SER.E/967,ST/SG/SER.E/1287,[deorbited],2/22/2025,Spacecraft engaged in practical applications and uses of space technology such as weather or communications,------,,2020
2020-088AH,,Starlink 1867 ,USA,11/25/2020,,Yes,ST/SG/SER.E/967,ST/SG/SER.E/1290,[deorbited],4/1/2025,Spacecraft engaged in practical applications and uses of space technology such as weather or communications,------,,2020
2020-088S,,Starlink 1850 ,USA,11/25/2020,,Yes,ST/SG/SER.E/967,ST/SG/SER.E/1290,[deorbited],3/19/2025,Spacecraft engaged in practical applications and uses of space technology such as weather or communications,------,,2020
2020-088AU,,Starlink 1879 ,USA,11/25/2020,,Yes,ST/SG/SER.E/967,ST/SG/SER.E/1290,[deorbited],4/5/2025,Spacecraft engaged in practical applications and uses of space technology such as weather or communications,------,,2020
2020-088AK,,Starlink 1869 ,USA,11/25/2020,,Yes,ST/SG/SER.E/967,ST/SG/SER.E/1290,[deorbited],3/11/2025,Spacecraft engaged in practical applications and uses of space technology such as weather or communications,------,,2020
2020-088BH,,Starlink 1907 ,USA,11/25/2020,,Yes,ST/SG/SER.E/967,ST/SG/SER.E/1290,[deorbited],3/5/2025,Spacecraft engaged in practical applications and uses of space technology such as weather or communications,------,,2020
2020-088BA,,Starlink 1887 ,USA,11/25/2020,,Yes,ST/SG/SER.E/967,ST/SG/SER.E/1270,[deorbited],1/28/2025,Spacecraft engaged in practical applications and uses of space technology such as weather or communications,------,,2020
2020-088AD,,Starlink 1862 ,USA,11/25/2020,,Yes,ST/SG/SER.E/967,ST/SG/SER.E/1302,[deorbited],6/14/2025,Spacecraft engaged in practical applications and uses of space technology such as weather or communications,------,,2020
2020-088AS,,Starlink 1877 ,USA,11/25/2020,,Yes,ST/SG/SER.E/967,ST/SG/SER.E/1302,[deorbited],6/21/2025,Spacecraft engaged in practical applications and uses of space technology such as weather or communications,------,,2020
2020-088R,,Starlink 1849 ,USA,11/25/2020,,Yes,ST/SG/SER.E/967,ST/SG/SER.E/1302,[deorbited],6/4/2025,Spacecraft engaged in practical applications and uses of space technology such as weather or communications,------,,2020
2020-087A,,Chang'E 5 [CHANG'E 5 ORBITER],China,11/23/2020,,Yes,ST/SG/SER.E/1033,,[in Sun L1],,Deep-space exploration,------,,2020
[2020-087*],, [CHANG'E 5 LANDER],[China],[2020-11-23],,No,,,[on Moon],,------,Not registered with the United Nations. International Designator pending assignment.,,2020
[2020-086A],, [S6 MICHAEL FREILICH],[(for ESA)],[2020-11-21],,No,,,[in orbit],,------,Not registered with the United Nations.,,2020
2020-085AG,NZ-2020-33,SpaceBEENZ 1 ,New Zealand,11/20/2020,,Yes,ST/SG/SER.E/976,ST/SG/SER.E/1138,[decayed],3/7/2023,Technology demonstration/communications,------,Link,2020
2020-085P,NZ-2020-38,SpaceBEENZ 6 ,New Zealand,11/20/2020,,Yes,ST/SG/SER.E/976,ST/SG/SER.E/1138,[decayed],4/12/2023,Technology demonstration/communications,------,Link,2020
2020-085AE,NZ-2020-34,SpaceBEENZ 2 ,New Zealand,11/20/2020,,Yes,ST/SG/SER.E/976,ST/SG/SER.E/1138,[decayed],3/15/2023,Technology demonstration/communications,------,Link,2020
2020-085K,NZ-2020-35,SpaceBEENZ 3 ,New Zealand,11/20/2020,,Yes,ST/SG/SER.E/976,ST/SG/SER.E/1138,[decayed],[2023-03-22],Technology demonstration/communications,------,Link,2020
2020-085L,NZ-2020-36,SpaceBEENZ 4 ,New Zealand,11/20/2020,,Yes,ST/SG/SER.E/976,ST/SG/SER.E/1138,[decayed],3/28/2023,Technology demonstration/communications,------,Link,2020
2020-085N,NZ-2020-37,SpaceBEENZ 5 ,New Zealand,11/20/2020,,Yes,ST/SG/SER.E/976,ST/SG/SER.E/1138,[decayed],4/5/2023,Technology demonstration/communications,------,Link,2020
2020-085D,NZ-2020-27,APSS 1 QuakeTEC ,New Zealand,11/20/2020,,Yes,ST/SG/SER.E/1040,ST/SG/SER.E/1190,[decayed],1/30/2024,Payload - technology demonstration,------,,2020
2020-085AA,,Spacebee 22 ,USA,11/20/2020,,Yes,ST/SG/SER.E/967,ST/SG/SER.E/1086,decayed,10/22/2022,Spacecraft engaged in practical applications and uses of space technology such as weather or communications,Mentioned by New Zealand in ST/SG/SER.E/976 and ST/SG/SER.E/1089.,,2020
2020-085G,,Spacebee 36 ,USA,11/20/2020,,Yes,ST/SG/SER.E/967,ST/SG/SER.E/1086,decayed,10/29/2022,Spacecraft engaged in practical applications and uses of space technology such as weather or communications,Mentioned by New Zealand in ST/SG/SER.E/976 and ST/SG/SER.E/1089.,,2020
2020-085AH,,Spacebee 23 ,USA,11/20/2020,,Yes,ST/SG/SER.E/967,ST/SG/SER.E/1086,decayed,10/28/2022,Spacecraft engaged in practical applications and uses of space technology such as weather or communications,Mentioned by New Zealand in ST/SG/SER.E/976 and ST/SG/SER.E/1089.,,2020
2020-085F,,Spacebee 35 ,USA,11/20/2020,,Yes,ST/SG/SER.E/967,ST/SG/SER.E/1086,decayed,10/22/2022,Spacecraft engaged in practical applications and uses of space technology such as weather or communications,Mentioned by New Zealand in ST/SG/SER.E/976 and ST/SG/SER.E/1089.,,2020
2020-085E,,Spacebee 34 ,USA,11/20/2020,,Yes,ST/SG/SER.E/967,ST/SG/SER.E/1086,decayed,10/12/2022,Spacecraft engaged in practical applications and uses of space technology such as weather or communications,Mentioned by New Zealand in ST/SG/SER.E/976 and ST/SG/SER.E/1089.,,2020
2020-085AF,,Spacebee 39 ,USA,11/20/2020,,Yes,ST/SG/SER.E/967,ST/SG/SER.E/1091,decayed,11/29/2022,Spacecraft engaged in practical applications and uses of space technology such as weather or communications,Mentioned by New Zealand in ST/SG/SER.E/976 and ST/SG/SER.E/1089.,,2020
2020-085J,,Spacebee 38 ,USA,11/20/2020,,Yes,ST/SG/SER.E/967,ST/SG/SER.E/1091,decayed,11/18/2022,Spacecraft engaged in practical applications and uses of space technology such as weather or communications,Mentioned by New Zealand in ST/SG/SER.E/976 and ST/SG/SER.E/1089.,,2020
2020-085H,,Spacebee 37 ,USA,11/20/2020,,Yes,ST/SG/SER.E/967,ST/SG/SER.E/1091,decayed,11/18/2022,Spacecraft engaged in practical applications and uses of space technology such as weather or communications,Mentioned by New Zealand in ST/SG/SER.E/976 and ST/SG/SER.E/1089.,,2020
2020-085AD,,Spacebee 26  ,USA,11/20/2020,,Yes,ST/SG/SER.E/967,ST/SG/SER.E/1091,decayed,11/16/2022,Spacecraft engaged in practical applications and uses of space technology such as weather or communications,Mentioned by New Zealand in ST/SG/SER.E/976 and ST/SG/SER.E/1089.,,2020
2020-085AB,,Dragracer 1 (Alchemy) ,USA,11/20/2020,,Yes,ST/SG/SER.E/967,ST/SG/SER.E/1024,decayed,7/19/2021,Spacecraft engaged in practical applications and uses of space technology such as weather or communications,Mentioned by New Zealand in ST/SG/SER.E/976 & ST/SG/SER.E/1040.,,2020
2020-085T,,SpaceBEE 32 ,USA,11/20/2020,,Yes,ST/SG/SER.E/967,ST/SG/SER.E/1096,decayed,12/14/2022,Spacecraft engaged in practical applications and uses of space technology such as weather or communications,Name of space object amended by State of registry in ST/SG/SER.E/1041. Mentioned by New Zealand in ST/SG/SER.E/976 and ST/SG/SER.E/1089.,,2020
2020-085S,,SpaceBEE 29 ,USA,11/20/2020,,Yes,ST/SG/SER.E/967,ST/SG/SER.E/1091,decayed,11/24/2022,Spacecraft engaged in practical applications and uses of space technology such as weather or communications,Name of space object amended by State of registry in ST/SG/SER.E/1041. Mentioned by New Zealand in ST/SG/SER.E/976 and ST/SG/SER.E/1089.,,2020
2020-085W,,SpaceBEE 30 ,USA,11/20/2020,,Yes,ST/SG/SER.E/967,ST/SG/SER.E/1091,decayed,11/29/2022,Spacecraft engaged in practical applications and uses of space technology such as weather or communications,Name of space object amended by State of registry in ST/SG/SER.E/1041. Mentioned by New Zealand in ST/SG/SER.E/976 and ST/SG/SER.E/1089.,,2020
2020-085Y,,Spacebee 25 ,USA,11/20/2020,,Yes,ST/SG/SER.E/967,ST/SG/SER.E/1086,decayed,10/27/2022,Spacecraft engaged in practical applications and uses of space technology such as weather or communications,Mentioned by New Zealand in ST/SG/SER.E/976 and ST/SG/SER.E/1089.,,2020
2020-085U,,Spacebee 31 ,USA,11/20/2020,,Yes,ST/SG/SER.E/967,ST/SG/SER.E/1096,decayed,12/3/2022,Spacecraft engaged in practical applications and uses of space technology such as weather or communications,Mentioned by New Zealand in ST/SG/SER.E/976 and ST/SG/SER.E/1089.,,2020
2020-085X,,Spacebee 27 ,USA,11/20/2020,,Yes,ST/SG/SER.E/967,ST/SG/SER.E/1091,decayed,11/5/2022,Spacecraft engaged in practical applications and uses of space technology such as weather or communications,Mentioned by New Zealand in ST/SG/SER.E/976 and ST/SG/SER.E/1089.,,2020
2020-085V,,Spacebee 28 ,USA,11/20/2020,,Yes,ST/SG/SER.E/967,ST/SG/SER.E/1091,decayed,11/21/2022,Spacecraft engaged in practical applications and uses of space technology such as weather or communications,Mentioned by New Zealand in ST/SG/SER.E/976 and ST/SG/SER.E/1089.,,2020
2020-085Z,,Spacebee 24 ,USA,11/20/2020,,Yes,ST/SG/SER.E/967,ST/SG/SER.E/1091,decayed,11/16/2022,Spacecraft engaged in practical applications and uses of space technology such as weather or communications,Mentioned by New Zealand in ST/SG/SER.E/976 and ST/SG/SER.E/1089.,,2020
2020-085R,,Spacebee 33 ,USA,11/20/2020,,Yes,ST/SG/SER.E/967,ST/SG/SER.E/1096,decayed,12/14/2022,Spacecraft engaged in practical applications and uses of space technology such as weather or communications,Mentioned by New Zealand in ST/SG/SER.E/976.,,2020
2020-085C,,Corvus BC5 ,USA,11/20/2020,,Yes,ST/SG/SER.E/967,ST/SG/SER.E/1213,decayed,3/28/2024,Spacecraft engaged in practical applications and uses of space technology such as weather or communications,Mentioned by New Zealand in ST/SG/SER.E/976 & ST/SG/SER.E/1190.,,2020
2020-085AC,,Dragracer 2 (Augury)  ,USA,11/20/2020,,Yes,ST/SG/SER.E/967,ST/SG/SER.E/976,in orbit,,Spacecraft engaged in practical applications and uses of space technology such as weather or communications,Mentioned by New Zealand in ST/SG/SER.E/976.,,2020
2020-085Q,,BRO 3 ,France,11/20/2020,,Yes,ST/SG/SER.E/982,ST/SG/SER.E/1273,[decayed],1/23/2024,Unseenlabs maritime surveillance,Mentioned by New Zealand in ST/SG/SER.E/976 & ST/SG/SER.E/1190.,,2020
2020-085M,,BRO 2 ,France,11/20/2020,,Yes,ST/SG/SER.E/982,ST/SG/SER.E/1273,[decayed],11/27/2024,Unseenlabs maritime surveillance,Mentioned by New Zealand in ST/SG/SER.E/976 and ST/SG/SER.E/1245.,,2020
2020-084A,,Dragon Resilience ,USA,11/16/2020,,Yes,ST/SG/SER.E/967,ST/SG/SER.E/1010,[recovered],5/2/2021,Reusable space transportation systems,Notification by Australia under the Rescue Agreement of the recovery of three component parts of the trunk section of the space object in A/AC.105/1281.,,2020
2020-083A,,USA 310 ,USA,11/13/2020,,Yes,ST/SG/SER.E/967,,in orbit,,Spacecraft engaged in practical applications and uses of space technology such as weather or communications,------,,2020
2020-082A,,Tiantong 1 ,China,11/12/2020,,Yes,ST/SG/SER.E/1033,,in GSO,,Communications satellite,------,,2020
2020-081C,,KSM1 c ,Luxembourg,11/7/2020,,Yes,ST/SG/SER.E/1043,A/AC.105/INF/445,in orbit,,Passive geolocation of radio transmissions in order to provide radio frequency scouting data in relation to maritime activities,Previously registered under resolution 1721B (XVI) in A/AC.105/INF/445.,,2020
2020-081B,,KSM1 d ,Luxembourg,11/7/2020,,Yes,ST/SG/SER.E/1043,A/AC.105/INF/445,in orbit,,Passive geolocation of radio transmissions in order to provide radio frequency scouting data in relation to maritime activities,Previously registered under resolution 1721B (XVI) in A/AC.105/INF/445.,,2020
2020-081K,,KSM1 b ,Luxembourg,11/7/2020,,Yes,ST/SG/SER.E/1043,A/AC.105/INF/445,in orbit,,Passive geolocation of radio transmissions in order to provide radio frequency scouting data in relation to maritime activities,Previously registered under resolution 1721B (XVI) in A/AC.105/INF/445.,,2020
2020-081H,,KSM1 a ,Luxembourg,11/7/2020,,Yes,ST/SG/SER.E/1043,A/AC.105/INF/445,in orbit,,Passive geolocation of radio transmissions in order to provide radio frequency scouting data in relation to maritime activities,Previously registered under resolution 1721B (XVI) in A/AC.105/INF/445.,,2020
2020-080A,,Tianqi 11 ,China,11/7/2020,,Yes,ST/SG/SER.E/1033,,in orbit,,The Apocalypse Constellation 11 is equipped with a multiband Internet of things payload system that will provide support for users to conduct narrow-band space-based Internet of things business-level scenario applications,------,,2020
2020-081F,,Lemur 2 Wallace ,USA,11/7/2020,,Yes,ST/SG/SER.E/967,ST/SG/SER.E/1229,decayed,9/13/2024,Spacecraft engaged in practical applications and uses of space technology such as weather or communications,------,,2020
2020-081E,,Lemur 2 Jindra ,USA,11/7/2020,,Yes,ST/SG/SER.E/967,ST/SG/SER.E/1229,decayed,9/4/2024,Spacecraft engaged in practical applications and uses of space technology such as weather or communications,------,,2020
[2020-081J],, [R2],[(for Lithuania)],[2020-11-07],,No,,,[in orbit],,------,Not registered with the United Nations.,,2020
2020-081A,,EOS 01 [(RISAT 2BR2)],India,11/7/2020,,Yes,ST/SG/SER.E/1005,,in orbit,,Earth observation,------,,2020
2020-081G,,Lemur 2 Jeremiah ,USA,11/7/2020,,Yes,ST/SG/SER.E/967,ST/SG/SER.E/1242,decayed,11/5/2024,Spacecraft engaged in practical applications and uses of space technology such as weather or communications,------,,2020
2020-081D,,Lemur 2 Ozarak ,USA,11/7/2020,,Yes,ST/SG/SER.E/967,ST/SG/SER.E/1239,decayed,10/14/2024,Spacecraft engaged in practical applications and uses of space technology such as weather or communications,------,,2020
2020-079L,,Tianyan 05 [UESTC TEST SATELLITE],China,11/6/2020,,Yes,ST/SG/SER.E/1033,,[decayed],[2023-08-08],Remote-sensing imaging satellite,------,,2020
2020-079E,2020-079E,Nusat 14  [(HEDY)],Uruguay,11/6/2020,,Yes,ST/SG/SER.E/998,,[decayed],[2023-09-06],Earth observation,------,,2020
2020-079N,,BY70-3 ,China,11/6/2020,,Yes,ST/SG/SER.E/1033,,in orbit,,Popularize space science education and scientific experiments,------,,2020
2020-079D,2020-079D,Nusat 15  [(KATHERINE)],Uruguay,11/6/2020,,Yes,ST/SG/SER.E/998,,[decayed],[2023-09-19],Earth observation,------,,2020
2020-079A,2020-079A,Nusat 12  [(DOROTHY)],Uruguay,11/6/2020,,Yes,ST/SG/SER.E/998,,[decayed],[2023-09-28],Earth observation,------,,2020
2020-079P,2020-079P,Nusat 16 [(LISE)],Uruguay,11/6/2020,,Yes,ST/SG/SER.E/998,,[decayed],[2023-09-22],Earth observation,------,,2020
2020-079B,,Nusat 9  [(ALICE)],Uruguay,11/6/2020,,Yes,ST/SG/SER.E/998,,[decayed],[2023-10-04],Earth observation,------,,2020
2020-079J,2020-079J,Nusat 17 [(MARY)],Uruguay,11/6/2020,,Yes,ST/SG/SER.E/998,,[decayed],[2023-10-13],Earth observation,------,,2020
2020-079C,2020-079C,Nusat 11  [(CORA)],Uruguay,11/6/2020,,Yes,ST/SG/SER.E/998,,[decayed],[2023-10-11],Earth observation,------,,2020
2020-079K,2020-079K,Nusat 18 [(VERA)],Uruguay,11/6/2020,,Yes,ST/SG/SER.E/998,,[decayed],[2023-10-21],Earth observation,------,,2020
2020-079G,2020-079G,Nusat 13  [(EMMY)],Uruguay,11/6/2020,,Yes,ST/SG/SER.E/998,,[decayed],[2023-10-21],Earth observation,------,,2020
2020-079M,,Beihangkongshi 1 ,China,11/6/2020,,Yes,ST/SG/SER.E/1033,,[decayed],[2023-12-05],Used for space science experiments and technological verification,------,,2020
2020-079F,2020-079F,Nusat 10  [(CAROLINE)],Uruguay,11/6/2020,,Yes,ST/SG/SER.E/998,,[decayed],[2023-10-31],Earth observation,------,,2020
1998-067RX,,DESCENT ,Canada,11/5/2020,,Yes,ST/SG/SER.E/996,,[decayed],[2022-06-19],"The DESCENT mission will demonstrate the ability to de-orbit spacecraft using an electrodynamic tether. It consists of two 1U cubesats attached with a 100 m long tether. Once in space, the two cubes will separate and expedite the time of de-orbit",Date of launch used in the Online Index is date of deployment,,2020
1998-067RT,,NEUTRON 1 ,USA,11/5/2020,,Yes,ST/SG/SER.E/1058,ST/SG/SER.E/1076,decayed,6/25/2022,Spacecraft engaged in practical applications and uses of space technology such as weather or communications,Date of launch is date of deployment from the ISS.,,2020
1998-067RR,,SPOC ,USA,11/5/2020,,Yes,ST/SG/SER.E/967,ST/SG/SER.E/1076,decayed,6/25/2022,Spacecraft engaged in practical applications and uses of space technology such as weather or communications,Date of launch is date of deployment from the ISS.,,2020
1998-067RS,,Bobcat 1 ,USA,11/5/2020,,Yes,ST/SG/SER.E/967,ST/SG/SER.E/1071,decayed,4/9/2022,Spacecraft engaged in practical applications and uses of space technology such as weather or communications,Date of launch is date of deployment from the ISS.,,2020
2020-078A,,Navstar 80 (USA 309) ,USA,11/5/2020,,Yes,ST/SG/SER.E/967,,in orbit,,Spacecraft engaged in practical applications and uses of space technology such as weather or communications,------,,2020
[1998-067R*],, [SAT LLA],[(for Israel)],[2020-11-05],,No,,,[in orbit],,------,Not registered with the United Nations. International Designator pending assignment. Date of launch is date of deployment from the ISS.,,2020
1998-067RW,,"FM137, LEMUR 2 Baxter-Oliver, LEMUR 2 v4.7 ",Luxembourg,11/5/2020,,Yes,ST/SG/SER.E/1043,A/AC.105/INF/445,[decayed],[2021-12-20],Earth exploration and meteorology; testing of inter-satellite links,Previously registered under resolution 1721B (XVI) in A/AC.105/INF/445. Date of launch is date of deployment from the ISS.,,2020
1998-067RU,,"FM142, LEMUR 2 Djara, LEMUR 2 V4.8 ",Luxembourg,11/5/2020,,Yes,ST/SG/SER.E/1043,A/AC.105/INF/445,in orbit,,"Earth exploration and meteorology (AIS, ADS-B, GNSS-RO/R)",Previously registered under resolution 1721B (XVI) in A/AC.105/INF/445. Date of launch is date of deployment from the ISS.,,2020
2020-077H,,Flock EP 2 ,USA,10/28/2020,,Yes,ST/SG/SER.E/964,ST/SG/SER.E/1186,decayed,11/1/2023,Spacecraft engaged in practical applications and uses of space technology such as weather or communications,Mentioned by New Zealand in ST/SG/SER.E/976 and ST/SG/SER.E/1166.,,2020
2020-077J,,Flock EP 4 ,USA,10/28/2020,,Yes,ST/SG/SER.E/964,ST/SG/SER.E/1186,decayed,11/25/2023,Spacecraft engaged in practical applications and uses of space technology such as weather or communications,Mentioned by New Zealand in ST/SG/SER.E/976.,,2020
2020-077A,,Flock EP 1 ,USA,10/28/2020,,Yes,ST/SG/SER.E/964,ST/SG/SER.E/1188,decayed,12/8/2023,Spacecraft engaged in practical applications and uses of space technology such as weather or communications,Mentioned by New Zealand in ST/SG/SER.E/976.,,2020
2020-077C,,Flock EP 9 ,USA,10/28/2020,,Yes,ST/SG/SER.E/964,ST/SG/SER.E/1188,decayed,12/12/2023,Spacecraft engaged in practical applications and uses of space technology such as weather or communications,Mentioned by New Zealand in ST/SG/SER.E/976.,,2020
2020-077K,,Flock EP 6 ,USA,10/28/2020,,Yes,ST/SG/SER.E/964,ST/SG/SER.E/1188,decayed,12/5/2023,Spacecraft engaged in practical applications and uses of space technology such as weather or communications,Mentioned by New Zealand in ST/SG/SER.E/976.,,2020
2020-077B,,Flock EP 7 ,USA,10/28/2020,,Yes,ST/SG/SER.E/964,ST/SG/SER.E/1200,decayed,2/21/2024,Spacecraft engaged in practical applications and uses of space technology such as weather or communications,Mentioned by New Zealand in ST/SG/SER.E/976 & ST/SG/SER.E/1190.,,2020
2020-077E,,Flock EP 5 ,USA,10/28/2020,,Yes,ST/SG/SER.E/964,ST/SG/SER.E/1213,decayed,3/9/2024,Spacecraft engaged in practical applications and uses of space technology such as weather or communications,Mentioned by New Zealand in ST/SG/SER.E/976 & ST/SG/SER.E/1190.,,2020
2020-077G,,Flock EP 3 ,USA,10/28/2020,,Yes,ST/SG/SER.E/964,ST/SG/SER.E/1213,decayed,3/5/2024,Spacecraft engaged in practical applications and uses of space technology such as weather or communications,Mentioned by New Zealand in ST/SG/SER.E/976 & ST/SG/SER.E/1190.,,2020
2020-077D,,Flock EP 8 ,USA,10/28/2020,,Yes,ST/SG/SER.E/964,ST/SG/SER.E/1213,decayed,3/28/2024,Spacecraft engaged in practical applications and uses of space technology such as weather or communications,Mentioned by New Zealand in ST/SG/SER.E/976 & ST/SG/SER.E/1190.,,2020
2020-077F,,CE-SAT IIB ,Japan,10/28/2020,,Yes,ST/SG/SER.E/1011,ST/SG/SER.E/976,in orbit,,"Earth remote sensing using an ultra-high sensitivity camera that can capture images with a ground-sample-distance (GSD) resolution of 5 metres, a visible-band camera that can capture images with a GSD resolution of 5 metres and a wide-angle camera that can capture images with a GSD resolution of 40 to 120 metres",Mentioned by New Zealand in ST/SG/SER.E/976.,Link,2020
2020-076D,,Tianqi 6 ,China,10/26/2020,,Yes,ST/SG/SER.E/1033,,in orbit,,The Apocalypse Constellation 06 is equipped with a multiband Internet of things payload system that will provide support for users to conduct narrow-band space-based Internet of things business-level scenario applications,------,,2020
2020-076C,,Yaogan 30 W ,China,10/26/2020,,Yes,ST/SG/SER.E/1033,,in orbit,,Remote sensing satellite,------,,2020
2020-076A,,Yaogan 30 U ,China,10/26/2020,,Yes,ST/SG/SER.E/1033,,in orbit,,Remote sensing satellite,------,,2020
2020-076B,,Yaogan 30 V ,China,10/26/2020,,Yes,ST/SG/SER.E/1033,,in orbit,,Remote sensing satellite,------,,2020
[2020-075A],3555-2020-010,Cosmos 2547 (GLONASS-K1 No. 15) ,Russian Federation,10/25/2020,,Yes,ST/SG/SER.E/962,,in orbit,,The dual-use space object is intended to perform tasks on behalf of the Ministry of Defence of the Russian Federation and to support the socioeconomic development of the Russian Federation,------,,2020
2020-074D,,Starlink 1872 ,USA,10/24/2020,,Yes,ST/SG/SER.E/964,ST/SG/SER.E/1130,[deorbited],[2023-04-15],Spacecraft engaged in practical applications and uses of space technology such as weather or communications,------,,2020
2020-074G,,Starlink 1898 ,USA,10/24/2020,,Yes,ST/SG/SER.E/964,ST/SG/SER.E/1091,[deorbited],11/27/2022,Spacecraft engaged in practical applications and uses of space technology such as weather or communications,------,,2020
2020-074AP,,Starlink 1946 ,USA,10/24/2020,,Yes,ST/SG/SER.E/964,ST/SG/SER.E/1116,[deorbited],2/5/2023,Spacecraft engaged in practical applications and uses of space technology such as weather or communications,------,,2020
2020-074AA,,Starlink 1902 ,USA,10/24/2020,,Yes,ST/SG/SER.E/964,ST/SG/SER.E/1116,[deorbited],2/4/2023,Spacecraft engaged in practical applications and uses of space technology such as weather or communications,------,,2020
2020-074AM,,Starlink 1939 ,USA,10/24/2020,,Yes,ST/SG/SER.E/964,,[decayed],[2022-04-16],Spacecraft engaged in practical applications and uses of space technology such as weather or communications,------,,2020
2020-074AW,,Starlink 1851 ,USA,10/24/2020,,Yes,ST/SG/SER.E/964,ST/SG/SER.E/1215,[deorbited],5/20/2024,Spacecraft engaged in practical applications and uses of space technology such as weather or communications,------,,2020
2020-074BK,,Starlink 1944 ,USA,10/24/2020,,Yes,ST/SG/SER.E/964,,in orbit,,Spacecraft engaged in practical applications and uses of space technology such as weather or communications,------,,2020
2020-074J,,Starlink 1908 ,USA,10/24/2020,,Yes,ST/SG/SER.E/964,,in orbit,,Spacecraft engaged in practical applications and uses of space technology such as weather or communications,------,,2020
2020-074AB,,Starlink 1903 ,USA,10/24/2020,,Yes,ST/SG/SER.E/964,,in orbit,,Spacecraft engaged in practical applications and uses of space technology such as weather or communications,------,,2020
2020-074AF,,Starlink 1918 ,USA,10/24/2020,,Yes,ST/SG/SER.E/964,,in orbit,,Spacecraft engaged in practical applications and uses of space technology such as weather or communications,------,,2020
2020-074BC,,Starlink 1930 ,USA,10/24/2020,,Yes,ST/SG/SER.E/964,,in orbit,,Spacecraft engaged in practical applications and uses of space technology such as weather or communications,------,,2020
2020-074AX,,Starlink 1882 ,USA,10/24/2020,,Yes,ST/SG/SER.E/964,,in orbit,,Spacecraft engaged in practical applications and uses of space technology such as weather or communications,------,,2020
2020-074AZ,,Starlink 1893 ,USA,10/24/2020,,Yes,ST/SG/SER.E/964,,in orbit,,Spacecraft engaged in practical applications and uses of space technology such as weather or communications,------,,2020
2020-074BE,,Starlink 1933 ,USA,10/24/2020,,Yes,ST/SG/SER.E/964,,in orbit,,Spacecraft engaged in practical applications and uses of space technology such as weather or communications,------,,2020
2020-074BF,,Starlink 1934 ,USA,10/24/2020,,Yes,ST/SG/SER.E/964,,in orbit,,Spacecraft engaged in practical applications and uses of space technology such as weather or communications,------,,2020
2020-074BD,,Starlink 1931 ,USA,10/24/2020,,Yes,ST/SG/SER.E/964,,in orbit,,Spacecraft engaged in practical applications and uses of space technology such as weather or communications,------,,2020
2020-074M,,Starlink 1915 ,USA,10/24/2020,,Yes,ST/SG/SER.E/964,ST/SG/SER.E/967,[deorbited],11/6/2020,Spacecraft engaged in practical applications and uses of space technology such as weather or communications,------,,2020
2020-074P,,Starlink 1921 ,USA,10/24/2020,,Yes,ST/SG/SER.E/964,,in orbit,,Spacecraft engaged in practical applications and uses of space technology such as weather or communications,------,,2020
2020-074Q,,Starlink 1922 ,USA,10/24/2020,,Yes,ST/SG/SER.E/964,,in orbit,,Spacecraft engaged in practical applications and uses of space technology such as weather or communications,------,,2020
2020-074F,,Starlink 1894 ,USA,10/24/2020,,Yes,ST/SG/SER.E/964,,in orbit,,Spacecraft engaged in practical applications and uses of space technology such as weather or communications,------,,2020
2020-074H,,Starlink 1905 ,USA,10/24/2020,,Yes,ST/SG/SER.E/964,,in orbit,,Spacecraft engaged in practical applications and uses of space technology such as weather or communications,------,,2020
2020-074K,,Starlink 1910 ,USA,10/24/2020,,Yes,ST/SG/SER.E/964,,in orbit,,Spacecraft engaged in practical applications and uses of space technology such as weather or communications,------,,2020
2020-074L,,Starlink 1911 ,USA,10/24/2020,,Yes,ST/SG/SER.E/964,,in orbit,,Spacecraft engaged in practical applications and uses of space technology such as weather or communications,------,,2020
2020-074AR,,Starlink 1950 ,USA,10/24/2020,,Yes,ST/SG/SER.E/964,ST/SG/SER.E/967,[deorbited],11/6/2020,Spacecraft engaged in practical applications and uses of space technology such as weather or communications,------,,2020
2020-074AU,,Starlink 1834 ,USA,10/24/2020,,Yes,ST/SG/SER.E/964,,in orbit,,Spacecraft engaged in practical applications and uses of space technology such as weather or communications,------,,2020
2020-074AV,,Starlink 1835 ,USA,10/24/2020,,Yes,ST/SG/SER.E/964,,in orbit,,Spacecraft engaged in practical applications and uses of space technology such as weather or communications,------,,2020
2020-074AT,,Starlink 1832 ,USA,10/24/2020,,Yes,ST/SG/SER.E/964,,in orbit,,Spacecraft engaged in practical applications and uses of space technology such as weather or communications,------,,2020
2020-074BH,,Starlink 1942 ,USA,10/24/2020,,Yes,ST/SG/SER.E/964,,in orbit,,Spacecraft engaged in practical applications and uses of space technology such as weather or communications,------,,2020
2020-074BM,,Starlink 1948 ,USA,10/24/2020,,Yes,ST/SG/SER.E/964,,in orbit,,Spacecraft engaged in practical applications and uses of space technology such as weather or communications,------,,2020
2020-074E,,Starlink 1892 ,USA,10/24/2020,,Yes,ST/SG/SER.E/964,,in orbit,,Spacecraft engaged in practical applications and uses of space technology such as weather or communications,------,,2020
2020-074B,,Starlink 1848 ,USA,10/24/2020,,Yes,ST/SG/SER.E/964,,in orbit,,Spacecraft engaged in practical applications and uses of space technology such as weather or communications,------,,2020
2020-074S,,Starlink 1924 ,USA,10/24/2020,,Yes,ST/SG/SER.E/964,,in orbit,,Spacecraft engaged in practical applications and uses of space technology such as weather or communications,------,,2020
2020-074V,,Starlink 1928 ,USA,10/24/2020,,Yes,ST/SG/SER.E/964,,in orbit,,Spacecraft engaged in practical applications and uses of space technology such as weather or communications,------,,2020
2020-074AN,,Starlink 1945 ,USA,10/24/2020,,Yes,ST/SG/SER.E/964,ST/SG/SER.E/1050,[deorbited],1/29/2022,Spacecraft engaged in practical applications and uses of space technology such as weather or communications,------,,2020
2020-074BL,,Starlink 1947 ,USA,10/24/2020,,Yes,ST/SG/SER.E/964,ST/SG/SER.E/1071,[deorbited],4/30/2022,Spacecraft engaged in practical applications and uses of space technology such as weather or communications,------,,2020
2020-074AG,,Starlink 1919 ,USA,10/24/2020,,Yes,ST/SG/SER.E/964,ST/SG/SER.E/1071,[deorbited],4/8/2022,Spacecraft engaged in practical applications and uses of space technology such as weather or communications,------,,2020
2020-074Z,,Starlink 1901 ,USA,10/24/2020,,Yes,ST/SG/SER.E/964,ST/SG/SER.E/1034,[deorbited],11/14/2021,Spacecraft engaged in practical applications and uses of space technology such as weather or communications,------,,2020
2020-074A,,Starlink-1847 ,USA,10/24/2020,,Yes,ST/SG/SER.E/964,ST/SG/SER.E/1024,[deorbited],7/14/2021,Spacecraft engaged in practical applications and uses of space technology such as weather or communications,------,,2020
2020-074AJ,,Starlink 1935 ,USA,10/24/2020,,Yes,ST/SG/SER.E/964,ST/SG/SER.E/1031,[deorbited],8/24/2021,Spacecraft engaged in practical applications and uses of space technology such as weather or communications,------,,2020
2020-074Y,,Starlink 1897 ,USA,10/24/2020,,Yes,ST/SG/SER.E/964,ST/SG/SER.E/1031,[deorbited],8/23/2021,Spacecraft engaged in practical applications and uses of space technology such as weather or communications,------,,2020
2020-074AL,,Starlink 1937 ,USA,10/24/2020,,Yes,ST/SG/SER.E/964,ST/SG/SER.E/1031,[deorbited],9/11/2021,Spacecraft engaged in practical applications and uses of space technology such as weather or communications,------,,2020
2020-074AQ,,Starlink 1949 ,USA,10/24/2020,,Yes,ST/SG/SER.E/964,ST/SG/SER.E/1031,[deorbited],10/2/2021,Spacecraft engaged in practical applications and uses of space technology such as weather or communications,------,,2020
2020-074BJ,,Starlink 1943 ,USA,10/24/2020,,Yes,ST/SG/SER.E/964,ST/SG/SER.E/1041,[deorbited],12/20/2021,Spacecraft engaged in practical applications and uses of space technology such as weather or communications,------,,2020
2020-074U,,Starlink 1926 ,USA,10/24/2020,,Yes,ST/SG/SER.E/964,ST/SG/SER.E/1242,[deorbited],11/2/2024,Spacecraft engaged in practical applications and uses of space technology such as weather or communications,------,,2020
2020-074R,,Starlink 1923 ,USA,10/24/2020,,Yes,ST/SG/SER.E/964,ST/SG/SER.E/1249,[deorbited],12/2/2024,Spacecraft engaged in practical applications and uses of space technology such as weather or communications,------,,2020
2020-074BA,,Starlink 1899 ,USA,10/24/2020,,Yes,ST/SG/SER.E/964,ST/SG/SER.E/1239,[deorbited],10/15/2024,Spacecraft engaged in practical applications and uses of space technology such as weather or communications,------,,2020
2020-074W,,Starlink 1833 ,USA,10/24/2020,,Yes,ST/SG/SER.E/964,,[deorbited],[2025-05-17],Spacecraft engaged in practical applications and uses of space technology such as weather or communications,------,,2020
2020-074BB,,Starlink 1929 ,USA,10/24/2020,,Yes,ST/SG/SER.E/964,ST/SG/SER.E/1270,[deorbited],1/31/2025,Spacecraft engaged in practical applications and uses of space technology such as weather or communications,------,,2020
2020-074AK,,Starlink 1936 ,USA,10/24/2020,,Yes,ST/SG/SER.E/964,ST/SG/SER.E/1270,[deorbited],1/30/2025,Spacecraft engaged in practical applications and uses of space technology such as weather or communications,------,,2020
2020-074X,,Starlink 1896 ,USA,10/24/2020,,Yes,ST/SG/SER.E/964,ST/SG/SER.E/1270,[deorbited],1/25/2025,Spacecraft engaged in practical applications and uses of space technology such as weather or communications,------,,2020
2020-074AE,,Starlink 1917 ,USA,10/24/2020,,Yes,ST/SG/SER.E/964,ST/SG/SER.E/1287,[deorbited],2/21/2025,Spacecraft engaged in practical applications and uses of space technology such as weather or communications,------,,2020
2020-074AY,,Starlink 1883 ,USA,10/24/2020,,Yes,ST/SG/SER.E/964,ST/SG/SER.E/1287,[deorbited],2/22/2025,Spacecraft engaged in practical applications and uses of space technology such as weather or communications,------,,2020
2020-074AC,,Starlink 1906 ,USA,10/24/2020,,Yes,ST/SG/SER.E/964,ST/SG/SER.E/1287,[deorbited],2/25/2025,Spacecraft engaged in practical applications and uses of space technology such as weather or communications,------,,2020
2020-074C,,Starlink 1865 ,USA,10/24/2020,,Yes,ST/SG/SER.E/964,ST/SG/SER.E/1287,[deorbited],2/27/2025,Spacecraft engaged in practical applications and uses of space technology such as weather or communications,------,,2020
2020-074N,,Starlink 1920 ,USA,10/24/2020,,Yes,ST/SG/SER.E/964,ST/SG/SER.E/1290,[deorbited],4/30/2025,Spacecraft engaged in practical applications and uses of space technology such as weather or communications,------,,2020
2020-074AS,,Starlink 1798 ,USA,10/24/2020,,Yes,ST/SG/SER.E/964,ST/SG/SER.E/1290,[deorbited],3/8/2025,Spacecraft engaged in practical applications and uses of space technology such as weather or communications,------,,2020
2020-074BG,,Starlink 1941 ,USA,10/24/2020,,Yes,ST/SG/SER.E/964,ST/SG/SER.E/1290,[deorbited],3/19/2025,Spacecraft engaged in practical applications and uses of space technology such as weather or communications,------,,2020
2020-074AD,,Starlink 1916 ,USA,10/24/2020,,Yes,ST/SG/SER.E/964,ST/SG/SER.E/1290,[deorbited],4/18/2025,Spacecraft engaged in practical applications and uses of space technology such as weather or communications,------,,2020
2020-074AH,,Starlink 1932 ,USA,10/24/2020,,Yes,ST/SG/SER.E/964,ST/SG/SER.E/1290,[deorbited],3/26/2025,Spacecraft engaged in practical applications and uses of space technology such as weather or communications,------,,2020
2020-074T,,Starlink 1925 ,USA,10/24/2020,,Yes,ST/SG/SER.E/964,ST/SG/SER.E/1290,[deorbited],3/24/2025,Spacecraft engaged in practical applications and uses of space technology such as weather or communications,------,,2020
2020-073L,,Starlink 1774 ,USA,10/18/2020,,Yes,ST/SG/SER.E/964,,[deorbited],[2024-01-28],Spacecraft engaged in practical applications and uses of space technology such as weather or communications,------,,2020
2020-073AS,,Starlink 1811 ,USA,10/18/2020,,Yes,ST/SG/SER.E/964,ST/SG/SER.E/1186,[deorbited],11/18/2023,Spacecraft engaged in practical applications and uses of space technology such as weather or communications,------,,2020
2020-073H,,Starlink 1766 ,USA,10/18/2020,,Yes,ST/SG/SER.E/964,ST/SG/SER.E/1229,[deorbited],9/15/2024,Spacecraft engaged in practical applications and uses of space technology such as weather or communications,------,,2020
2020-073BL,,Starlink 1831 ,USA,10/18/2020,,Yes,ST/SG/SER.E/964,ST/SG/SER.E/1071,[deorbited],4/2/2022,Spacecraft engaged in practical applications and uses of space technology such as weather or communications,------,,2020
2020-073AQ,,Starlink 1809 ,USA,10/18/2020,,Yes,ST/SG/SER.E/964,ST/SG/SER.E/1076,decayed,6/5/2022,Spacecraft engaged in practical applications and uses of space technology such as weather or communications,------,,2020
2020-073BE,,Starlink 1825 ,USA,10/18/2020,,Yes,ST/SG/SER.E/964,ST/SG/SER.E/1215,[deorbited],6/1/2024,Spacecraft engaged in practical applications and uses of space technology such as weather or communications,------,,2020
2020-073D,,Starlink 1717 ,USA,10/18/2020,,Yes,ST/SG/SER.E/964,ST/SG/SER.E/1227,[deorbited],8/24/2024,Spacecraft engaged in practical applications and uses of space technology such as weather or communications,------,,2020
2020-073BK,,Starlink 1830 ,USA,10/18/2020,,Yes,ST/SG/SER.E/964,,in orbit,,Spacecraft engaged in practical applications and uses of space technology such as weather or communications,------,,2020
2020-073BF,,Starlink 1826 ,USA,10/18/2020,,Yes,ST/SG/SER.E/964,,in orbit,,Spacecraft engaged in practical applications and uses of space technology such as weather or communications,------,,2020
2020-073BJ,,Starlink 1829 ,USA,10/18/2020,,Yes,ST/SG/SER.E/964,,in orbit,,Spacecraft engaged in practical applications and uses of space technology such as weather or communications,------,,2020
2020-073C,,Starlink 1716 ,USA,10/18/2020,,Yes,ST/SG/SER.E/964,,in orbit,,Spacecraft engaged in practical applications and uses of space technology such as weather or communications,------,,2020
2020-073J,,Starlink 1772 ,USA,10/18/2020,,Yes,ST/SG/SER.E/964,ST/SG/SER.E/971,[deorbited],12/27/2020,Spacecraft engaged in practical applications and uses of space technology such as weather or communications,------,,2020
2020-073E,,Starlink 1718 ,USA,10/18/2020,,Yes,ST/SG/SER.E/964,,in orbit,,Spacecraft engaged in practical applications and uses of space technology such as weather or communications,------,,2020
2020-073K,,Starlink 1773 ,USA,10/18/2020,,Yes,ST/SG/SER.E/964,,in orbit,,Spacecraft engaged in practical applications and uses of space technology such as weather or communications,------,,2020
2020-073N,,Starlink 1776 ,USA,10/18/2020,,Yes,ST/SG/SER.E/964,,in orbit,,Spacecraft engaged in practical applications and uses of space technology such as weather or communications,------,,2020
2020-073M,,Starlink 1775 ,USA,10/18/2020,,Yes,ST/SG/SER.E/964,,in orbit,,Spacecraft engaged in practical applications and uses of space technology such as weather or communications,------,,2020
2020-073AC,,Starlink 1795 ,USA,10/18/2020,,Yes,ST/SG/SER.E/964,,in orbit,,Spacecraft engaged in practical applications and uses of space technology such as weather or communications,------,,2020
2020-073AE,,Starlink 1797 ,USA,10/18/2020,,Yes,ST/SG/SER.E/964,,in orbit,,Spacecraft engaged in practical applications and uses of space technology such as weather or communications,------,,2020
2020-073AF,,Starlink 1799 ,USA,10/18/2020,,Yes,ST/SG/SER.E/964,,in orbit,,Spacecraft engaged in practical applications and uses of space technology such as weather or communications,------,,2020
2020-073AG,,Starlink 1800 ,USA,10/18/2020,,Yes,ST/SG/SER.E/964,,in orbit,,Spacecraft engaged in practical applications and uses of space technology such as weather or communications,------,,2020
2020-073AH,,Starlink 1801 ,USA,10/18/2020,,Yes,ST/SG/SER.E/964,,in orbit,,Spacecraft engaged in practical applications and uses of space technology such as weather or communications,------,,2020
2020-073AJ,,Starlink 1802 ,USA,10/18/2020,,Yes,ST/SG/SER.E/964,,in orbit,,Spacecraft engaged in practical applications and uses of space technology such as weather or communications,------,,2020
2020-073AN,,Starlink 1807 ,USA,10/18/2020,,Yes,ST/SG/SER.E/964,,in orbit,,Spacecraft engaged in practical applications and uses of space technology such as weather or communications,------,,2020
2020-073AR,,Starlink 1810 ,USA,10/18/2020,,Yes,ST/SG/SER.E/964,,in orbit,,Spacecraft engaged in practical applications and uses of space technology such as weather or communications,------,,2020
2020-073AM,,Starlink 1805 ,USA,10/18/2020,,Yes,ST/SG/SER.E/964,,in orbit,,Spacecraft engaged in practical applications and uses of space technology such as weather or communications,------,,2020
2020-073AU,,Starlink 1814 ,USA,10/18/2020,,Yes,ST/SG/SER.E/964,,in orbit,,Spacecraft engaged in practical applications and uses of space technology such as weather or communications,------,,2020
2020-073A,,Starlink 1819 ,USA,10/18/2020,,Yes,ST/SG/SER.E/964,ST/SG/SER.E/964,[deorbited],10/25/2020,Spacecraft engaged in practical applications and uses of space technology such as weather or communications,------,,2020
2020-073AV,,Starlink 1815 ,USA,10/18/2020,,Yes,ST/SG/SER.E/964,,in orbit,,Spacecraft engaged in practical applications and uses of space technology such as weather or communications,------,,2020
2020-073AX,,Starlink 1817 ,USA,10/18/2020,,Yes,ST/SG/SER.E/964,,in orbit,,Spacecraft engaged in practical applications and uses of space technology such as weather or communications,------,,2020
2020-073AW,,Starlink 1816 ,USA,10/18/2020,,Yes,ST/SG/SER.E/964,,in orbit,,Spacecraft engaged in practical applications and uses of space technology such as weather or communications,------,,2020
2020-073T,,Starlink 1784 ,USA,10/18/2020,,Yes,ST/SG/SER.E/964,,in orbit,,Spacecraft engaged in practical applications and uses of space technology such as weather or communications,------,,2020
2020-073Q,,Starlink 1780 ,USA,10/18/2020,,Yes,ST/SG/SER.E/964,,in orbit,,Spacecraft engaged in practical applications and uses of space technology such as weather or communications,------,,2020
2020-073V,,Starlink 1788 ,USA,10/18/2020,,Yes,ST/SG/SER.E/964,,in orbit,,Spacecraft engaged in practical applications and uses of space technology such as weather or communications,------,,2020
2020-073X,,Starlink 1790 ,USA,10/18/2020,,Yes,ST/SG/SER.E/964,,in orbit,,Spacecraft engaged in practical applications and uses of space technology such as weather or communications,------,,2020
2020-073Z,,Starlink 1792 ,USA,10/18/2020,,Yes,ST/SG/SER.E/964,,in orbit,,Spacecraft engaged in practical applications and uses of space technology such as weather or communications,------,,2020
2020-073W,,Starlink 1789 ,USA,10/18/2020,,Yes,ST/SG/SER.E/964,,in orbit,,Spacecraft engaged in practical applications and uses of space technology such as weather or communications,------,,2020
2020-073R,,Starlink 1781 ,USA,10/18/2020,,Yes,ST/SG/SER.E/964,,in orbit,,Spacecraft engaged in practical applications and uses of space technology such as weather or communications,------,,2020
2020-073BH,,Starlink 1828 ,USA,10/18/2020,,Yes,ST/SG/SER.E/964,,in orbit,,Spacecraft engaged in practical applications and uses of space technology such as weather or communications,------,,2020
2020-073BA,,Starlink 1821 ,USA,10/18/2020,,Yes,ST/SG/SER.E/964,,in orbit,,Spacecraft engaged in practical applications and uses of space technology such as weather or communications,------,,2020
2020-073AZ,,Starlink 1820 ,USA,10/18/2020,,Yes,ST/SG/SER.E/964,,in orbit,,Spacecraft engaged in practical applications and uses of space technology such as weather or communications,------,,2020
2020-073U,,Starlink 1786 ,USA,10/18/2020,,Yes,ST/SG/SER.E/964,ST/SG/SER.E/1050,[deorbited],1/29/2022,Spacecraft engaged in practical applications and uses of space technology such as weather or communications,------,,2020
2020-073BG,,Starlink 1827 ,USA,10/18/2020,,Yes,ST/SG/SER.E/964,ST/SG/SER.E/1034,[deorbited],11/11/2021,Spacecraft engaged in practical applications and uses of space technology such as weather or communications,------,,2020
2020-073G,,Starlink 1731 ,USA,10/18/2020,,Yes,ST/SG/SER.E/964,ST/SG/SER.E/1034,[deorbited],11/13/2021,Spacecraft engaged in practical applications and uses of space technology such as weather or communications,------,,2020
2020-073BM,,Starlink 1841 ,USA,10/18/2020,,Yes,ST/SG/SER.E/964,ST/SG/SER.E/1010,[deorbited],5/28/2021,Spacecraft engaged in practical applications and uses of space technology such as weather or communications,------,,2020
2020-073AD,,Starlink 1796 ,USA,10/18/2020,,Yes,ST/SG/SER.E/964,ST/SG/SER.E/1031,[deorbited],9/6/2021,Spacecraft engaged in practical applications and uses of space technology such as weather or communications,------,,2020
2020-073P,,Starlink 1778 ,USA,10/18/2020,,Yes,ST/SG/SER.E/964,ST/SG/SER.E/1031,[deorbited],9/4/2021,Spacecraft engaged in practical applications and uses of space technology such as weather or communications,------,,2020
2020-073AB,,Starlink 1794 ,USA,10/18/2020,,Yes,ST/SG/SER.E/964,ST/SG/SER.E/1031,[deorbited],9/29/2021,Spacecraft engaged in practical applications and uses of space technology such as weather or communications,------,,2020
2020-073BD,,Starlink 1824 ,USA,10/18/2020,,Yes,ST/SG/SER.E/964,ST/SG/SER.E/1031,[deorbited],10/3/2021,Spacecraft engaged in practical applications and uses of space technology such as weather or communications,------,,2020
2020-073BC,,Starlink 1823 ,USA,10/18/2020,,Yes,ST/SG/SER.E/964,ST/SG/SER.E/1080,[deorbited],8/31/2022,Spacecraft engaged in practical applications and uses of space technology such as weather or communications,------,,2020
2020-073Y,,Starlink 1791 ,USA,10/18/2020,,Yes,ST/SG/SER.E/964,ST/SG/SER.E/1270,[deorbited],1/29/2025,Spacecraft engaged in practical applications and uses of space technology such as weather or communications,------,,2020
2020-073F,,Starlink 1720 ,USA,10/18/2020,,Yes,ST/SG/SER.E/964,ST/SG/SER.E/1270,[deorbited],1/6/2025,Spacecraft engaged in practical applications and uses of space technology such as weather or communications,------,,2020
2020-073AT,,Starlink-1813 ,USA,10/18/2020,,Yes,ST/SG/SER.E/964,ST/SG/SER.E/1270,[deorbited],1/13/2025,Spacecraft engaged in practical applications and uses of space technology such as weather or communications,------,,2020
2020-073AK,,Starlink 1803 ,USA,10/18/2020,,Yes,ST/SG/SER.E/964,ST/SG/SER.E/1290,[deorbited],4/24/2025,Spacecraft engaged in practical applications and uses of space technology such as weather or communications,------,,2020
2020-073AP,,Starlink 1808 ,USA,10/18/2020,,Yes,ST/SG/SER.E/964,ST/SG/SER.E/1290,[deorbited],4/25/2025,Spacecraft engaged in practical applications and uses of space technology such as weather or communications,------,,2020
2020-073AA,,Starlink 1793 ,USA,10/18/2020,,Yes,ST/SG/SER.E/964,ST/SG/SER.E/1290,[deorbited],4/20/2025,Spacecraft engaged in practical applications and uses of space technology such as weather or communications,------,,2020
2020-073B,,Starlink 1715 ,USA,10/18/2020,,Yes,ST/SG/SER.E/964,ST/SG/SER.E/1290,[deorbited],3/7/2025,Spacecraft engaged in practical applications and uses of space technology such as weather or communications,------,,2020
2020-073AY,,Starlink-1818 ,USA,10/18/2020,,Yes,ST/SG/SER.E/964,ST/SG/SER.E/1302,[deorbited],6/24/2025,Spacecraft engaged in practical applications and uses of space technology such as weather or communications,------,,2020
2020-073BB,,Starlink 1822 ,USA,10/18/2020,,Yes,ST/SG/SER.E/964,ST/SG/SER.E/1313,[deorbited],9/3/2025,Spacecraft engaged in practical applications and uses of space technology such as weather or communications,------,,2020
2020-073AL,,Starlink 1804 ,USA,10/18/2020,,Yes,ST/SG/SER.E/964,ST/SG/SER.E/1216,[deorbited],6/9/2024,Spacecraft engaged in practical applications and uses of space technology such as weather or communications,------,,2020
2020-073S,,Starlink 1783 ,USA,10/18/2020,,Yes,ST/SG/SER.E/964,ST/SG/SER.E/1216,[deorbited],6/9/2024,Spacecraft engaged in practical applications and uses of space technology such as weather or communications,------,,2020
[2020-072A],3554-2020-009,Soyuz MS-17 ,Russian Federation,10/14/2020,,Yes,ST/SG/SER.E/962,ST/SG/SER.E/969,recovered,4/17/2021,"Delivery to the International Space Station of the crew of Expedition 64, consisting of Sergei Nikolaevich Ryzhikov (Russian Federation), commander of the crewed transport vehicle, and flight engineers Sergei Vladimirovich Kud-Sverchkov (Russian Federation) and Kathleen Rubins (United States of America)",------,,2020
2020-071A,,Gaofen 13 ,China,10/11/2020,[+117.8 degrees East],Yes,ST/SG/SER.E/1033,,in GSO,,Remote sensing satellite,------,,2020
2020-070R,,Starlink 1698 ,USA,10/6/2020,,Yes,ST/SG/SER.E/964,ST/SG/SER.E/1229,[deorbited],9/7/2024,Spacecraft engaged in practical applications and uses of space technology such as weather or communications,------,,2020
2020-070AT,,Starlink 1650 ,USA,10/6/2020,,Yes,ST/SG/SER.E/964,ST/SG/SER.E/1146,[deorbited],6/27/2023,Spacecraft engaged in practical applications and uses of space technology such as weather or communications,------,,2020
2020-070AE,,Starlink 1706 ,USA,10/6/2020,,Yes,ST/SG/SER.E/964,ST/SG/SER.E/1146,[deorbited],6/16/2023,Spacecraft engaged in practical applications and uses of space technology such as weather or communications,------,,2020
2020-070W,,Starlink 1649 ,USA,10/6/2020,,Yes,ST/SG/SER.E/964,ST/SG/SER.E/1117,[deorbited],3/24/2023,Spacecraft engaged in practical applications and uses of space technology such as weather or communications,------,,2020
2020-070AP,,Starlink 1747 ,USA,10/6/2020,,Yes,ST/SG/SER.E/964,ST/SG/SER.E/1213,[deorbited],3/8/2024,Spacecraft engaged in practical applications and uses of space technology such as weather or communications,------,,2020
2020-070L,,Starlink 1692 ,USA,10/6/2020,,Yes,ST/SG/SER.E/964,,in orbit,,Spacecraft engaged in practical applications and uses of space technology such as weather or communications,------,,2020
2020-070BC,,Starlink 1728 ,USA,10/6/2020,,Yes,ST/SG/SER.E/964,,in orbit,,Spacecraft engaged in practical applications and uses of space technology such as weather or communications,------,,2020
2020-070B,,Starlink 1648 ,USA,10/6/2020,,Yes,ST/SG/SER.E/964,,in orbit,,Spacecraft engaged in practical applications and uses of space technology such as weather or communications,------,,2020
2020-070D,,Starlink 1663 ,USA,10/6/2020,,Yes,ST/SG/SER.E/964,,in orbit,,Spacecraft engaged in practical applications and uses of space technology such as weather or communications,------,,2020
2020-070AC,,Starlink 1680 ,USA,10/6/2020,,Yes,ST/SG/SER.E/964,,in orbit,,Spacecraft engaged in practical applications and uses of space technology such as weather or communications,------,,2020
2020-070X,,Starlink 1664 ,USA,10/6/2020,,Yes,ST/SG/SER.E/964,,in orbit,,Spacecraft engaged in practical applications and uses of space technology such as weather or communications,------,,2020
2020-070AM,,Starlink 1741 ,USA,10/6/2020,,Yes,ST/SG/SER.E/964,,in orbit,,Spacecraft engaged in practical applications and uses of space technology such as weather or communications,------,,2020
2020-070K,,Starlink 1687 ,USA,10/6/2020,,Yes,ST/SG/SER.E/964,,in orbit,,Spacecraft engaged in practical applications and uses of space technology such as weather or communications,------,,2020
2020-070F,,Starlink 1672 ,USA,10/6/2020,,Yes,ST/SG/SER.E/964,,in orbit,,Spacecraft engaged in practical applications and uses of space technology such as weather or communications,------,,2020
2020-070G,,Starlink 1678 ,USA,10/6/2020,,Yes,ST/SG/SER.E/964,,in orbit,,Spacecraft engaged in practical applications and uses of space technology such as weather or communications,------,,2020
2020-070M,,Starlink 1693 ,USA,10/6/2020,,Yes,ST/SG/SER.E/964,,in orbit,,Spacecraft engaged in practical applications and uses of space technology such as weather or communications,------,,2020
2020-070AD,,Starlink 1681 ,USA,10/6/2020,,Yes,ST/SG/SER.E/964,,in orbit,,Spacecraft engaged in practical applications and uses of space technology such as weather or communications,------,,2020
2020-070T,,Starlink 1700 ,USA,10/6/2020,,Yes,ST/SG/SER.E/964,,in orbit,,Spacecraft engaged in practical applications and uses of space technology such as weather or communications,------,,2020
2020-070AS,,Starlink 1531 ,USA,10/6/2020,,Yes,ST/SG/SER.E/964,,in orbit,,Spacecraft engaged in practical applications and uses of space technology such as weather or communications,------,,2020
2020-070AU,,Starlink 1660 ,USA,10/6/2020,,Yes,ST/SG/SER.E/964,,in orbit,,Spacecraft engaged in practical applications and uses of space technology such as weather or communications,------,,2020
2020-070AW,,Starlink 1677 ,USA,10/6/2020,,Yes,ST/SG/SER.E/964,,in orbit,,Spacecraft engaged in practical applications and uses of space technology such as weather or communications,------,,2020
2020-070AY,,Starlink 1683 ,USA,10/6/2020,,Yes,ST/SG/SER.E/964,,in orbit,,Spacecraft engaged in practical applications and uses of space technology such as weather or communications,------,,2020
2020-070AZ,,Starlink 1705 ,USA,10/6/2020,,Yes,ST/SG/SER.E/964,,in orbit,,Spacecraft engaged in practical applications and uses of space technology such as weather or communications,------,,2020
2020-070BF,,Starlink 1736 ,USA,10/6/2020,,Yes,ST/SG/SER.E/964,,in orbit,,Spacecraft engaged in practical applications and uses of space technology such as weather or communications,------,,2020
2020-070BG,,Starlink 1737 ,USA,10/6/2020,,Yes,ST/SG/SER.E/964,,in orbit,,Spacecraft engaged in practical applications and uses of space technology such as weather or communications,------,,2020
2020-070BJ,,Starlink 1746 ,USA,10/6/2020,,Yes,ST/SG/SER.E/964,,in orbit,,Spacecraft engaged in practical applications and uses of space technology such as weather or communications,------,,2020
2020-070BB,,Starlink 1712 ,USA,10/6/2020,,Yes,ST/SG/SER.E/964,,in orbit,,Spacecraft engaged in practical applications and uses of space technology such as weather or communications,------,,2020
2020-070A,,Starlink 1644 ,USA,10/6/2020,,Yes,ST/SG/SER.E/964,,in orbit,,Spacecraft engaged in practical applications and uses of space technology such as weather or communications,------,,2020
2020-070AA,,Starlink 1676 ,USA,10/6/2020,,Yes,ST/SG/SER.E/964,,in orbit,,Spacecraft engaged in practical applications and uses of space technology such as weather or communications,------,,2020
2020-070AB,,Starlink 1679 ,USA,10/6/2020,,Yes,ST/SG/SER.E/964,,in orbit,,Spacecraft engaged in practical applications and uses of space technology such as weather or communications,------,,2020
2020-070AF,,Starlink 1709 ,USA,10/6/2020,,Yes,ST/SG/SER.E/964,,in orbit,,Spacecraft engaged in practical applications and uses of space technology such as weather or communications,------,,2020
2020-070AG,,Starlink 1714 ,USA,10/6/2020,,Yes,ST/SG/SER.E/964,,in orbit,,Spacecraft engaged in practical applications and uses of space technology such as weather or communications,------,,2020
2020-070AK,,Starlink 1735 ,USA,10/6/2020,,Yes,ST/SG/SER.E/964,,in orbit,,Spacecraft engaged in practical applications and uses of space technology such as weather or communications,------,,2020
2020-070AL,,Starlink 1740 ,USA,10/6/2020,,Yes,ST/SG/SER.E/964,,in orbit,,Spacecraft engaged in practical applications and uses of space technology such as weather or communications,------,,2020
2020-070AJ,,Starlink 1733 ,USA,10/6/2020,,Yes,ST/SG/SER.E/964,,in orbit,,Spacecraft engaged in practical applications and uses of space technology such as weather or communications,------,,2020
2020-070AH,,Starlink-1730 ,USA,10/6/2020,,Yes,ST/SG/SER.E/964,,in orbit,,Spacecraft engaged in practical applications and uses of space technology such as weather or communications,------,,2020
2020-070E,,Starlink 1668 ,USA,10/6/2020,,Yes,ST/SG/SER.E/964,ST/SG/SER.E/1055,[deorbited],2/10/2022,Spacecraft engaged in practical applications and uses of space technology such as weather or communications,------,,2020
2020-070H,,Starlink 1684 ,USA,10/6/2020,,Yes,ST/SG/SER.E/964,ST/SG/SER.E/1058,[deorbited],3/27/2022,Spacecraft engaged in practical applications and uses of space technology such as weather or communications,------,,2020
2020-070AR,,Starlink 1753 ,USA,10/6/2020,,Yes,ST/SG/SER.E/964,ST/SG/SER.E/1071,[deorbited],4/30/2022,Spacecraft engaged in practical applications and uses of space technology such as weather or communications,------,,2020
2020-070AN,,Starlink 1743 ,USA,10/6/2020,,Yes,ST/SG/SER.E/964,ST/SG/SER.E/1071,[deorbited],4/10/2022,Spacecraft engaged in practical applications and uses of space technology such as weather or communications,------,,2020
2020-070BL,,Starlink 1754 ,USA,10/6/2020,,Yes,ST/SG/SER.E/964,ST/SG/SER.E/1071,[deorbited],4/17/2022,Spacecraft engaged in practical applications and uses of space technology such as weather or communications,------,,2020
2020-070BH,,Starlink 1744 ,USA,10/6/2020,,Yes,ST/SG/SER.E/964,ST/SG/SER.E/1024,[deorbited],7/18/2021,Spacecraft engaged in practical applications and uses of space technology such as weather or communications,------,,2020
2020-070J,,Starlink 1685 ,USA,10/6/2020,,Yes,ST/SG/SER.E/964,ST/SG/SER.E/1031,[deorbited],8/29/2021,Spacecraft engaged in practical applications and uses of space technology such as weather or communications,------,,2020
2020-070V,,Starlink 1702 ,USA,10/6/2020,,Yes,ST/SG/SER.E/964,ST/SG/SER.E/995,[deorbited],3/6/2021,Spacecraft engaged in practical applications and uses of space technology such as weather or communications,------,,2020
2020-070Z,,Starlink 1674 ,USA,10/6/2020,,Yes,ST/SG/SER.E/964,ST/SG/SER.E/1041,[deorbited],12/12/2021,Spacecraft engaged in practical applications and uses of space technology such as weather or communications,------,,2020
2020-070AQ,,Starlink 1748 ,USA,10/6/2020,,Yes,ST/SG/SER.E/964,ST/SG/SER.E/1239,[deorbited],10/18/2024,Spacecraft engaged in practical applications and uses of space technology such as weather or communications,------,,2020
2020-070S,,Starlink 1699 ,USA,10/6/2020,,Yes,ST/SG/SER.E/964,ST/SG/SER.E/1239,decayed,10/19/2024,Spacecraft engaged in practical applications and uses of space technology such as weather or communications,------,,2020
2020-070N,,Starlink 1694 ,USA,10/6/2020,,Yes,ST/SG/SER.E/964,ST/SG/SER.E/1302,[deorbited],5/8/2025,Spacecraft engaged in practical applications and uses of space technology such as weather or communications,------,,2020
2020-070C,,Starlink 1659 ,USA,10/6/2020,,Yes,ST/SG/SER.E/964,ST/SG/SER.E/1302,[deorbited],5/6/2025,Spacecraft engaged in practical applications and uses of space technology such as weather or communications,------,,2020
2020-070BD,,Starlink 1729 ,USA,10/6/2020,,Yes,ST/SG/SER.E/964,ST/SG/SER.E/1270,[deorbited],1/31/2025,Spacecraft engaged in practical applications and uses of space technology such as weather or communications,------,,2020
2020-070BE,,Starlink 1732 ,USA,10/6/2020,,Yes,ST/SG/SER.E/964,ST/SG/SER.E/1287,[deorbited],2/26/2025,Spacecraft engaged in practical applications and uses of space technology such as weather or communications,------,,2020
2020-070Y,,Starlink 1671 ,USA,10/6/2020,,Yes,ST/SG/SER.E/964,ST/SG/SER.E/1287,[deorbited],2/21/2025,Spacecraft engaged in practical applications and uses of space technology such as weather or communications,------,,2020
2020-070AV,,Starlink 1675 ,USA,10/6/2020,,Yes,ST/SG/SER.E/964,,[deorbited],[2025-11-27],Spacecraft engaged in practical applications and uses of space technology such as weather or communications,------,,2020
2020-070BM,,Starlink 1755 ,USA,10/6/2020,,Yes,ST/SG/SER.E/964,ST/SG/SER.E/1287,[deorbited],2/23/2025,Spacecraft engaged in practical applications and uses of space technology such as weather or communications,------,,2020
2020-070P,,Starlink 1696 ,USA,10/6/2020,,Yes,ST/SG/SER.E/964,ST/SG/SER.E/1290,[deorbited],4/29/2025,Spacecraft engaged in practical applications and uses of space technology such as weather or communications,------,,2020
2020-070BK,,Starlink 1749 ,USA,10/6/2020,,Yes,ST/SG/SER.E/964,ST/SG/SER.E/1290,[deorbited],3/20/2025,Spacecraft engaged in practical applications and uses of space technology such as weather or communications,------,,2020
2020-070Q,,Starlink 1697 ,USA,10/6/2020,,Yes,ST/SG/SER.E/964,ST/SG/SER.E/1290,[deorbited],4/6/2025,Spacecraft engaged in practical applications and uses of space technology such as weather or communications,------,,2020
2020-070U,,Starlink 1701 ,USA,10/6/2020,,Yes,ST/SG/SER.E/964,ST/SG/SER.E/1290,[deorbited],3/1/2025,Spacecraft engaged in practical applications and uses of space technology such as weather or communications,------,,2020
2020-070AX,,Starlink 1682 ,USA,10/6/2020,,Yes,ST/SG/SER.E/964,ST/SG/SER.E/1290,[deorbited],3/2/2025,Spacecraft engaged in practical applications and uses of space technology such as weather or communications,------,,2020
2020-070BA,,Starlink 1708 ,USA,10/6/2020,,Yes,ST/SG/SER.E/964,ST/SG/SER.E/1302,[deorbited],6/13/2025,Spacecraft engaged in practical applications and uses of space technology such as weather or communications,------,,2020
2020-069A,,Cygnus NG-14 ,USA,10/3/2020,,Yes,ST/SG/SER.E/964,ST/SG/SER.E/977,[deorbited],1/26/2021,Spacecraft engaged in practical applications and uses of space technology such as weather or communications,------,,2020
2020-061BF,,Flock 4v 17 ,USA,[2020-10-02],,Yes,ST/SG/SER.E/956,ST/SG/SER.E/1213,decayed,3/14/2024,Spacecraft engaged in practical applications and uses of space technology such as weather or communications,Date of launch is estimated date of deployment from ION-SVC (international designator 2020-061C).,,2020
2020-061BD,,Flock 4v 16 ,USA,[2020-09-30],,Yes,ST/SG/SER.E/956,ST/SG/SER.E/1200,decayed,2/28/2024,Spacecraft engaged in practical applications and uses of space technology such as weather or communications,Date of launch is estimated date of deployment from ION-SVC (international designator 2020-061C).,,2020
2020-061BE,,Flock 4v 15 ,USA,[2020-09-30],,Yes,ST/SG/SER.E/956,ST/SG/SER.E/1213,decayed,3/28/2024,Spacecraft engaged in practical applications and uses of space technology such as weather or communications,Date of launch is estimated date of deployment from ION-SVC (international designator 2020-061C).,,2020
2020-068S,,"FM144, LEMUR 2 Susurrus ",Luxembourg,9/28/2020,,Yes,ST/SG/SER.E/1043,A/AC.105/INF/445,[decayed],[2024-10-09],Earth exploration and meteorology; testing of inter-satellite links,Previously registered under resolution 1721B (XVI) in A/AC.105/INF/445. Mentioned by the Russian Federation in ST/SG/SER.E/969.,,2020
2020-068Q,,"FM145, LEMUR 2 Slicers ",Luxembourg,9/28/2020,,Yes,ST/SG/SER.E/1043,A/AC.105/INF/445,[decayed],[2024-10-09],Earth exploration and meteorology; testing of inter-satellite links,Previously registered under resolution 1721B (XVI) in A/AC.105/INF/445. Mentioned by the Russian Federation in ST/SG/SER.E/969.,,2020
2020-068T,,Lemur 2 Nichol ,USA,9/28/2020,,Yes,ST/SG/SER.E/956,ST/SG/SER.E/969,in orbit,,Spacecraft engaged in practical applications and uses of space technology such as weather or communications,Mentioned by the Russian Federation in ST/SG/SER.E/969.,,2020
2020-068M,FIN-8-SAT-2020,ICEYE X6 ,Finland,9/28/2020,,Yes,ST/SG/SER.E/958,ST/SG/SER.E/969,in orbit,,Earth observation satellite carrying a synthetic aperture radar. Data will be provided commercially.,Mentioned by the Russian Federation in ST/SG/SER.E/969.,,2020
2020-068L,FIN-9-SAT-2020,ICEYE X7 ,Finland,9/28/2020,,Yes,ST/SG/SER.E/958,ST/SG/SER.E/969,in orbit,,Earth observation satellite carrying a synthetic aperture radar. Data will be provided commercially.,Mentioned by the Russian Federation in ST/SG/SER.E/969.,,2020
2020-068K,D-R080,Spectrum AnaLysis SATellite (SALSAT) ,Germany,9/28/2020,,Yes,ST/SG/SER.E/975,ST/SG/SER.E/969,in orbit,,"Spectrum AnaLysis SATellite (SALSAT) is a nanosatellite project of the Technical University of Berlin to develop, launch and operate a nanosatellite with a payload for in-orbit spectrum analysis, demonstrating space technology and satellite communication",Estimated years when space object is no longer functional and re-enters provided by State of registry in ST/SG/SER.E/975. Mentioned by the Russian Federation in ST/SG/SER.E/969.,Link,2020
2020-068V,D-R083,NetSat 3 ,Germany,9/28/2020,,Yes,ST/SG/SER.E/975,ST/SG/SER.E/969,in orbit,,Demonstration of autonomous formation flight in three dimensions,Estimated years when space object is no longer functional and re-enters provided by State of registry in ST/SG/SER.E/975. Mentioned by the Russian Federation in ST/SG/SER.E/969.,Link,2020
2020-068U,D-R084,NetSat 4 ,Germany,9/28/2020,,Yes,ST/SG/SER.E/975,ST/SG/SER.E/969,in orbit,,Demonstration of autonomous formation flight in three dimensions,Estimated years when space object is no longer functional and re-enters provided by State of registry in ST/SG/SER.E/975. Mentioned by the Russian Federation in ST/SG/SER.E/969.,Link,2020
2020-068X,D-R082,NetSat 2 ,Germany,9/28/2020,,Yes,ST/SG/SER.E/975,ST/SG/SER.E/969,in orbit,,Demonstration of autonomous formation flight in three dimensions,Estimated years when space object is no longer functional and re-enters provided by State of registry in ST/SG/SER.E/975. Mentioned by the Russian Federation in ST/SG/SER.E/969.,Link,2020
2020-068W,D-R081,NetSat 1 ,Germany,9/28/2020,,Yes,ST/SG/SER.E/975,ST/SG/SER.E/969,in orbit,,Demonstration of autonomous formation flight in three dimensions,Estimated years when space object is no longer functional and re-enters provided by State of registry in ST/SG/SER.E/975. Mentioned by the Russian Federation in ST/SG/SER.E/969.,Link,2020
2020-068G,2020-LT-01,LacunaSat 3 ,Lithuania,9/28/2020,,Yes,ST/SG/SER.E/960,ST/SG/SER.E/969,in orbit,,Satellite services and technology demonstration,Mentioned by the Russian Federation in ST/SG/SER.E/969.,,2020
[2020-068B],3548-2020-008,Gonets M No.28 [GONETS M 18],Russian Federation,9/28/2020,,Yes,ST/SG/SER.E/969,,in orbit,,Telecommunications,------,,2020
[2020-068C],3549-2020-008,Gonets M No.29 [GONETS M 19],Russian Federation,9/28/2020,,Yes,ST/SG/SER.E/969,,in orbit,,Telecommunications,------,,2020
[2020-068A],3547-2020-008,Gonets M No.27 [GONETS M 17],Russian Federation,9/28/2020,,Yes,ST/SG/SER.E/969,,in orbit,,Telecommunications,------,,2020
[2020-068J],3551-2020-008,Norbi ,Russian Federation,9/28/2020,,Yes,ST/SG/SER.E/969,,in orbit,,Scientific and educational applications,------,,2020
[2020-068H],3550-2020-008,Descartes [Dekart],Russian Federation,9/28/2020,,Yes,ST/SG/SER.E/969,,in orbit,,Scientific and educational applications,------,,2020
2020-068R,,Lemur 2 DayWzAGoodDay ,USA,9/28/2020,,Yes,ST/SG/SER.E/956,ST/SG/SER.E/1249,decayed,12/17/2024,Spacecraft engaged in practical applications and uses of space technology such as weather or communications,Mentioned by the Russian Federation in ST/SG/SER.E/969.,,2020
2020-068F,3553-2020-008,Yarilo No.2 ,Russian Federation,9/28/2020,,Yes,ST/SG/SER.E/969,ST/SG/SER.E/1257,decayed,2/9/2025,Scientific and educational applications,------,,2020
2020-068D,,MeznSat ,United Arab Emirates,9/28/2020,,Yes,ST/SG/SER.E/1018,ST/SG/SER.E/1018,[decayed],[2025-05-06],Earth observation/ education. A 3U cubesat for monitoring greenhouse gases using short-wave infrared spectrometry,State of registry notes in ST/SG/SER.E/1018/Add.1 that space object is no longer functional as of 2022-04-09 095300 UTC due to a failure in the on-board power management system software causing the power management board to fail boot up after a hard reset was commanded. Mentioned by the Russian Federation in ST/SG/SER.E/969.,,2020
2020-068E,3552-2020-008,Yarilo No.1 ,Russian Federation,9/28/2020,,Yes,ST/SG/SER.E/969,ST/SG/SER.E/1271,decayed,3/8/2025,Scientific and educational applications,------,,2020
2020-068N,,Kepler 5 (Amidala) ,Canada,9/28/2020,,Yes,ST/SG/SER.E/1060,ST/SG/SER.E/1307,[decayed],11/18/2024,Data transfer and technology,Mentioned by the Russian Federation in ST/SG/SER.E/969.,,2020
2020-068P,,Kepler 4 (Antilles) ,Canada,9/28/2020,,Yes,ST/SG/SER.E/1060,ST/SG/SER.E/969,[decayed],[2025-06-18],Data transfer and technology,Mentioned by the Russian Federation in ST/SG/SER.E/969.,,2020
2020-067B,,HJ 02B [HUANJING 2B],China,9/27/2020,,Yes,ST/SG/SER.E/1033,,in orbit,,Earth observation,------,,2020
2020-067A,,HJ 02A [HUANJING 2A],China,9/27/2020,,Yes,ST/SG/SER.E/1033,,in orbit,,Earth observation,------,,2020
2020-066A,,HY 02C [HAIYANG 2C],China,9/21/2020,,Yes,ST/SG/SER.E/1033,,in orbit,,"Monitor and conduct research on the marine environment and provide support services for marine disaster prevention and mitigation, protection of marine rights and interests, development of marine resources, marine environmental protection and marine scientific research",------,,2020
2020-065G,,Jilin 1gf03c01 [JILIN 01 GAOFEN 3H],China,9/15/2020,,Yes,ST/SG/SER.E/1033,,in orbit,,Optical remote sensing of Earth,------,,2020
2020-065H,,Jilin 1gf03c02 [JILIN 01 GAOFEN 3I],China,9/15/2020,,Yes,ST/SG/SER.E/1033,,in orbit,,Optical remote sensing of Earth,------,,2020
[2020-065J],,Jilin 1gf03c03 [JILIN 01 GAOFEN 3J],China,9/15/2020,,Yes,ST/SG/SER.E/1033,,in orbit,,Optical remote sensing of Earth,------,,2020
2020-065A,,Jilin 1gf03b01 [JILIN 01 GAOFEN 3B],China,9/15/2020,,Yes,ST/SG/SER.E/1033,,in orbit,,Optical remote sensing of Earth,------,,2020
2020-065D,,Jilin 1gf03b04 [JILIN 01 GAOFEN 3E],China,9/15/2020,,Yes,ST/SG/SER.E/1033,,in orbit,,Optical remote sensing of Earth,------,,2020
2020-065B,,Jilin 1gf03b02 [JILIN 01 GAOFEN 3C],China,9/15/2020,,Yes,ST/SG/SER.E/1033,,in orbit,,Optical remote sensing of Earth,------,,2020
2020-065C,,Jilin 1gf03b03 [JILIN 01 GAOFEN 3D],China,9/15/2020,,Yes,ST/SG/SER.E/1033,,in orbit,,Optical remote sensing of Earth,------,,2020
2020-065F,,Jilin 1gf03b06 [JILIN 01 GAOFEN 3G],China,9/15/2020,,Yes,ST/SG/SER.E/1033,,in orbit,,Optical remote sensing of Earth,------,,2020
2020-065E,,Jilin 1gf03b05 [JILIN 01 GAOFEN 3F],China,9/15/2020,,Yes,ST/SG/SER.E/1033,,in orbit,,Optical remote sensing of Earth,------,,2020
2020-064A,,GAOFEN 11-2 ,China,9/7/2020,,Yes,ST/SG/SER.E/1033,,in orbit,,Remote sensing satellite,------,,2020
[2020-063G],, [CHINA],[China],[2020-09-04],,No,,,[in orbit],,------,Not registered with the United Nations.,,2020
[2020-063A],, [REUSABLE EXPERIMIENTAL SPACECRAFT],[China],[2020-09-04],,No,,,[recovered],[2020-09-06],------,Not registered with the United Nations.,,2020
2020-061Y,MCO 001,OSM 1 Cicero ,Monaco,9/3/2020,,Yes,A/AC.105/INF/442,A/AC.105/INF/442/Add.1,in orbit,,Collecting climate data for environmental application,State of registry notes in A/AC.105/INF/442/Add.1 that space object ceased communication at 0257 UTC on 11 June 2021 due to a radiation event.,Link,2020
2020-061AD,,Lemur 2 Oscarlator ,USA,9/3/2020,,Yes,ST/SG/SER.E/956,,[decayed],[2024-01-27],Spacecraft engaged in practical applications and uses of space technology such as weather or communications,------,,2020
2020-061Z,Mar-20,EG 2 (Tyvak 0171) ,Australia,9/3/2020,,Yes,ST/SG/SER.E/986,,[decayed],[2024-02-10],Telecommunications,------,,2020
[2020-061BJ],, [FLOCK 4V 20],[(for USA)],[2020-09-03],,No,,ST/SG/SER.E/1229,decayed,9/11/2024,------,Not registered with the United Nations.,,2020
2020-061T,,Flock 4v 6 ,USA,9/3/2020,,Yes,ST/SG/SER.E/956,ST/SG/SER.E/1229,decayed,9/1/2024,Spacecraft engaged in practical applications and uses of space technology such as weather or communications,------,,2020
2020-061J,SIVR/705-2022-002,TRISAT ,Slovenia,9/3/2020,,Yes,ST/SG/SER.E/1084,,[decayed],[2024-09-29],"Technological demonstration of space technologies of Slovenia, observation of the Earth’s surface, and measurement of radiological hardness and cumulative ionization dose",------,,2020
2020-061AA,,Flock 4V 10 ,USA,9/3/2020,,Yes,ST/SG/SER.E/956,ST/SG/SER.E/1229,decayed,9/9/2024,Spacecraft engaged in practical applications and uses of space technology such as weather or communications,------,,2020
2020-061BM,, [FLOCK 4V 23],[(for USA)],[2020-09-03],,No,,ST/SG/SER.E/1186,[decayed],11/9/2023,------,Not registered with the United Nations.,,2020
2020-062BA,,Starlink 1691 ,USA,9/3/2020,,Yes,ST/SG/SER.E/956,ST/SG/SER.E/1031,decayed,8/17/2021,Spacecraft engaged in practical applications and uses of space technology such as weather or communications,------,,2020
2020-061AY,,Lemur 2 Ursa Avion ,USA,9/3/2020,,Yes,ST/SG/SER.E/956,ST/SG/SER.E/1188,decayed,12/7/2023,Spacecraft engaged in practical applications and uses of space technology such as weather or communications,------,,2020
2020-061AN,,SpaceBee 16 ,USA,9/3/2020,,Yes,ST/SG/SER.E/956,ST/SG/SER.E/1131,decayed,5/11/2023,Spacecraft engaged in practical applications and uses of space technology such as weather or communications,------,,2020
2020-061AR,,SpaceBee 14 ,USA,9/3/2020,,Yes,ST/SG/SER.E/956,ST/SG/SER.E/1130,decayed,4/26/2023,Spacecraft engaged in practical applications and uses of space technology such as weather or communications,------,,2020
2020-061AP,,SpaceBee 12 ,USA,9/3/2020,,Yes,ST/SG/SER.E/956,ST/SG/SER.E/1130,decayed,4/19/2023,Spacecraft engaged in practical applications and uses of space technology such as weather or communications,------,,2020
2020-061AM,,SpaceBee 11 ,USA,9/3/2020,,Yes,ST/SG/SER.E/956,ST/SG/SER.E/1130,decayed,4/10/2023,Spacecraft engaged in practical applications and uses of space technology such as weather or communications,------,,2020
2020-061AQ,,SpaceBee 13 ,USA,9/3/2020,,Yes,ST/SG/SER.E/956,ST/SG/SER.E/1130,decayed,4/25/2023,Spacecraft engaged in practical applications and uses of space technology such as weather or communications,------,,2020
2020-061AW,,Lemur 2 Djuproera ,USA,9/3/2020,,Yes,ST/SG/SER.E/956,ST/SG/SER.E/1179,decayed,10/17/2023,Spacecraft engaged in practical applications and uses of space technology such as weather or communications,------,,2020
2020-061AV,,Lemur 2 Schmidtfall ,USA,9/3/2020,,Yes,ST/SG/SER.E/956,ST/SG/SER.E/1188,decayed,12/8/2023,Spacecraft engaged in practical applications and uses of space technology such as weather or communications,------,,2020
2020-061AX,,Lemur 2 Squarejaws ,USA,9/3/2020,,Yes,ST/SG/SER.E/956,ST/SG/SER.E/1186,decayed,11/25/2023,Spacecraft engaged in practical applications and uses of space technology such as weather or communications,------,,2020
2020-061AU,,Flock 4v 4 ,USA,9/3/2020,,Yes,ST/SG/SER.E/956,ST/SG/SER.E/1188,decayed,12/12/2023,Spacecraft engaged in practical applications and uses of space technology such as weather or communications,------,,2020
2020-062X,,Starlink 1546 ,USA,9/3/2020,,Yes,ST/SG/SER.E/956,ST/SG/SER.E/1146,[deorbited],6/10/2023,Spacecraft engaged in practical applications and uses of space technology such as weather or communications,------,,2020
2020-061AK,,SpaceBee 10 ,USA,9/3/2020,,Yes,ST/SG/SER.E/956,ST/SG/SER.E/1117,decayed,3/28/2023,Spacecraft engaged in practical applications and uses of space technology such as weather or communications,------,,2020
2020-061AL,,SpaceBee 17 ,USA,9/3/2020,,Yes,ST/SG/SER.E/956,ST/SG/SER.E/1131,decayed,5/16/2023,Spacecraft engaged in practical applications and uses of space technology such as weather or communications,------,,2020
2020-061AH,,SpaceBee 19 ,USA,9/3/2020,,Yes,ST/SG/SER.E/956,ST/SG/SER.E/1131,decayed,5/31/2023,Spacecraft engaged in practical applications and uses of space technology such as weather or communications,------,,2020
2020-061AJ,,SpaceBee 18 ,USA,9/3/2020,,Yes,ST/SG/SER.E/956,ST/SG/SER.E/1131,decayed,5/25/2023,Spacecraft engaged in practical applications and uses of space technology such as weather or communications,------,,2020
2020-061AE,,SpaceBee 21 ,USA,9/3/2020,,Yes,ST/SG/SER.E/956,ST/SG/SER.E/1146,decayed,6/14/2023,Spacecraft engaged in practical applications and uses of space technology such as weather or communications,------,,2020
2020-061AF,,SpaceBee 20 ,USA,9/3/2020,,Yes,ST/SG/SER.E/956,ST/SG/SER.E/1146,decayed,6/14/2023,Spacecraft engaged in practical applications and uses of space technology such as weather or communications,------,,2020
2020-061AG,,SpaceBee 15 ,USA,9/3/2020,,Yes,ST/SG/SER.E/956,ST/SG/SER.E/1130,decayed,4/29/2023,Spacecraft engaged in practical applications and uses of space technology such as weather or communications,------,,2020
2020-061BQ,, [FLOCK 4V 25],[(for USA)],[2020-09-03],,No,,ST/SG/SER.E/1179,decayed,10/31/2023,------,Not registered with the United Nations.,,2020
[2020-061BK],, [FLOCK 4V 21],[(for USA)],[2020-09-03],,No,,ST/SG/SER.E/1179,decayed,10/31/2023,------,Not registered with the United Nations.,,2020
2020-061BL,, [FLOCK 4V 22],[(for USA)],[2020-09-03],,No,,ST/SG/SER.E/1186,decayed,11/5/2023,------,Not registered with the United Nations.,,2020
[2020-061K],2020-B-SC-034,PICASSO ,Belgium,9/3/2020,,Yes,ST/SG/SER.E/949,ST/SG/SER.E/949/Add.1,decayed,4/8/2024,Scientific investigation to determine ozone profiles through optical remote sensing and in situ measurement of the electronic properties of the ionospheric plasma,------,,2020
2020-061BB,,Flock 4v 2 ,USA,9/3/2020,,Yes,ST/SG/SER.E/956,ST/SG/SER.E/1200,decayed,2/14/2024,Spacecraft engaged in practical applications and uses of space technology such as weather or communications,------,,2020
2020-061M,,Flock 4v 12 ,USA,9/3/2020,,Yes,ST/SG/SER.E/956,ST/SG/SER.E/1200,decayed,2/24/2024,Spacecraft engaged in practical applications and uses of space technology such as weather or communications,------,,2020
2020-062AS,,Starlink 1550 ,USA,9/3/2020,,Yes,ST/SG/SER.E/956,ST/SG/SER.E/1213,[deorbited],3/27/2024,Spacecraft engaged in practical applications and uses of space technology such as weather or communications,------,,2020
2020-061V,,Flock 4v 7 ,USA,9/3/2020,,Yes,ST/SG/SER.E/956,ST/SG/SER.E/1213,decayed,3/27/2024,Spacecraft engaged in practical applications and uses of space technology such as weather or communications,------,,2020
[2020-061BN],, [FLOCK 4V 24],[(for USA)],[2020-09-03],,No,,ST/SG/SER.E/1213,[decayed],3/20/2024,------,Not registered with the United Nations.,,2020
[2020-061BP],, [FLOCK 4V 25],[(for USA)],[2020-09-03],,No,,ST/SG/SER.E/1213,decayed,3/6/2024,------,Not registered with the United Nations.,,2020
2020-061U,,Flock 4v 5 ,USA,9/3/2020,,Yes,ST/SG/SER.E/956,ST/SG/SER.E/1213,decayed,3/12/2024,Spacecraft engaged in practical applications and uses of space technology such as weather or communications,------,,2020
2020-061AC,,Lemur 2 EthanOakes ,USA,9/3/2020,,Yes,ST/SG/SER.E/956,ST/SG/SER.E/1213,decayed,3/28/2024,Spacecraft engaged in practical applications and uses of space technology such as weather or communications,------,,2020
[2020-061BG],, [FLOCK 4V 18],[(for USA)],[2020-09-03],,No,,ST/SG/SER.E/1213,decayed,3/28/2024,------,Not registered with the United Nations.,,2020
[2020-061BH],, [FLOCK 4V 19],[(for USA)],[2020-09-03],,No,,ST/SG/SER.E/1213,decayed,3/28/2024,------,Not registered with the United Nations.,,2020
[2020-061H],2020-B-SC-035,SIMBA ,Belgium,9/3/2020,,Yes,ST/SG/SER.E/949,,[decayed],[2024-08-14],Scientific investigation: to measure imbalances in the Earth radiation budget,------,,2020
2020-061C,,ION-mk01 SCV-001 Lucas ,Italy,9/3/2020,,Yes,ST/SG/SER.E/1228,,in orbit,,"The ION-SCV (In Orbit Now - Satellite Carrier Vehicle), developed by Italian company D-Orbit, is a free flying CubeSat deployer and technology demonstrator. The first mission, ION-SCV 1, was launched on the first Small Spacecraft Mission Service (SSMS) on a Vega launch vehicle in September 2020, carrying 12 Dove cubesats for Planet. Once concluded the commissioning phase (LEOP: launch and early orbit phase), ION SCV LUCAS starts the commercial phase of the mission with the deployment of satellites into a 500km sun-synchronous orbit. After completing the deployment, ION SCV LUCAS performs in-orbit demonstration and validation (IOD/IOV) of commercial payloads integrated within the platform, including a green propulsion system developed by a third-party company. CubeSats released by ION-mk01 on behalf of Planet Labs: Flock 4v-15 (NORAD ID: 46528), Flock 4v-16 (NORAD ID: 46527), Flock 4v-17 (NORAD ID: 46529), Flock 4v-18 (NORAD ID: 46597), Flock 4v-19 (NORAD ID: 46609), Flock 4v-20 (NORAD ID: 46612), Flock 4v-21 (NORAD ID: 46596), Flock 4v-22 (NORAD ID: 46735), Flock 4v-23 (NORAD ID: 46737), Flock 4v-24 (NORAD ID: 46738), Flock 4v-25 (NORAD ID: 46812), Flock 4v-26 (NORAD ID: 46825).",The registration submission for this space object is presently being processed by the United Nations Secretariat. Space object deployed 12 SuperDove satellites.,Link,2020
2020-062AY,,Starlink 1688 ,USA,9/3/2020,,Yes,ST/SG/SER.E/956,ST/SG/SER.E/1227,[deorbited],8/4/2024,Spacecraft engaged in practical applications and uses of space technology such as weather or communications,------,,2020
2020-062AV,,Starlink 1658 ,USA,9/3/2020,,Yes,ST/SG/SER.E/956,ST/SG/SER.E/1227,[deorbited],8/10/2024,Spacecraft engaged in practical applications and uses of space technology such as weather or communications,------,,2020
[2020-061R],, [AMICALSAT],[(for Russian Federation)],[2020-09-03],,No,,,[in orbit],,------,Not registered with the United Nations.,,2020
[2020-061BA],, [NAPA 1],[(for Thailand)],[2020-09-03],,No,,,[in orbit],,------,Not registered with the United Nations.,,2020
[2020-061AS],, [TTU-100],[(for Estonia)],[2020-09-03],,No,,,[in orbit],,------,Not registered with the United Nations.,,2020
2020-061X,ROLEU.ESP.25,3Cat 5/B ,Spain,9/3/2020,,Yes,ST/SG/SER.E/955,,in orbit,,Earth observation; technology demonstration.,------,,2020
2020-061W,ROLEU.ESP.24,3Cat 5/A ,Spain,9/3/2020,,Yes,ST/SG/SER.E/955,,in orbit,,Earth observation; technology demonstration.,------,,2020
2020-062BD,,Starlink 1742 ,USA,9/3/2020,,Yes,ST/SG/SER.E/956,,in orbit,,Spacecraft engaged in practical applications and uses of space technology such as weather or communications,------,,2020
2020-062BC,,Starlink 1724 ,USA,9/3/2020,,Yes,ST/SG/SER.E/956,,in orbit,,Spacecraft engaged in practical applications and uses of space technology such as weather or communications,------,,2020
2020-062AX,,Starlink 1670 ,USA,9/3/2020,,Yes,ST/SG/SER.E/956,,in orbit,,Spacecraft engaged in practical applications and uses of space technology such as weather or communications,------,,2020
2020-062AZ,,Starlink 1689 ,USA,9/3/2020,,Yes,ST/SG/SER.E/956,,in orbit,,Spacecraft engaged in practical applications and uses of space technology such as weather or communications,------,,2020
2020-062AT,,Starlink 1651 ,USA,9/3/2020,,Yes,ST/SG/SER.E/956,,in orbit,,Spacecraft engaged in practical applications and uses of space technology such as weather or communications,------,,2020
2020-062AL,,Starlink 1707 ,USA,9/3/2020,,Yes,ST/SG/SER.E/956,,in orbit,,Spacecraft engaged in practical applications and uses of space technology such as weather or communications,------,,2020
2020-062AM,,Starlink 1713 ,USA,9/3/2020,,Yes,ST/SG/SER.E/956,,in orbit,,Spacecraft engaged in practical applications and uses of space technology such as weather or communications,------,,2020
2020-062AP,,Starlink 1726 ,USA,9/3/2020,,Yes,ST/SG/SER.E/956,,in orbit,,Spacecraft engaged in practical applications and uses of space technology such as weather or communications,------,,2020
2020-062AN,,Starlink 1722 ,USA,9/3/2020,,Yes,ST/SG/SER.E/956,,in orbit,,Spacecraft engaged in practical applications and uses of space technology such as weather or communications,------,,2020
2020-062E,,Starlink 1695 ,USA,9/3/2020,,Yes,ST/SG/SER.E/956,,in orbit,,Spacecraft engaged in practical applications and uses of space technology such as weather or communications,------,,2020
2020-062B,,Starlink 1654 ,USA,9/3/2020,,Yes,ST/SG/SER.E/956,,in orbit,,Spacecraft engaged in practical applications and uses of space technology such as weather or communications,------,,2020
2020-062AF,,Starlink 1657 ,USA,9/3/2020,,Yes,ST/SG/SER.E/956,,in orbit,,Spacecraft engaged in practical applications and uses of space technology such as weather or communications,------,,2020
2020-062W,,Starlink 1767 ,USA,9/3/2020,,Yes,ST/SG/SER.E/956,,in orbit,,Spacecraft engaged in practical applications and uses of space technology such as weather or communications,------,,2020
2020-062AH,,Starlink 1665 ,USA,9/3/2020,,Yes,ST/SG/SER.E/956,,in orbit,,Spacecraft engaged in practical applications and uses of space technology such as weather or communications,------,,2020
2020-062AC,,Starlink 1646 ,USA,9/3/2020,,Yes,ST/SG/SER.E/956,,in orbit,,Spacecraft engaged in practical applications and uses of space technology such as weather or communications,------,,2020
2020-062AE,,Starlink 1656 ,USA,9/3/2020,,Yes,ST/SG/SER.E/956,,in orbit,,Spacecraft engaged in practical applications and uses of space technology such as weather or communications,------,,2020
2020-062AG,,Starlink 1661 ,USA,9/3/2020,,Yes,ST/SG/SER.E/956,,in orbit,,Spacecraft engaged in practical applications and uses of space technology such as weather or communications,------,,2020
2020-062AJ,,Starlink 1666 ,USA,9/3/2020,,Yes,ST/SG/SER.E/956,,in orbit,,Spacecraft engaged in practical applications and uses of space technology such as weather or communications,------,,2020
2020-062AD,,Starlink 1653 ,USA,9/3/2020,,Yes,ST/SG/SER.E/956,,in orbit,,Spacecraft engaged in practical applications and uses of space technology such as weather or communications,------,,2020
2020-062D,,Starlink 1686 ,USA,9/3/2020,,Yes,ST/SG/SER.E/956,,in orbit,,Spacecraft engaged in practical applications and uses of space technology such as weather or communications,------,,2020
2020-062K,,Starlink 1725 ,USA,9/3/2020,,Yes,ST/SG/SER.E/956,,in orbit,,Spacecraft engaged in practical applications and uses of space technology such as weather or communications,------,,2020
2020-062G,,Starlink 1719 ,USA,9/3/2020,,Yes,ST/SG/SER.E/956,,in orbit,,Spacecraft engaged in practical applications and uses of space technology such as weather or communications,------,,2020
2020-062J,,Starlink 1723 ,USA,9/3/2020,,Yes,ST/SG/SER.E/956,,in orbit,,Spacecraft engaged in practical applications and uses of space technology such as weather or communications,------,,2020
2020-062M,,Starlink 1738 ,USA,9/3/2020,,Yes,ST/SG/SER.E/956,,in orbit,,Spacecraft engaged in practical applications and uses of space technology such as weather or communications,------,,2020
2020-062L,,Starlink 1727 ,USA,9/3/2020,,Yes,ST/SG/SER.E/956,,in orbit,,Spacecraft engaged in practical applications and uses of space technology such as weather or communications,------,,2020
2020-062N,,Starlink 1750 ,USA,9/3/2020,,Yes,ST/SG/SER.E/956,,in orbit,,Spacecraft engaged in practical applications and uses of space technology such as weather or communications,------,,2020
2020-062P,,Starlink 1752 ,USA,9/3/2020,,Yes,ST/SG/SER.E/956,,in orbit,,Spacecraft engaged in practical applications and uses of space technology such as weather or communications,------,,2020
2020-062Y,,Starlink 1547 ,USA,9/3/2020,,Yes,ST/SG/SER.E/956,,in orbit,,Spacecraft engaged in practical applications and uses of space technology such as weather or communications,------,,2020
2020-062BM,,Starlink 1771 ,USA,9/3/2020,,Yes,ST/SG/SER.E/956,,in orbit,,Spacecraft engaged in practical applications and uses of space technology such as weather or communications,------,,2020
2020-062BH,,Starlink 1758 ,USA,9/3/2020,,Yes,ST/SG/SER.E/956,,in orbit,,Spacecraft engaged in practical applications and uses of space technology such as weather or communications,------,,2020
2020-062BL,,Starlink 1770 ,USA,9/3/2020,,Yes,ST/SG/SER.E/956,,in orbit,,Spacecraft engaged in practical applications and uses of space technology such as weather or communications,------,,2020
2020-062BK,,Starlink 1769 ,USA,9/3/2020,,Yes,ST/SG/SER.E/956,,in orbit,,Spacecraft engaged in practical applications and uses of space technology such as weather or communications,------,,2020
2020-062F,,Starlink 1710 ,USA,9/3/2020,,Yes,ST/SG/SER.E/956,,in orbit,,Spacecraft engaged in practical applications and uses of space technology such as weather or communications,------,,2020
2020-061D,,Athena ,USA,9/3/2020,,Yes,ST/SG/SER.E/956,,in orbit,,Spacecraft engaged in practical applications and uses of space technology such as weather or communications,------,,2020
2020-062AA,,Starlink 1575 ,USA,9/3/2020,,Yes,ST/SG/SER.E/956,,in orbit,,Spacecraft engaged in practical applications and uses of space technology such as weather or communications,------,,2020
2020-062A,,Starlink 1734 ,USA,9/3/2020,,Yes,ST/SG/SER.E/956,,in orbit,,Spacecraft engaged in practical applications and uses of space technology such as weather or communications,------,,2020
2020-062C,,Starlink 1673 ,USA,9/3/2020,,Yes,ST/SG/SER.E/956,,in orbit,,Spacecraft engaged in practical applications and uses of space technology such as weather or communications,------,,2020
2020-062U,,Starlink 1764 ,USA,9/3/2020,,Yes,ST/SG/SER.E/956,,in orbit,,Spacecraft engaged in practical applications and uses of space technology such as weather or communications,------,,2020
2020-062V,,Starlink 1765 ,USA,9/3/2020,,Yes,ST/SG/SER.E/956,,in orbit,,Spacecraft engaged in practical applications and uses of space technology such as weather or communications,------,,2020
2020-062S,,Starlink 1760 ,USA,9/3/2020,,Yes,ST/SG/SER.E/956,,in orbit,,Spacecraft engaged in practical applications and uses of space technology such as weather or communications,------,,2020
2020-062T,,Starlink 1762 ,USA,9/3/2020,,Yes,ST/SG/SER.E/956,,in orbit,,Spacecraft engaged in practical applications and uses of space technology such as weather or communications,------,,2020
2020-062Z,,Starlink 1553 ,USA,9/3/2020,,Yes,ST/SG/SER.E/956,,in orbit,,Spacecraft engaged in practical applications and uses of space technology such as weather or communications,------,,2020
2020-062R,,Starlink 1759 ,USA,9/3/2020,,Yes,ST/SG/SER.E/956,,in orbit,,Spacecraft engaged in practical applications and uses of space technology such as weather or communications,------,,2020
2020-062BF,,Starlink 1751 ,USA,9/3/2020,,Yes,ST/SG/SER.E/956,ST/SG/SER.E/1055,[deorbited],2/9/2022,Spacecraft engaged in practical applications and uses of space technology such as weather or communications,------,,2020
2020-062AW,,Starlink 1662 ,USA,9/3/2020,,Yes,ST/SG/SER.E/956,ST/SG/SER.E/1034,[deorbited],11/23/2021,Spacecraft engaged in practical applications and uses of space technology such as weather or communications,------,,2020
2020-062AU,,Starlink 1652 ,USA,9/3/2020,,Yes,ST/SG/SER.E/956,ST/SG/SER.E/1024,[deorbited],7/25/2021,Spacecraft engaged in practical applications and uses of space technology such as weather or communications,------,,2020
[2020-061E],ROLEU.ESP.12,UPM Sat-2 [UMP SAT 2],Spain,9/3/2020,,Yes,ST/SG/SER.E/955,ST/SG/SER.E/955/Add.1,in orbit,,"Educational, scientific and technology demonstration purposes. This university-designed satellite, which is medium-sized (mass: 50 kg), has been developed by staff, students and teachers at the Technical University of Madrid under the direction of the Ignacio da Riva University Institute of Microgravity.",Name of space object and general function amended by State of registry in S/SG/SER.E/955/Add.1.,,2020
2020-062BE,,Starlink 1745 ,USA,9/3/2020,,Yes,ST/SG/SER.E/956,ST/SG/SER.E/1031,[deorbited],8/20/2021,Spacecraft engaged in practical applications and uses of space technology such as weather or communications,------,,2020
2020-062BJ,,Starlink 1768 ,USA,9/3/2020,,Yes,ST/SG/SER.E/956,ST/SG/SER.E/1031,[deorbited],9/12/2021,Spacecraft engaged in practical applications and uses of space technology such as weather or communications,------,,2020
2020-062BG,,Starlink 1756 ,USA,9/3/2020,,Yes,ST/SG/SER.E/956,ST/SG/SER.E/1031,[deorbited],10/23/2021,Spacecraft engaged in practical applications and uses of space technology such as weather or communications,------,,2020
2020-061B,,"ESAIL (exactView-10, EV10) ",Canada,9/3/2020,,Yes,ST/SG/SER.E/996,,in orbit,,"Global ship traffic data collection on very high frequencies - automatic identification system (AIS), application specific messages (ASM), VHF data exchange system (VDES), autonomous maritime radio devices (AMRD)",------,Link,2020
2020-061G,,GHGSat C1 ,Canada,9/3/2020,,Yes,ST/SG/SER.E/996,,in orbit,,Measurement of greenhouse gas emissions at targeted sites,------,Link,2020
2020-061A,2020-061A,Nusat 6 ,Uruguay,9/3/2020,,Yes,ST/SG/SER.E/998,,in orbit,,Earth observation,------,,2020
2020-062Q,,Starlink 1757 ,USA,9/3/2020,,Yes,ST/SG/SER.E/956,ST/SG/SER.E/1041,[deorbited],12/4/2021,Spacecraft engaged in practical applications and uses of space technology such as weather or communications,------,,2020
2020-061F,SIVR/705-2022-001,NEMO HD ,Slovenia,9/3/2020,,Yes,ST/SG/SER.E/1084,,in orbit,,"Remote sensing, technological demonstration.",------,,2020
2020-061AB,,Flock 4v 13 ,USA,9/3/2020,,Yes,ST/SG/SER.E/956,ST/SG/SER.E/1242,decayed,11/27/2024,Spacecraft engaged in practical applications and uses of space technology such as weather or communications,------,,2020
2020-061S,,Flock 4v 8 ,USA,9/3/2020,,Yes,ST/SG/SER.E/956,ST/SG/SER.E/1242,decayed,11/26/2024,Spacecraft engaged in practical applications and uses of space technology such as weather or communications,------,,2020
2020-061Q,,Flock 4v 14 ,USA,9/3/2020,,Yes,ST/SG/SER.E/956,ST/SG/SER.E/1242,decayed,11/23/2024,Spacecraft engaged in practical applications and uses of space technology such as weather or communications,------,,2020
2020-062AK,,Starlink 1690 ,USA,9/3/2020,,Yes,ST/SG/SER.E/956,ST/SG/SER.E/1239,[deorbited],10/29/2024,Spacecraft engaged in practical applications and uses of space technology such as weather or communications,------,,2020
2020-061P,,Flock 4v 11 ,USA,9/3/2020,,Yes,ST/SG/SER.E/956,ST/SG/SER.E/1239,decayed,10/30/2024,Spacecraft engaged in practical applications and uses of space technology such as weather or communications,------,,2020
2020-062H,,Starlink 1721 ,USA,9/3/2020,,Yes,ST/SG/SER.E/956,ST/SG/SER.E/1239,[deorbited],10/15/2024,Spacecraft engaged in practical applications and uses of space technology such as weather or communications,------,,2020
[2020-061N],, [DIDO 3],[(for Switzerland)],[2020-09-03],,No,,,[decayed],[2025-03-25],------,Not registered with the United Nations.,,2020
2020-062AQ,,Starlink 1739 ,USA,9/3/2020,,Yes,ST/SG/SER.E/956,ST/SG/SER.E/1302,[deorbited],5/25/2025,Spacecraft engaged in practical applications and uses of space technology such as weather or communications,------,,2020
2020-061AZ,,Kepler 2 (TARS) ,Canada,9/3/2020,,Yes,ST/SG/SER.E/1060,ST/SG/SER.E/1307,[decayed],12/6/2024,Data transfer and technology,------,,2020
2020-062BB,,Starlink 1711 ,USA,9/3/2020,,Yes,ST/SG/SER.E/956,ST/SG/SER.E/1287,[deorbited],2/21/2025,Spacecraft engaged in practical applications and uses of space technology such as weather or communications,------,,2020
2020-062AR,,Starlink 1763 ,USA,9/3/2020,,Yes,ST/SG/SER.E/956,ST/SG/SER.E/1290,[deorbited],3/3/2025,Spacecraft engaged in practical applications and uses of space technology such as weather or communications,------,,2020
2020-061L,,Flock 4v 9 ,USA,9/3/2020,,Yes,ST/SG/SER.E/956,ST/SG/SER.E/1214,decayed,4/23/2024,Spacecraft engaged in practical applications and uses of space technology such as weather or communications,------,,2020
2020-061BC,,Flock 4v 3 ,USA,9/3/2020,,Yes,ST/SG/SER.E/956,ST/SG/SER.E/1214,decayed,4/11/2024,Spacecraft engaged in practical applications and uses of space technology such as weather or communications,------,,2020
2020-061AT,,Flock 4v 1 ,USA,9/3/2020,,Yes,ST/SG/SER.E/956,ST/SG/SER.E/1214,decayed,4/17/2024,Spacecraft engaged in practical applications and uses of space technology such as weather or communications,------,,2020
2020-062AB,,Starlink 1617 ,USA,9/3/2020,,Yes,ST/SG/SER.E/956,ST/SG/SER.E/1216,[deorbited],6/8/2024,Spacecraft engaged in practical applications and uses of space technology such as weather or communications,------,,2020
2020-060B,,Capella 2 [(SEQUOIA)],USA,8/31/2020,,Yes,ST/SG/SER.E/954,ST/SG/SER.E/1116,decayed,2/28/2023,Spacecraft engaged in practical applications and uses of space technology such as weather or communications,Mentioned by New Zealand in ST/SG/SER.E/959 and ST/SG/SER.E/1138.,,2020
2020-060A,NZ-2020-11,"RLFL14 [FIRST LIGHT (PHOTON/CURIE UPPER-STAGE, RLFL14)]",New Zealand,8/31/2020,,Yes,ST/SG/SER.E/959,ST/SG/SER.E/1274,decayed,1/22/2025,Technology demonstration,------,,2020
2020-059B,,GNOMES 1 ,USA,8/30/2020,,Yes,ST/SG/SER.E/954,,in orbit,,Spacecraft engaged in practical applications and uses of space technology such as weather or communications,------,,2020
2020-059A,RA 12,SAOCOM 1B ,Argentina,8/30/2020,,Yes,ST/SG/SER.E/1039,,in orbit,,"Earth observation. Main functions are measurement of soil moisture, emergency management, mapping of forest cover and water resource surveying",------,Link,2020
2020-059C,Mar-20,EG-1 (Tyvak 0172) ,Australia,8/30/2020,,Yes,ST/SG/SER.E/986,,in orbit,,Telecommunications,------,,2020
2020-058A,,Gaofen 9-05 ,China,8/23/2020,,Yes,ST/SG/SER.E/1033,,in orbit,,Remote sensing satellite,------,,2020
[2020-058C],, [TIANTUO 5],[China],[2020-08-23],,No,,,[decayed],[2025-04-19],------,Not registered with the United Nations.,,2020
2020-057T,,Starlink 1638 ,USA,8/18/2020,,Yes,ST/SG/SER.E/954,ST/SG/SER.E/1186,[deorbited],11/29/2023,Spacecraft engaged in practical applications and uses of space technology such as weather or communications,------,,2020
2020-057BB,,Starlink 1615 ,USA,8/18/2020,,Yes,ST/SG/SER.E/954,ST/SG/SER.E/1222,[deorbited],7/4/2024,Spacecraft engaged in practical applications and uses of space technology such as weather or communications,------,,2020
2020-057BR,,SkySat C18 ,USA,8/18/2020,,Yes,ST/SG/SER.E/954,ST/SG/SER.E/1146,decayed,6/26/2023,Spacecraft engaged in practical applications and uses of space technology such as weather or communications,------,,2020
2020-057BS,,SkySat C19 ,USA,8/18/2020,,Yes,ST/SG/SER.E/954,ST/SG/SER.E/1195,decayed,1/30/2024,Spacecraft engaged in practical applications and uses of space technology such as weather or communications,------,,2020
2020-057BQ,,SkySat C17 ,USA,8/18/2020,,Yes,ST/SG/SER.E/954,ST/SG/SER.E/1200,decayed,2/26/2024,Spacecraft engaged in practical applications and uses of space technology such as weather or communications,------,,2020
2020-057BA,,Starlink 1613 ,USA,8/18/2020,,Yes,ST/SG/SER.E/954,ST/SG/SER.E/1215,[deorbited],5/20/2024,Spacecraft engaged in practical applications and uses of space technology such as weather or communications,------,,2020
2020-057AM,,Starlink 1634 ,USA,8/18/2020,,Yes,ST/SG/SER.E/954,ST/SG/SER.E/1229,[deorbited],9/4/2024,Spacecraft engaged in practical applications and uses of space technology such as weather or communications,------,,2020
2020-057AR,,Starlink 1545 ,USA,8/18/2020,,Yes,ST/SG/SER.E/954,,in orbit,,Spacecraft engaged in practical applications and uses of space technology such as weather or communications,------,,2020
2020-057P,,Starlink 1624 ,USA,8/18/2020,,Yes,ST/SG/SER.E/954,,in orbit,,Spacecraft engaged in practical applications and uses of space technology such as weather or communications,------,,2020
2020-057V,,Starlink 1643 ,USA,8/18/2020,,Yes,ST/SG/SER.E/954,,in orbit,,Spacecraft engaged in practical applications and uses of space technology such as weather or communications,------,,2020
2020-057M,,Starlink 1622 ,USA,8/18/2020,,Yes,ST/SG/SER.E/954,,in orbit,,Spacecraft engaged in practical applications and uses of space technology such as weather or communications,------,,2020
2020-057U,,Starlink 1639 ,USA,8/18/2020,,Yes,ST/SG/SER.E/954,,in orbit,,Spacecraft engaged in practical applications and uses of space technology such as weather or communications,------,,2020
2020-057N,,Starlink 1623 ,USA,8/18/2020,,Yes,ST/SG/SER.E/954,,in orbit,,Spacecraft engaged in practical applications and uses of space technology such as weather or communications,------,,2020
2020-057Q,,Starlink 1625 ,USA,8/18/2020,,Yes,ST/SG/SER.E/954,,in orbit,,Spacecraft engaged in practical applications and uses of space technology such as weather or communications,------,,2020
2020-057AU,,Starlink 1595 ,USA,8/18/2020,,Yes,ST/SG/SER.E/954,,in orbit,,Spacecraft engaged in practical applications and uses of space technology such as weather or communications,------,,2020
2020-057AA,,Starlink 1596 ,USA,8/18/2020,,Yes,ST/SG/SER.E/954,,in orbit,,Spacecraft engaged in practical applications and uses of space technology such as weather or communications,------,,2020
2020-057A,,Starlink 1585 ,USA,8/18/2020,,Yes,ST/SG/SER.E/954,,in orbit,,Spacecraft engaged in practical applications and uses of space technology such as weather or communications,------,,2020
2020-057BC,,Starlink 1626 ,USA,8/18/2020,,Yes,ST/SG/SER.E/954,,in orbit,,Spacecraft engaged in practical applications and uses of space technology such as weather or communications,------,,2020
2020-057AB,,Starlink 1597 ,USA,8/18/2020,,Yes,ST/SG/SER.E/954,,in orbit,,Spacecraft engaged in practical applications and uses of space technology such as weather or communications,------,,2020
2020-057AF,,Starlink 1608 ,USA,8/18/2020,,Yes,ST/SG/SER.E/954,,in orbit,,Spacecraft engaged in practical applications and uses of space technology such as weather or communications,------,,2020
2020-057AK,,Starlink 1629 ,USA,8/18/2020,,Yes,ST/SG/SER.E/954,,in orbit,,Spacecraft engaged in practical applications and uses of space technology such as weather or communications,------,,2020
2020-057AP,,Starlink 1642 ,USA,8/18/2020,,Yes,ST/SG/SER.E/954,,in orbit,,Spacecraft engaged in practical applications and uses of space technology such as weather or communications,------,,2020
2020-057AQ,,Starlink 1667 ,USA,8/18/2020,,Yes,ST/SG/SER.E/954,,in orbit,,Spacecraft engaged in practical applications and uses of space technology such as weather or communications,------,,2020
2020-057AS,,Starlink 1587 ,USA,8/18/2020,,Yes,ST/SG/SER.E/954,,in orbit,,Spacecraft engaged in practical applications and uses of space technology such as weather or communications,------,,2020
2020-057J,,Starlink 1618 ,USA,8/18/2020,,Yes,ST/SG/SER.E/954,,in orbit,,Spacecraft engaged in practical applications and uses of space technology such as weather or communications,------,,2020
2020-057H,,Starlink 1614 ,USA,8/18/2020,,Yes,ST/SG/SER.E/954,,in orbit,,Spacecraft engaged in practical applications and uses of space technology such as weather or communications,------,,2020
2020-057G,,Starlink 1605 ,USA,8/18/2020,,Yes,ST/SG/SER.E/954,,in orbit,,Spacecraft engaged in practical applications and uses of space technology such as weather or communications,------,,2020
2020-057C,,Starlink 1593 ,USA,8/18/2020,,Yes,ST/SG/SER.E/954,,in orbit,,Spacecraft engaged in practical applications and uses of space technology such as weather or communications,------,,2020
2020-057L,,Starlink 1621 ,USA,8/18/2020,,Yes,ST/SG/SER.E/954,,in orbit,,Spacecraft engaged in practical applications and uses of space technology such as weather or communications,------,,2020
2020-057AV,,Starlink 1598 ,USA,8/18/2020,,Yes,ST/SG/SER.E/954,,in orbit,,Spacecraft engaged in practical applications and uses of space technology such as weather or communications,------,,2020
2020-057BH,,Starlink 1635 ,USA,8/18/2020,,Yes,ST/SG/SER.E/954,,in orbit,,Spacecraft engaged in practical applications and uses of space technology such as weather or communications,------,,2020
2020-057BK,,Starlink 1641 ,USA,8/18/2020,,Yes,ST/SG/SER.E/954,,in orbit,,Spacecraft engaged in practical applications and uses of space technology such as weather or communications,------,,2020
2021-135A,,Communications Technology Test Satellite 9 (TJS-9) ,China,12/29/2021,,Yes,ST/SG/SER.E/1123,,in GSO,,Communications satellite,------,,2021
2021-134A,,Tianhui 4-A ,China,12/29/2021,,Yes,ST/SG/SER.E/1123,,in orbit,,Remote sensing satellite,------,,2021
2021-134B,,Tianhui 4-B ,China,12/29/2021,,Yes,ST/SG/SER.E/1123,,in orbit,,Remote sensing satellite,------,,2021
2021-132A,50469,OWLID000359 (SL0389) [ONEWEB 0389],United Kingdom,12/27/2021,,Yes,ST/SG/SER.E/1037,ST/SG/SER.E/1038,in orbit,,Communications satellite,State of registry notes that given Basic Orbital Parameters are for the intended final orbit which should be achieved by 23 July 2022. Mentioned by the Russian Federation in ST/SG/SER.E/1038.,,2021
2021-132AA,50493,OWLID000383 (SL0418) [ONEWEB 0418],United Kingdom,12/27/2021,,Yes,ST/SG/SER.E/1037,ST/SG/SER.E/1038,in orbit,,Communications satellite,State of registry notes that given Basic Orbital Parameters are for the intended final orbit which should be achieved by 23 July 2022. Mentioned by the Russian Federation in ST/SG/SER.E/1038.,,2021
2021-132AB,50494,OWLID000384 (SL0419) [ONEWEB 0419],United Kingdom,12/27/2021,,Yes,ST/SG/SER.E/1037,ST/SG/SER.E/1038,in orbit,,Communications satellite,State of registry notes that given Basic Orbital Parameters are for the intended final orbit which should be achieved by 23 July 2022. Mentioned by the Russian Federation in ST/SG/SER.E/1038.,,2021
2021-132AC,50495,OWLID000385 (SL0420) [ONEWEB 0420],United Kingdom,12/27/2021,,Yes,ST/SG/SER.E/1037,ST/SG/SER.E/1038,in orbit,,Communications satellite,State of registry notes that given Basic Orbital Parameters are for the intended final orbit which should be achieved by 23 July 2022. Mentioned by the Russian Federation in ST/SG/SER.E/1038.,,2021
2021-132AH,50500,OWLID000390 (SL0429) [ONEWEB 0429],United Kingdom,12/27/2021,,Yes,ST/SG/SER.E/1037,ST/SG/SER.E/1038,in orbit,,Communications satellite,State of registry notes that given Basic Orbital Parameters are for the intended final orbit which should be achieved by 23 July 2022. Mentioned by the Russian Federation in ST/SG/SER.E/1038.,,2021
2021-132K,50478,OWLID000368 (SL0398) [ONEWEB 0398],United Kingdom,12/27/2021,,Yes,ST/SG/SER.E/1037,ST/SG/SER.E/1038,in orbit,,Communications satellite,State of registry notes that given Basic Orbital Parameters are for the intended final orbit which should be achieved by 23 July 2022. Mentioned by the Russian Federation in ST/SG/SER.E/1038.,,2021
2021-132L,50479,OWLID000369 (SL0399) [ONEWEB 0399],United Kingdom,12/27/2021,,Yes,ST/SG/SER.E/1037,ST/SG/SER.E/1038,in orbit,,Communications satellite,State of registry notes that given Basic Orbital Parameters are for the intended final orbit which should be achieved by 23 July 2022. Mentioned by the Russian Federation in ST/SG/SER.E/1038.,,2021
2021-132M,50480,OWLID000370 (SL0400) [ONEWEB 0400],United Kingdom,12/27/2021,,Yes,ST/SG/SER.E/1037,ST/SG/SER.E/1038,in orbit,,Communications satellite,State of registry notes that given Basic Orbital Parameters are for the intended final orbit which should be achieved by 23 July 2022. Mentioned by the Russian Federation in ST/SG/SER.E/1038.,,2021
2021-132N,50481,OWLID000371 (SL0401) [ONEWEB 0401],United Kingdom,12/27/2021,,Yes,ST/SG/SER.E/1037,ST/SG/SER.E/1038,in orbit,,Communications satellite,State of registry notes that given Basic Orbital Parameters are for the intended final orbit which should be achieved by 23 July 2022. Mentioned by the Russian Federation in ST/SG/SER.E/1038.,,2021
2021-132B,50470,OWLID000360 (SL0390) [ONEWEB 0390],United Kingdom,12/27/2021,,Yes,ST/SG/SER.E/1037,ST/SG/SER.E/1038,in orbit,,Communications satellite,State of registry notes that given Basic Orbital Parameters are for the intended final orbit which should be achieved by 23 July 2022. Mentioned by the Russian Federation in ST/SG/SER.E/1038.,,2021
2021-132F,50474,OWLID000364 (SL0394) [ONEWEB 0394],United Kingdom,12/27/2021,,Yes,ST/SG/SER.E/1037,ST/SG/SER.E/1038,in orbit,,Communications satellite,State of registry notes that given Basic Orbital Parameters are for the intended final orbit which should be achieved by 23 July 2022. Mentioned by the Russian Federation in ST/SG/SER.E/1038.,,2021
2021-132C,50471,OWLID000361 (SL0391) [ONEWEB 0391],United Kingdom,12/27/2021,,Yes,ST/SG/SER.E/1037,ST/SG/SER.E/1038,in orbit,,Communications satellite,State of registry notes that given Basic Orbital Parameters are for the intended final orbit which should be achieved by 23 July 2022. Mentioned by the Russian Federation in ST/SG/SER.E/1038.,,2021
2021-132G,50475,OWLID000365 (SL0395) [ONEWEB 0395],United Kingdom,12/27/2021,,Yes,ST/SG/SER.E/1037,ST/SG/SER.E/1038,in orbit,,Communications satellite,State of registry notes that given Basic Orbital Parameters are for the intended final orbit which should be achieved by 23 July 2022. Mentioned by the Russian Federation in ST/SG/SER.E/1038.,,2021
2021-132H,50476,OWLID000366 (SL0396) [ONEWEB 0396],United Kingdom,12/27/2021,,Yes,ST/SG/SER.E/1037,ST/SG/SER.E/1038,in orbit,,Communications satellite,State of registry notes that given Basic Orbital Parameters are for the intended final orbit which should be achieved by 23 July 2022. Mentioned by the Russian Federation in ST/SG/SER.E/1038.,,2021
2021-132J,50477,OWLID000367 (SL0397) [ONEWEB 0397],United Kingdom,12/27/2021,,Yes,ST/SG/SER.E/1037,ST/SG/SER.E/1038,in orbit,,Communications satellite,State of registry notes that given Basic Orbital Parameters are for the intended final orbit which should be achieved by 23 July 2022. Mentioned by the Russian Federation in ST/SG/SER.E/1038.,,2021
2021-132P,50482,OWLID000372 (SL0402) [ONEWEB 0402],United Kingdom,12/27/2021,,Yes,ST/SG/SER.E/1037,ST/SG/SER.E/1038,in orbit,,Communications satellite,State of registry notes that given Basic Orbital Parameters are for the intended final orbit which should be achieved by 23 July 2022. Mentioned by the Russian Federation in ST/SG/SER.E/1038.,,2021
2021-132Q,50483,OWLID000373 (SL0403) [ONEWEB 0403],United Kingdom,12/27/2021,,Yes,ST/SG/SER.E/1037,ST/SG/SER.E/1038,in orbit,,Communications satellite,State of registry notes that given Basic Orbital Parameters are for the intended final orbit which should be achieved by 23 July 2022. Mentioned by the Russian Federation in ST/SG/SER.E/1038.,,2021
2021-132D,50472,OWLID000362 (SL0392) [ONEWEB 0392],United Kingdom,12/27/2021,,Yes,ST/SG/SER.E/1037,ST/SG/SER.E/1038,in orbit,,Communications satellite,State of registry notes that given Basic Orbital Parameters are for the intended final orbit which should be achieved by 23 July 2022. Mentioned by the Russian Federation in ST/SG/SER.E/1038.,,2021
2021-132E,50473,OWLID000363 (SL0393) [ONEWEB 0393],United Kingdom,12/27/2021,,Yes,ST/SG/SER.E/1037,ST/SG/SER.E/1038,in orbit,,Communications satellite,State of registry notes that given Basic Orbital Parameters are for the intended final orbit which should be achieved by 23 July 2022. Mentioned by the Russian Federation in ST/SG/SER.E/1038.,,2021
2021-132R,50484,OWLID000374 (SL0404) [ONEWEB 0404],United Kingdom,12/27/2021,,Yes,ST/SG/SER.E/1037,ST/SG/SER.E/1038,in orbit,,Communications satellite,State of registry notes that given Basic Orbital Parameters are for the intended final orbit which should be achieved by 23 July 2022. Mentioned by the Russian Federation in ST/SG/SER.E/1038.,,2021
2021-132S,50485,OWLID000375 (SL0405) [ONEWEB 0405],United Kingdom,12/27/2021,,Yes,ST/SG/SER.E/1037,ST/SG/SER.E/1038,in orbit,,Communications satellite,State of registry notes that given Basic Orbital Parameters are for the intended final orbit which should be achieved by 23 July 2022. Mentioned by the Russian Federation in ST/SG/SER.E/1038.,,2021
2021-132T,50486,OWLID000376 (SL0406) [ONEWEB 0406],United Kingdom,12/27/2021,,Yes,ST/SG/SER.E/1037,ST/SG/SER.E/1038,in orbit,,Communications satellite,State of registry notes that given Basic Orbital Parameters are for the intended final orbit which should be achieved by 23 July 2022. Mentioned by the Russian Federation in ST/SG/SER.E/1038.,,2021
2021-132U,50487,OWLID000377 (SL0407) [ONEWEB 0407],United Kingdom,12/27/2021,,Yes,ST/SG/SER.E/1037,ST/SG/SER.E/1038,in orbit,,Communications satellite,State of registry notes that given Basic Orbital Parameters are for the intended final orbit which should be achieved by 23 July 2022. Mentioned by the Russian Federation in ST/SG/SER.E/1038.,,2021
2021-132Z,50492,OWLID000382 (SL0417) [ONEWEB 0417],United Kingdom,12/27/2021,,Yes,ST/SG/SER.E/1037,ST/SG/SER.E/1038,in orbit,,Communications satellite,State of registry notes that given Basic Orbital Parameters are for the intended final orbit which should be achieved by 23 July 2022. Mentioned by the Russian Federation in ST/SG/SER.E/1038.,,2021
2021-132V,50488,OWLID000378 (SL0409) [ONEWEB 0409],United Kingdom,12/27/2021,,Yes,ST/SG/SER.E/1037,ST/SG/SER.E/1038,in orbit,,Communications satellite,State of registry notes that given Basic Orbital Parameters are for the intended final orbit which should be achieved by 23 July 2022. Mentioned by the Russian Federation in ST/SG/SER.E/1038.,,2021
2021-132W,50489,OWLID000379 (SL0412) [ONEWEB 0412],United Kingdom,12/27/2021,,Yes,ST/SG/SER.E/1037,ST/SG/SER.E/1038,in orbit,,Communications satellite,State of registry notes that given Basic Orbital Parameters are for the intended final orbit which should be achieved by 23 July 2022. Mentioned by the Russian Federation in ST/SG/SER.E/1038.,,2021
2021-132X,50490,OWLID000380 (SL0413) [ONEWEB 0413],United Kingdom,12/27/2021,,Yes,ST/SG/SER.E/1037,ST/SG/SER.E/1038,in orbit,,Communications satellite,State of registry notes that given Basic Orbital Parameters are for the intended final orbit which should be achieved by 23 July 2022. Mentioned by the Russian Federation in ST/SG/SER.E/1038.,,2021
2021-132Y,50491,OWLID000381 (SL0414) [ONEWEB 0414],United Kingdom,12/27/2021,,Yes,ST/SG/SER.E/1037,ST/SG/SER.E/1038,in orbit,,Communications satellite,State of registry notes that given Basic Orbital Parameters are for the intended final orbit which should be achieved by 23 July 2022. Mentioned by the Russian Federation in ST/SG/SER.E/1038.,,2021
2021-132AF,50498,OWLID000388 (SL0426) [ONEWEB 0426],United Kingdom,12/27/2021,,Yes,ST/SG/SER.E/1037,ST/SG/SER.E/1038,in orbit,,Communications satellite,State of registry notes that given Basic Orbital Parameters are for the intended final orbit which should be achieved by 23 July 2022. Mentioned by the Russian Federation in ST/SG/SER.E/1038.,,2021
2021-132AK,50502,OWLID000392 (SL0432) [ONEWEB 0432],United Kingdom,12/27/2021,,Yes,ST/SG/SER.E/1037,ST/SG/SER.E/1038,in orbit,,Communications satellite,State of registry notes that given Basic Orbital Parameters are for the intended final orbit which should be achieved by 23 July 2022. Mentioned by the Russian Federation in ST/SG/SER.E/1038.,,2021
2021-132AG,50499,OWLID000389 (SL0427) [ONEWEB 0427],United Kingdom,12/27/2021,,Yes,ST/SG/SER.E/1037,ST/SG/SER.E/1038,in orbit,,Communications satellite,State of registry notes that given Basic Orbital Parameters are for the intended final orbit which should be achieved by 23 July 2022. Mentioned by the Russian Federation in ST/SG/SER.E/1038.,,2021
2021-132AE,50497,OWLID000387 (SL0424) [ONEWEB 0424],United Kingdom,12/27/2021,,Yes,ST/SG/SER.E/1037,ST/SG/SER.E/1038,in orbit,,Communications satellite,State of registry notes that given Basic Orbital Parameters are for the intended final orbit which should be achieved by 23 July 2022. Mentioned by the Russian Federation in ST/SG/SER.E/1038.,,2021
2021-132AD,50496,OWLID000386 (SL0421) [ONEWEB 0421],United Kingdom,12/27/2021,,Yes,ST/SG/SER.E/1037,ST/SG/SER.E/1038,in orbit,,Communications satellite,State of registry notes that given Basic Orbital Parameters are for the intended final orbit which should be achieved by 23 July 2022. Mentioned by the Russian Federation in ST/SG/SER.E/1038.,,2021
2021-132AL,50503,OWLID000393 (SL0440) [ONEWEB 0440],United Kingdom,12/27/2021,,Yes,ST/SG/SER.E/1037,ST/SG/SER.E/1038,in orbit,,Communications satellite,State of registry notes that given Basic Orbital Parameters are for the intended final orbit which should be achieved by 23 July 2022. Mentioned by the Russian Federation in ST/SG/SER.E/1038.,,2021
2021-132AM,50504,OWLID000394 (SL0450) [ONEWEB 0450],United Kingdom,12/27/2021,,Yes,ST/SG/SER.E/1037,ST/SG/SER.E/1038,in orbit,,Communications satellite,State of registry notes that given Basic Orbital Parameters are for the intended final orbit which should be achieved by 23 July 2022. Mentioned by the Russian Federation in ST/SG/SER.E/1038.,,2021
2021-132AJ,50501,OWLID000391 (SL0430) [ONEWEB 0430],United Kingdom,12/27/2021,,Yes,ST/SG/SER.E/1037,ST/SG/SER.E/1038,in orbit,,Communications satellite,State of registry notes that given Basic Orbital Parameters are for the intended final orbit which should be achieved by 23 July 2022. Mentioned by the Russian Federation in ST/SG/SER.E/1038.,,2021
[2021-133A],3580-2021-014,Full-scale model [IPM 3/PERSEY],Russian Federation,12/27/2021,,Yes,ST/SG/SER.E/1038,ST/SG/SER.E/1042,decayed,[2022-01-05],Full-scale model,Date of decay is 2022-01-05 using UTC.,,2021
2021-131A,,"Resource-1 02E (Ziyuan-1 02E, ZY-1 (02E)) [(ZY 1-02E)]",China,12/26/2021,,Yes,ST/SG/SER.E/1123,,in orbit,,Earth observation,------,,2021
2021-131B,,Beijing 101 Middle School Science-Education Small Satellite (XW-3) [(CAS 9)],China,12/26/2021,,Yes,ST/SG/SER.E/1123,,in orbit,,"Science and technology experiments, supplementary teaching for geography and other middle-school science subjects",------,,2021
2021-130A,,James Webb Space Telescope [JWST],USA,12/25/2021,,Yes,ST/SG/SER.E/1041,,[heliocentric],,Spacecraft engaged in practical applications and uses of space technology such as weather or communications,------,,2021
2021-129B,,Shiyan 12-02 [(SY 12-02)],China,12/23/2021,,Yes,ST/SG/SER.E/1123,,[in GSO],,Test satellite,------,,2021
2021-129A,,Shiyan 12-01 [(SY 12-01)],China,12/23/2021,,Yes,ST/SG/SER.E/1123,,[in GSO],,Test satellite,------,,2021
2021-128A,,Inmarsat-6 F1 [(I6 F1)],United Kingdom,12/22/2021,-028 degrees East,Yes,ST/SG/SER.E/1037,,in GSO,,Communications,------,,2021
2021-127A,,Dragon CRS-24 ,USA,12/21/2021,,Yes,ST/SG/SER.E/1041,ST/SG/SER.E/1050,[recovered],1/24/2022,Reusable space transportation systems,------,,2021
2021-126A,50212,TURKSAT 5B ,Türkiye,12/19/2021,[+042.0 degrees East],Yes,ST/SG/SER.E/1069,,in GSO,,Communication,------,,2021
2021-125G,,Starlink 3303 ,USA,12/18/2021,,Yes,ST/SG/SER.E/1041,ST/SG/SER.E/1200,[deorbited],2/18/2024,Spacecraft engaged in practical applications and uses of space technology such as weather or communications,------,,2021
2021-125AS,,Starlink 3263 ,USA,12/18/2021,,Yes,ST/SG/SER.E/1041,ST/SG/SER.E/1215,decayed,5/20/2024,Spacecraft engaged in practical applications and uses of space technology such as weather or communications,------,,2021
2021-125J,,Starlink 3307 ,USA,12/18/2021,,Yes,ST/SG/SER.E/1041,ST/SG/SER.E/1076,[deorbited],6/16/2022,Spacecraft engaged in practical applications and uses of space technology such as weather or communications,------,,2021
2021-125AG,,Starlink 3274 ,USA,12/18/2021,,Yes,ST/SG/SER.E/1041,,in orbit,,Spacecraft engaged in practical applications and uses of space technology such as weather or communications,------,,2021
2021-125AH,,Starlink 3272 ,USA,12/18/2021,,Yes,ST/SG/SER.E/1041,,in orbit,,Spacecraft engaged in practical applications and uses of space technology such as weather or communications,------,,2021
2021-125AJ,,Starlink 3275 ,USA,12/18/2021,,Yes,ST/SG/SER.E/1041,,in orbit,,Spacecraft engaged in practical applications and uses of space technology such as weather or communications,------,,2021
2021-125AK,,Starlink 3276 ,USA,12/18/2021,,Yes,ST/SG/SER.E/1041,,in orbit,,Spacecraft engaged in practical applications and uses of space technology such as weather or communications,------,,2021
2021-125AM,,Starlink 3273 ,USA,12/18/2021,,Yes,ST/SG/SER.E/1041,,in orbit,,Spacecraft engaged in practical applications and uses of space technology such as weather or communications,------,,2021
2021-125AL,,Starlink 3268 ,USA,12/18/2021,,Yes,ST/SG/SER.E/1041,,in orbit,,Spacecraft engaged in practical applications and uses of space technology such as weather or communications,------,,2021
2021-125AP,,Starlink 3261 ,USA,12/18/2021,,Yes,ST/SG/SER.E/1041,,in orbit,,Spacecraft engaged in practical applications and uses of space technology such as weather or communications,------,,2021
2021-125AN,,Starlink 3259 ,USA,12/18/2021,,Yes,ST/SG/SER.E/1041,,in orbit,,Spacecraft engaged in practical applications and uses of space technology such as weather or communications,------,,2021
2021-125AV,,Starlink 3270 ,USA,12/18/2021,,Yes,ST/SG/SER.E/1041,,in orbit,,Spacecraft engaged in practical applications and uses of space technology such as weather or communications,------,,2021
2021-125AR,,Starlink 3266 ,USA,12/18/2021,,Yes,ST/SG/SER.E/1041,,in orbit,,Spacecraft engaged in practical applications and uses of space technology such as weather or communications,------,,2021
2021-125AT,,Starlink 3267 ,USA,12/18/2021,,Yes,ST/SG/SER.E/1041,,in orbit,,Spacecraft engaged in practical applications and uses of space technology such as weather or communications,------,,2021
2021-125AU,,Starlink 3264 ,USA,12/18/2021,,Yes,ST/SG/SER.E/1041,,in orbit,,Spacecraft engaged in practical applications and uses of space technology such as weather or communications,------,,2021
2021-125AW,,Starlink 3235 ,USA,12/18/2021,,Yes,ST/SG/SER.E/1041,,in orbit,,Spacecraft engaged in practical applications and uses of space technology such as weather or communications,------,,2021
2021-125AX,,Starlink 3255 ,USA,12/18/2021,,Yes,ST/SG/SER.E/1041,,in orbit,,Spacecraft engaged in practical applications and uses of space technology such as weather or communications,------,,2021
2021-125AY,,Starlink 3256 ,USA,12/18/2021,,Yes,ST/SG/SER.E/1041,,in orbit,,Spacecraft engaged in practical applications and uses of space technology such as weather or communications,------,,2021
2021-125AQ,,Starlink 3269 ,USA,12/18/2021,,Yes,ST/SG/SER.E/1041,,in orbit,,Spacecraft engaged in practical applications and uses of space technology such as weather or communications,------,,2021
2021-125AE,,Starlink-3280 ,USA,12/18/2021,,Yes,ST/SG/SER.E/1041,ST/SG/SER.E/1041,[deorbited],12/28/2021,Spacecraft engaged in practical applications and uses of space technology such as weather or communications,------,,2021
2021-125AF,,Starlink 3279 ,USA,12/18/2021,,Yes,ST/SG/SER.E/1041,,in orbit,,Spacecraft engaged in practical applications and uses of space technology such as weather or communications,------,,2021
2021-125AC,,Starlink 3277 ,USA,12/18/2021,,Yes,ST/SG/SER.E/1041,,in orbit,,Spacecraft engaged in practical applications and uses of space technology such as weather or communications,------,,2021
2021-125AD,,Starlink 3281 ,USA,12/18/2021,,Yes,ST/SG/SER.E/1041,,in orbit,,Spacecraft engaged in practical applications and uses of space technology such as weather or communications,------,,2021
2021-125AB,,Starlink 3285 ,USA,12/18/2021,,Yes,ST/SG/SER.E/1041,,in orbit,,Spacecraft engaged in practical applications and uses of space technology such as weather or communications,------,,2021
2021-125AA,,Starlink 3265 ,USA,12/18/2021,,Yes,ST/SG/SER.E/1041,,in orbit,,Spacecraft engaged in practical applications and uses of space technology such as weather or communications,------,,2021
2021-125BC,,Starlink 3258 ,USA,12/18/2021,,Yes,ST/SG/SER.E/1041,,in orbit,,Spacecraft engaged in practical applications and uses of space technology such as weather or communications,------,,2021
2021-125Z,,Starlink 3283 ,USA,12/18/2021,,Yes,ST/SG/SER.E/1041,,in orbit,,Spacecraft engaged in practical applications and uses of space technology such as weather or communications,------,,2021
2021-125T,,Starlink 3289 ,USA,12/18/2021,,Yes,ST/SG/SER.E/1041,,in orbit,,Spacecraft engaged in practical applications and uses of space technology such as weather or communications,------,,2021
2021-125U,,Starlink 3292 ,USA,12/18/2021,,Yes,ST/SG/SER.E/1041,,in orbit,,Spacecraft engaged in practical applications and uses of space technology such as weather or communications,------,,2021
2021-125V,,Starlink 3291 ,USA,12/18/2021,,Yes,ST/SG/SER.E/1041,,in orbit,,Spacecraft engaged in practical applications and uses of space technology such as weather or communications,------,,2021
2021-125W,,Starlink 3293 ,USA,12/18/2021,,Yes,ST/SG/SER.E/1041,,in orbit,,Spacecraft engaged in practical applications and uses of space technology such as weather or communications,------,,2021
2021-125X,,Starlink 3282 ,USA,12/18/2021,,Yes,ST/SG/SER.E/1041,,in orbit,,Spacecraft engaged in practical applications and uses of space technology such as weather or communications,------,,2021
2021-125Y,,Starlink 3284 ,USA,12/18/2021,,Yes,ST/SG/SER.E/1041,,in orbit,,Spacecraft engaged in practical applications and uses of space technology such as weather or communications,------,,2021
2021-125Q,,Starlink 3245 ,USA,12/18/2021,,Yes,ST/SG/SER.E/1041,,in orbit,,Spacecraft engaged in practical applications and uses of space technology such as weather or communications,------,,2021
2021-125S,,Starlink 3287 ,USA,12/18/2021,,Yes,ST/SG/SER.E/1041,,in orbit,,Spacecraft engaged in practical applications and uses of space technology such as weather or communications,------,,2021
2021-125R,,Starlink 3286 ,USA,12/18/2021,,Yes,ST/SG/SER.E/1041,,in orbit,,Spacecraft engaged in practical applications and uses of space technology such as weather or communications,------,,2021
2021-125M,,Starlink 3271 ,USA,12/18/2021,,Yes,ST/SG/SER.E/1041,,in orbit,,Spacecraft engaged in practical applications and uses of space technology such as weather or communications,------,,2021
2021-125F,,Starlink 3304 ,USA,12/18/2021,,Yes,ST/SG/SER.E/1041,,in orbit,,Spacecraft engaged in practical applications and uses of space technology such as weather or communications,------,,2021
2021-125H,,Starlink 3306 ,USA,12/18/2021,,Yes,ST/SG/SER.E/1041,,in orbit,,Spacecraft engaged in practical applications and uses of space technology such as weather or communications,------,,2021
2021-125K,,Starlink 3298 ,USA,12/18/2021,,Yes,ST/SG/SER.E/1041,,in orbit,,Spacecraft engaged in practical applications and uses of space technology such as weather or communications,------,,2021
2021-125L,,Starlink 3305 ,USA,12/18/2021,,Yes,ST/SG/SER.E/1041,,in orbit,,Spacecraft engaged in practical applications and uses of space technology such as weather or communications,------,,2021
2021-125N,,Starlink 3296 ,USA,12/18/2021,,Yes,ST/SG/SER.E/1041,,in orbit,,Spacecraft engaged in practical applications and uses of space technology such as weather or communications,------,,2021
2021-125P,,Starlink 3301 ,USA,12/18/2021,,Yes,ST/SG/SER.E/1041,,in orbit,,Spacecraft engaged in practical applications and uses of space technology such as weather or communications,------,,2021
2021-125AZ,,Starlink 3257 ,USA,12/18/2021,,Yes,ST/SG/SER.E/1041,,in orbit,,Spacecraft engaged in practical applications and uses of space technology such as weather or communications,------,,2021
2021-125BA,,Starlink 3254 ,USA,12/18/2021,,Yes,ST/SG/SER.E/1041,,in orbit,,Spacecraft engaged in practical applications and uses of space technology such as weather or communications,------,,2021
2021-125BB,,Starlink 3260 ,USA,12/18/2021,,Yes,ST/SG/SER.E/1041,,in orbit,,Spacecraft engaged in practical applications and uses of space technology such as weather or communications,------,,2021
2021-125BD,,Starlink 3262 ,USA,12/18/2021,,Yes,ST/SG/SER.E/1041,,in orbit,,Spacecraft engaged in practical applications and uses of space technology such as weather or communications,------,,2021
2021-125A,,Starlink 3317 ,USA,12/18/2021,,Yes,ST/SG/SER.E/1041,,in orbit,,Spacecraft engaged in practical applications and uses of space technology such as weather or communications,------,,2021
2021-125C,,Starlink 3309 ,USA,12/18/2021,,Yes,ST/SG/SER.E/1041,,in orbit,,Spacecraft engaged in practical applications and uses of space technology such as weather or communications,------,,2021
2021-125D,,Starlink 3297 ,USA,12/18/2021,,Yes,ST/SG/SER.E/1041,,in orbit,,Spacecraft engaged in practical applications and uses of space technology such as weather or communications,------,,2021
2021-125B,,Starlink 3313 ,USA,12/18/2021,,Yes,ST/SG/SER.E/1041,,in orbit,,Spacecraft engaged in practical applications and uses of space technology such as weather or communications,------,,2021
2021-125E,,Starlink 3288 ,USA,12/18/2021,,Yes,ST/SG/SER.E/1041,ST/SG/SER.E/1249,[deorbited],12/21/2024,Spacecraft engaged in practical applications and uses of space technology such as weather or communications,------,,2021
2021-124A,,Tianlian 2-02 ,China,12/13/2021,,Yes,ST/SG/SER.E/1123,,in GSO,,Communications satellite,------,,2021
[2021-123*],3578-2021-014,Express AMU3 ,Russian Federation,12/13/2021,[+103 degrees East],Yes,ST/SG/SER.E/1038,,[in GSO],,Telecommunications,International Designator pending assignment.,,2021
2021-122B,,Shijian-6 Group-05 Satellite-B (SJ-6 05B) [(SHIJIAN 6-05B)],China,12/10/2021,,Yes,ST/SG/SER.E/1123,,in orbit,,Test satellite,------,,2021
2021-122A,,Shijian-6 Group-05 Satellite-A (SJ-6 05A) [(SHIJIAN 6-05A)],China,12/10/2021,,Yes,ST/SG/SER.E/1123,,in orbit,,Test satellite,------,,2021
2021-120A,,Global 17 [BLACKSKY GLOBAL-17],USA,12/9/2021,,Yes,ST/SG/SER.E/1041,ST/SG/SER.E/1040,in orbit,,Spacecraft engaged in practical applications and uses of space technology such as weather or communications,Mentioned by New Zealand in ST/SG/SER.E/1040.,,2021
2021-120B,,Global 16 [BLACKSKY GLOBAL-16],USA,12/9/2021,,Yes,ST/SG/SER.E/1041,ST/SG/SER.E/1040,in orbit,,------,Mentioned by New Zealand in ST/SG/SER.E/1040.,,2021
2021-121A,,IXPE ,USA,12/9/2021,,Yes,ST/SG/SER.E/1041,,in orbit,,Spacecraft engaged in practical applications and uses of space technology such as weather or communications,------,,2021
2021-119A,3577-2021-014,Soyuz MS-20 ,Russian Federation,12/8/2021,,Yes,ST/SG/SER.E/1038,ST/SG/SER.E/1038,recovered,12/20/2021,"Delivery to the International Space Station of a crew consisting of Aleksandr Aleksandrovich Misurkin (Russian Federation), commander of the crewed transport vehicle and of Visiting Expedition 20, and space flight participants Yusaku Maezawa (Japan) and Yozo Hirano (Japan)",------,,2021
[2021-117E],, [JINZIJING 5 (GB 5)],[China],[2021-12-07],,No,,,[decayed],[2023-05-15],------,Not registered with the United Nations.,,2021
[2021-117D],, [LIZE 1],[China],[2021-12-07],,No,,,[decayed],[2023-08-01],------,Not registered with the United Nations.,,2021
2021-118A,,STPSat 6 ,USA,12/7/2021,,Yes,ST/SG/SER.E/1041,,in GSO,,Spacecraft engaged in practical applications and uses of space technology such as weather or communications,------,,2021
2021-118B,,LDPE 1 ,USA,12/7/2021,,Yes,ST/SG/SER.E/1041,,in GSO,,Spacecraft engaged in practical applications and uses of space technology such as weather or communications,------,,2021
2021-117A,,Tianjin University 1 (TJU-1) ,China,12/7/2021,,Yes,ST/SG/SER.E/1123,,in orbit,,Meteorological observation,------,,2021
[2021-117*],, [GOLDEN BAUHINIA SATELLITE NO.1 (03)],[China],[2021-12-07],,No,,,[decayed],[2024-02-14],------,Not registered with the United Nations. International Designator pending assignment.,,2021
[2021-116B],, [GALILEO 28],[(for European Union)],[2021-12-05],,No,,,[in orbit],,------,Not registered with the United Nations.,,2021
[2021-116A],, [GALILEO 27],[(for European Union)],[2021-12-05],,No,,,[in orbit],,------,Not registered with the United Nations.,,2021
2021-115C,,Starlink 3237 ,USA,12/2/2021,,Yes,ST/SG/SER.E/1041,ST/SG/SER.E/1229,[deorbited],9/14/2024,Spacecraft engaged in practical applications and uses of space technology such as weather or communications,------,,2021
2021-115AZ,,Starlink 3201 ,USA,12/2/2021,,Yes,ST/SG/SER.E/1041,,in orbit,,Spacecraft engaged in practical applications and uses of space technology such as weather or communications,------,,2021
2021-115AS,,Starlink 3206 ,USA,12/2/2021,,Yes,ST/SG/SER.E/1041,ST/SG/SER.E/1227,[deorbited],8/10/2024,Spacecraft engaged in practical applications and uses of space technology such as weather or communications,------,,2021
2021-115F,,Starlink 3251 ,USA,12/2/2021,,Yes,ST/SG/SER.E/1041,,in orbit,,Spacecraft engaged in practical applications and uses of space technology such as weather or communications,------,,2021
2021-115J,,Starlink 3246 ,USA,12/2/2021,,Yes,ST/SG/SER.E/1041,,in orbit,,Spacecraft engaged in practical applications and uses of space technology such as weather or communications,------,,2021
2021-115K,,Starlink 3252 ,USA,12/2/2021,,Yes,ST/SG/SER.E/1041,,in orbit,,Spacecraft engaged in practical applications and uses of space technology such as weather or communications,------,,2021
2021-115L,,Starlink 3238 ,USA,12/2/2021,,Yes,ST/SG/SER.E/1041,,in orbit,,Spacecraft engaged in practical applications and uses of space technology such as weather or communications,------,,2021
2021-115M,,Starlink 3113 ,USA,12/2/2021,,Yes,ST/SG/SER.E/1041,,in orbit,,Spacecraft engaged in practical applications and uses of space technology such as weather or communications,------,,2021
2021-115N,,Starlink 3148 ,USA,12/2/2021,,Yes,ST/SG/SER.E/1041,,in orbit,,Spacecraft engaged in practical applications and uses of space technology such as weather or communications,------,,2021
2021-115P,,Starlink 3225 ,USA,12/2/2021,,Yes,ST/SG/SER.E/1041,,in orbit,,Spacecraft engaged in practical applications and uses of space technology such as weather or communications,------,,2021
2021-115G,,Starlink 3249 ,USA,12/2/2021,,Yes,ST/SG/SER.E/1041,,in orbit,,Spacecraft engaged in practical applications and uses of space technology such as weather or communications,------,,2021
2021-115BA,,Global 12 [BLACKSKY GLOBAL-12],USA,12/2/2021,,Yes,ST/SG/SER.E/1041,,in orbit,,Spacecraft engaged in practical applications and uses of space technology such as weather or communications,------,,2021
2021-115BB,,Global 13 [BLACKSKY GLOBAL-13],USA,12/2/2021,,Yes,ST/SG/SER.E/1041,,in orbit,,Spacecraft engaged in practical applications and uses of space technology such as weather or communications,------,,2021
2021-115AT,,Starlink 3227 ,USA,12/2/2021,,Yes,ST/SG/SER.E/1041,,in orbit,,Spacecraft engaged in practical applications and uses of space technology such as weather or communications,------,,2021
2021-115AU,,Starlink 3190 ,USA,12/2/2021,,Yes,ST/SG/SER.E/1041,,in orbit,,Spacecraft engaged in practical applications and uses of space technology such as weather or communications,------,,2021
2021-115AV,,Starlink 3192 ,USA,12/2/2021,,Yes,ST/SG/SER.E/1041,,in orbit,,Spacecraft engaged in practical applications and uses of space technology such as weather or communications,------,,2021
2021-115AW,,Starlink 3196 ,USA,12/2/2021,,Yes,ST/SG/SER.E/1041,,in orbit,,Spacecraft engaged in practical applications and uses of space technology such as weather or communications,------,,2021
2021-115AX,,Starlink 3208 ,USA,12/2/2021,,Yes,ST/SG/SER.E/1041,,in orbit,,Spacecraft engaged in practical applications and uses of space technology such as weather or communications,------,,2021
2021-115AY,,Starlink 3191 ,USA,12/2/2021,,Yes,ST/SG/SER.E/1041,,in orbit,,Spacecraft engaged in practical applications and uses of space technology such as weather or communications,------,,2021
2021-115AK,,Starlink 3197 ,USA,12/2/2021,,Yes,ST/SG/SER.E/1041,,in orbit,,Spacecraft engaged in practical applications and uses of space technology such as weather or communications,------,,2021
2021-115AM,,Starlink 3204 ,USA,12/2/2021,,Yes,ST/SG/SER.E/1041,,in orbit,,Spacecraft engaged in practical applications and uses of space technology such as weather or communications,------,,2021
2021-115AL,,Starlink 3194 ,USA,12/2/2021,,Yes,ST/SG/SER.E/1041,,in orbit,,Spacecraft engaged in practical applications and uses of space technology such as weather or communications,------,,2021
2021-115AJ,,Starlink 3207 ,USA,12/2/2021,,Yes,ST/SG/SER.E/1041,,in orbit,,Spacecraft engaged in practical applications and uses of space technology such as weather or communications,------,,2021
2021-115AP,,Starlink 3203 ,USA,12/2/2021,,Yes,ST/SG/SER.E/1041,,in orbit,,Spacecraft engaged in practical applications and uses of space technology such as weather or communications,------,,2021
2021-115AQ,,Starlink 3195 ,USA,12/2/2021,,Yes,ST/SG/SER.E/1041,,in orbit,,Spacecraft engaged in practical applications and uses of space technology such as weather or communications,------,,2021
2021-115AR,,Starlink 3198 ,USA,12/2/2021,,Yes,ST/SG/SER.E/1041,,in orbit,,Spacecraft engaged in practical applications and uses of space technology such as weather or communications,------,,2021
2021-115AN,,Starlink 3199 ,USA,12/2/2021,,Yes,ST/SG/SER.E/1041,,in orbit,,Spacecraft engaged in practical applications and uses of space technology such as weather or communications,------,,2021
2021-115D,,Starlink 3242 ,USA,12/2/2021,,Yes,ST/SG/SER.E/1041,,in orbit,,Spacecraft engaged in practical applications and uses of space technology such as weather or communications,------,,2021
2021-115E,,Starlink 3240 ,USA,12/2/2021,,Yes,ST/SG/SER.E/1041,,in orbit,,Spacecraft engaged in practical applications and uses of space technology such as weather or communications,------,,2021
2021-115A,,Starlink 3219 ,USA,12/2/2021,,Yes,ST/SG/SER.E/1041,,in orbit,,Spacecraft engaged in practical applications and uses of space technology such as weather or communications,------,,2021
2021-115B,,Starlink 3218 ,USA,12/2/2021,,Yes,ST/SG/SER.E/1041,,in orbit,,Spacecraft engaged in practical applications and uses of space technology such as weather or communications,------,,2021
2021-115AD,,Starlink 3229 ,USA,12/2/2021,,Yes,ST/SG/SER.E/1041,,in orbit,,Spacecraft engaged in practical applications and uses of space technology such as weather or communications,------,,2021
2021-115AE,,Starlink 3209 ,USA,12/2/2021,,Yes,ST/SG/SER.E/1041,,in orbit,,Spacecraft engaged in practical applications and uses of space technology such as weather or communications,------,,2021
2021-115AF,,Starlink 3200 ,USA,12/2/2021,,Yes,ST/SG/SER.E/1041,,in orbit,,Spacecraft engaged in practical applications and uses of space technology such as weather or communications,------,,2021
2021-115AG,,Starlink 3193 ,USA,12/2/2021,,Yes,ST/SG/SER.E/1041,,in orbit,,Spacecraft engaged in practical applications and uses of space technology such as weather or communications,------,,2021
2021-115AH,,Starlink 3210 ,USA,12/2/2021,,Yes,ST/SG/SER.E/1041,,in orbit,,Spacecraft engaged in practical applications and uses of space technology such as weather or communications,------,,2021
2021-115AC,,Starlink 3236 ,USA,12/2/2021,,Yes,ST/SG/SER.E/1041,,in orbit,,Spacecraft engaged in practical applications and uses of space technology such as weather or communications,------,,2021
2021-115AB,,Starlink 3250 ,USA,12/2/2021,,Yes,ST/SG/SER.E/1041,,in orbit,,Spacecraft engaged in practical applications and uses of space technology such as weather or communications,------,,2021
2021-115AA,,Starlink 3248 ,USA,12/2/2021,,Yes,ST/SG/SER.E/1041,,in orbit,,Spacecraft engaged in practical applications and uses of space technology such as weather or communications,------,,2021
2021-115Z,,Starlink 3247 ,USA,12/2/2021,,Yes,ST/SG/SER.E/1041,,in orbit,,Spacecraft engaged in practical applications and uses of space technology such as weather or communications,------,,2021
2021-115Q,,Starlink 3143 ,USA,12/2/2021,,Yes,ST/SG/SER.E/1041,,in orbit,,Spacecraft engaged in practical applications and uses of space technology such as weather or communications,------,,2021
2021-115V,,Starlink 3239 ,USA,12/2/2021,,Yes,ST/SG/SER.E/1041,,in orbit,,Spacecraft engaged in practical applications and uses of space technology such as weather or communications,------,,2021
2021-115W,,Starlink 3231 ,USA,12/2/2021,,Yes,ST/SG/SER.E/1041,,in orbit,,Spacecraft engaged in practical applications and uses of space technology such as weather or communications,------,,2021
2021-115Y,,Starlink 3233 ,USA,12/2/2021,,Yes,ST/SG/SER.E/1041,,in orbit,,Spacecraft engaged in practical applications and uses of space technology such as weather or communications,------,,2021
2021-115R,,Starlink 3155 ,USA,12/2/2021,,Yes,ST/SG/SER.E/1041,,in orbit,,Spacecraft engaged in practical applications and uses of space technology such as weather or communications,------,,2021
2021-115S,,Starlink 3226 ,USA,12/2/2021,,Yes,ST/SG/SER.E/1041,,in orbit,,Spacecraft engaged in practical applications and uses of space technology such as weather or communications,------,,2021
2021-115U,,Starlink 3202 ,USA,12/2/2021,,Yes,ST/SG/SER.E/1041,,in orbit,,Spacecraft engaged in practical applications and uses of space technology such as weather or communications,------,,2021
2021-115T,,Starlink 3244 ,USA,12/2/2021,,Yes,ST/SG/SER.E/1041,,in orbit,,Spacecraft engaged in practical applications and uses of space technology such as weather or communications,------,,2021
2021-115X,,Starlink 3241 ,USA,12/2/2021,,Yes,ST/SG/SER.E/1041,,in orbit,,Spacecraft engaged in practical applications and uses of space technology such as weather or communications,------,,2021
2021-115H,,Starlink 3228 ,USA,12/2/2021,,Yes,ST/SG/SER.E/1041,ST/SG/SER.E/1214,[deorbited],4/27/2024,Spacecraft engaged in practical applications and uses of space technology such as weather or communications,------,,2021
2021-114A,,ChinaSat 1D [ZHONGXING 1D],China,11/26/2021,,Yes,ST/SG/SER.E/1123,,in GSO,,Communications satellite,------,,2021
[2021-113A],3576-2021-13,Cosmos 2552 ,Russian Federation,11/25/2021,,Yes,ST/SG/SER.E/1032,,in orbit,,Intended for assignments on behalf of the Ministry of Defence of the Russian Federation,------,,2021
2021-112A,,Shiyan 11 [(SY 11)],China,11/24/2021,,Yes,ST/SG/SER.E/1123,,in orbit,,Test satellite,------,,2021
2021-110A,,NASA DART ,USA,11/24/2021,,Yes,ST/SG/SER.E/1034,ST/SG/SER.E/1082,[on Dimorphos],9/26/2022,Spacecraft engaged in practical applications and uses of space technology such as weather or communications,Reported in reference sources that space object impacted asteroid Dimorphos at 2314 UTC on 2022-09-26.,,2021
[2021-111A],3575-2021-12,Progress M-UM ,Russian Federation,11/24/2021,,Yes,ST/SG/SER.E/1032,ST/SG/SER.E/1038,deorbited,12/23/2021,Cargo vehicle module with node module for the Russian segment of the International Space Station,------,,2021
[2021-111*],, [PRICHAL],[Russian Federation],[2021-11-24],,No,,ST/SG/SER.E/1032,[in orbit],,------,International Designator pending assignment. Mentioned by the Russian Federation in ST/SG/SER.E/1032. ISS flight element.,,2021
2021-109A,,Gaofen 3-02 (GF-3 (02)) ,China,11/22/2021,,Yes,ST/SG/SER.E/1123,,in orbit,,Marine surveillance and monitoring,------,,2021
2021-107A,,Gaofen 11-03 ,China,11/20/2021,,Yes,ST/SG/SER.E/1123,,in orbit,,Remote sensing satellite,------,,2021
2021-108A,,Astra Satellite 00001 ,USA,11/20/2021,,Yes,ST/SG/SER.E/1034,ST/SG/SER.E/1131,decayed,5/14/2023,Spacecraft engaged in practical applications and uses of space technology such as weather or communications,------,,2021
2021-106A,,Global 14 [BLACKSKY GLOBAL-14],USA,11/18/2021,,Yes,ST/SG/SER.E/1034,ST/SG/SER.E/1040,in orbit,,Spacecraft engaged in practical applications and uses of space technology such as weather or communications,Mentioned by New Zealand in ST/SG/SER.E/1040.,,2021
2021-106B,,Global 15 [BLACKSKY GLOBAL-15],USA,11/18/2021,,Yes,ST/SG/SER.E/1034,ST/SG/SER.E/1229,decayed,9/20/2024,Spacecraft engaged in practical applications and uses of space technology such as weather or communications,Mentioned by New Zealand in ST/SG/SER.E/1040.,,2021
2021-105A,,CERES 1 ,France,11/16/2021,,Yes,ST/SG/SER.E/1047,,in orbit,,Earth observation,------,,2021
2021-105C,,CERES 3 ,France,11/16/2021,,Yes,ST/SG/SER.E/1047,,in orbit,,Earth observation,------,,2021
2021-105B,,CERES 2 ,France,11/16/2021,,Yes,ST/SG/SER.E/1047,,in orbit,,Earth observation,------,,2021
2021-104X,,Starlink 3123 ,USA,11/13/2021,,Yes,ST/SG/SER.E/1034,ST/SG/SER.E/1041,decayed,12/1/2021,Spacecraft engaged in practical applications and uses of space technology such as weather or communications,------,,2021
2021-104AS,,Starlink 3097 ,USA,11/13/2021,,Yes,ST/SG/SER.E/1034,ST/SG/SER.E/1215,[deorbited],5/5/2024,Spacecraft engaged in practical applications and uses of space technology such as weather or communications,------,,2021
2021-104AH,,Starlink 3108 ,USA,11/13/2021,,Yes,ST/SG/SER.E/1034,ST/SG/SER.E/1215,[deorbited],5/16/2024,Spacecraft engaged in practical applications and uses of space technology such as weather or communications,------,,2021
2021-104G,,Starlink 3146 ,USA,11/13/2021,,Yes,ST/SG/SER.E/1034,,in orbit,,Spacecraft engaged in practical applications and uses of space technology such as weather or communications,------,,2021
2021-104H,,Starlink 3159 ,USA,11/13/2021,,Yes,ST/SG/SER.E/1034,,in orbit,,Spacecraft engaged in practical applications and uses of space technology such as weather or communications,------,,2021
2021-104D,,Starlink 3162 ,USA,11/13/2021,,Yes,ST/SG/SER.E/1034,,in orbit,,Spacecraft engaged in practical applications and uses of space technology such as weather or communications,------,,2021
2021-104A,,Starlink 3151 ,USA,11/13/2021,,Yes,ST/SG/SER.E/1034,,in orbit,,Spacecraft engaged in practical applications and uses of space technology such as weather or communications,------,,2021
2021-104BE,,Starlink 3140 ,USA,11/13/2021,,Yes,ST/SG/SER.E/1034,,in orbit,,Spacecraft engaged in practical applications and uses of space technology such as weather or communications,------,,2021
2021-104BA,,Starlink 3124 ,USA,11/13/2021,,Yes,ST/SG/SER.E/1034,,in orbit,,Spacecraft engaged in practical applications and uses of space technology such as weather or communications,------,,2021
2021-104BD,,Starlink 3141 ,USA,11/13/2021,,Yes,ST/SG/SER.E/1034,,in orbit,,Spacecraft engaged in practical applications and uses of space technology such as weather or communications,------,,2021
2021-104AY,,Starlink 3160 ,USA,11/13/2021,,Yes,ST/SG/SER.E/1034,,in orbit,,Spacecraft engaged in practical applications and uses of space technology such as weather or communications,------,,2021
2021-104AZ,,Starlink 3145 ,USA,11/13/2021,,Yes,ST/SG/SER.E/1034,,in orbit,,Spacecraft engaged in practical applications and uses of space technology such as weather or communications,------,,2021
2021-104BB,,Starlink 3132 ,USA,11/13/2021,,Yes,ST/SG/SER.E/1034,,in orbit,,Spacecraft engaged in practical applications and uses of space technology such as weather or communications,------,,2021
2021-104BC,,Starlink 3156 ,USA,11/13/2021,,Yes,ST/SG/SER.E/1034,,in orbit,,Spacecraft engaged in practical applications and uses of space technology such as weather or communications,------,,2021
2021-104M,,Starlink 3120 ,USA,11/13/2021,,Yes,ST/SG/SER.E/1034,,in orbit,,Spacecraft engaged in practical applications and uses of space technology such as weather or communications,------,,2021
2021-104P,,Starlink 3112 ,USA,11/13/2021,,Yes,ST/SG/SER.E/1034,,in orbit,,Spacecraft engaged in practical applications and uses of space technology such as weather or communications,------,,2021
2021-104T,,Starlink 3139 ,USA,11/13/2021,,Yes,ST/SG/SER.E/1034,,in orbit,,Spacecraft engaged in practical applications and uses of space technology such as weather or communications,------,,2021
2021-104F,,Starlink 3157 ,USA,11/13/2021,,Yes,ST/SG/SER.E/1034,,in orbit,,Spacecraft engaged in practical applications and uses of space technology such as weather or communications,------,,2021
2021-104J,,Starlink 3133 ,USA,11/13/2021,,Yes,ST/SG/SER.E/1034,,in orbit,,Spacecraft engaged in practical applications and uses of space technology such as weather or communications,------,,2021
2021-104K,,Starlink 3154 ,USA,11/13/2021,,Yes,ST/SG/SER.E/1034,,in orbit,,Spacecraft engaged in practical applications and uses of space technology such as weather or communications,------,,2021
2021-104L,,Starlink 3111 ,USA,11/13/2021,,Yes,ST/SG/SER.E/1034,,in orbit,,Spacecraft engaged in practical applications and uses of space technology such as weather or communications,------,,2021
2021-104R,,Starlink 3149 ,USA,11/13/2021,,Yes,ST/SG/SER.E/1034,,in orbit,,Spacecraft engaged in practical applications and uses of space technology such as weather or communications,------,,2021
2021-104C,,Starlink 3147 ,USA,11/13/2021,,Yes,ST/SG/SER.E/1034,,in orbit,,Spacecraft engaged in practical applications and uses of space technology such as weather or communications,------,,2021
2021-104B,,Starlink 3075 ,USA,11/13/2021,,Yes,ST/SG/SER.E/1034,,in orbit,,Spacecraft engaged in practical applications and uses of space technology such as weather or communications,------,,2021
2021-104AL,,Starlink 3098 ,USA,11/13/2021,,Yes,ST/SG/SER.E/1034,,in orbit,,Spacecraft engaged in practical applications and uses of space technology such as weather or communications,------,,2021
2021-104AW,,Starlink 3150 ,USA,11/13/2021,,Yes,ST/SG/SER.E/1034,,in orbit,,Spacecraft engaged in practical applications and uses of space technology such as weather or communications,------,,2021
2021-104AP,,Starlink 3122 ,USA,11/13/2021,,Yes,ST/SG/SER.E/1034,,in orbit,,Spacecraft engaged in practical applications and uses of space technology such as weather or communications,------,,2021
2021-104AQ,,Starlink 3099 ,USA,11/13/2021,,Yes,ST/SG/SER.E/1034,,in orbit,,Spacecraft engaged in practical applications and uses of space technology such as weather or communications,------,,2021
2021-104AR,,Starlink 3115 ,USA,11/13/2021,,Yes,ST/SG/SER.E/1034,,in orbit,,Spacecraft engaged in practical applications and uses of space technology such as weather or communications,------,,2021
2021-104AT,,Starlink 3137 ,USA,11/13/2021,,Yes,ST/SG/SER.E/1034,,in orbit,,Spacecraft engaged in practical applications and uses of space technology such as weather or communications,------,,2021
2021-104AU,,Starlink 3127 ,USA,11/13/2021,,Yes,ST/SG/SER.E/1034,,in orbit,,Spacecraft engaged in practical applications and uses of space technology such as weather or communications,------,,2021
2021-104AX,,Starlink 3129 ,USA,11/13/2021,,Yes,ST/SG/SER.E/1034,,in orbit,,Spacecraft engaged in practical applications and uses of space technology such as weather or communications,------,,2021
2021-104AV,,Starlink 3125 ,USA,11/13/2021,,Yes,ST/SG/SER.E/1034,,in orbit,,Spacecraft engaged in practical applications and uses of space technology such as weather or communications,------,,2021
2021-104AA,,Starlink 3158 ,USA,11/13/2021,,Yes,ST/SG/SER.E/1034,,in orbit,,Spacecraft engaged in practical applications and uses of space technology such as weather or communications,------,,2021
2021-104AJ,,Starlink 3105 ,USA,11/13/2021,,Yes,ST/SG/SER.E/1034,,in orbit,,Spacecraft engaged in practical applications and uses of space technology such as weather or communications,------,,2021
2021-104AE,,Starlink 3049 ,USA,11/13/2021,,Yes,ST/SG/SER.E/1034,,in orbit,,Spacecraft engaged in practical applications and uses of space technology such as weather or communications,------,,2021
2021-104AD,,Starlink 3117 ,USA,11/13/2021,,Yes,ST/SG/SER.E/1034,,in orbit,,Spacecraft engaged in practical applications and uses of space technology such as weather or communications,------,,2021
2021-104AK,,Starlink 3128 ,USA,11/13/2021,,Yes,ST/SG/SER.E/1034,,in orbit,,Spacecraft engaged in practical applications and uses of space technology such as weather or communications,------,,2021
2021-104AN,,Starlink 3126 ,USA,11/13/2021,,Yes,ST/SG/SER.E/1034,,in orbit,,Spacecraft engaged in practical applications and uses of space technology such as weather or communications,------,,2021
2021-104AF,,Starlink 3130 ,USA,11/13/2021,,Yes,ST/SG/SER.E/1034,,in orbit,,Spacecraft engaged in practical applications and uses of space technology such as weather or communications,------,,2021
2021-104AM,,Starlink 3136 ,USA,11/13/2021,,Yes,ST/SG/SER.E/1034,,in orbit,,Spacecraft engaged in practical applications and uses of space technology such as weather or communications,------,,2021
2021-104AG,,Starlink 3044 ,USA,11/13/2021,,Yes,ST/SG/SER.E/1034,,in orbit,,Spacecraft engaged in practical applications and uses of space technology such as weather or communications,------,,2021
2021-104Q,,Starlink 3161 ,USA,11/13/2021,,Yes,ST/SG/SER.E/1034,,in orbit,,Spacecraft engaged in practical applications and uses of space technology such as weather or communications,------,,2021
2021-104AB,,Starlink 3079 ,USA,11/13/2021,,Yes,ST/SG/SER.E/1034,,in orbit,,Spacecraft engaged in practical applications and uses of space technology such as weather or communications,------,,2021
2021-104AC,,Starlink 3134 ,USA,11/13/2021,,Yes,ST/SG/SER.E/1034,,in orbit,,Spacecraft engaged in practical applications and uses of space technology such as weather or communications,------,,2021
2021-104U,,Starlink 3114 ,USA,11/13/2021,,Yes,ST/SG/SER.E/1034,,in orbit,,Spacecraft engaged in practical applications and uses of space technology such as weather or communications,------,,2021
2021-104S,,Starlink 3135 ,USA,11/13/2021,,Yes,ST/SG/SER.E/1034,,in orbit,,Spacecraft engaged in practical applications and uses of space technology such as weather or communications,------,,2021
2021-104V,,Starlink 3131 ,USA,11/13/2021,,Yes,ST/SG/SER.E/1034,,in orbit,,Spacecraft engaged in practical applications and uses of space technology such as weather or communications,------,,2021
2021-104N,,Starlink 3110 ,USA,11/13/2021,,Yes,ST/SG/SER.E/1034,,in orbit,,Spacecraft engaged in practical applications and uses of space technology such as weather or communications,------,,2021
2021-104Y,,Starlink 3138 ,USA,11/13/2021,,Yes,ST/SG/SER.E/1034,,in orbit,,Spacecraft engaged in practical applications and uses of space technology such as weather or communications,------,,2021
2021-104W,,Starlink 3121 ,USA,11/13/2021,,Yes,ST/SG/SER.E/1034,,in orbit,,Spacecraft engaged in practical applications and uses of space technology such as weather or communications,------,,2021
2021-104Z,,Starlink 3153 ,USA,11/13/2021,,Yes,ST/SG/SER.E/1034,,in orbit,,Spacecraft engaged in practical applications and uses of space technology such as weather or communications,------,,2021
2021-104E,,Starlink 3144 ,USA,11/13/2021,,Yes,ST/SG/SER.E/1034,ST/SG/SER.E/1249,[deorbited],12/20/2024,Spacecraft engaged in practical applications and uses of space technology such as weather or communications,------,,2021
2021-103A,,Dragon Endurance ,USA,11/11/2021,,Yes,ST/SG/SER.E/1034,ST/SG/SER.E/1074,[recovered],5/6/2022,Reusable space transportation systems,------,,2021
2021-102C,,Rapid Innovative payload demonstration Satellite 2 (RAISE 2) ,Japan,11/9/2021,,Yes,ST/SG/SER.E/1073,,in orbit,,"RAISE-2 is the technology demonstration satellite equipped with six experimental components provided by private companies, university and research institution. The technology demonstration aims to acquire various and innovative data in space.",------,Link,2021
2021-102F,,HIBARI ,Japan,11/9/2021,,Yes,ST/SG/SER.E/1073,,in orbit,,"Technology demonstration: variable-shape attitude control, ultraviolet rays camera, star tracker (STT), etc.",------,Link,2021
2021-102G,,DRUMS ,Japan,11/9/2021,,Yes,ST/SG/SER.E/1073,,in orbit,,This satellite will demonstrate debris removal technology in orbit by releasing and approaching a small target and performing simulated capture,------,,2021
2021-102J,,ARICA ,Japan,11/9/2021,,Yes,ST/SG/SER.E/1073,,in orbit,,Demonstrate a real-time alert system of transient astrophysical objects using commercial satellite networks,------,,2021
2021-102E,,Z Sat ,Japan,11/9/2021,,Yes,ST/SG/SER.E/1073,,in orbit,,Earth observation,------,,2021
2021-102H,,KOSEN 1 ,Japan,11/9/2021,,Yes,ST/SG/SER.E/1073,,in orbit,,"KOSEN-1 will demonstrate three new spaceborne technologies for the CubeSat system: (1) a performance of a dual reaction wheel, (2) a usage of the Raspberry Pi CM1-based on-board computer, and (3) an expansion of a 6.6-m long dipole antenna. Furthermore, KOSEN-1 will observe Jupiter's decametric radio emissions to investigate the beaming characteristics.",------,,2021
2021-102B,,TeikyoSat 4 ,Japan,11/9/2021,,Yes,ST/SG/SER.E/1073,,in orbit,,Demonstration of satellite bus system which can carry out space environment utilization experiments; Demonstration of high speed communication using ham radio; Demonstration of electrical power system for new technological demonstration; Demonstration of de-orbit system after the end of all missions,------,Link,2021
2021-102A,,ASTERISC ,Japan,11/9/2021,,Yes,ST/SG/SER.E/1073,ST/SG/SER.E/1292,[decayed],1/25/2025,The satellite observes cosmic dust and space debris using a film type dust sensor,------,,2021
2021-101A,,Yaogan 35-A ,China,11/6/2021,,Yes,ST/SG/SER.E/1123,,in orbit,,Remote sensing satellite,------,,2021
2021-101D,,Yaogan 35-C ,China,11/6/2021,,Yes,ST/SG/SER.E/1123,,in orbit,,Remote sensing satellite,------,,2021
2021-101B,,Yaogan 35-B ,China,11/6/2021,,Yes,ST/SG/SER.E/1123,,in orbit,,Remote sensing satellite,------,,2021
2021-100A,,Sustainable Development Science Satellite-1 (SDGSAT-1) ,China,11/5/2021,,Yes,ST/SG/SER.E/1123,,in orbit,,Earth observation and remote sensing,------,,2021
2021-099A,,Yaogan 32 Group-02 Satellite-A (Yaogan-32 2A) ,China,11/3/2021,,Yes,ST/SG/SER.E/1123,,in orbit,,Remote sensing satellite,------,,2021
2021-099B,,Yaogan 32 Group-02 Satellite-B (Yaogan-32 2B) ,China,11/3/2021,,Yes,ST/SG/SER.E/1123,,in orbit,,Remote sensing satellite,------,,2021
[2021-098A],3574-2021-11,Progress MS-18 ,Russian Federation,10/28/2021,,Yes,ST/SG/SER.E/1028,,[deorbited],[2022-06-01],"Delivery to the International Space Station of fuel, water, oxygen, air, food, scientific equipment and other consumable materials required for the crew, scientific experiments and operation of the Station",------,,2021
2021-097A,,Jilin-1 Gaofen 02F ,China,10/27/2021,,Yes,ST/SG/SER.E/1123,,in orbit,,"The mission of Jilin-01 Gaofen 02F is to obtain high spatial resolution colour static images of Earth observation, and provide remote sensing data services for land and resources monitoring, mineral resources development, smart city construction, forestry resources surveys, ecological environment monitoring, public health emergency response, etc.",------,,2021
2021-096A,,QZS 1R ,Japan,10/26/2021,,Yes,ST/SG/SER.E/1073,,in orbit,,"The QZS 1R navigation satellite will be a part of the Quasi-zenith Satellite System (QZSS), providing satellite positioning, navigation and timing services. The QZS 1R will replace the first satellite (QZS 1) of the QZSS which had already exceeded its design life. After that, the plans are set to add three more satellites to the QZSS in 2024",------,,2021
2021-094A,,Shijian 21 (SJ-21) ,China,10/24/2021,,Yes,ST/SG/SER.E/1123,,in orbit,,Test satellite,------,,2021
2021-095A,,SES 17 ,Luxembourg,10/24/2021,+292.9 degrees East,Yes,ST/SG/SER.E/1139,,in GSO,,"Encrypted and unencrypted transmission of radio, television, multimedia data, very small aperture terminal (VSAT) and broadband services",------,,2021
2021-095B,,SYRACUSE 4A ,France,10/24/2021,+045.5 degrees East (planned),Yes,ST/SG/SER.E/1047,,in GSO,,Telecommunications,------,,2021
2020-029C,,FalconSat 8 ,USA,[2021-10-20],,Yes,ST/SG/SER.E/1031,,in orbit,,Spacecraft engaged in practical applications and uses of space technology such as weather or communications,Day of launch is estimated date of deployment from USA 299 (X-37B) (international designator 2020-029A).,,2021
2021-093A,,Lucy ,USA,10/16/2021,,Yes,ST/SG/SER.E/1031,,heliocentric,,Spacecraft engaged in practical applications and uses of space technology such as weather or communications,------,,2021
2021-092A,,Shenzhou 13 [SZ 13],China,10/15/2021,,Yes,ST/SG/SER.E/1033,A/AC.105/1262,[recovered],[2022-04-16],Crewed spacecraft,Notification by China in A/AC.105/1262 of preventive collision avoidance on 1 July 2021 with Starlink-1095 (international designator 2020-001BK) and 21 October 2021 with Starlink-2305 (international designator 2021-024N). Notification by the United States in ST/SG/SER.E/1265 that the United States Space Command did not estimate a significant probability of collision between the CSS and the referenced US spacecraft.,,2021
[2021-091*],, [TIANSHU 1],[China],[2021-10-14],,No,,,[in orbit],,------,Not registered with the United Nations. International Designator pending assignment.,,2021
2021-091K,,APSCO-Student Small Satellite 2A (SSS-2A) ,China,10/14/2021,,Yes,ST/SG/SER.E/1123,,[decayed],[2024-04-24],On-orbit acquisition of vessel position information. Testing of inter-satellite link communication technology,------,,2021
2021-090AD,49306,OWLID000350 (SL0380) [ONEWEB 0380],United Kingdom,10/14/2021,,Yes,ST/SG/SER.E/1026,ST/SG/SER.E/1028,in orbit,,Communications satellite,State of registry notes that given Basic Orbital Parameters are for the intended final orbit which should be achieved by 28 August 2022. Mentioned by the Russian Federation in ST/SG/SER.E/1028.,Link,2021
2021-090W,49299,OWLID000343 (SL0373) [ONEWEB 0373],United Kingdom,10/14/2021,,Yes,ST/SG/SER.E/1026,ST/SG/SER.E/1028,in orbit,,Communications satellite,State of registry notes that given Basic Orbital Parameters are for the intended final orbit which should be achieved by 28 August 2022. Mentioned by the Russian Federation in ST/SG/SER.E/1028.,Link,2021
2021-090X,49300,OWLID000344 (SL0374) [ONEWEB 0374],United Kingdom,10/14/2021,,Yes,ST/SG/SER.E/1026,ST/SG/SER.E/1028,in orbit,,Communications satellite,State of registry notes that given Basic Orbital Parameters are for the intended final orbit which should be achieved by 28 August 2022. Mentioned by the Russian Federation in ST/SG/SER.E/1028.,Link,2021
2021-090P,49292,OWLID000336 (SL0366) [ONEWEB 0366],United Kingdom,10/14/2021,,Yes,ST/SG/SER.E/1026,ST/SG/SER.E/1028,in orbit,,Communications satellite,State of registry notes that given Basic Orbital Parameters are for the intended final orbit which should be achieved by 28 August 2022. Mentioned by the Russian Federation in ST/SG/SER.E/1028.,Link,2021
2021-090R,49294,OWLID000338 (SL0368) [ONEWEB 0368],United Kingdom,10/14/2021,,Yes,ST/SG/SER.E/1026,ST/SG/SER.E/1028,in orbit,,Communications satellite,State of registry notes that given Basic Orbital Parameters are for the intended final orbit which should be achieved by 28 August 2022. Mentioned by the Russian Federation in ST/SG/SER.E/1028.,Link,2021
2021-090T,49296,OWLID000340 (SL0370) [ONEWEB 0370],United Kingdom,10/14/2021,,Yes,ST/SG/SER.E/1026,ST/SG/SER.E/1028,in orbit,,Communications satellite,State of registry notes that given Basic Orbital Parameters are for the intended final orbit which should be achieved by 28 August 2022. Mentioned by the Russian Federation in ST/SG/SER.E/1028.,Link,2021
2021-090V,49298,OWLID000342 (SL0372) [ONEWEB 0372],United Kingdom,10/14/2021,,Yes,ST/SG/SER.E/1026,ST/SG/SER.E/1028,in orbit,,Communications satellite,State of registry notes that given Basic Orbital Parameters are for the intended final orbit which should be achieved by 28 August 2022. Mentioned by the Russian Federation in ST/SG/SER.E/1028.,Link,2021
2021-090Y,49301,OWLID000345 (SL0375) [ONEWEB 0375],United Kingdom,10/14/2021,,Yes,ST/SG/SER.E/1026,ST/SG/SER.E/1028,in orbit,,Communications satellite,State of registry notes that given Basic Orbital Parameters are for the intended final orbit which should be achieved by 28 August 2022. Mentioned by the Russian Federation in ST/SG/SER.E/1028.,Link,2021
2021-090Z,49302,OWLID000346 (SL0376) [ONEWEB 0376],United Kingdom,10/14/2021,,Yes,ST/SG/SER.E/1026,ST/SG/SER.E/1028,in orbit,,Communications satellite,State of registry notes that given Basic Orbital Parameters are for the intended final orbit which should be achieved by 28 August 2022. Mentioned by the Russian Federation in ST/SG/SER.E/1028.,Link,2021
2021-090Q,49293,OWLID000337 (SL0367) [ONEWEB 0367],United Kingdom,10/14/2021,,Yes,ST/SG/SER.E/1026,ST/SG/SER.E/1028,in orbit,,Communications satellite,State of registry notes that given Basic Orbital Parameters are for the intended final orbit which should be achieved by 28 August 2022. Mentioned by the Russian Federation in ST/SG/SER.E/1028.,Link,2021
2021-090B,49280,OWLID000324 (SL0347) [ONEWEB 0347],United Kingdom,10/14/2021,,Yes,ST/SG/SER.E/1026,ST/SG/SER.E/1028,in orbit,,Communications satellite,State of registry notes that given Basic Orbital Parameters are for the intended final orbit which should be achieved by 28 August 2022. Mentioned by the Russian Federation in ST/SG/SER.E/1028.,Link,2021
2021-090A,49279,OWLID000323 (SL0332) [ONEWEB 0332],United Kingdom,10/14/2021,,Yes,ST/SG/SER.E/1026,ST/SG/SER.E/1028,in orbit,,Communications satellite,State of registry notes that given Basic Orbital Parameters are for the intended final orbit which should be achieved by 28 August 2022. Mentioned by the Russian Federation in ST/SG/SER.E/1028.,Link,2021
2021-090H,49286,OWLID000330 (SL0360) [ONEWEB 0360],United Kingdom,10/14/2021,,Yes,ST/SG/SER.E/1026,ST/SG/SER.E/1028,in orbit,,Communications satellite,State of registry notes that given Basic Orbital Parameters are for the intended final orbit which should be achieved by 28 August 2022. Mentioned by the Russian Federation in ST/SG/SER.E/1028.,Link,2021
2021-090J,49287,OWLID000331 (SL0361) [ONEWEB 0361],United Kingdom,10/14/2021,,Yes,ST/SG/SER.E/1026,ST/SG/SER.E/1028,in orbit,,Communications satellite,State of registry notes that given Basic Orbital Parameters are for the intended final orbit which should be achieved by 28 August 2022. Mentioned by the Russian Federation in ST/SG/SER.E/1028.,Link,2021
2021-090L,49289,OWLID000333 (SL0363) [ONEWEB 0363],United Kingdom,10/14/2021,,Yes,ST/SG/SER.E/1026,ST/SG/SER.E/1028,in orbit,,Communications satellite,State of registry notes that given Basic Orbital Parameters are for the intended final orbit which should be achieved by 28 August 2022. Mentioned by the Russian Federation in ST/SG/SER.E/1028.,Link,2021
2021-090G,49285,OWLID000329 (SL0359) [ONEWEB 0359],United Kingdom,10/14/2021,,Yes,ST/SG/SER.E/1026,ST/SG/SER.E/1028,in orbit,,Communications satellite,State of registry notes that given Basic Orbital Parameters are for the intended final orbit which should be achieved by 28 August 2022. Mentioned by the Russian Federation in ST/SG/SER.E/1028.,Link,2021
2021-090K,49288,OWLID000332 (SL0362) [ONEWEB 0362],United Kingdom,10/14/2021,,Yes,ST/SG/SER.E/1026,ST/SG/SER.E/1028,in orbit,,Communications satellite,State of registry notes that given Basic Orbital Parameters are for the intended final orbit which should be achieved by 28 August 2022. Mentioned by the Russian Federation in ST/SG/SER.E/1028.,Link,2021
2021-090D,49282,OWLID000326 (SL0353) [ONEWEB 0353],United Kingdom,10/14/2021,,Yes,ST/SG/SER.E/1026,ST/SG/SER.E/1028,in orbit,,Communications satellite,State of registry notes that given Basic Orbital Parameters are for the intended final orbit which should be achieved by 28 August 2022. Mentioned by the Russian Federation in ST/SG/SER.E/1028.,Link,2021
2021-090E,49283,OWLID000327 (SL0356) [ONEWEB 0356],United Kingdom,10/14/2021,,Yes,ST/SG/SER.E/1026,ST/SG/SER.E/1028,in orbit,,Communications satellite,State of registry notes that given Basic Orbital Parameters are for the intended final orbit which should be achieved by 28 August 2022. Mentioned by the Russian Federation in ST/SG/SER.E/1028.,Link,2021
2021-090F,49284,OWLID000328 (SL0358) [ONEWEB 0358],United Kingdom,10/14/2021,,Yes,ST/SG/SER.E/1026,ST/SG/SER.E/1028,in orbit,,Communications satellite,State of registry notes that given Basic Orbital Parameters are for the intended final orbit which should be achieved by 28 August 2022. Mentioned by the Russian Federation in ST/SG/SER.E/1028.,Link,2021
2021-090C,,OWLID000325 (SL0349) [ONEWEB 0349],United Kingdom,10/14/2021,,Yes,ST/SG/SER.E/1026,ST/SG/SER.E/1028,in orbit,,Communications satellite,State of registry notes that given Basic Orbital Parameters are for the intended final orbit which should be achieved by 28 August 2022. Mentioned by the Russian Federation in ST/SG/SER.E/1028.,Link,2021
2021-090N,49291,OWLID000335 (SL0365) [ONEWEB 0365],United Kingdom,10/14/2021,,Yes,ST/SG/SER.E/1026,ST/SG/SER.E/1028,in orbit,,Communications satellite,State of registry notes that given Basic Orbital Parameters are for the intended final orbit which should be achieved by 28 August 2022. Mentioned by the Russian Federation in ST/SG/SER.E/1028.,Link,2021
2021-090S,49295,OWLID000339 (SL0369) [ONEWEB 0369],United Kingdom,10/14/2021,,Yes,ST/SG/SER.E/1026,ST/SG/SER.E/1028,in orbit,,Communications satellite,State of registry notes that given Basic Orbital Parameters are for the intended final orbit which should be achieved by 28 August 2022. Mentioned by the Russian Federation in ST/SG/SER.E/1028.,Link,2021
2021-090U,49297,OWLID000341 (SL0371) [ONEWEB 0371],United Kingdom,10/14/2021,,Yes,ST/SG/SER.E/1026,ST/SG/SER.E/1028,in orbit,,Communications satellite,State of registry notes that given Basic Orbital Parameters are for the intended final orbit which should be achieved by 28 August 2022. Mentioned by the Russian Federation in ST/SG/SER.E/1028.,Link,2021
2021-090M,49290,OWLID000334 (SL0364) [ONEWEB 0364],United Kingdom,10/14/2021,,Yes,ST/SG/SER.E/1026,ST/SG/SER.E/1028,in orbit,,Communications satellite,State of registry notes that given Basic Orbital Parameters are for the intended final orbit which should be achieved by 28 August 2022. Mentioned by the Russian Federation in ST/SG/SER.E/1028.,Link,2021
2021-090AF,49308,OWLID000352 (SL0382) [ONEWEB 0382],United Kingdom,10/14/2021,,Yes,ST/SG/SER.E/1026,ST/SG/SER.E/1028,in orbit,,Communications satellite,State of registry notes that given Basic Orbital Parameters are for the intended final orbit which should be achieved by 28 August 2022. Mentioned by the Russian Federation in ST/SG/SER.E/1028.,Link,2021
2021-090AG,49309,OWLID000353 (SL0383) [ONEWEB 0383],United Kingdom,10/14/2021,,Yes,ST/SG/SER.E/1026,ST/SG/SER.E/1028,in orbit,,Communications satellite,State of registry notes that given Basic Orbital Parameters are for the intended final orbit which should be achieved by 28 August 2022. Mentioned by the Russian Federation in ST/SG/SER.E/1028.,Link,2021
2021-090AB,49304,OWLID000348 (SL0378) [ONEWEB 0378],United Kingdom,10/14/2021,,Yes,ST/SG/SER.E/1026,ST/SG/SER.E/1028,in orbit,,Communications satellite,State of registry notes that given Basic Orbital Parameters are for the intended final orbit which should be achieved by 28 August 2022. Mentioned by the Russian Federation in ST/SG/SER.E/1028.,Link,2021
2021-090AH,49310,OWLID000354 (SL0384) [ONEWEB 0384],United Kingdom,10/14/2021,,Yes,ST/SG/SER.E/1026,ST/SG/SER.E/1028,in orbit,,Communications satellite,State of registry notes that given Basic Orbital Parameters are for the intended final orbit which should be achieved by 28 August 2022. Mentioned by the Russian Federation in ST/SG/SER.E/1028.,Link,2021
2021-090AJ,49311,OWLID000355 (SL0385) [ONEWEB 0385],United Kingdom,10/14/2021,,Yes,ST/SG/SER.E/1026,ST/SG/SER.E/1028,in orbit,,Communications satellite,State of registry notes that given Basic Orbital Parameters are for the intended final orbit which should be achieved by 28 August 2022. Mentioned by the Russian Federation in ST/SG/SER.E/1028.,Link,2021
2021-090AL,49313,OWLID000357 (SL0387) [ONEWEB 0387],United Kingdom,10/14/2021,,Yes,ST/SG/SER.E/1026,ST/SG/SER.E/1028,in orbit,,Communications satellite,State of registry notes that given Basic Orbital Parameters are for the intended final orbit which should be achieved by 28 August 2022. Mentioned by the Russian Federation in ST/SG/SER.E/1028.,Link,2021
2021-090AA,49303,OWLID000347 (SL0377) [ONEWEB 0377],United Kingdom,10/14/2021,,Yes,ST/SG/SER.E/1026,ST/SG/SER.E/1028,in orbit,,Communications satellite,State of registry notes that given Basic Orbital Parameters are for the intended final orbit which should be achieved by 28 August 2022. Mentioned by the Russian Federation in ST/SG/SER.E/1028.,Link,2021
2021-090AK,49312,OWLID000356 (SL0386) [ONEWEB 0386],United Kingdom,10/14/2021,,Yes,ST/SG/SER.E/1026,ST/SG/SER.E/1028,in orbit,,Communications satellite,State of registry notes that given Basic Orbital Parameters are for the intended final orbit which should be achieved by 28 August 2022. Mentioned by the Russian Federation in ST/SG/SER.E/1028.,Link,2021
2021-090AM,49314,OWLID000358 (SL0388) [ONEWEB 0388],United Kingdom,10/14/2021,,Yes,ST/SG/SER.E/1026,ST/SG/SER.E/1028,in orbit,,Communications satellite,State of registry notes that given Basic Orbital Parameters are for the intended final orbit which should be achieved by 28 August 2022. Mentioned by the Russian Federation in ST/SG/SER.E/1028.,Link,2021
2021-090AE,49307,OWLID000351 (SL0381) [ONEWEB 0381],United Kingdom,10/14/2021,,Yes,ST/SG/SER.E/1026,ST/SG/SER.E/1028,in orbit,,Communications satellite,State of registry notes that given Basic Orbital Parameters are for the intended final orbit which should be achieved by 28 August 2022. Mentioned by the Russian Federation in ST/SG/SER.E/1028.,Link,2021
1998-067SX,, [SPACE HAUC],[(for USA)],[2021-10-12],,Yes,ST/SG/SER.E/1071,ST/SG/SER.E/1071,decayed,4/22/2022,Spacecraft engaged in practical applications and uses of space technology such as weather or communications,Date of launch is date of deployment from the ISS.,,2021
1998-067SV,,CAPSat ,USA,[2021-10-12],,Yes,ST/SG/SER.E/1031,ST/SG/SER.E/1082,decayed,9/18/2022,Spacecraft engaged in practical applications and uses of space technology such as weather or communications,Date of launch is date of deployment from the ISS.,,2021
[1998-067SW],, [PR CUNAR2],[(for USA)],[2021-10-12],,No,,,[decayed],[2022-08-30],------,Not registered with the United Nations. Date of launch is date of deployment from the ISS.,,2021
1998-067SR,Apr-21,Binar 1 ,Australia,10/6/2021,,Yes,ST/SG/SER.E/1119,ST/SG/SER.E/1119,decayed,9/30/2022,Technical demonstrator of university designed and built hardware and software,Date of launch is date of deployment from the ISS. Date of launch of carrier vehicle also provided by State of registry in ST/SG/SER.E/1119.,,2021
1998-067SU,Jun-21,Cuava 1 ,Australia,10/6/2021,,Yes,ST/SG/SER.E/1119,,decayed,9/2/2022,"Scientific research, technology demonstration, linking with the international radio amateur community, national capacity building",Date of launch is date of deployment from the ISS. Date of launch of carrier vehicle also provided by State of registry in ST/SG/SER.E/1119.,,2021
1998-067SS,,Maya 3 ,Philippines,10/6/2021,,Yes,A/AC.105/INF/451,ST/SG/SER.E/1206,[decayed],8/4/2022,1. Demonstration of ground data acquisition using store-and-forward technology (S & F mission). 2. Commercial off-the-shelf Automatic Packet Reporting System (APRS) digital repeater payload demonstration on a CubeSat (APRS-DP mission). 3. Image and video capture (RGB CAM mission). 4. Global Positioning System (GPS) chip demonstration (GPS mission). 5. Detection of and protection from single-event latch-up due to space radiation (SEL mission). 6. Magnetic field measurement in space using an anisotropic magnetoresistance sensor (AMR-MM mission).,Date of launch is date of deployment from the ISS.,Link,2021
1998-067ST,,Maya 4 ,Philippines,10/6/2021,,Yes,A/AC.105/INF/451,ST/SG/SER.E/1206,[decayed],8/8/2022,1. Demonstration of ground data acquisition using store-and-forward technology (S & F mission). 2. Commercial off-the-shelf Automatic Packet Reporting System (APRS) digital repeater payload demonstration on a CubeSat (APRS-DP mission). 3. Image and video capture (RGB CAM mission). 4. Demonstration of a near-infrared camera (NIR CAM mission). 5. GPS chip demonstration (GPS mission). 6. Detection of and protection from single-event latch-up due to space radiation (SEL mission). 7. Magnetic field measurement in space using an anisotropic magnetoresistance sensor (AMR-MM mission).,Date of launch is date of deployment from the ISS.,Link,2021
[2021-089A],3573-2021-10,Soyuz MS-19 ,Russian Federation,10/5/2021,,Yes,ST/SG/SER.E/1028,,[recovered],[2022-03-30],"Delivery to the International Space Station of the crew of Expedition 66, consisting of Anton Nikolaevich Shkaplerov (Russian Federation), commander of the piloted transport vehicle, and space flight participants Yulia Sergeevna Peresild (Russian Federation) and Klim Alekseevich Shipenko (Russian Federation)",------,,2021
2021-088B,,CS1 ,USA,9/27/2021,,Yes,ST/SG/SER.E/1050,,in orbit,,Spacecraft engaged in practical applications and uses of space technology such as weather or communications,------,,2021
2021-088C,,CS2 ,USA,9/27/2021,,Yes,ST/SG/SER.E/1050,,in orbit,,Spacecraft engaged in practical applications and uses of space technology such as weather or communications,------,,2021
2021-087A,,Shiyan 10 [(SY 10)],China,9/27/2021,,Yes,ST/SG/SER.E/1123,,in GSO,,Test satellite,------,,2021
2021-086A,,Jilin-1 Gaofen 02D ,China,9/27/2021,,Yes,ST/SG/SER.E/1123,,in orbit,,"The mission of Jilin-01 Gaofen 2D is to obtain high spatial resolution colour static images of Earth observation, and provide remote sensing data services for land and resources monitoring, mineral resources development, smart city construction, forestry resources surveys, ecological environment monitoring, public health emergency response, etc.",------,,2021
2021-088D,,CUTE LASP ,USA,9/27/2021,,Yes,ST/SG/SER.E/1031,,in orbit,,Spacecraft engaged in practical applications and uses of space technology such as weather or communications,-----,,2021
2021-088A,,Landsat 9 ,USA,9/27/2021,,Yes,ST/SG/SER.E/1031,,in orbit,,Spacecraft engaged in practical applications and uses of space technology such as weather or communications,------,,2021
2021-088E,,CuPID ,USA,9/27/2021,,Yes,ST/SG/SER.E/1031,,in orbit,,Spacecraft engaged in practical applications and uses of space technology such as weather or communications,------,,2021
2021-085A,,Tianzhou 3 ,China,9/20/2021,,Yes,ST/SG/SER.E/1033,A/AC.105/1262,[deorbited],[2022-07-27],Cargo spacecraft,Notification by China in A/AC.105/1262 of preventive collision avoidance on 1 July 2021 with Starlink-1095 (international designator 2020-001BK) and 21 October 2021 with Starlink-2305 (international designator 2021-024N). Notification by China in A/AC.105/1262 of preventive collision avoidance on 1 July 2021 with Starlink-1095 (international designator 2020-001BK) and 21 October 2021 with Starlink-2305 (international designator 2021-024N). Notification by the United States in ST/SG/SER.E/1265 that the United States Space Command did not estimate a significant probability of collision between the CSS and the referenced US spacecraft.,,2021
2021-084A,,Inspiration 4 [(CREW DRAGON RESILIENCE)],USA,9/16/2021,,Yes,ST/SG/SER.E/1031,ST/SG/SER.E/1031,[recovered],9/18/2021,Reusable space transportation systems,------,,2021
2021-082L,,Starlink 3118 ,USA,9/14/2021,,Yes,ST/SG/SER.E/1031,,[deorbited],[2024-10-07],Spacecraft engaged in practical applications and uses of space technology such as weather or communications,------,,2021
2021-083W,49206,OWLID000309 (SL0340) [ONEWEB 0340],United Kingdom,9/14/2021,,Yes,ST/SG/SER.E/1020,ST/SG/SER.E/1025,in orbit,,Communications satellite,State of registry notes that given Basic Orbital Parameters are for the intended final orbit which should be achieved by 22 July 2022. Mentioned by the Russian Federation in ST/SG/SER.E/1025.,Link,2021
2021-083AH,49217,OWLID000320 (SL0354) [ONEWEB 0354],United Kingdom,9/14/2021,,Yes,ST/SG/SER.E/1020,,in orbit,,Communications satellite,State of registry notes that given Basic Orbital Parameters are for the intended final orbit which should be achieved by 22 July 2022. Mentioned by the Russian Federation in ST/SG/SER.E/1025.,Link,2021
2021-083AJ,49218,OWLID000321 (SL0355) [ONEWEB 0355],United Kingdom,9/14/2021,,Yes,ST/SG/SER.E/1020,,in orbit,,Communications satellite,State of registry notes that given Basic Orbital Parameters are for the intended final orbit which should be achieved by 22 July 2022. Mentioned by the Russian Federation in ST/SG/SER.E/1025.,Link,2021
2021-083F,49191,OWLID000294 (SL0321) [ONEWEB 0321],United Kingdom,9/14/2021,,Yes,ST/SG/SER.E/1020,ST/SG/SER.E/1025,in orbit,,Communications satellite,State of registry notes that given Basic Orbital Parameters are for the intended final orbit which should be achieved by 22 July 2022. Mentioned by the Russian Federation in ST/SG/SER.E/1025.,Link,2021
2021-083E,49190,OWLID000293 (SL0320) [ONEWEB 0320],United Kingdom,9/14/2021,,Yes,ST/SG/SER.E/1020,ST/SG/SER.E/1025,in orbit,,Communications satellite,State of registry notes that given Basic Orbital Parameters are for the intended final orbit which should be achieved by 22 July 2022. Mentioned by the Russian Federation in ST/SG/SER.E/1025.,Link,2021
2021-083L,49196,OWLID000299 (SL0327) [ONEWEB 0327],United Kingdom,9/14/2021,,Yes,ST/SG/SER.E/1020,ST/SG/SER.E/1025,in orbit,,Communications satellite,State of registry notes that given Basic Orbital Parameters are for the intended final orbit which should be achieved by 22 July 2022. Mentioned by the Russian Federation in ST/SG/SER.E/1025.,Link,2021
2021-083C,49188,OWLID000291 (SL0306) [ONEWEB 0306],United Kingdom,9/14/2021,,Yes,ST/SG/SER.E/1020,ST/SG/SER.E/1025,in orbit,,Communications satellite,State of registry notes that given Basic Orbital Parameters are for the intended final orbit which should be achieved by 22 July 2022. Mentioned by the Russian Federation in ST/SG/SER.E/1025.,Link,2021
2021-083G,49192,OWLID000295 (SL0322) [ONEWEB 0322],United Kingdom,9/14/2021,,Yes,ST/SG/SER.E/1020,ST/SG/SER.E/1025,in orbit,,Communications satellite,State of registry notes that given Basic Orbital Parameters are for the intended final orbit which should be achieved by 22 July 2022. Mentioned by the Russian Federation in ST/SG/SER.E/1025.,Link,2021
2021-083K,49195,OWLID000298 (SL0326) [ONEWEB 0326],United Kingdom,9/14/2021,,Yes,ST/SG/SER.E/1020,ST/SG/SER.E/1025,in orbit,,Communications satellite,State of registry notes that given Basic Orbital Parameters are for the intended final orbit which should be achieved by 22 July 2022. Mentioned by the Russian Federation in ST/SG/SER.E/1025.,Link,2021
2021-083J,49194,OWLID000297 (SL0325) [ONEWEB 0325],United Kingdom,9/14/2021,,Yes,ST/SG/SER.E/1020,ST/SG/SER.E/1025,in orbit,,Communications satellite,State of registry notes that given Basic Orbital Parameters are for the intended final orbit which should be achieved by 22 July 2022. Mentioned by the Russian Federation in ST/SG/SER.E/1025.,Link,2021
2021-083H,49193,OWLID000296 (SL0324) [ONEWEB 0324],United Kingdom,9/14/2021,,Yes,ST/SG/SER.E/1020,ST/SG/SER.E/1025,in orbit,,Communications satellite,State of registry notes that given Basic Orbital Parameters are for the intended final orbit which should be achieved by 22 July 2022. Mentioned by the Russian Federation in ST/SG/SER.E/1025.,Link,2021
2021-083D,49189,OWLID000292 (SL0307) [ONEWEB 0307],United Kingdom,9/14/2021,,Yes,ST/SG/SER.E/1020,ST/SG/SER.E/1025,in orbit,,Communications satellite,State of registry notes that given Basic Orbital Parameters are for the intended final orbit which should be achieved by 22 July 2022. Mentioned by the Russian Federation in ST/SG/SER.E/1025.,Link,2021
2021-083A,49186,OWLID000289 (SL0292) [ONEWEB 0292],United Kingdom,9/14/2021,,Yes,ST/SG/SER.E/1020,ST/SG/SER.E/1025,in orbit,,Communications satellite,State of registry notes that given Basic Orbital Parameters are for the intended final orbit which should be achieved by 22 July 2022. Mentioned by the Russian Federation in ST/SG/SER.E/1025.,Link,2021
2021-083P,49199,OWLID000302 (SL0333) [ONEWEB 0333],United Kingdom,9/14/2021,,Yes,ST/SG/SER.E/1020,ST/SG/SER.E/1025,in orbit,,Communications satellite,State of registry notes that given Basic Orbital Parameters are for the intended final orbit which should be achieved by 22 July 2022. Mentioned by the Russian Federation in ST/SG/SER.E/1025.,Link,2021
2021-083Q,49200,OWLID000303 (SL0334) [ONEWEB 0334],United Kingdom,9/14/2021,,Yes,ST/SG/SER.E/1020,ST/SG/SER.E/1025,in orbit,,Communications satellite,State of registry notes that given Basic Orbital Parameters are for the intended final orbit which should be achieved by 22 July 2022. Mentioned by the Russian Federation in ST/SG/SER.E/1025.,Link,2021
2021-083R,49201,OWLID000304 (SL0335) [ONEWEB 0335],United Kingdom,9/14/2021,,Yes,ST/SG/SER.E/1020,ST/SG/SER.E/1025,in orbit,,Communications satellite,State of registry notes that given Basic Orbital Parameters are for the intended final orbit which should be achieved by 22 July 2022. Mentioned by the Russian Federation in ST/SG/SER.E/1025.,Link,2021
2021-083V,49205,OWLID000308 (SL0339) [ONEWEB 0339],United Kingdom,9/14/2021,,Yes,ST/SG/SER.E/1020,ST/SG/SER.E/1025,in orbit,,Communications satellite,State of registry notes that given Basic Orbital Parameters are for the intended final orbit which should be achieved by 22 July 2022. Mentioned by the Russian Federation in ST/SG/SER.E/1025.,Link,2021
2021-083N,49198,OWLID000301 (SL0331) [ONEWEB 0331],United Kingdom,9/14/2021,,Yes,ST/SG/SER.E/1020,ST/SG/SER.E/1025,in orbit,,Communications satellite,State of registry notes that given Basic Orbital Parameters are for the intended final orbit which should be achieved by 22 July 2022. Mentioned by the Russian Federation in ST/SG/SER.E/1025.,Link,2021
2021-083M,49197,OWLID000300 (SL0328) [ONEWEB 0328],United Kingdom,9/14/2021,,Yes,ST/SG/SER.E/1020,ST/SG/SER.E/1025,in orbit,,Communications satellite,State of registry notes that given Basic Orbital Parameters are for the intended final orbit which should be achieved by 22 July 2022. Mentioned by the Russian Federation in ST/SG/SER.E/1025.,Link,2021
2021-083T,49203,OWLID000305 (SL0336) [ONEWEB 0337],United Kingdom,9/14/2021,,Yes,ST/SG/SER.E/1020,ST/SG/SER.E/1025,in orbit,,Communications satellite,State of registry notes that given Basic Orbital Parameters are for the intended final orbit which should be achieved by 22 July 2022. Mentioned by the Russian Federation in ST/SG/SER.E/1025.,Link,2021
2021-083S,49202,OWLID000305 (SL0336) [ONEWEB 0336],United Kingdom,9/14/2021,,Yes,ST/SG/SER.E/1020,ST/SG/SER.E/1025,in orbit,,Communications satellite,State of registry notes that given Basic Orbital Parameters are for the intended final orbit which should be achieved by 22 July 2022. Mentioned by the Russian Federation in ST/SG/SER.E/1025.,Link,2021
2021-083B,49187,OWLID000290 (SL0303) [ONEWEB 0303],United Kingdom,9/14/2021,,Yes,ST/SG/SER.E/1020,ST/SG/SER.E/1025,in orbit,,Communications satellite,State of registry notes that given Basic Orbital Parameters are for the intended final orbit which should be achieved by 22 July 2022. Mentioned by the Russian Federation in ST/SG/SER.E/1025.,Link,2021
2021-083X,49207,OWLID000310 (SL0341) [ONEWEB 0341],United Kingdom,9/14/2021,,Yes,ST/SG/SER.E/1020,,in orbit,,Communications satellite,State of registry notes that given Basic Orbital Parameters are for the intended final orbit which should be achieved by 22 July 2022. Mentioned by the Russian Federation in ST/SG/SER.E/1025.,Link,2021
2021-083U,49204,OWLID000307 (SL0338) [ONEWEB 0338],United Kingdom,9/14/2021,,Yes,ST/SG/SER.E/1020,ST/SG/SER.E/1025,in orbit,,Communications satellite,State of registry notes that given Basic Orbital Parameters are for the intended final orbit which should be achieved by 22 July 2022. Mentioned by the Russian Federation in ST/SG/SER.E/1025.,Link,2021
2021-083AD,49213,OWLID000316 (SL0348) [ONEWEB 0348],United Kingdom,9/14/2021,,Yes,ST/SG/SER.E/1020,,in orbit,,Communications satellite,State of registry notes that given Basic Orbital Parameters are for the intended final orbit which should be achieved by 22 July 2022. Mentioned by the Russian Federation in ST/SG/SER.E/1025.,Link,2021
2021-083AA,49210,OWLID000313 (SL0344) [ONEWEB 0344],United Kingdom,9/14/2021,,Yes,ST/SG/SER.E/1020,,in orbit,,Communications satellite,State of registry notes that given Basic Orbital Parameters are for the intended final orbit which should be achieved by 22 July 2022. Mentioned by the Russian Federation in ST/SG/SER.E/1025.,Link,2021
2021-083AC,49212,OWLID000315 (SL0346) [ONEWEB 0346],United Kingdom,9/14/2021,,Yes,ST/SG/SER.E/1020,,in orbit,,Communications satellite,State of registry notes that given Basic Orbital Parameters are for the intended final orbit which should be achieved by 22 July 2022. Mentioned by the Russian Federation in ST/SG/SER.E/1025.,Link,2021
2021-083AB,49211,OWLID000314 (SL0345) [ONEWEB 0345],United Kingdom,9/14/2021,,Yes,ST/SG/SER.E/1020,,in orbit,,Communications satellite,State of registry notes that given Basic Orbital Parameters are for the intended final orbit which should be achieved by 22 July 2022. Mentioned by the Russian Federation in ST/SG/SER.E/1025.,Link,2021
2021-083AE,49214,OWLID000317 (SL0350) [ONEWEB 0350],United Kingdom,9/14/2021,,Yes,ST/SG/SER.E/1020,,in orbit,,Communications satellite,State of registry notes that given Basic Orbital Parameters are for the intended final orbit which should be achieved by 22 July 2022. Mentioned by the Russian Federation in ST/SG/SER.E/1025.,Link,2021
2021-083AF,49215,OWLID000318 (SL0351) [ONEWEB 0351],United Kingdom,9/14/2021,,Yes,ST/SG/SER.E/1020,,in orbit,,Communications satellite,State of registry notes that given Basic Orbital Parameters are for the intended final orbit which should be achieved by 22 July 2022. Mentioned by the Russian Federation in ST/SG/SER.E/1025.,Link,2021
2021-083AG,49216,OWLID000319 (SL0352) [ONEWEB 0352],United Kingdom,9/14/2021,,Yes,ST/SG/SER.E/1020,,in orbit,,Communications satellite,State of registry notes that given Basic Orbital Parameters are for the intended final orbit which should be achieved by 22 July 2022. Mentioned by the Russian Federation in ST/SG/SER.E/1025.,Link,2021
2021-083Z,49209,OWLID000312 (SL0343) [ONEWEB 0343],United Kingdom,9/14/2021,,Yes,ST/SG/SER.E/1020,,in orbit,,Communications satellite,State of registry notes that given Basic Orbital Parameters are for the intended final orbit which should be achieved by 22 July 2022. Mentioned by the Russian Federation in ST/SG/SER.E/1025.,Link,2021
2021-083Y,49208,OWLID000311 (SL0342) [ONEWEB 0342],United Kingdom,9/14/2021,,Yes,ST/SG/SER.E/1020,,in orbit,,Communications satellite,State of registry notes that given Basic Orbital Parameters are for the intended final orbit which should be achieved by 22 July 2022. Mentioned by the Russian Federation in ST/SG/SER.E/1025.,Link,2021
2021-082B,,Starlink 3096 ,USA,9/14/2021,,Yes,ST/SG/SER.E/1031,,in orbit,,Spacecraft engaged in practical applications and uses of space technology such as weather or communications,------,,2021
2021-082C,,Starlink 3090 ,USA,9/14/2021,,Yes,ST/SG/SER.E/1031,,in orbit,,Spacecraft engaged in practical applications and uses of space technology such as weather or communications,------,,2021
2021-082E,,Starlink 3078 ,USA,9/14/2021,,Yes,ST/SG/SER.E/1031,,in orbit,,Spacecraft engaged in practical applications and uses of space technology such as weather or communications,------,,2021
2021-082H,,Starlink 3055 ,USA,9/14/2021,,Yes,ST/SG/SER.E/1031,,in orbit,,Spacecraft engaged in practical applications and uses of space technology such as weather or communications,------,,2021
2021-082G,,Starlink 3084 ,USA,9/14/2021,,Yes,ST/SG/SER.E/1031,,in orbit,,Spacecraft engaged in practical applications and uses of space technology such as weather or communications,------,,2021
2021-082F,,Starlink-3073 ,USA,9/14/2021,,Yes,ST/SG/SER.E/1031,,in orbit,,Spacecraft engaged in practical applications and uses of space technology such as weather or communications,------,,2021
2021-082D,,Starlink 3077 ,USA,9/14/2021,,Yes,ST/SG/SER.E/1031,,in orbit,,Spacecraft engaged in practical applications and uses of space technology such as weather or communications,------,,2021
2021-082M,,Starlink 3093 ,USA,9/14/2021,,Yes,ST/SG/SER.E/1031,,in orbit,,Spacecraft engaged in practical applications and uses of space technology such as weather or communications,------,,2021
2021-082J,,Starlink 3058 ,USA,9/14/2021,,Yes,ST/SG/SER.E/1031,,in orbit,,Spacecraft engaged in practical applications and uses of space technology such as weather or communications,------,,2021
2021-082Q,,Starlink 3100 ,USA,9/14/2021,,Yes,ST/SG/SER.E/1031,,in orbit,,Spacecraft engaged in practical applications and uses of space technology such as weather or communications,------,,2021
2021-082R,,Starlink 3119 ,USA,9/14/2021,,Yes,ST/SG/SER.E/1031,,in orbit,,Spacecraft engaged in practical applications and uses of space technology such as weather or communications,------,,2021
2021-082K,,Starlink 3057 ,USA,9/14/2021,,Yes,ST/SG/SER.E/1031,,in orbit,,Spacecraft engaged in practical applications and uses of space technology such as weather or communications,------,,2021
2021-082P,,Starlink 3109 ,USA,9/14/2021,,Yes,ST/SG/SER.E/1031,,in orbit,,Spacecraft engaged in practical applications and uses of space technology such as weather or communications,------,,2021
2021-082S,,Starlink 3116 ,USA,9/14/2021,,Yes,ST/SG/SER.E/1031,,in orbit,,Spacecraft engaged in practical applications and uses of space technology such as weather or communications,------,,2021
2021-082AA,,Starlink 3068 ,USA,9/14/2021,,Yes,ST/SG/SER.E/1031,,in orbit,,Spacecraft engaged in practical applications and uses of space technology such as weather or communications,------,,2021
2021-082X,,Starlink 3102 ,USA,9/14/2021,,Yes,ST/SG/SER.E/1031,,in orbit,,Spacecraft engaged in practical applications and uses of space technology such as weather or communications,------,,2021
2021-082Z,,Starlink 3072 ,USA,9/14/2021,,Yes,ST/SG/SER.E/1031,,in orbit,,Spacecraft engaged in practical applications and uses of space technology such as weather or communications,------,,2021
2021-082T,,Starlink 3071 ,USA,9/14/2021,,Yes,ST/SG/SER.E/1031,,in orbit,,Spacecraft engaged in practical applications and uses of space technology such as weather or communications,------,,2021
2021-082AB,,Starlink 3060 ,USA,9/14/2021,,Yes,ST/SG/SER.E/1031,,in orbit,,Spacecraft engaged in practical applications and uses of space technology such as weather or communications,------,,2021
2021-082AE,,Starlink 3083 ,USA,9/14/2021,,Yes,ST/SG/SER.E/1031,,in orbit,,Spacecraft engaged in practical applications and uses of space technology such as weather or communications,------,,2021
2021-082AF,,Starlink 3056 ,USA,9/14/2021,,Yes,ST/SG/SER.E/1031,,in orbit,,Spacecraft engaged in practical applications and uses of space technology such as weather or communications,------,,2021
2021-082AC,,Starlink 3085 ,USA,9/14/2021,,Yes,ST/SG/SER.E/1031,,in orbit,,Spacecraft engaged in practical applications and uses of space technology such as weather or communications,------,,2021
2021-082AD,,Starlink 3051 ,USA,9/14/2021,,Yes,ST/SG/SER.E/1031,,in orbit,,Spacecraft engaged in practical applications and uses of space technology such as weather or communications,------,,2021
2021-082AG,,Starlink 3095 ,USA,9/14/2021,,Yes,ST/SG/SER.E/1031,,in orbit,,Spacecraft engaged in practical applications and uses of space technology such as weather or communications,------,,2021
2021-082AH,,Starlink 3080 ,USA,9/14/2021,,Yes,ST/SG/SER.E/1031,,in orbit,,Spacecraft engaged in practical applications and uses of space technology such as weather or communications,------,,2021
2021-082AZ,,Starlink 3103 ,USA,9/14/2021,,Yes,ST/SG/SER.E/1031,,in orbit,,Spacecraft engaged in practical applications and uses of space technology such as weather or communications,------,,2021
2021-082AK,,Starlink 3088 ,USA,9/14/2021,,Yes,ST/SG/SER.E/1031,,in orbit,,Spacecraft engaged in practical applications and uses of space technology such as weather or communications,------,,2021
2021-082AV,,Starlink 3045 ,USA,9/14/2021,,Yes,ST/SG/SER.E/1031,,in orbit,,Spacecraft engaged in practical applications and uses of space technology such as weather or communications,------,,2021
2021-082BB,,Starlink 3043 ,USA,9/14/2021,,Yes,ST/SG/SER.E/1031,,in orbit,,Spacecraft engaged in practical applications and uses of space technology such as weather or communications,------,,2021
2021-082AX,,Starlink 3087 ,USA,9/14/2021,,Yes,ST/SG/SER.E/1031,,in orbit,,Spacecraft engaged in practical applications and uses of space technology such as weather or communications,------,,2021
2021-082AW,,Starlink 3047 ,USA,9/14/2021,,Yes,ST/SG/SER.E/1031,,in orbit,,Spacecraft engaged in practical applications and uses of space technology such as weather or communications,------,,2021
2021-082BA,,Starlink 3086 ,USA,9/14/2021,,Yes,ST/SG/SER.E/1031,,in orbit,,Spacecraft engaged in practical applications and uses of space technology such as weather or communications,------,,2021
2021-082AY,,Starlink 3069 ,USA,9/14/2021,,Yes,ST/SG/SER.E/1031,,in orbit,,Spacecraft engaged in practical applications and uses of space technology such as weather or communications,------,,2021
2021-082AP,,Starlink 3054 ,USA,9/14/2021,,Yes,ST/SG/SER.E/1031,,in orbit,,Spacecraft engaged in practical applications and uses of space technology such as weather or communications,------,,2021
2021-082AT,,Starlink 3107 ,USA,9/14/2021,,Yes,ST/SG/SER.E/1031,,in orbit,,Spacecraft engaged in practical applications and uses of space technology such as weather or communications,------,,2021
2021-082AM,,Starlink 3052 ,USA,9/14/2021,,Yes,ST/SG/SER.E/1031,,in orbit,,Spacecraft engaged in practical applications and uses of space technology such as weather or communications,------,,2021
2021-082AN,,Starlink 3089 ,USA,9/14/2021,,Yes,ST/SG/SER.E/1031,,in orbit,,Spacecraft engaged in practical applications and uses of space technology such as weather or communications,------,,2021
2021-082AL,,Starlink 3106 ,USA,9/14/2021,,Yes,ST/SG/SER.E/1031,,in orbit,,Spacecraft engaged in practical applications and uses of space technology such as weather or communications,------,,2021
2021-082AR,,Starlink 3046 ,USA,9/14/2021,,Yes,ST/SG/SER.E/1031,,in orbit,,Spacecraft engaged in practical applications and uses of space technology such as weather or communications,------,,2021
2021-082U,,Starlink 3048 ,USA,9/14/2021,,Yes,ST/SG/SER.E/1031,,in orbit,,Spacecraft engaged in practical applications and uses of space technology such as weather or communications,------,,2021
2021-082BC,,Starlink 3050 ,USA,9/14/2021,,Yes,ST/SG/SER.E/1031,,in orbit,,Spacecraft engaged in practical applications and uses of space technology such as weather or communications,------,,2021
2021-082BD,,Starlink-3059 ,USA,9/14/2021,,Yes,ST/SG/SER.E/1031,,in orbit,,Spacecraft engaged in practical applications and uses of space technology such as weather or communications,------,,2021
2021-082AJ,,Starlink 3082 ,USA,9/14/2021,,Yes,ST/SG/SER.E/1031,ST/SG/SER.E/1242,[deorbited],11/7/2024,Spacecraft engaged in practical applications and uses of space technology such as weather or communications,------,,2021
2021-082AS,,Starlink 3074 ,USA,9/14/2021,,Yes,ST/SG/SER.E/1031,ST/SG/SER.E/1249,[deorbited],12/18/2024,Spacecraft engaged in practical applications and uses of space technology such as weather or communications,------,,2021
2021-082AU,,Starlink 3091 ,USA,9/14/2021,,Yes,ST/SG/SER.E/1031,ST/SG/SER.E/1302,[deorbited],5/27/2025,Spacecraft engaged in practical applications and uses of space technology such as weather or communications,------,,2021
2021-082N,,Starlink-3042 ,USA,9/14/2021,,Yes,ST/SG/SER.E/1031,ST/SG/SER.E/1302,[deorbited],5/21/2025,Spacecraft engaged in practical applications and uses of space technology such as weather or communications,------,,2021
2021-082AQ,,Starlink 3101 ,USA,9/14/2021,,Yes,ST/SG/SER.E/1031,ST/SG/SER.E/1290,[deorbited],4/14/2025,Spacecraft engaged in practical applications and uses of space technology such as weather or communications,------,,2021
2021-082Y,,Starlink 3081 ,USA,9/14/2021,,Yes,ST/SG/SER.E/1031,ST/SG/SER.E/1290,[deorbited],4/15/2025,Spacecraft engaged in practical applications and uses of space technology such as weather or communications,------,,2021
2021-082V,,Starlink 3053 ,USA,9/14/2021,,Yes,ST/SG/SER.E/1031,ST/SG/SER.E/1290,[deorbited],4/10/2025,Spacecraft engaged in practical applications and uses of space technology such as weather or communications,------,,2021
2021-082W,,Starlink 3104 ,USA,9/14/2021,,Yes,ST/SG/SER.E/1031,ST/SG/SER.E/1290,[deorbited],4/19/2025,Spacecraft engaged in practical applications and uses of space technology such as weather or communications,------,,2021
2021-023J,01/2021-B,M2B ,Australia,[2021-09-10],,Yes,ST/SG/SER.E/1119,ST/SG/SER.E/1040,[decayed],[2025-04-01],"Support testing of systems designed by the University of New South Wales, including decoupling, artificial intelligence and space situational awareness capabilities.",Date of launch is date of separation from M2A (2021-023C). Mentioned by New Zealand in ST/SG/SER.E/1040.,,2021
2021-080A,,ChinaSat 9B [(ZHONGXING 9B)],China,9/9/2021,,Yes,ST/SG/SER.E/1123,,in GSO,,Communications,------,,2021
[2021-081A],3572-2021-009,Cosmos 2551 ,Russian Federation,9/9/2021,,Yes,ST/SG/SER.E/1025,ST/SG/SER.E/1028,decayed,10/20/2021,Intended for assignments on behalf of the Ministry of Defence of the Russian Federation,------,,2021
2021-079A,,Hyperspectral Observation Satellite (GF-5B) [(GAOFEN 5-02)],China,9/7/2021,,Yes,ST/SG/SER.E/1123,,in orbit,,"Monitoring of pollutant gases, greenhouse gases and regional ambient air quality, monitoring of water environment and ecological environment, climate change research, geological and mineral resources mapping, agricultural surveys, forestry inventory, emergency management, etc.",------,,2021
2021-078A,,Dragon CRS-23 ,USA,8/29/2021,,Yes,ST/SG/SER.E/1031,ST/SG/SER.E/1031,[recovered],10/1/2021,Reusable space transportation systems,------,,2021
2021-022AQ,,ELSA D CLIENT ,Japan,8/25/2021,,Yes,ST/SG/SER.E/1073,ST/SG/SER.E/1011,in orbit,,"The End-of-Life Services by Astroscale (ELSA) programme is a spacecraft retrieval service for satellite operators. ELSA-d (a demonstration mission) is the first mission to demonstrate the core technologies necessary for debris docking and removal ELSA-d consists of two spacecraft: a servicer satellite (mass of approximately 175 kg) and a client satellite (mass of approximately 17 kg), launched together in a stack. The servicer satellite has been developed to safely remove debris objects from orbit and is equipped with proximity rendezvous technologies and a magnetic docking mechanism. The client satellite is a piece of replica debris fitted with a ferromagnetic plate that enables the docking The servicer will repeatedly release and dock with the client in a series of technical demonstrations, proving the capability to find and dock with defunct satellites and other debris. Demonstrations include client search, inspection and rendezvous, and both non-tumbling and tumbling docking manoeuvres","State of registry notes in ST/SG/SER.E/1011 that ""The client satellite will be registered as a new space object after it is released from a servicer The ELSA-d servicer satellite and the ELSA-d client satellite are separately licensed for their mission operations under the Outer Space Act 1986 of the United Kingdom of Great Britain and Northern Ireland and are controlled in the United Kingdom in accordance with the provisions of the Act"". State of registry notes in ST/SG/SER.E/1240 that ""the operation team for the ELSA-d client satellite stopped tracking the spacecraft at 2022-12-15 00:00L00 UTC as they were unable to communicate with it since 2022-06-23."" Mentioned by the Russian Federation in ST/SG/SER.E/992.",Link,2021
2021-077A,,Communications Technology Test Satellite 7 (TJS-7) [TJS 7],China,8/24/2021,,Yes,ST/SG/SER.E/1123,,in orbit,,Communications satellite,------,,2021
2021-076C,,Integration Test Satellite 02 (RSW02) [RSW 02],China,8/24/2021,,Yes,ST/SG/SER.E/1123,,in orbit,,Satellite communications,------,,2021
2021-076A,,Integration Test Satellite 01 (RSW01) [(RSW 01)],China,8/24/2021,,Yes,ST/SG/SER.E/1123,,in orbit,,Satellite communications,------,,2021
2021-076B,,Communications Technology Satellite (PAYLOAD B) ,China,8/24/2021,,Yes,ST/SG/SER.E/1123,,in orbit,,Satellite communications,------,,2021
2021-075X,49096,OWLID000276 (SL0310) [ONEWEB 0310],United Kingdom,8/21/2021,,Yes,ST/SG/SER.E/1020,ST/SG/SER.E/1021,in orbit,,Communications satellite,State of registry notes that given Basic Orbital Parameters are for the intended final orbit which should be achieved by 19 June 2022. Mentioned by the Russian Federation in ST/SG/SER.E/1021.,Link,2021
2021-075Z,49098,OWLID000278 (SL0312) [ONEWEB 0312],United Kingdom,8/21/2021,,Yes,ST/SG/SER.E/1020,ST/SG/SER.E/1021,in orbit,,Communications satellite,State of registry notes that given Basic Orbital Parameters are for the intended final orbit which should be achieved by 19 June 2022. Mentioned by the Russian Federation in ST/SG/SER.E/1021.,Link,2021
2021-075W,49095,OWLID000275 (SL0309) [ONEWEB 0309],United Kingdom,8/21/2021,,Yes,ST/SG/SER.E/1020,ST/SG/SER.E/1021,in orbit,,Communications satellite,State of registry notes that given Basic Orbital Parameters are for the intended final orbit which should be achieved by 19 June 2022. Mentioned by the Russian Federation in ST/SG/SER.E/1021.,Link,2021
2021-075S,49091,OWLID000271 (SL0302) [ONEWEB 0302],United Kingdom,8/21/2021,,Yes,ST/SG/SER.E/1020,ST/SG/SER.E/1021,in orbit,,Communications satellite,State of registry notes that given Basic Orbital Parameters are for the intended final orbit which should be achieved by 19 June 2022. Mentioned by the Russian Federation in ST/SG/SER.E/1021.,Link,2021
2021-075U,49093,OWLID000273 (SL0305) [ONEWEB 0305],United Kingdom,8/21/2021,,Yes,ST/SG/SER.E/1020,ST/SG/SER.E/1021,in orbit,,Communications satellite,State of registry notes that given Basic Orbital Parameters are for the intended final orbit which should be achieved by 19 June 2022. Mentioned by the Russian Federation in ST/SG/SER.E/1021.,Link,2021
2021-075Y,49097,OWLID000277 (SL0311) [ONEWEB 0311],United Kingdom,8/21/2021,,Yes,ST/SG/SER.E/1020,ST/SG/SER.E/1021,in orbit,,Communications satellite,State of registry notes that given Basic Orbital Parameters are for the intended final orbit which should be achieved by 19 June 2022. Mentioned by the Russian Federation in ST/SG/SER.E/1021.,Link,2021
2021-075R,49090,OWLID000270 (SL0301) [ONEWEB 0301],United Kingdom,8/21/2021,,Yes,ST/SG/SER.E/1020,ST/SG/SER.E/1021,in orbit,,Communications satellite,State of registry notes that given Basic Orbital Parameters are for the intended final orbit which should be achieved by 19 June 2022. Mentioned by the Russian Federation in ST/SG/SER.E/1021.,Link,2021
2021-075T,49092,OWLID000272 (SL0304) [ONEWEB 0304],United Kingdom,8/21/2021,,Yes,ST/SG/SER.E/1020,ST/SG/SER.E/1021,in orbit,,Communications satellite,State of registry notes that given Basic Orbital Parameters are for the intended final orbit which should be achieved by 19 June 2022. Mentioned by the Russian Federation in ST/SG/SER.E/1021.,Link,2021
2021-075V,49094,OWLID000274 (SL0308) [ONEWEB 0308],United Kingdom,8/21/2021,,Yes,ST/SG/SER.E/1020,ST/SG/SER.E/1021,in orbit,,Communications satellite,State of registry notes that given Basic Orbital Parameters are for the intended final orbit which should be achieved by 19 June 2022. Mentioned by the Russian Federation in ST/SG/SER.E/1021.,Link,2021
2021-075E,49079,OWLID000259 (SL0289) [ONEWEB 0289],United Kingdom,8/21/2021,,Yes,ST/SG/SER.E/1020,ST/SG/SER.E/1021,in orbit,,Communications satellite,State of registry notes that given Basic Orbital Parameters are for the intended final orbit which should be achieved by 19 June 2022. Mentioned by the Russian Federation in ST/SG/SER.E/1021.,Link,2021
2021-075F,49080,OWLID000260 (SL0290) [ONEWEB 0290],United Kingdom,8/21/2021,,Yes,ST/SG/SER.E/1020,ST/SG/SER.E/1021,in orbit,,Communications satellite,State of registry notes that given Basic Orbital Parameters are for the intended final orbit which should be achieved by 19 June 2022. Mentioned by the Russian Federation in ST/SG/SER.E/1021.,Link,2021
2021-075C,49077,OWLID000257 (SL0287) [ONEWEB 0287],United Kingdom,8/21/2021,,Yes,ST/SG/SER.E/1020,ST/SG/SER.E/1021,in orbit,,Communications satellite,State of registry notes that given Basic Orbital Parameters are for the intended final orbit which should be achieved by 19 June 2022. Mentioned by the Russian Federation in ST/SG/SER.E/1021.,Link,2021
2021-075D,49078,OWLID000258 (SL0288) [ONEWEB 0288],United Kingdom,8/21/2021,,Yes,ST/SG/SER.E/1020,ST/SG/SER.E/1021,in orbit,,Communications satellite,State of registry notes that given Basic Orbital Parameters are for the intended final orbit which should be achieved by 19 June 2022. Mentioned by the Russian Federation in ST/SG/SER.E/1021.,Link,2021
2021-075B,49076,OWLID000256 (SL0286) [ONEWEB 0286],United Kingdom,8/21/2021,,Yes,ST/SG/SER.E/1020,ST/SG/SER.E/1021,in orbit,,Communications satellite,State of registry notes that given Basic Orbital Parameters are for the intended final orbit which should be achieved by 19 June 2022. Mentioned by the Russian Federation in ST/SG/SER.E/1021.,Link,2021
2021-075A,,OWLID000255 (SL0285) [ONEWEB 0285],United Kingdom,8/21/2021,,Yes,ST/SG/SER.E/1020,ST/SG/SER.E/1021,in orbit,,Communications satellite,State of registry notes that given Basic Orbital Parameters are for the intended final orbit which should be achieved by 19 June 2022. Mentioned by the Russian Federation in ST/SG/SER.E/1021.,Link,2021
2021-075AK,49108,OWLID000288 (SL0330) [ONEWEB 0330],United Kingdom,8/21/2021,,Yes,ST/SG/SER.E/1020,ST/SG/SER.E/1021,in orbit,,Communications satellite,State of registry notes that given Basic Orbital Parameters are for the intended final orbit which should be achieved by 19 June 2022. Mentioned by the Russian Federation in ST/SG/SER.E/1021.,Link,2021
2021-075AD,49102,OWLID000282 (SL0316) [ONEWEB 0316],United Kingdom,8/21/2021,,Yes,ST/SG/SER.E/1020,ST/SG/SER.E/1021,in orbit,,Communications satellite,State of registry notes that given Basic Orbital Parameters are for the intended final orbit which should be achieved by 19 June 2022. Mentioned by the Russian Federation in ST/SG/SER.E/1021.,Link,2021
2021-075AA,49099,OWLID000279 (SL0313) [ONEWEB 0313],United Kingdom,8/21/2021,,Yes,ST/SG/SER.E/1020,ST/SG/SER.E/1021,in orbit,,Communications satellite,State of registry notes that given Basic Orbital Parameters are for the intended final orbit which should be achieved by 19 June 2022. Mentioned by the Russian Federation in ST/SG/SER.E/1021.,Link,2021
2021-075AH,49106,OWLID000286 (SL0323) [ONEWEB 0323],United Kingdom,8/21/2021,,Yes,ST/SG/SER.E/1020,ST/SG/SER.E/1021,in orbit,,Communications satellite,State of registry notes that given Basic Orbital Parameters are for the intended final orbit which should be achieved by 19 June 2022. Mentioned by the Russian Federation in ST/SG/SER.E/1021.,Link,2021
2021-075AG,49105,OWLID000285 (SL0319) [ONEWEB 0319],United Kingdom,8/21/2021,,Yes,ST/SG/SER.E/1020,ST/SG/SER.E/1021,in orbit,,Communications satellite,State of registry notes that given Basic Orbital Parameters are for the intended final orbit which should be achieved by 19 June 2022. Mentioned by the Russian Federation in ST/SG/SER.E/1021.,Link,2021
2021-075AJ,49107,OWLID000287 (SL0329) [ONEWEB 0329],United Kingdom,8/21/2021,,Yes,ST/SG/SER.E/1020,ST/SG/SER.E/1021,in orbit,,Communications satellite,State of registry notes that given Basic Orbital Parameters are for the intended final orbit which should be achieved by 19 June 2022. Mentioned by the Russian Federation in ST/SG/SER.E/1021.,Link,2021
2021-075AE,49103,OWLID000283 (SL0317) [ONEWEB 0317],United Kingdom,8/21/2021,,Yes,ST/SG/SER.E/1020,ST/SG/SER.E/1021,in orbit,,Communications satellite,State of registry notes that given Basic Orbital Parameters are for the intended final orbit which should be achieved by 19 June 2022. Mentioned by the Russian Federation in ST/SG/SER.E/1021.,Link,2021
2021-075AC,49101,OWLID000281 (SL0315) [ONEWEB 0315],United Kingdom,8/21/2021,,Yes,ST/SG/SER.E/1020,ST/SG/SER.E/1021,in orbit,,Communications satellite,State of registry notes that given Basic Orbital Parameters are for the intended final orbit which should be achieved by 19 June 2022. Mentioned by the Russian Federation in ST/SG/SER.E/1021.,Link,2021
2021-075AB,49100,OWLID000280 (SL0314) [ONEWEB 0314],United Kingdom,8/21/2021,,Yes,ST/SG/SER.E/1020,ST/SG/SER.E/1021,in orbit,,Communications satellite,State of registry notes that given Basic Orbital Parameters are for the intended final orbit which should be achieved by 19 June 2022. Mentioned by the Russian Federation in ST/SG/SER.E/1021.,Link,2021
2021-075AF,49104,OWLID000284 (SL0318) ,United Kingdom,8/21/2021,,Yes,ST/SG/SER.E/1020,ST/SG/SER.E/1021,in orbit,,Communications satellite,State of registry notes that given Basic Orbital Parameters are for the intended final orbit which should be achieved by 19 June 2022. Mentioned by the Russian Federation in ST/SG/SER.E/1021.,Link,2021
2021-075Q,49089,OWLID000269 (SL0300) [ONEWEB 0300],United Kingdom,8/21/2021,,Yes,ST/SG/SER.E/1020,ST/SG/SER.E/1021,in orbit,,Communications satellite,State of registry notes that given Basic Orbital Parameters are for the intended final orbit which should be achieved by 19 June 2022. Mentioned by the Russian Federation in ST/SG/SER.E/1021.,Link,2021
2021-075G,49081,OWLID000261 (SL0291) [ONEWEB 0291],United Kingdom,8/21/2021,,Yes,ST/SG/SER.E/1020,ST/SG/SER.E/1021,in orbit,,Communications satellite,State of registry notes that given Basic Orbital Parameters are for the intended final orbit which should be achieved by 19 June 2022. Mentioned by the Russian Federation in ST/SG/SER.E/1021.,Link,2021
2021-075H,49082,OWLID000262 (SL0293) [ONEWEB 0293],United Kingdom,8/21/2021,,Yes,ST/SG/SER.E/1020,ST/SG/SER.E/1021,in orbit,,Communications satellite,State of registry notes that given Basic Orbital Parameters are for the intended final orbit which should be achieved by 19 June 2022. Mentioned by the Russian Federation in ST/SG/SER.E/1021.,Link,2021
2021-075J,49083,OWLID000263 (SL0294) [ONEWEB 0294],United Kingdom,8/21/2021,,Yes,ST/SG/SER.E/1020,ST/SG/SER.E/1021,in orbit,,Communications satellite,State of registry notes that given Basic Orbital Parameters are for the intended final orbit which should be achieved by 19 June 2022. Mentioned by the Russian Federation in ST/SG/SER.E/1021.,Link,2021
2021-075K,49084,OWLID000264 (SL0295) [ONEWEB 0295],United Kingdom,8/21/2021,,Yes,ST/SG/SER.E/1020,ST/SG/SER.E/1021,in orbit,,Communications satellite,State of registry notes that given Basic Orbital Parameters are for the intended final orbit which should be achieved by 19 June 2022. Mentioned by the Russian Federation in ST/SG/SER.E/1021.,Link,2021
2021-075M,49086,OWLID000266 (SL0297) [ONEWEB 0297],United Kingdom,8/21/2021,,Yes,ST/SG/SER.E/1020,ST/SG/SER.E/1021,in orbit,,Communications satellite,State of registry notes that given Basic Orbital Parameters are for the intended final orbit which should be achieved by 19 June 2022. Mentioned by the Russian Federation in ST/SG/SER.E/1021.,Link,2021
2021-075N,49087,OWLID000267 (SL0298) [ONEWEB 0298],United Kingdom,8/21/2021,,Yes,ST/SG/SER.E/1020,ST/SG/SER.E/1021,in orbit,,Communications satellite,State of registry notes that given Basic Orbital Parameters are for the intended final orbit which should be achieved by 19 June 2022. Mentioned by the Russian Federation in ST/SG/SER.E/1021.,Link,2021
2021-075P,49088,OWLID000268 (SL0299) [ONEWEB 0299],United Kingdom,8/21/2021,,Yes,ST/SG/SER.E/1020,ST/SG/SER.E/1021,in orbit,,Communications satellite,State of registry notes that given Basic Orbital Parameters are for the intended final orbit which should be achieved by 19 June 2022. Mentioned by the Russian Federation in ST/SG/SER.E/1021.,Link,2021
2021-075L,49085,OWLID000265 (SL0296) [ONEWEB 0296],United Kingdom,8/21/2021,,Yes,ST/SG/SER.E/1020,ST/SG/SER.E/1021,in orbit,,Communications satellite,State of registry notes that given Basic Orbital Parameters are for the intended final orbit which should be achieved by 19 June 2022. Mentioned by the Russian Federation in ST/SG/SER.E/1021.,Link,2021
2021-074A,,Tianhui 2 Group-02 Satellite-A (Tianhui 2-02A) [(TIANHUI II-02A)],China,8/18/2021,,Yes,ST/SG/SER.E/1123,,in orbit,,Remote sensing satellite,------,,2021
2021-074B,,Tianhui 2 Group-02 Satellite-B (Tianhui 2-02B) [TIANHUI II-02B],China,8/18/2021,,Yes,ST/SG/SER.E/1123,,in orbit,,Remote sensing satellite,------,,2021
[2021-073B],,RadCube ,Hungary,8/17/2021,,Yes,ST/SG/SER.E/1029,,[decayed],[2024-08-20],In-Orbit Demonstration (IOD) mission for space weather monitoring,TLE for epoch 21263.86471014 provided by State of registry in ST/SG/SER.E/1029.,Link,2021
2021-073D,,LEDSAT ,Italy,8/17/2021,,Yes,ST/SG/SER.E/1228,,in orbit,,LEDSAT is a 1U CubeSat aimed at demonstrating a LED-based payload for optical tracking from ground. The satellite was conceived in 2016 by Sapienza University of Rome (S5Lab research team) and University of Michigan. The spacecraft was selected in 2017 for the second edition of the European Space agency (ESA) Education Office “Fly Your Satellite!” Programme. The satellite development is supported by ASI (Italian Space Agency) in the framework of the IKUNS (Italian-Kenyan University Nano-Satellites) Programme: LEDSAT is the second IKUNS satellite to be conceived and developed and the third to be launched (after 1KUNS-PF and WildTrackCube-SIMBA / IKUNS-3).,The registration submission for this space object is presently being processed by the United Nations Secretariat.,Link,2021
2021-073E,,PNEO4 [PLÉIADES NEO 4],France,8/17/2021,,Yes,ST/SG/SER.E/1047,,in orbit,,Earth observation,------,,2021
2021-073A,,BRO 4 ,France,8/17/2021,,Yes,ST/SG/SER.E/1047,,in orbit,,Unseenlabs maritime surveillance,------,,2021
2021-073C,FIN-17-SAT-2021,Sunstorm ,Finland,8/17/2021,,Yes,ST/SG/SER.E/1019,,in orbit,,2U CubeSat for demonstrating a new solar X-ray flux monitor to detect coronal mass ejections and solar flares from the Sun,------,,2021
2021-072A,,Cygnus NG-16 ,USA,8/10/2021,,Yes,ST/SG/SER.E/1031,ST/SG/SER.E/1041,[deorbited],12/15/2021,Spacecraft engaged in practical applications and uses of space technology such as weather or communications,------,,2021
2021-071A,,ChinaSat 2E [(ZHONGXING 2E)],China,8/5/2021,,Yes,ST/SG/SER.E/1123,,in GSO,,Communications satellite,------,,2021
2021-070B,,Multimedia Beta Test Satellite-B (GMS-BETA-B) [(KL BETA-B)],China,8/4/2021,,Yes,ST/SG/SER.E/1123,,in orbit,,"Remote sensing imagery of the Earth, Ka-band signal transmission",------,,2021
2021-070A,,Multimedia Beta Test Satellite-A (GMS-BETA-A) [(KL BETA-A)],China,8/4/2021,,Yes,ST/SG/SER.E/1123,,in orbit,,"Remote sensing imagery of the Earth, Ka-band signal transmission",------,,2021
2021-069B,,EUTELSAT QUANTUM ,France,7/30/2021,+048 degrees East,Yes,ST/SG/SER.E/1047,,in GSO,,Telecommunications,------,,2021
[2021-069A],, [STARONE D2],[(for Brazil)],[2021-07-30],[-070.0 degrees East],No,,,[in GSO],,------,Not registered with the United Nations.,,2021
2021-067A,,Tianhui 1-04 ,China,7/29/2021,,Yes,ST/SG/SER.E/1123,,in orbit,,Remote sensing satellite,------,,2021
2021-068A,,Monolith ,USA,7/29/2021,,Yes,ST/SG/SER.E/1024,ST/SG/SER.E/1040,in orbit,,Spacecraft engaged in investigation of spaceflight techniques and technology,Mentioned by New Zealand in ST/SG/SER.E/1040.,,2021
2021-059CR,ROLEU.ESP.28,NEPTUNO 1 [(NEPT-1)],Spain,[2021-07-24],,Yes,ST/SG/SER.E/1016,,[decayed],[2024-08-15],"To respond to maritime security challenges and monitor maritime traffic The general objective of the NEPTUNO project is to respond to current and future maritime security challenges through the experimental development of the design of a constellation of nanosatellites in orbit and a prototype (CubeSats) in low Earth orbit (an altitude of between 200 km and 2,000 km) to monitor maritime traffic through Automatic Identification System (AIS) capture and an advanced information system capable of analysing the millions of pieces of data acquired by ground stations using artificial intelligence",Day of launch is date of deployment from ION SCV-003 (international designator 2021-059AK).,,2021
2021-059CQ,FIN-16-SAT-2021,W CUBE ,Finland,7/22/2021,,Yes,ST/SG/SER.E/1013,,in orbit,,3U CubeSat for atmospheric and ionospheric channel propagation characterization at W-band.,Date of launch and date of deployment provided by State of registry in ST/SG/SER.E/1013. Day of launch is date of deployment from ION SCV-003 (international designator 2021-059AK).,,2021
[2021-066A],3571-2021-008,Nauka multipurpose laboratory module ,Russian Federation,7/21/2021,,Yes,ST/SG/SER.E/1021,,in orbit,,Implementation of the Russian programme of applied scientific research and experiments aboard the Russian segment of the International Space Station,ISS Flight Element.,,2021
2021-059CP,BG-2021-01,SPARTAN ,Bulgaria,7/21/2021,,Yes,ST/SG/SER.E/1295,,in orbit,,Earth observation,The registration submission for this space object is presently being processed by the United Nations Secretariat. Day of launch is date of deployment from ION SCV-003 (international designator 2021-059AK).,,2021
2021-065A,,Yaogan 30 Group-10 Satellite-28 (Yaogan-30 AD) ,China,7/19/2021,,Yes,ST/SG/SER.E/1123,,in orbit,,Remote sensing satellite,------,,2021
2021-065D,,Yaogan 30 Group-10 Satellite-30 (Yaogan-30 AF) ,China,7/19/2021,,Yes,ST/SG/SER.E/1123,,in orbit,,Remote sensing satellite,------,,2021
2021-065C,,Yaogan 30 Group-10 Satellite-29 (Yaogan-30 AE) ,China,7/19/2021,,Yes,ST/SG/SER.E/1123,,in orbit,,Remote sensing satellite,------,,2021
[2021-065B],, [TIANQI 15],[China],[2021-07-19],,No,,,[in orbit],,------,Not registered with the United Nations.,,2021
[2021-059CN],, [NAPA 2],[(for Thailand)],[2021-07-18],,No,,,[in orbit],,------,Not registered with the United Nations. Day of launch is date of deployment from ION SCV-003 (international designator 2021-059AK).,,2021
2021-059CM,,Ghalib ,United Arab Emirates,[2021-07-16],,Yes,ST/SG/SER.E/1048,,[decayed],[2024-04-17],Technology demonstration – in-orbit demonstration,Day of launch is date of deployment from ION SCV-003 (international designator 2021-059AK).,,2021
2021-059BS,AE-21-04,QMR KWT ,United Arab Emirates,[2021-07-16],,Yes,ST/SG/SER.E/1027,ST/SG/SER.E/1027/Add.1,decayed,9/7/2024,QMR-KWT is an amateur and educational 1U CubeSat that serves as a platform for the “Code in Space” initiative which gives the opportunity to students from around the world to engage and learn about satellite technology,State of registry notes in ST/SG/SER.E/1027 that Small-satellite missions are not subject to any form of mandatory coordination. The notification of a space station was submitted to the International Telecommunications Union by Bulgaria (references: API/A/12628 and API/B/1541). National designator provided in ST/SG/SER.E/1027/Add.1. Day of launch is date of deployment from ION SCV-003 (international designator 2021-059AK).,,2021
2021-064B,,Zhongzi Satellite Constellation Group-02 Satellite-02 (Ningxia 1 7) ,China,7/9/2021,,Yes,ST/SG/SER.E/1123,,in orbit,,Earth remote sensing,------,,2021
2021-064A,,Zhongzi Satellite Constellation Group-02 Satellite-01 (Ningxia 1 6) ,China,7/9/2021,,Yes,ST/SG/SER.E/1123,,in orbit,,Earth remote sensing,------,,2021
2021-064C,,Zhongzi Satellite Constellation Group-02 Satellite-03 (Ningxia 1 8) ,China,7/9/2021,,Yes,ST/SG/SER.E/1123,,in orbit,,Earth remote sensing,------,,2021
2021-064D,,Zhongzi Satellite Constellation Group-02 Satellite-04 (Ningxia 1 9) ,China,7/9/2021,,Yes,ST/SG/SER.E/1123,,in orbit,,Earth remote sensing,------,,2021
2021-064E,,Zhongzi Satellite Constellation Group-02 Satellite-05 (Ningxia 1 10) ,China,7/9/2021,,Yes,ST/SG/SER.E/1123,,in orbit,,Earth remote sensing,------,,2021
2021-063A,,Tianlian 1-05 ,China,7/6/2021,,Yes,ST/SG/SER.E/1123,,in GSO,,Communications satellite,------,,2021
2021-062A,,Fengyun 3E (FY-3E) ,China,7/4/2021,,Yes,ST/SG/SER.E/1123,,in orbit,,"Operating in a sun-synchronous dawn-dusk orbit, FY-3E is equipped with comprehensive capabilities for monitoring the Earth's meteorology and environment in a global, all-weather, hyperspectral, three-dimensional and quantitative manner, and is mainly used for weather forecast, climate prediction, environmental monitoring and disaster prevention and mitigation, etc.",------,,2021
2021-061B,,Jilin-01 Gaofen 3D-01 ,China,7/3/2021,,Yes,ST/SG/SER.E/1123,,in orbit,,Obtain video images of the Earth by remote sensing,------,,2021
2021-061D,,Jilin-01 Gaofen 3D-03 ,China,7/3/2021,,Yes,ST/SG/SER.E/1123,,in orbit,,Obtain video images of the Earth by remote sensing,------,,2021
2021-061A,,Jilin 1 Kuanfu-01B ,China,7/3/2021,,Yes,ST/SG/SER.E/1123,,in orbit,,Obtain video images of the Earth by remote sensing,------,,2021
2021-061E,,Xingshidai 10 ,China,7/3/2021,,Yes,ST/SG/SER.E/1123,,in orbit,,For Earth observation and imaging from space,------,,2021
2021-061C,,Jilin-01 Gaofen 3D-02 ,China,7/3/2021,,Yes,ST/SG/SER.E/1123,,in orbit,,Obtain video images of the Earth by remote sensing,------,,2021
2021-060S,48983,OWLID000235 (SL0265) [ONEWEB 0265],United Kingdom,7/1/2021,,Yes,ST/SG/SER.E/1008,ST/SG/SER.E/1021,deorbited,3/29/2022,Communications satellite,State of registry notes that given Basic Orbital Parameters are for the intended final orbit which should be achieved by 2021-11-15. Mentioned by the Russian Federation in ST/SG/SER.E/1021.,Link,2021
2021-060C,48969,OWLID000221 (SL0251) [ONEWEB 0251],United Kingdom,7/1/2021,,Yes,ST/SG/SER.E/1008,ST/SG/SER.E/1008/Add.1,deorbited,7/20/2022,Communications satellite,State of registry notes that given Basic Orbital Parameters are for the intended final orbit which should be achieved by 2021-11-15. Mentioned by the Russian Federation in ST/SG/SER.E/1021.,Link,2021
2021-060G,48973,OWLID000225 (SL0255) [ONEWEB 0255],United Kingdom,7/1/2021,,Yes,ST/SG/SER.E/1008,ST/SG/SER.E/1021,in orbit,,Communications satellite,State of registry notes that given Basic Orbital Parameters are for the intended final orbit which should be achieved by 2021-11-15. Mentioned by the Russian Federation in ST/SG/SER.E/1021.,Link,2021
2021-060F,48972,OWLID000224 (SL0254) [ONEWEB 0254],United Kingdom,7/1/2021,,Yes,ST/SG/SER.E/1008,ST/SG/SER.E/1021,in orbit,,Communications satellite,State of registry notes that given Basic Orbital Parameters are for the intended final orbit which should be achieved by 2021-11-15. Mentioned by the Russian Federation in ST/SG/SER.E/1021.,Link,2021
2021-060H,48974,OWLID000226 (SL0256) [ONEWEB 0256],United Kingdom,7/1/2021,,Yes,ST/SG/SER.E/1008,ST/SG/SER.E/1021,in orbit,,Communications satellite,State of registry notes that given Basic Orbital Parameters are for the intended final orbit which should be achieved by 2021-11-15. Mentioned by the Russian Federation in ST/SG/SER.E/1021.,Link,2021
2021-060J,48975,OWLID000227 (SL0257) [ONEWEB 0257],United Kingdom,7/1/2021,,Yes,ST/SG/SER.E/1008,ST/SG/SER.E/1021,in orbit,,Communications satellite,State of registry notes that given Basic Orbital Parameters are for the intended final orbit which should be achieved by 2021-11-15. Mentioned by the Russian Federation in ST/SG/SER.E/1021.,Link,2021
2021-060L,48977,OWLID000229 (SL0259) [ONEWEB 0259],United Kingdom,7/1/2021,,Yes,ST/SG/SER.E/1008,ST/SG/SER.E/1021,in orbit,,Communications satellite,State of registry notes that given Basic Orbital Parameters are for the intended final orbit which should be achieved by 2021-11-15. Mentioned by the Russian Federation in ST/SG/SER.E/1021.,Link,2021
2021-060D,48970,OWLID000222 (SL0252) [ONEWEB 0252],United Kingdom,7/1/2021,,Yes,ST/SG/SER.E/1008,ST/SG/SER.E/1021,in orbit,,Communications satellite,State of registry notes that given Basic Orbital Parameters are for the intended final orbit which should be achieved by 2021-11-15. Mentioned by the Russian Federation in ST/SG/SER.E/1021.,Link,2021
2021-060E,48971,OWLID000223 (SL0253) [ONEWEB 0253],United Kingdom,7/1/2021,,Yes,ST/SG/SER.E/1008,ST/SG/SER.E/1021,in orbit,,Communications satellite,State of registry notes that given Basic Orbital Parameters are for the intended final orbit which should be achieved by 2021-11-15. Mentioned by the Russian Federation in ST/SG/SER.E/1021.,Link,2021
2021-060K,48976,OWLID000228 (SL0258) [ONEWEB 0258],United Kingdom,7/1/2021,,Yes,ST/SG/SER.E/1008,ST/SG/SER.E/1021,in orbit,,Communications satellite,State of registry notes that given Basic Orbital Parameters are for the intended final orbit which should be achieved by 2021-11-15. Mentioned by the Russian Federation in ST/SG/SER.E/1021.,Link,2021
2021-060AB,48992,OWLID000244 (SL0274) [ONEWEB 0274],United Kingdom,7/1/2021,,Yes,ST/SG/SER.E/1008,ST/SG/SER.E/1021,in orbit,,Communications satellite,State of registry notes that given Basic Orbital Parameters are for the intended final orbit which should be achieved by 2021-11-15. Mentioned by the Russian Federation in ST/SG/SER.E/1021.,Link,2021
2021-060AC,48993,OWLID000245 (SL0275) [ONEWEB 0275],United Kingdom,7/1/2021,,Yes,ST/SG/SER.E/1008,ST/SG/SER.E/1021,in orbit,,Communications satellite,State of registry notes that given Basic Orbital Parameters are for the intended final orbit which should be achieved by 2021-11-15. Mentioned by the Russian Federation in ST/SG/SER.E/1021.,Link,2021
2021-060AA,48991,OWLID000243 (SL0273) [ONEWEB 0273],United Kingdom,7/1/2021,,Yes,ST/SG/SER.E/1008,ST/SG/SER.E/1021,in orbit,,Communications satellite,State of registry notes that given Basic Orbital Parameters are for the intended final orbit which should be achieved by 2021-11-15. Mentioned by the Russian Federation in ST/SG/SER.E/1021.,Link,2021
2021-060AE,48995,OWLID000247 (SL0277) [ONEWEB 0277],United Kingdom,7/1/2021,,Yes,ST/SG/SER.E/1008,ST/SG/SER.E/1021,in orbit,,Communications satellite,State of registry notes that given Basic Orbital Parameters are for the intended final orbit which should be achieved by 2021-11-15. Mentioned by the Russian Federation in ST/SG/SER.E/1021.,Link,2021
2021-060AD,48994,OWLID000246 (SL0276) [ONEWEB 0276],United Kingdom,7/1/2021,,Yes,ST/SG/SER.E/1008,ST/SG/SER.E/1021,in orbit,,Communications satellite,State of registry notes that given Basic Orbital Parameters are for the intended final orbit which should be achieved by 2021-11-15. Mentioned by the Russian Federation in ST/SG/SER.E/1021.,Link,2021
2021-060W,48987,OWLID000239 (SL0269) [ONEWEB 0269],United Kingdom,7/1/2021,,Yes,ST/SG/SER.E/1008,ST/SG/SER.E/1021,in orbit,,Communications satellite,State of registry notes that given Basic Orbital Parameters are for the intended final orbit which should be achieved by 2021-11-15. Mentioned by the Russian Federation in ST/SG/SER.E/1021.,Link,2021
2021-060X,48988,OWLID000240 (SL0270) [ONEWEB 0270],United Kingdom,7/1/2021,,Yes,ST/SG/SER.E/1008,ST/SG/SER.E/1021,in orbit,,Communications satellite,State of registry notes that given Basic Orbital Parameters are for the intended final orbit which should be achieved by 2021-11-15. Mentioned by the Russian Federation in ST/SG/SER.E/1021.,Link,2021
2021-060Y,48989,OWLID000241 (SL0271) [ONEWEB 0271],United Kingdom,7/1/2021,,Yes,ST/SG/SER.E/1008,ST/SG/SER.E/1021,in orbit,,Communications satellite,State of registry notes that given Basic Orbital Parameters are for the intended final orbit which should be achieved by 2021-11-15. Mentioned by the Russian Federation in ST/SG/SER.E/1021.,Link,2021
2021-060Z,48990,OWLID000242 (SL0272) [ONEWEB 0272],United Kingdom,7/1/2021,,Yes,ST/SG/SER.E/1008,ST/SG/SER.E/1021,in orbit,,Communications satellite,State of registry notes that given Basic Orbital Parameters are for the intended final orbit which should be achieved by 2021-11-15. Mentioned by the Russian Federation in ST/SG/SER.E/1021.,Link,2021
2021-060U,48985,OWLID000237 (SL0267) [ONEWEB 0267],United Kingdom,7/1/2021,,Yes,ST/SG/SER.E/1008,ST/SG/SER.E/1021,in orbit,,Communications satellite,State of registry notes that given Basic Orbital Parameters are for the intended final orbit which should be achieved by 2021-11-15. Mentioned by the Russian Federation in ST/SG/SER.E/1021.,Link,2021
2021-060V,48986,OWLID000238 (SL0268) [ONEWEB 0268],United Kingdom,7/1/2021,,Yes,ST/SG/SER.E/1008,ST/SG/SER.E/1021,in orbit,,Communications satellite,State of registry notes that given Basic Orbital Parameters are for the intended final orbit which should be achieved by 2021-11-15. Mentioned by the Russian Federation in ST/SG/SER.E/1021.,Link,2021
2021-060M,48978,OWLID000230 (SL0260) [ONEWEB 0260],United Kingdom,7/1/2021,,Yes,ST/SG/SER.E/1008,ST/SG/SER.E/1021,in orbit,,Communications satellite,State of registry notes that given Basic Orbital Parameters are for the intended final orbit which should be achieved by 2021-11-15. Mentioned by the Russian Federation in ST/SG/SER.E/1021.,Link,2021
2021-060N,48979,OWLID000231 (SL0261) [ONEWEB 0261],United Kingdom,7/1/2021,,Yes,ST/SG/SER.E/1008,ST/SG/SER.E/1021,in orbit,,Communications satellite,State of registry notes that given Basic Orbital Parameters are for the intended final orbit which should be achieved by 2021-11-15. Mentioned by the Russian Federation in ST/SG/SER.E/1021.,Link,2021
2021-060P,48980,OWLID000232 (SL0262) [ONEWEB 0262],United Kingdom,7/1/2021,,Yes,ST/SG/SER.E/1008,ST/SG/SER.E/1021,in orbit,,Communications satellite,State of registry notes that given Basic Orbital Parameters are for the intended final orbit which should be achieved by 2021-11-15. Mentioned by the Russian Federation in ST/SG/SER.E/1021.,Link,2021
2021-060Q,48981,OWLID000233 (SL0263) [ONEWEB 0263],United Kingdom,7/1/2021,,Yes,ST/SG/SER.E/1008,ST/SG/SER.E/1021,in orbit,,Communications satellite,State of registry notes that given Basic Orbital Parameters are for the intended final orbit which should be achieved by 2021-11-15. Mentioned by the Russian Federation in ST/SG/SER.E/1021.,Link,2021
2021-060T,48984,OWLID000236 (SL0266) [ONEWEB 0266],United Kingdom,7/1/2021,,Yes,ST/SG/SER.E/1008,ST/SG/SER.E/1021,in orbit,,Communications satellite,State of registry notes that given Basic Orbital Parameters are for the intended final orbit which should be achieved by 2021-11-15. Mentioned by the Russian Federation in ST/SG/SER.E/1021.,Link,2021
2021-060R,48982,OWLID000234 (SL0264) [ONEWEB 0264],United Kingdom,7/1/2021,,Yes,ST/SG/SER.E/1008,ST/SG/SER.E/1021,in orbit,,Communications satellite,State of registry notes that given Basic Orbital Parameters are for the intended final orbit which should be achieved by 2021-11-15. Mentioned by the Russian Federation in ST/SG/SER.E/1021.,Link,2021
2021-060B,48968,OWLID000220 (SL0250)  [ONEWEB 0250],United Kingdom,7/1/2021,,Yes,ST/SG/SER.E/1008,ST/SG/SER.E/1021,in orbit,,Communications satellite,State of registry notes that given Basic Orbital Parameters are for the intended final orbit which should be achieved by 2021-11-15. Mentioned by the Russian Federation in ST/SG/SER.E/1021.,Link,2021
2021-060A,48967,OWLID000219 (SL0249) [ONEWEB 0249],United Kingdom,7/1/2021,,Yes,ST/SG/SER.E/1008,ST/SG/SER.E/1021,in orbit,,Communications satellite,State of registry notes that given Basic Orbital Parameters are for the intended final orbit which should be achieved by 2021-11-15. Mentioned by the Russian Federation in ST/SG/SER.E/1021.,Link,2021
2021-060AK,49000,OWLID000252 (SL0282) [ONEWEB 0282],United Kingdom,7/1/2021,,Yes,ST/SG/SER.E/1008,ST/SG/SER.E/1021,in orbit,,Communications satellite,State of registry notes that given Basic Orbital Parameters are for the intended final orbit which should be achieved by 2021-11-15. Mentioned by the Russian Federation in ST/SG/SER.E/1021.,Link,2021
2021-060AF,48996,OWLID000248 (SL0278) [ONEWEB 0278],United Kingdom,7/1/2021,,Yes,ST/SG/SER.E/1008,ST/SG/SER.E/1021,in orbit,,Communications satellite,State of registry notes that given Basic Orbital Parameters are for the intended final orbit which should be achieved by 2021-11-15. Mentioned by the Russian Federation in ST/SG/SER.E/1021.,Link,2021
2021-060AG,48997,OWLID000249 (SL0279) [ONEWEB 0279],United Kingdom,7/1/2021,,Yes,ST/SG/SER.E/1008,ST/SG/SER.E/1021,in orbit,,Communications satellite,State of registry notes that given Basic Orbital Parameters are for the intended final orbit which should be achieved by 2021-11-15. Mentioned by the Russian Federation in ST/SG/SER.E/1021.,Link,2021
2021-060AH,48998,OWLID000250 (SL0280) [ONEWEB 0280],United Kingdom,7/1/2021,,Yes,ST/SG/SER.E/1008,ST/SG/SER.E/1021,in orbit,,Communications satellite,State of registry notes that given Basic Orbital Parameters are for the intended final orbit which should be achieved by 2021-11-15. Mentioned by the Russian Federation in ST/SG/SER.E/1021.,Link,2021
2021-060AJ,48999,OWLID000251 (SL0281) [ONEWEB 0281],United Kingdom,7/1/2021,,Yes,ST/SG/SER.E/1008,ST/SG/SER.E/1021,in orbit,,Communications satellite,State of registry notes that given Basic Orbital Parameters are for the intended final orbit which should be achieved by 2021-11-15. Mentioned by the Russian Federation in ST/SG/SER.E/1021.,Link,2021
2021-060AL,49001,OWLID000253 (SL0283) [ONEWEB 0283],United Kingdom,7/1/2021,,Yes,ST/SG/SER.E/1008,ST/SG/SER.E/1021,in orbit,,Communications satellite,State of registry notes that given Basic Orbital Parameters are for the intended final orbit which should be achieved by 2021-11-15. Mentioned by the Russian Federation in ST/SG/SER.E/1021.,Link,2021
2021-060AM,49002,OWLID000254 (SL0284) [ONEWEB 0284],United Kingdom,7/1/2021,,Yes,ST/SG/SER.E/1008,ST/SG/SER.E/1021,in orbit,,Communications satellite,State of registry notes that given Basic Orbital Parameters are for the intended final orbit which should be achieved by 2021-11-15. Mentioned by the Russian Federation in ST/SG/SER.E/1021.,Link,2021
[2021-059BB],, [PAINANI II],[(for Mexico)],[2021-06-30],,No,,,[in orbit],,------,Not registered with the United Nations.,,2021
2021-059N,NZ-2022-05,SpaceBEENZ 8 ,New Zealand,6/30/2021,,Yes,ST/SG/SER.E/1052,,[decayed],[2023-09-19],Communications/ Internet of Things (IoT),------,,2021
[2021-058B],, [STORK 5 (MARTA)],[(for Poland)],[2021-06-30],,No,,,[decayed],[2023-10-22],------,Not registered with the United Nations.,,2021
2021-059D,NZ-2022-07,SpaceBEENZ 10 ,New Zealand,6/30/2021,,Yes,ST/SG/SER.E/1052,,[decayed],[2023-09-15],Communications/ Internet of Things (IoT),------,,2021
2021-059J,NZ-2022-06,SpaceBEENZ 9 ,New Zealand,6/30/2021,,Yes,ST/SG/SER.E/1052,,[decayed],[2023-09-15],Communications/ Internet of Things (IoT),------,,2021
2021-059L,NZ-2022-04,SpaceBEENZ 7 ,New Zealand,6/30/2021,,Yes,ST/SG/SER.E/1052,,[decayed],[2023-09-12],Communications/ Internet of Things (IoT),------,,2021
[2021-058C],, [STORK 4],[(for Poland)],[2021-06-30],,No,,,[decayed],[2023-10-03],------,Not registered with the United Nations.,,2021
2021-059P,,EG 3 (Tyvak-0173) ,Australia,6/30/2021,,Yes,ST/SG/SER.E/1119,,in orbit,,EG-3 will be used to expand EchoStar Global’s test fleet and bring into use EchoStar’s International Telecommunications Union spectrum rights for SIRION-1,------,,2021
2021-059BC,,Lemur 2 Merima ,USA,6/30/2021,,Yes,ST/SG/SER.E/1024,,[decayed],[2024-01-19],Spacecraft engaged in practical applications and uses of space technology such as weather or communications,------,,2021
2021-059BA,,FM148 (LEMUR-2 AC-Cubed) ,Luxembourg,6/30/2021,,Yes,ST/SG/SER.E/1043,,[decayed],[2024-02-21],Earth exploration and meteorology,------,,2021
2021-059G,,FM139 (LEMUR-2 Jackson) ,Luxembourg,6/30/2021,,Yes,ST/SG/SER.E/1043,,[decayed],[2024-02-10],Earth exploration and meteorology,------,,2021
2021-059BR,,KSF1 C ,Luxembourg,6/30/2021,,Yes,ST/SG/SER.E/1139,,[decayed],[2024-02-21],Passive geolocation of radio transmissions for the purpose of supplying Radio Frequency (RF) reconnaissance data to the maritime situation awareness domain,------,,2021
2021-059BZ,,KSF1 D ,Luxembourg,6/30/2021,,Yes,ST/SG/SER.E/1139,,[decayed],[2023-12-05],Passive geolocation of radio transmissions for the purpose of supplying Radio Frequency (RF) reconnaissance data to the maritime situation awareness domain,------,,2021
[2021-059BT],, [AYAN 21],[(for Rwanda)],[2021-06-30],,No,,,[decayed],[2024-10-09],------,Not registered with the United Nations.,,2021
2021-059BQ,,Sherpa LTE-1 ,USA,6/30/2021,,Yes,ST/SG/SER.E/1024,ST/SG/SER.E/1222,[decayed],7/5/2024,Spacecraft engaged in practical applications and uses of space technology such as weather or communications,------,,2021
2021-059Y,,TROPICS Pathfinder ,USA,6/30/2021,,Yes,ST/SG/SER.E/1024,ST/SG/SER.E/1222,[decayed],7/26/2024,Spacecraft engaged in practical applications and uses of space technology such as weather or communications,------,,2021
2021-059AC,2021-059AC,Nusat-19 [(ROSALIND)],Uruguay,6/30/2021,,Yes,ST/SG/SER.E/1147,,[decayed],[2024-10-30],Earth observation,------,,2021
2021-059V,Mar-21,Centauri 4 (Tyvak-0211) ,Australia,6/30/2021,,Yes,ST/SG/SER.E/1119,,[decayed],[2024-05-29],Communications relay for customer IoT data through S-Band radio,------,,2021
2021-059BG,,SpaceBEE 089 ,USA,6/30/2021,,Yes,ST/SG/SER.E/1024,ST/SG/SER.E/1117,[decayed],3/7/2023,Spacecraft engaged in practical applications and uses of space technology such as weather or communications,------,,2021
2021-059BP,,SpaceBEE 091 ,USA,6/30/2021,,Yes,ST/SG/SER.E/1024,ST/SG/SER.E/1117,[decayed],3/7/2023,Spacecraft engaged in practical applications and uses of space technology such as weather or communications,------,,2021
2021-059BK,,SpaceBEE 099 ,USA,6/30/2021,,Yes,ST/SG/SER.E/1024,ST/SG/SER.E/1130,decayed,4/1/2023,Spacecraft engaged in practical applications and uses of space technology such as weather or communications,Name of space object amended by State of registry in ST/SG/SER.E/1058.,,2021
2021-059BW,,SpaceBEE 090 ,USA,6/30/2021,,Yes,ST/SG/SER.E/1024,ST/SG/SER.E/1117,decayed,3/1/2023,Spacecraft engaged in practical applications and uses of space technology such as weather or communications,------,,2021
2021-059BU,,SpaceBEE 095 ,USA,6/30/2021,,Yes,ST/SG/SER.E/1024,ST/SG/SER.E/1117,decayed,3/15/2023,Spacecraft engaged in practical applications and uses of space technology such as weather or communications,------,,2021
2021-059BL,,SpaceBEE 094 ,USA,6/30/2021,,Yes,ST/SG/SER.E/1024,ST/SG/SER.E/1117,decayed,3/14/2023,Spacecraft engaged in practical applications and uses of space technology such as weather or communications,------,,2021
2021-059BN,,SpaceBEE 093 ,USA,6/30/2021,,Yes,ST/SG/SER.E/1024,ST/SG/SER.E/1116,decayed,2/27/2023,Spacecraft engaged in practical applications and uses of space technology such as weather or communications,------,,2021
2021-059BJ,,SpaceBEE 088 ,USA,6/30/2021,,Yes,ST/SG/SER.E/1024,ST/SG/SER.E/1116,decayed,2/24/2023,Spacecraft engaged in practical applications and uses of space technology such as weather or communications,------,,2021
2021-059BY,,SpaceBEE 098 ,USA,6/30/2021,,Yes,ST/SG/SER.E/1117,,,3/28/2023,Spacecraft engaged in practical applications and uses of space technology such as weather or communications,------,,2021
2021-059BV,,SpaceBEE 097 ,USA,6/30/2021,,Yes,ST/SG/SER.E/1024,ST/SG/SER.E/1117,decayed,3/28/2023,Spacecraft engaged in practical applications and uses of space technology such as weather or communications,Name of space object amended by State of registry in ST/SG/SER.E/1058.,,2021
2021-059BH,,SpaceBEE 096 ,USA,6/30/2021,,Yes,ST/SG/SER.E/1024,ST/SG/SER.E/1117,decayed,3/20/2023,Spacecraft engaged in practical applications and uses of space technology such as weather or communications,------,,2021
2021-059BF,,SpaceBEE 92 ,USA,6/30/2021,,Yes,ST/SG/SER.E/1024,ST/SG/SER.E/1117,decayed,3/14/2023,Spacecraft engaged in practical applications and uses of space technology such as weather or communications,------,,2021
2021-059AL,,Capella-5 (Whitney) ,USA,6/30/2021,,Yes,ST/SG/SER.E/1024,ST/SG/SER.E/1116,decayed,2/23/2023,Spacecraft engaged in practical applications and uses of space technology such as weather or communications,------,,2021
2021-058E,,CNCE1 [CNCE BLK 1],USA,6/30/2021,,Yes,ST/SG/SER.E/1024,ST/SG/SER.E/1179,decayed,10/31/2023,Spacecraft engaged in practical applications and uses of space technology such as weather or communications,------,,2021
2021-058G,,HALO-Net Free Flyer ,USA,6/30/2021,,Yes,ST/SG/SER.E/1024,ST/SG/SER.E/1186,decayed,11/25/2023,Spacecraft engaged in practical applications and uses of space technology such as weather or communications,------,,2021
2021-058D,,CNCE 3 ,USA,6/30/2021,,Yes,ST/SG/SER.E/1024,ST/SG/SER.E/1179,decayed,10/31/2023,Spacecraft engaged in practical applications and uses of space technology such as weather or communications,------,,2021
2021-013E,,Orca 6 ,USA,6/30/2021,,Yes,ST/SG/SER.E/1024,ST/SG/SER.E/1110,decayed,1/31/2023,Spacecraft engaged in practical applications and uses of space technology such as weather or communications,Deployed from CYGNUS NG-15 (international designator 2021-013A). Date of launch and date of deployment provided by State of registry in ST/SG/SER.E/1024. Date of launch is date of deployment.,,2021
2021-013C,,Orca 7 ,USA,6/30/2021,,Yes,ST/SG/SER.E/1024,ST/SG/SER.E/1110,decayed,1/31/2023,Spacecraft engaged in practical applications and uses of space technology such as weather or communications,Deployed from CYGNUS NG-15 (international designator 2021-013A). Date of launch and date of deployment provided by State of registry in ST/SG/SER.E/1024. Date of launch is date of deployment.,,2021
2021-013D,,Gunsmoke J-2 ,USA,6/30/2021,,Yes,ST/SG/SER.E/1024,ST/SG/SER.E/1188,decayed,12/28/2023,Spacecraft engaged in practical applications and uses of space technology such as weather or communications,Deployed from CYGNUS NG-15 (international designator 2021-013A). Date of launch and date of deployment provided by State of registry in ST/SG/SER.E/1024. Date of launch is date of deployment.,,2021
2021-059AW,,FM140 (LEMUR-2 AnnaBanana) ,Luxembourg,6/30/2021,,Yes,ST/SG/SER.E/1043,,[decayed],[2024-07-12],Earth exploration and meteorology,------,,2021
2021-059AS,2021-059AS,Nusat-22 [(SOFYA)],Uruguay,6/30/2021,,Yes,ST/SG/SER.E/1147,,[decayed],[2023-12-15],Earth observation,------,,2021
2021-059AT,2021-059AT,Nusat-21 [(ELISA)],Uruguay,6/30/2021,,Yes,ST/SG/SER.E/1147,,in orbit,,Earth observation,------,,2021
2021-059AU,2021-059AU,Nusat-20 [(GRACE)],Uruguay,6/30/2021,,Yes,ST/SG/SER.E/1147,,in orbit,,Earth observation,------,,2021
2021-013G,,IT SPINS ,USA,6/30/2021,,Yes,ST/SG/SER.E/1024,ST/SG/SER.E/1200,decayed,2/28/2024,Spacecraft engaged in practical applications and uses of space technology such as weather or communications,Deployed from CYGNUS NG-15 (international designator 2021-013A). Date of launch and date of deployment provided by State of registry in ST/SG/SER.E/1024. Date of launch is date of deployment.,,2021
2021-059AB,,SpaceBEE 111 ,USA,6/30/2021,,Yes,ST/SG/SER.E/1024,ST/SG/SER.E/1200,decayed,2/17/2024,Spacecraft engaged in practical applications and uses of space technology such as weather or communications,------,,2021
2021-059BD,,KSF1 A ,Luxembourg,6/30/2021,,Yes,ST/SG/SER.E/1139,ST/SG/SER.E/1202,[decayed],2/23/2024,Passive geolocation of radio transmissions for the purpose of supplying Radio Frequency (RF) reconnaissance data to the maritime situation awareness domain,------,,2021
2021-059AZ,,KSF1 B ,Luxembourg,6/30/2021,,Yes,ST/SG/SER.E/1139,ST/SG/SER.E/1202,[decayed],2/14/2024,Passive geolocation of radio transmissions for the purpose of supplying Radio Frequency (RF) reconnaissance data to the maritime situation awareness domain,------,,2021
2021-059CJ,,FM150 (LEMUR-2 CarlSantaMari) ,Luxembourg,6/30/2021,,Yes,ST/SG/SER.E/1043,ST/SG/SER.E/1202,[decayed],[2023-08-14],Earth exploration and meteorology,State of registry notes in ST/SG/SER.E/1202 that space object was decommissioned on 13 August 2023.,,2021
2021-059AY,,FM143 (LEMUR-2 John-Treires) ,Luxembourg,6/30/2021,,Yes,ST/SG/SER.E/1043,,[decayed],[2023-12-05],Earth exploration and meteorology,State of registry notes in ST/SG/SER.E/1202 that space object was decommissioned on 1 December 2023.,,2021
2021-059F,,SpaceBEE 101 ,USA,6/30/2021,,Yes,ST/SG/SER.E/1024,ST/SG/SER.E/1213,decayed,3/28/2024,Spacecraft engaged in practical applications and uses of space technology such as weather or communications,------,,2021
2021-059Q,,SpaceBEE 106 ,USA,6/30/2021,,Yes,ST/SG/SER.E/1024,ST/SG/SER.E/1213,decayed,3/30/2024,Spacecraft engaged in practical applications and uses of space technology such as weather or communications,------,,2021
2021-059S,,SpaceBEE 108 ,USA,6/30/2021,,Yes,ST/SG/SER.E/1024,ST/SG/SER.E/1213,decayed,3/30/2024,Spacecraft engaged in practical applications and uses of space technology such as weather or communications,------,,2021
2021-059H,,SpaceBEE 102 ,USA,6/30/2021,,Yes,ST/SG/SER.E/1024,ST/SG/SER.E/1213,decayed,3/28/2024,Spacecraft engaged in practical applications and uses of space technology such as weather or communications,------,,2021
2021-059U,,SpaceBEE 109 ,USA,6/30/2021,,Yes,ST/SG/SER.E/1024,ST/SG/SER.E/1213,decayed,3/6/2024,Spacecraft engaged in practical applications and uses of space technology such as weather or communications,------,,2021
2021-059W,,SpaceBEE 110 ,USA,6/30/2021,,Yes,ST/SG/SER.E/1024,ST/SG/SER.E/1213,decayed,3/6/2024,Spacecraft engaged in practical applications and uses of space technology such as weather or communications,------,,2021
2021-059R,,SpaceBEE 107 ,USA,6/30/2021,,Yes,ST/SG/SER.E/1024,ST/SG/SER.E/1213,decayed,3/1/2024,Spacecraft engaged in practical applications and uses of space technology such as weather or communications,------,,2021
2021-059E,,SpaceBEE 100 ,USA,6/30/2021,,Yes,ST/SG/SER.E/1024,ST/SG/SER.E/1213,decayed,3/14/2024,Spacecraft engaged in practical applications and uses of space technology such as weather or communications,------,,2021
2021-059K,,SpaceBEE 103 ,USA,6/30/2021,,Yes,ST/SG/SER.E/1024,ST/SG/SER.E/1213,decayed,3/12/2024,Spacecraft engaged in practical applications and uses of space technology such as weather or communications,------,,2021
2021-059T,,SpaceBEE 105 ,USA,6/30/2021,,Yes,ST/SG/SER.E/1024,ST/SG/SER.E/1213,decayed,3/12/2024,Spacecraft engaged in practical applications and uses of space technology such as weather or communications,------,,2021
2021-059M,,SpaceBEE 104 ,USA,6/30/2021,,Yes,ST/SG/SER.E/1024,ST/SG/SER.E/1213,decayed,3/9/2024,Spacecraft engaged in practical applications and uses of space technology such as weather or communications,------,,2021
2021-059AH,,GNOMES 2 ,USA,6/30/2021,,Yes,ST/SG/SER.E/1024,ST/SG/SER.E/1215,decayed,5/10/2024,Spacecraft engaged in practical applications and uses of space technology such as weather or communications,------,,2021
2021-059A,,Starlink 3003 ,USA,6/30/2021,,Yes,ST/SG/SER.E/1024,ST/SG/SER.E/1227,[deorbited],8/30/2024,Spacecraft engaged in practical applications and uses of space technology such as weather or communications,------,,2021
[2021-059AV],2021-LT-03,D2 / Atlacom-1 ,Lithuania,6/30/2021,,Yes,ST/SG/SER.E/1009,,in orbit,,Satellite services and technology demonstration,------,,2021
2021-059B,,Starlink 3004 ,USA,6/30/2021,,Yes,ST/SG/SER.E/1024,,in orbit,,Spacecraft engaged in practical applications and uses of space technology such as weather or communications,------,,2021
2021-059BE,,Hawk 3B ,USA,6/30/2021,,Yes,ST/SG/SER.E/1024,,in orbit,,Spacecraft engaged in practical applications and uses of space technology such as weather or communications,------,,2021
2021-059AJ,,YAM 2 ,USA,6/30/2021,,Yes,ST/SG/SER.E/1024,,in orbit,,Spacecraft engaged in practical applications and uses of space technology such as weather or communications,------,,2021
2021-059AN,,YAM 3 ,USA,6/30/2021,,Yes,ST/SG/SER.E/1024,,in orbit,,Spacecraft engaged in practical applications and uses of space technology such as weather or communications,------,,2021
2021-059CF,,Astro Digital Demo 9 (Aurora) ,USA,6/30/2021,,Yes,ST/SG/SER.E/1024,,in orbit,,Spacecraft engaged in practical applications and uses of space technology such as weather or communications,------,,2021
2021-059C,,Starlink 3005 ,USA,6/30/2021,,Yes,ST/SG/SER.E/1024,,in orbit,,Spacecraft engaged in practical applications and uses of space technology such as weather or communications,------,,2021
2021-059CH,,Sherpa FX2 ,USA,6/30/2021,,Yes,ST/SG/SER.E/1024,,in orbit,,Spacecraft engaged in practical applications and uses of space technology such as weather or communications,------,,2021
2021-059AE,,Mandrake 2 Able ,USA,6/30/2021,,Yes,ST/SG/SER.E/1024,,in orbit,,Spacecraft engaged in practical applications and uses of space technology such as weather or communications,------,,2021
2021-059AF,,Mandrake 2 Baker ,USA,6/30/2021,,Yes,ST/SG/SER.E/1024,,in orbit,,Spacecraft engaged in practical applications and uses of space technology such as weather or communications,------,,2021
2021-059CA,,Astro Digital Demo 8 (Tenzing) ,USA,6/30/2021,,Yes,ST/SG/SER.E/1024,,in orbit,,Spacecraft engaged in practical applications and uses of space technology such as weather or communications,------,,2021
2021-059CG,,Hawk 3A ,USA,6/30/2021,,Yes,ST/SG/SER.E/1024,,in orbit,,Spacecraft engaged in practical applications and uses of space technology such as weather or communications,------,,2021
2021-059BX,,Hawk 3C ,USA,6/30/2021,,Yes,ST/SG/SER.E/1024,,in orbit,,Spacecraft engaged in practical applications and uses of space technology such as weather or communications,------,,2021
2021-058F,,BRIK II [(BRIK 2)],Netherlands,6/30/2021,-,Yes,ST/SG/SER.E/1030,,in orbit,,Demonstration satellite for military purpose,------,Link,2021
2021-059X,D-R090,TUBIN ,Germany,6/30/2021,,Yes,ST/SG/SER.E/1014,,in orbit,,Satellite is for the demonstration of an infrared payload for remote sensing of vegetation fires,Estimated year when space object is no longer functional provided by State of registry in ST/SG/SER.E/1014.,,2021
2021-059AM,FIN-13-SAT-2021,ICEYE X12 ,Finland,6/30/2021,,Yes,ST/SG/SER.E/1015,,in orbit,,"Earth observation satellite, carrying a synthetic aperture radar. Data will be provided commercially.",------,,2021
2021-059AQ,FIN-15-SAT-2021,ICEYE X15 ,Finland,6/30/2021,,Yes,ST/SG/SER.E/1015,,in orbit,,"Earth observation satellite, carrying a synthetic aperture radar. Data will be provided commercially.",------,,2021
2021-059AP,FIN-14-SAT-2021,ICEYE X13 ,Finland,6/30/2021,,Yes,ST/SG/SER.E/1015,,in orbit,,"Earth observation satellite, carrying a synthetic aperture radar. Data will be provided commercially.",------,,2021
2021-059AR,FIN-12-SAT-2021,ICEYEX11 ,Finland,6/30/2021,,Yes,ST/SG/SER.E/1015,,in orbit,,"Earth observation satellite, carrying a synthetic aperture radar. Data will be provided commercially.",------,,2021
2021-059AX,,Faraday Phoenix ,United Kingdom,6/30/2021,,Yes,ST/SG/SER.E/1022,,in orbit,,"Faraday Phoenix is a fully commercial in-orbit demonstration / early service satellite which accommodates payloads from a range of commercial customers. It is the first in a series of high value, hosted payload missions for technology and early service demonstrations. It is a 6U cubesat based on the GomSpace heritage bus as flown for the GOMX-4 mission and embarks a number of payloads",------,Link,2021
[2021-059CE],, [ASTROCAST 0203],[(for Switzerland)],[2021-06-30],,No,,,[in orbit],,------,Not registered with the United Nations.,,2021
[2021-059CD],, [ASTROCAST 0201],[(for Switzerland)],[2021-06-30],,No,,,[in orbit],,------,Not registered with the United Nations.,,2021
[2021-059CK],, [ASTROCAST 0205],[(for Switzerland)],[2021-06-30],,No,,,[in orbit],,------,Not registered with the United Nations.,,2021
2021-059AG,,PACE 1 ,USA,6/30/2021,,Yes,ST/SG/SER.E/1034,,in orbit,,Spacecraft engaged in practical applications and uses of space technology such as weather or communications,------,,2021
[2021-059CB],, [ASTROCAST 0204],[(for Switzerland)],[2021-06-30],,No,,,[decayed],[2025-02-25],------,Not registered with the United Nations.,,2021
[2021-059CL],, [ASTROCAST 0202],[(for Switzerland)],[2021-06-30],,No,,,[decayed],[2025-05-08],------,Not registered with the United Nations.,,2021
2021-059AA,,LINCS 2 ,USA,6/30/2021,,Yes,ST/SG/SER.E/1024,ST/SG/SER.E/1302,decayed,5/6/2025,Spacecraft engaged in practical applications and uses of space technology such as weather or communications,------,,2021
2021-059AK,,ION SCV-003 Dauntless David ,(for Italy),6/30/2021,,Yes,ST/SG/SER.E/1228,,[decayed],[2024-12-09],"Commercial / operations/ technology demonstration. The ION-SCV 003 Dauntless David hosted seven CubeSats to be deployed once in orbit. It also hosted a number of non-deployable experiments. CubeSats released by ION-SCV 003 on behalf of EnduroSat: SPARTAN (NORAD ID: 48964), QMR-KWT (NORAD ID: 48943). CubeSats released by ION-SCV 003 on behalf of ISISPACE Group: Napa-2 (NORAD ID: 48963), W-Cube (NORAD ID: 48965), Ghalib (NORAD ID: 48962); CubeSat released by ION-SCV 003 on behalf of Elecnor Deimos: Nept-1 (NORAD ID: 48966).",The registration submission for this space object is presently being processed by the United Nations Secretariat.,Link,2021
2021-059Z,,LINCS 1 ,USA,6/30/2021,,Yes,ST/SG/SER.E/1024,ST/SG/SER.E/1290,[decayed],3/13/2025,Spacecraft engaged in practical applications and uses of space technology such as weather or communications,------,,2021
2021-059BM,,Lynk 06 (Shannon) ,USA,6/30/2021,,Yes,ST/SG/SER.E/1024,ST/SG/SER.E/1270,[deorbited],1/31/2025,Spacecraft engaged in practical applications and uses of space technology such as weather or communications,------,,2021
2021-058H,,Gunsmoke J-4 ,USA,6/30/2021,,Yes,ST/SG/SER.E/1024,ST/SG/SER.E/1214,decayed,4/9/2024,Spacecraft engaged in practical applications and uses of space technology such as weather or communications,------,,2021
2021-059AD,,Umbra SAR 2001 ,USA,6/30/2021,,Yes,ST/SG/SER.E/1024,ST/SG/SER.E/1214,decayed,4/30/2024,Spacecraft engaged in practical applications and uses of space technology such as weather or communications,------,,2021
[2021-059CC],2021-B-SC-036,ARTHUR 1 ,Belgium,6/30/2021,,Yes,ST/SG/SER.E/1017,ST/SG/SER.E/1316,decayed,12/31/2025,"Testing and demonstration of subsystems, operations flows and data transmission, capture of geospatial images",-----,,2021
[2021-057A],3570-2021-007,Progress MS-17 ,Russian Federation,6/29/2021,,Yes,ST/SG/SER.E/1007,ST/SG/SER.E/1032,deorbited,11/25/2021,"Delivery to the International Space Station of fuel, water, oxygen, air, food, scientific equipment and other consumable materials required for the crew, scientific experiments and operation of the Station",------,,2021
2021-013F,,DhabiSat [(MYSAT 2)],United Arab Emirates,6/27/2021,,Yes,ST/SG/SER.E/1012,,[decayed],[2024-01-17],Technology demonstration (testing and validation of various attitude determination and control system pointing control strategies),Deployed from CYGNUS NG-15 (international designator 2021-013A). Date of launch is date of deployment.,,2021
[2021-056A],3569-2021-006,Cosmos 2550 ,Russian Federation,6/25/2021,,Yes,ST/SG/SER.E/1007,,in orbit,,Intended for assignments on behalf of the Ministry of Defence of the Russian Federation,------,,2021
1998-067SP,Mauritius,MIR SAT1 ,Mauritius,6/22/2021,,Yes,A/AC.105/INF/448,A/AC.105/INF/448/Add.1,decayed,4/18/2022,Capacity-building in space engineering for Mauritian professionals; receiving MIR-SAT1 beacons; assessing MIR-SAT1 on-board components status and plan mission; uploading mission tasks such as the taking of images of Mauritius and its exclusive economic zone by a 1.4-megapixel complementary metal oxide semiconductor (CMOS) imager module; downloading data from the satellite; testing island-to-island communication via digipeater,Date of launch is date of deployment from the ISS. Estimated date of re-entry provided by State of registry in A/AC.105/INF/448. International Designator amended in A/AC.105/INF/448/Add.1.,Link,2021
1998-067SN,,G Satellite2 [BD 28],Japan,6/22/2021,,Yes,ST/SG/SER.E/1073,,in orbit,,"Deployment of figurines and message display; take pictures of figurines, space, Earth and cheerful messages",Date of launch is date of deployment from the ISS.,,2021
2021-055D,,Yaogan 30-AC ,China,6/18/2021,,Yes,ST/SG/SER.E/1033,,in orbit,,Remote sensing satellite,------,,2021
2021-055A,,Yaogan 30-AA ,China,6/18/2021,,Yes,ST/SG/SER.E/1033,,in orbit,,Remote sensing satellite,------,,2021
2021-055B,,Yaogan 30-AB ,China,6/18/2021,,Yes,ST/SG/SER.E/1033,,in orbit,,Remote sensing satellite,------,,2021
[2021-055E],, [TIANQI 14],[China],[2021-06-18],,No,,,[in orbit],,------,Not registered with the United Nations.,,2021
[2021-053C],, [SHENZHOU 12 ORBITAL MODULE],[China],[2021-06-17],,No,,,[decayed],[2023-02-08],------,Not registered with the United Nations.,,2021
2021-053A,,Shenzhou 12 [SZ 12],China,6/17/2021,,Yes,ST/SG/SER.E/1033,A/AC.105/1262,[recovered],[2021-09-17],Crewed spacecraft,Notification by China in A/AC.105/1262 of preventive collision avoidance on 1 July 2021 with Starlink-1095 (international designator 2020-001BK). Notification by the United States in ST/SG/SER.E/1265 that the United States Space Command did not estimate a significant probability of collision between the CSS and the referenced US spacecraft.,,2021
2021-054A,,NAVSTAR 81 (USA 319) ,USA,6/17/2021,,Yes,ST/SG/SER.E/1024,,in orbit,,Spacecraft engaged in practical applications and uses of space technology such as weather or communications,------,,2021
2021-052C,,USA 318 ,USA,6/15/2021,,Yes,ST/SG/SER.E/1024,,in orbit,,Spacecraft engaged in practical applications and uses of space technology such as weather or communications,------,,2021
2021-052B,,USA 317 ,USA,6/15/2021,,Yes,ST/SG/SER.E/1024,,in orbit,,Spacecraft engaged in practical applications and uses of space technology such as weather or communications,------,,2021
2021-052A,,USA 316 ,USA,6/15/2021,,Yes,ST/SG/SER.E/1024,,in orbit,,Spacecraft engaged in practical applications and uses of space technology such as weather or communications,------,,2021
1998-067SM,,SOAR ,United Kingdom,6/14/2021,,Yes,ST/SG/SER.E/1002,ST/SG/SER.E/1056,decayed,3/14/2022,"The Satellite for Orbital Aerodynamics Research (SOAR) is to demonstrate aerodynamic materials (specifically materials which specularly reflect atomic oxygen in the free molecular flow environment), and aerodynamic attitude and orbit control. The payloads include an ion and neutral mass spectrometer to characterise the flow/atmospheric environment, and deployed steerable fins with different surface coatings to be used as aerodynamic surfaces.",Date of launch is date of deployment from the ISS.,,2021
1998-067SL,,RamSat ,USA,6/14/2021,,Yes,ST/SG/SER.E/1024,ST/SG/SER.E/1086,decayed,10/12/2022,Spacecraft engaged in practical applications and uses of space technology such as weather or communications,Date of launch is date of deployment from the ISS.,,2021
2021-051A,,Odyssey ,USA,6/13/2021,,Yes,ST/SG/SER.E/1024,ST/SG/SER.E/1096,decayed,12/18/2022,Spacecraft engaged in practical applications and uses of space technology such as weather or communications,------,,2021
[2021-050*],, [BEIJING-3 (BJ-3)],[China],[2021-06-11],,No,,,[in orbit],,------,Not registered with the United Nations. International Designator pending assignment.,,2021
2021-049A,,XM 8 [(SXM 8)],USA,6/6/2021,[-115.0 degrees East],Yes,ST/SG/SER.E/1024,,in GSO,,Spacecraft engaged in practical applications and uses of space technology such as weather or communications,------,,2021
2021-048A,,Dragon CRS-22 ,USA,6/3/2021,,Yes,ST/SG/SER.E/1024,ST/SG/SER.E/1024,[recovered],7/10/2021,Reusable space transportation systems,------,,2021
2021-047A,,Fengyun 4B (FY-4B) ,China,6/2/2021,+123.5 degrees East,Yes,ST/SG/SER.E/1123,,in GSO,,"To ensure the continuity and stability of observation operations by China's geostationary meteorological satellites, obtain multi-spectral, high-frequency and high-precision quantitative observation data and images of the Earth's surface and clouds, observe the vertical structure of atmospheric temperature and humidity parameters, broadcast and distribute satellite images, remote sensing data and products, issue severe weather warning information, and provide observation data for space weather forecasting operations and research",------,,2021
2021-046A,,Tianzhou 2 ,China,5/29/2021,,Yes,ST/SG/SER.E/1033,A/AC.105/1262,[deorbited],[2022-03-31],Cargo spacecraft,Notification by China in A/AC.105/1262 of preventive collision avoidance on 1 July 2021 with Starlink-1095 (international designator 2020-001BK) and 21 October 2021 with Starlink-2305 (international designator 2021-024N). Notification by the United States in ST/SG/SER.E/1265 that the United States Space Command did not estimate a significant probability of collision between the CSS and the referenced US spacecraft.,,2021
[2022-179A],,?[EROS C3],[(for Israel)],[2022-12-30],,No,,,[in orbit],,------,Not registered with the United Nations.,,2022
1998-067UT,55126,ORCASat?,Canada,12/29/2022,,Yes,ST/SG/SER.E/1115,,[decayed],[2023-07-11],Student training and technology demonstration,Date of launch and date of deployment provided by State of registry in ST/SG/SER.E/1115. Date of launch is date of deployment from the ISS.,Link,2022
[1998-067UU],,?[DANTESAT],[(for Italy)],[2022-12-29],,No,,,[decayed],[2023-02-07],,Not registered with the United Nations. Date of launch is date of deployment from the ISS.,,2022
[1998-067UR],,?[NUTSAT],[(for Taiwan Province of China)],[2022-12-29],,No,,,[decayed],[2023-04-04],,Not registered with the United Nations. Date of launch is date of deployment from the ISS.,,2022
1998-067US,55125,LORIS?,Canada,12/29/2022,,Yes,ST/SG/SER.E/1115,,[decayed],[2023-06-03],"The cubesat LORIS will capture images of Nova Scotia, Canada and its surrounding coastline in order to perform research and development on the region?? environment and physical systems, as well as atmospheric investigation via remote sensing technology.",Date of launch and date of deployment provided by State of registry in ST/SG/SER.E/1115. Date of launch used in the Online Index is date of deployment from the ISS.,Link,2022
2022-178A,,Shiyan 10 02?,China,12/29/2022,,Yes,ST/SG/SER.E/1123,,in orbit,,Test satellite,------,,2022
[1998-067UW],,SPORT?,Brazil,12/29/2022,,Yes,ST/SG/SER.E/1141,,[decayed],[2023-10-11],Scientific satellite,Date of launch is date of deployment from the ISS.,,2022
1998-067UX,,PetitSat?,USA,12/29/2022,,Yes,ST/SG/SER.E/1110,ST/SG/SER.E/1130,decayed,4/10/2023,,Date of launch is date of deployment from the ISS.,,2022
1998-067UQ,,MARIO?,USA,12/29/2022,,Yes,ST/SG/SER.E/1110,ST/SG/SER.E/1131,decayed,5/4/2023,Spacecraft engaged in practical applications and uses of space technology such as weather or communications,Date of launch is date of deployment from the ISS.,,2022
1998-067UV,,TJREVERB?,USA,12/29/2022,,Yes,ST/SG/SER.E/1110,ST/SG/SER.E/1146,decayed,6/13/2023,Spacecraft engaged in practical applications and uses of space technology such as weather or communications,Date of launch is date of deployment from the ISS.,,2022
2022-177M,,Starlink 5395?,USA,12/28/2022,,Yes,ST/SG/SER.E/1096,,in orbit,,Spacecraft engaged in practical applications and uses of space technology such as weather or communications,------,,2022
2022-177N,,Starlink 5393?,USA,12/28/2022,,Yes,ST/SG/SER.E/1096,,in orbit,,Spacecraft engaged in practical applications and uses of space technology such as weather or communications,------,,2022
2022-177H,,Starlink 5383?,USA,12/28/2022,,Yes,ST/SG/SER.E/1096,,in orbit,,Spacecraft engaged in practical applications and uses of space technology such as weather or communications,------,,2022
2022-177J,,Starlink 5381?,USA,12/28/2022,,Yes,ST/SG/SER.E/1096,,in orbit,,Spacecraft engaged in practical applications and uses of space technology such as weather or communications,------,,2022
2022-177P,,Starlink 5391?,USA,12/28/2022,,Yes,ST/SG/SER.E/1096,,in orbit,,Spacecraft engaged in practical applications and uses of space technology such as weather or communications,------,,2022
2022-177Q,,Starlink 5386?,USA,12/28/2022,,Yes,ST/SG/SER.E/1096,,in orbit,,Spacecraft engaged in practical applications and uses of space technology such as weather or communications,------,,2022
2022-177L,,Starlink 5394?,USA,12/28/2022,,Yes,ST/SG/SER.E/1096,,in orbit,,Spacecraft engaged in practical applications and uses of space technology such as weather or communications,------,,2022
2022-177G,,Starlink 5107?,USA,12/28/2022,,Yes,ST/SG/SER.E/1096,,in orbit,,Spacecraft engaged in practical applications and uses of space technology such as weather or communications,------,,2022
2022-177AG,,Starlink 5087?,USA,12/28/2022,,Yes,ST/SG/SER.E/1096,,in orbit,,Spacecraft engaged in practical applications and uses of space technology such as weather or communications,------,,2022
2022-177AK,,Starlink 5427?,USA,12/28/2022,,Yes,ST/SG/SER.E/1096,,in orbit,,Spacecraft engaged in practical applications and uses of space technology such as weather or communications,------,,2022
2022-177AF,,Starlink 5434?,USA,12/28/2022,,Yes,ST/SG/SER.E/1096,,in orbit,,Spacecraft engaged in practical applications and uses of space technology such as weather or communications,------,,2022
2022-177AB,,Starlink 5082?,USA,12/28/2022,,Yes,ST/SG/SER.E/1096,,in orbit,,Spacecraft engaged in practical applications and uses of space technology such as weather or communications,------,,2022
2022-177AC,,Starlink 5360?,USA,12/28/2022,,Yes,ST/SG/SER.E/1096,,in orbit,,Spacecraft engaged in practical applications and uses of space technology such as weather or communications,------,,2022
2022-177AD,,Starlink 5061?,USA,12/28/2022,,Yes,ST/SG/SER.E/1096,,in orbit,,Spacecraft engaged in practical applications and uses of space technology such as weather or communications,------,,2022
2022-177AH,,Starlink 5084?,USA,12/28/2022,,Yes,ST/SG/SER.E/1096,,in orbit,,Spacecraft engaged in practical applications and uses of space technology such as weather or communications,------,,2022
2022-177AJ,,Starlink 5418?,USA,12/28/2022,,Yes,ST/SG/SER.E/1096,,in orbit,,Spacecraft engaged in practical applications and uses of space technology such as weather or communications,------,,2022
2022-177AE,,Starlink 5432?,USA,12/28/2022,,Yes,ST/SG/SER.E/1096,,in orbit,,Spacecraft engaged in practical applications and uses of space technology such as weather or communications,------,,2022
2022-177BE,,Starlink 5390?,USA,12/28/2022,,Yes,ST/SG/SER.E/1096,,in orbit,,Spacecraft engaged in practical applications and uses of space technology such as weather or communications,------,,2022
2022-177BF,,Starlink 5091?,USA,12/28/2022,,Yes,ST/SG/SER.E/1096,,in orbit,,Spacecraft engaged in practical applications and uses of space technology such as weather or communications,------,,2022
2022-177B,,Starlink 5385?,USA,12/28/2022,,Yes,ST/SG/SER.E/1096,,in orbit,,Spacecraft engaged in practical applications and uses of space technology such as weather or communications,------,,2022
2022-177C,,Starlink 5101?,USA,12/28/2022,,Yes,ST/SG/SER.E/1096,,in orbit,,Spacecraft engaged in practical applications and uses of space technology such as weather or communications,------,,2022
2022-177F,,Starlink 4801?,USA,12/28/2022,,Yes,ST/SG/SER.E/1096,,in orbit,,Spacecraft engaged in practical applications and uses of space technology such as weather or communications,------,,2022
2022-177D,,Starlink 5106?,USA,12/28/2022,,Yes,ST/SG/SER.E/1096,,in orbit,,Spacecraft engaged in practical applications and uses of space technology such as weather or communications,------,,2022
2022-177E,,Starlink 4643?,USA,12/28/2022,,Yes,ST/SG/SER.E/1096,,in orbit,,Spacecraft engaged in practical applications and uses of space technology such as weather or communications,------,,2022
2022-177A,,Starlink 5382?,USA,12/28/2022,,Yes,ST/SG/SER.E/1096,,in orbit,,Spacecraft engaged in practical applications and uses of space technology such as weather or communications,------,,2022
2022-177AA,,Starlink 5388?,USA,12/28/2022,,Yes,ST/SG/SER.E/1096,,in orbit,,Spacecraft engaged in practical applications and uses of space technology such as weather or communications,------,,2022
2022-177Y,,Starlink 5387?,USA,12/28/2022,,Yes,ST/SG/SER.E/1096,,in orbit,,Spacecraft engaged in practical applications and uses of space technology such as weather or communications,------,,2022
2022-177S,,Starlink 5384?,USA,12/28/2022,,Yes,ST/SG/SER.E/1096,,in orbit,,Spacecraft engaged in practical applications and uses of space technology such as weather or communications,------,,2022
2022-177U,,Starlink 5372?,USA,12/28/2022,,Yes,ST/SG/SER.E/1096,,in orbit,,Spacecraft engaged in practical applications and uses of space technology such as weather or communications,------,,2022
2022-177W,,Starlink 5368?,USA,12/28/2022,,Yes,ST/SG/SER.E/1096,,in orbit,,Spacecraft engaged in practical applications and uses of space technology such as weather or communications,------,,2022
2022-177Z,,Starlink 5304?,USA,12/28/2022,,Yes,ST/SG/SER.E/1096,,in orbit,,Spacecraft engaged in practical applications and uses of space technology such as weather or communications,------,,2022
2022-177X,,Starlink 4659?,USA,12/28/2022,,Yes,ST/SG/SER.E/1096,,in orbit,,Spacecraft engaged in practical applications and uses of space technology such as weather or communications,------,,2022
2022-177R,,Starlink 5389?,USA,12/28/2022,,Yes,ST/SG/SER.E/1096,,in orbit,,Spacecraft engaged in practical applications and uses of space technology such as weather or communications,------,,2022
2022-177AP,,Starlink 5078?,USA,12/28/2022,,Yes,ST/SG/SER.E/1096,,in orbit,,Spacecraft engaged in practical applications and uses of space technology such as weather or communications,------,,2022
2022-177AR,,Starlink 5409?,USA,12/28/2022,,Yes,ST/SG/SER.E/1096,,in orbit,,Spacecraft engaged in practical applications and uses of space technology such as weather or communications,------,,2022
2022-177AN,,Starlink 5086?,USA,12/28/2022,,Yes,ST/SG/SER.E/1096,,in orbit,,Spacecraft engaged in practical applications and uses of space technology such as weather or communications,------,,2022
2022-177AU,,Starlink 5403?,USA,12/28/2022,,Yes,ST/SG/SER.E/1096,,in orbit,,Spacecraft engaged in practical applications and uses of space technology such as weather or communications,------,,2022
2022-177AL,,Starlink 5419?,USA,12/28/2022,,Yes,ST/SG/SER.E/1096,,in orbit,,Spacecraft engaged in practical applications and uses of space technology such as weather or communications,------,,2022
2022-177AM,,Starlink 5416?,USA,12/28/2022,,Yes,ST/SG/SER.E/1096,,in orbit,,Spacecraft engaged in practical applications and uses of space technology such as weather or communications,------,,2022
2022-177AQ,,Starlink 5407?,USA,12/28/2022,,Yes,ST/SG/SER.E/1096,,in orbit,,Spacecraft engaged in practical applications and uses of space technology such as weather or communications,------,,2022
2022-177AT,,Starlink 5400?,USA,12/28/2022,,Yes,ST/SG/SER.E/1096,,in orbit,,Spacecraft engaged in practical applications and uses of space technology such as weather or communications,------,,2022
2022-177AS,,Starlink 5406?,USA,12/28/2022,,Yes,ST/SG/SER.E/1096,,in orbit,,Spacecraft engaged in practical applications and uses of space technology such as weather or communications,------,,2022
2022-177BA,,Starlink 5379?,USA,12/28/2022,,Yes,ST/SG/SER.E/1096,,in orbit,,Spacecraft engaged in practical applications and uses of space technology such as weather or communications,------,,2022
2022-177AV,,Starlink 5405?,USA,12/28/2022,,Yes,ST/SG/SER.E/1096,,in orbit,,Spacecraft engaged in practical applications and uses of space technology such as weather or communications,------,,2022
2022-177BB,,Starlink 5402?,USA,12/28/2022,,Yes,ST/SG/SER.E/1096,,in orbit,,Spacecraft engaged in practical applications and uses of space technology such as weather or communications,------,,2022
2022-177AY,,Starlink 5398?,USA,12/28/2022,,Yes,ST/SG/SER.E/1096,,in orbit,,Spacecraft engaged in practical applications and uses of space technology such as weather or communications,------,,2022
2022-177AZ,,Starlink 5396?,USA,12/28/2022,,Yes,ST/SG/SER.E/1096,,in orbit,,Spacecraft engaged in practical applications and uses of space technology such as weather or communications,------,,2022
2022-177AW,,Starlink 5359?,USA,12/28/2022,,Yes,ST/SG/SER.E/1096,,in orbit,,Spacecraft engaged in practical applications and uses of space technology such as weather or communications,------,,2022
2022-177AX,,Starlink 5411?,USA,12/28/2022,,Yes,ST/SG/SER.E/1096,,in orbit,,Spacecraft engaged in practical applications and uses of space technology such as weather or communications,------,,2022
2022-177BD,,Starlink 5397?,USA,12/28/2022,,Yes,ST/SG/SER.E/1096,,in orbit,,Spacecraft engaged in practical applications and uses of space technology such as weather or communications,------,,2022
2022-177K,,Starlink 5380?,USA,12/28/2022,,Yes,ST/SG/SER.E/1096,ST/SG/SER.E/1229,[deorbited],9/19/2024,Spacecraft engaged in practical applications and uses of space technology such as weather or communications,------,,2022
2022-177BC,,Starlink 5401?,USA,12/28/2022,,Yes,ST/SG/SER.E/1096,,in orbit,,Spacecraft engaged in practical applications and uses of space technology such as weather or communications,------,,2022
2022-177T,,Starlink 5369?,USA,12/28/2022,,Yes,ST/SG/SER.E/1096,,in orbit,,Spacecraft engaged in practical applications and uses of space technology such as weather or communications,------,,2022
2022-177V,,Starlink 5110?,USA,12/28/2022,[------],Yes,ST/SG/SER.E/1096,ST/SG/SER.E/1216,[deorbited],6/26/2024,Spacecraft engaged in practical applications and uses of space technology such as weather or communications,------,,2022
2022-176A,,Gaofen 11 04?,China,12/27/2022,,Yes,ST/SG/SER.E/1123,,in orbit,,Remote sensing satellite,------,,2022
[2021-035C],,?[XW 4 (CAS 10)],[China],[2022-12-18],,No,,,[decayed],[2023-03-15],------,Not registered with the United Nations. Date of launch is date of deployment from the CSS.,,2022
2022-152G,,Macao Student Science Education Satellite 1?,China,[2022-12-18],,Yes,ST/SG/SER.E/1123,,in orbit,,To carry out science educational activities as a radio communication test load,Date of launch is date of deployment from TIANZHOU 5 (international designator 2022-152A). International Designator provided by the State of registry.,,2022
2022-175AW,,Starlink 5426?,USA,12/17/2022,,Yes,ST/SG/SER.E/1096,,in orbit,,Spacecraft engaged in practical applications and uses of space technology such as weather or communications,------,,2022
2022-175AS,,Starlink 5420?,USA,12/17/2022,,Yes,ST/SG/SER.E/1096,,in orbit,,Spacecraft engaged in practical applications and uses of space technology such as weather or communications,------,,2022
2022-175AV,,Starlink 5429?,USA,12/17/2022,,Yes,ST/SG/SER.E/1096,,in orbit,,Spacecraft engaged in practical applications and uses of space technology such as weather or communications,------,,2022
2022-175AZ,,Starlink 5417?,USA,12/17/2022,,Yes,ST/SG/SER.E/1096,,in orbit,,Spacecraft engaged in practical applications and uses of space technology such as weather or communications,------,,2022
2022-175BA,,Starlink 5412?,USA,12/17/2022,,Yes,ST/SG/SER.E/1096,,in orbit,,Spacecraft engaged in practical applications and uses of space technology such as weather or communications,------,,2022
2022-175BC,,Starlink 5413?,USA,12/17/2022,,Yes,ST/SG/SER.E/1096,,in orbit,,Spacecraft engaged in practical applications and uses of space technology such as weather or communications,------,,2022
2022-175AX,,Starlink 5430?,USA,12/17/2022,,Yes,ST/SG/SER.E/1096,,in orbit,,Spacecraft engaged in practical applications and uses of space technology such as weather or communications,------,,2022
2022-175AY,,Starlink 5422?,USA,12/17/2022,,Yes,ST/SG/SER.E/1096,,in orbit,,Spacecraft engaged in practical applications and uses of space technology such as weather or communications,------,,2022
2022-175BB,,Starlink 5410?,USA,12/17/2022,,Yes,ST/SG/SER.E/1096,,in orbit,,Spacecraft engaged in practical applications and uses of space technology such as weather or communications,------,,2022
2022-175BE,,Starlink 5408?,USA,12/17/2022,,Yes,ST/SG/SER.E/1096,,in orbit,,Spacecraft engaged in practical applications and uses of space technology such as weather or communications,------,,2022
2022-175G,,Starlink 5458?,USA,12/17/2022,,Yes,ST/SG/SER.E/1096,,in orbit,,Spacecraft engaged in practical applications and uses of space technology such as weather or communications,------,,2022
2022-175B,,Starlink 5215?,USA,12/17/2022,,Yes,ST/SG/SER.E/1096,,in orbit,,Spacecraft engaged in practical applications and uses of space technology such as weather or communications,------,,2022
2022-175E,,Starlink 5214?,USA,12/17/2022,,Yes,ST/SG/SER.E/1096,,in orbit,,Spacecraft engaged in practical applications and uses of space technology such as weather or communications,------,,2022
2022-175D,,Starlink 5202?,USA,12/17/2022,,Yes,ST/SG/SER.E/1096,,in orbit,,Spacecraft engaged in practical applications and uses of space technology such as weather or communications,------,,2022
2022-175A,,Starlink 5464?,USA,12/17/2022,,Yes,ST/SG/SER.E/1096,,in orbit,,Spacecraft engaged in practical applications and uses of space technology such as weather or communications,------,,2022
2022-175C,,Starlink 5220?,USA,12/17/2022,,Yes,ST/SG/SER.E/1096,,in orbit,,Spacecraft engaged in practical applications and uses of space technology such as weather or communications,------,,2022
2022-175AB,,Starlink 5439?,USA,12/17/2022,,Yes,ST/SG/SER.E/1096,,in orbit,,Spacecraft engaged in practical applications and uses of space technology such as weather or communications,------,,2022
2022-175X,,Starlink 5447?,USA,12/17/2022,,Yes,ST/SG/SER.E/1096,,in orbit,,Spacecraft engaged in practical applications and uses of space technology such as weather or communications,------,,2022
2022-175T,,Starlink 5465?,USA,12/17/2022,,Yes,ST/SG/SER.E/1096,,in orbit,,Spacecraft engaged in practical applications and uses of space technology such as weather or communications,------,,2022
2022-175U,,Starlink 5470?,USA,12/17/2022,,Yes,ST/SG/SER.E/1096,,in orbit,,Spacecraft engaged in practical applications and uses of space technology such as weather or communications,------,,2022
2022-175V,,Starlink 5468?,USA,12/17/2022,,Yes,ST/SG/SER.E/1096,,in orbit,,Spacecraft engaged in practical applications and uses of space technology such as weather or communications,------,,2022
2022-175W,,Starlink 5450?,USA,12/17/2022,,Yes,ST/SG/SER.E/1096,,in orbit,,Spacecraft engaged in practical applications and uses of space technology such as weather or communications,------,,2022
2022-175Y,,Starlink 5449?,USA,12/17/2022,,Yes,ST/SG/SER.E/1096,,in orbit,,Spacecraft engaged in practical applications and uses of space technology such as weather or communications,------,,2022
2022-175Z,,Starlink 5443?,USA,12/17/2022,,Yes,ST/SG/SER.E/1096,,in orbit,,Spacecraft engaged in practical applications and uses of space technology such as weather or communications,------,,2022
2022-175AT,,Starlink 5421?,USA,12/17/2022,,Yes,ST/SG/SER.E/1096,,in orbit,,Spacecraft engaged in practical applications and uses of space technology such as weather or communications,------,,2022
2022-175AQ,,Starlink 5415?,USA,12/17/2022,,Yes,ST/SG/SER.E/1096,,in orbit,,Spacecraft engaged in practical applications and uses of space technology such as weather or communications,------,,2022
2022-175AU,,Starlink 5428?,USA,12/17/2022,,Yes,ST/SG/SER.E/1096,,in orbit,,Spacecraft engaged in practical applications and uses of space technology such as weather or communications,------,,2022
2022-175AP,,Starlink 5436?,USA,12/17/2022,,Yes,ST/SG/SER.E/1096,,in orbit,,Spacecraft engaged in practical applications and uses of space technology such as weather or communications,------,,2022
2022-175Q,,Starlink 5452?,USA,12/17/2022,,Yes,ST/SG/SER.E/1096,,in orbit,,Spacecraft engaged in practical applications and uses of space technology such as weather or communications,------,,2022
2022-175N,,Starlink 5448?,USA,12/17/2022,,Yes,ST/SG/SER.E/1096,,in orbit,,Spacecraft engaged in practical applications and uses of space technology such as weather or communications,------,,2022
2022-175R,,Starlink 5453?,USA,12/17/2022,,Yes,ST/SG/SER.E/1096,,in orbit,,Spacecraft engaged in practical applications and uses of space technology such as weather or communications,------,,2022
2022-175J,,Starlink 5471?,USA,12/17/2022,,Yes,ST/SG/SER.E/1096,,in orbit,,Spacecraft engaged in practical applications and uses of space technology such as weather or communications,------,,2022
2022-175K,,Starlink 5472?,USA,12/17/2022,,Yes,ST/SG/SER.E/1096,,in orbit,,Spacecraft engaged in practical applications and uses of space technology such as weather or communications,------,,2022
2022-175L,,Starlink 5444?,USA,12/17/2022,,Yes,ST/SG/SER.E/1096,,in orbit,,Spacecraft engaged in practical applications and uses of space technology such as weather or communications,------,,2022
2022-175P,,Starlink 5451?,USA,12/17/2022,,Yes,ST/SG/SER.E/1096,,in orbit,,Spacecraft engaged in practical applications and uses of space technology such as weather or communications,------,,2022
2022-175S,,Starlink 5454?,USA,12/17/2022,,Yes,ST/SG/SER.E/1096,,in orbit,,Spacecraft engaged in practical applications and uses of space technology such as weather or communications,------,,2022
2022-175AC,,Starlink 5442?,USA,12/17/2022,,Yes,ST/SG/SER.E/1096,,in orbit,,Spacecraft engaged in practical applications and uses of space technology such as weather or communications,------,,2022
2022-175AD,,Starlink 5440?,USA,12/17/2022,,Yes,ST/SG/SER.E/1096,,in orbit,,Spacecraft engaged in practical applications and uses of space technology such as weather or communications,------,,2022
2022-175AG,,Starlink 5399?,USA,12/17/2022,,Yes,ST/SG/SER.E/1096,,in orbit,,Spacecraft engaged in practical applications and uses of space technology such as weather or communications,------,,2022
2022-175AJ,,Starlink 5445?,USA,12/17/2022,,Yes,ST/SG/SER.E/1096,,in orbit,,Spacecraft engaged in practical applications and uses of space technology such as weather or communications,------,,2022
2022-175AL,,Starlink 5431?,USA,12/17/2022,,Yes,ST/SG/SER.E/1096,,in orbit,,Spacecraft engaged in practical applications and uses of space technology such as weather or communications,------,,2022
2022-175AF,,Starlink 5441?,USA,12/17/2022,,Yes,ST/SG/SER.E/1096,,in orbit,,Spacecraft engaged in practical applications and uses of space technology such as weather or communications,------,,2022
2022-175AK,,Starlink 5425?,USA,12/17/2022,,Yes,ST/SG/SER.E/1096,,in orbit,,Spacecraft engaged in practical applications and uses of space technology such as weather or communications,------,,2022
2022-175BD,,Starlink 5414?,USA,12/17/2022,,Yes,ST/SG/SER.E/1096,,in orbit,,Spacecraft engaged in practical applications and uses of space technology such as weather or communications,------,,2022
2022-175BF,,Starlink 5424?,USA,12/17/2022,,Yes,ST/SG/SER.E/1096,,in orbit,,Spacecraft engaged in practical applications and uses of space technology such as weather or communications,------,,2022
2022-175F,,Starlink 5191?,USA,12/17/2022,,Yes,ST/SG/SER.E/1096,,in orbit,,Spacecraft engaged in practical applications and uses of space technology such as weather or communications,------,,2022
2022-175AE,,Starlink 5438?,USA,12/17/2022,,Yes,ST/SG/SER.E/1096,ST/SG/SER.E/1227,[deorbited],8/18/2024,Spacecraft engaged in practical applications and uses of space technology such as weather or communications,------,,2022
2022-175AH,,Starlink 5446?,USA,12/17/2022,,Yes,ST/SG/SER.E/1096,,in orbit,,Spacecraft engaged in practical applications and uses of space technology such as weather or communications,------,,2022
2022-175AM,,Starlink 5433?,USA,12/17/2022,,Yes,ST/SG/SER.E/1096,,in orbit,,Spacecraft engaged in practical applications and uses of space technology such as weather or communications,------,,2022
2022-175AR,,Starlink 5435?,USA,12/17/2022,,Yes,ST/SG/SER.E/1096,,in orbit,,Spacecraft engaged in practical applications and uses of space technology such as weather or communications,------,,2022
2022-175M,,Starlink 5404?,USA,12/17/2022,,Yes,ST/SG/SER.E/1096,ST/SG/SER.E/1270,[deorbited],1/4/2025,Spacecraft engaged in practical applications and uses of space technology such as weather or communications,------,,2022
2022-175H,,Starlink 5466?,USA,12/17/2022,,Yes,ST/SG/SER.E/1096,ST/SG/SER.E/1270,[deorbited],1/9/2025,Spacecraft engaged in practical applications and uses of space technology such as weather or communications,------,,2022
2022-175AN,,Starlink 5392?,USA,12/17/2022,,Yes,ST/SG/SER.E/1096,ST/SG/SER.E/1290,[deorbited],4/18/2025,Spacecraft engaged in practical applications and uses of space technology such as weather or communications,------,,2022
2022-175AA,,Starlink 5437?,USA,12/17/2022,,Yes,ST/SG/SER.E/1096,ST/SG/SER.E/1249,[deorbited],12/12/2024,Spacecraft engaged in practical applications and uses of space technology such as weather or communications,------,,2022
2022-173A,,SWOT?,France,12/16/2022,,Yes,ST/SG/SER.E/1113,,in orbit,,Earth observation satellite,------,,2022
2022-172A,,Shiyan 21?,China,12/16/2022,,Yes,ST/SG/SER.E/1123,,in orbit,,Test satellite,------,,2022
2022-174A,54755,MP01 (O3b mPOWER F1)?,United Kingdom,12/16/2022,,Yes,ST/SG/SER.E/1092,ST/SG/SER.E/1264,in orbit,,"MP01 will extend the MEO Ka-band services of SES, increasing capabilities such as flexibility, performance and scale, which will, in turn, expand the scope of bandwidth-intensive network services and applications. System-wide innovations will provide uncontended multi-gigabit links to deliver high-bandwidth services, offering differentiated services at cloud scale.",State of registry notes in ST/SG/SER.E/1264 that Astra (GB) Limited have taken ownership of satellites previously operated by O3b Limited.,,2022
2022-174B,54756,MP02 (O3b mPOWER F2)?,United Kingdom,12/16/2022,,Yes,ST/SG/SER.E/1092,ST/SG/SER.E/1264,in orbit,,"MP02 will extend the MEO Ka-band services of SES, increasing capabilities such as flexibility, performance and scale, which will, in turn, expand the scope of bandwidth-intensive network services and applications. System-wide innovations will provide uncontended multi-gigabit links to deliver high-bandwidth services, offering differentiated services at cloud scale.",State of registry notes in ST/SG/SER.E/1264 that Astra (GB) Limited have taken ownership of satellites previously operated by O3b Limited.,,2022
2022-171E,,Yaogan 36 Group-04 Satellite-C (Yaogan-36-C 04)?,China,12/14/2022,,Yes,ST/SG/SER.E/1123,,in orbit,,Remote sensing satellite,------,,2022
2022-171C,,Yaogan 36 Group-04 Satellite-B (Yaogan-36-B 04)?,China,12/14/2022,,Yes,ST/SG/SER.E/1123,,in orbit,,,------,,2022
2022-171A,,Yaogan 36 Group-04 Satellite-A (Yaogan-36-A 04)?,China,12/14/2022,,Yes,ST/SG/SER.E/1123,,in orbit,,Remote sensing satellite,------,,2022
2022-170A,,Galaxy 35?,USA,12/13/2022,[-095.0 degrees East],Yes,ST/SG/SER.E/1096,,in GSO,,Spacecraft engaged in practical applications and uses of space technology such as weather or communications,------,,2022
2022-170B,,Galaxy 36?,USA,12/13/2022,[-089.0 degrees East],Yes,ST/SG/SER.E/1096,,in GSO,,Spacecraft engaged in practical applications and uses of space technology such as weather or communications,------,,2022
2022-170C,,METEOSAT 12 (MTG-I1)?,EUMETSAT,12/13/2022,-000.0?0.3 degrees East,Yes,ST/SG/SER.E/1098,,in GSO,,Meteorological Earth observation and climate monitoring,Geostationary position for commissioning and routine operations provided by the State of registry in ST/SG/SER.E/1098.,,2022
2022-169A,,Shiyan 20 A?,China,12/12/2022,,Yes,ST/SG/SER.E/1123,,in orbit,,Test satellite,------,,2022
2022-169B,,Shiyan 20 B?,China,12/12/2022,,Yes,ST/SG/SER.E/1123,,in orbit,,Test satellite,------,,2022
2022-168B,,Lunar Flashlight?,USA,12/11/2022,,Yes,ST/SG/SER.E/1096,,heliocentric,,Spacecraft engaged in practical applications and uses of space technology such as weather or communications,------,,2022
[2022-168*],,?[RASHID LUNAR ROVER],[(for United Arab Emirates)],[2022-12-11],,No,,,[on Moon],[2023-04-25],------,Not registered with the United Nations. International designator not assigned. Space object reported to have impacted the Moon with HAKUTO-R (2022-168A).,,2022
2022-168A,,HAKUTO-R Mission 1 Lunar Lander?[(HAKUTO R-M1)],Japan,12/11/2022,,Yes,ST/SG/SER.E/1132,,on Moon,4/25/2023,"The main functions are to perform soft landing on the lunar surface, and to transport payloads including customer rover and static payloads","State of registry notes that space object crashed on the Moon at lat. 47.55 deg N, long. 44.38 deg E in ST/SG/SER.E/1132.",Link,2022
[2022-167*],,?[GOLDEN BAUHINIA 1-05],[China],[2022-12-09],,No,,,[in orbit],,------,Not registered with the United Nations. International Designator pending assignment.,,2022
2022-167K,,"Jiaotong 5 (Head-2H, (Hede-2H)?",China,12/9/2022,,Yes,ST/SG/SER.E/1123,,in orbit,,"To receive ADS-B messages, VDES messages, DCS messages, remote sensing images",------,,2022
2022-167N,,Jilin 1 Gaofen 03D49?,China,12/9/2022,,Yes,ST/SG/SER.E/1123,,in orbit,,Remote sensing imagery of the Earth,------,,2022
2022-167P,,Jilin 1 Gaofen 03D48?,China,12/9/2022,,Yes,ST/SG/SER.E/1123,,in orbit,,Remote sensing imagery of the Earth,------,,2022
2022-167Q,,Jilin-1 Pingtai 01A01?,China,12/9/2022,,Yes,ST/SG/SER.E/1123,,in orbit,,Remote sensing imagery of the Earth,------,,2022
2022-167L,,Jilin 1 Gaofen 03D47?,China,12/9/2022,,Yes,ST/SG/SER.E/1123,,in orbit,,Remote sensing imagery of the Earth,------,,2022
2022-167J,,Jilin-1 Gaofen 03D50?,China,12/9/2022,,Yes,ST/SG/SER.E/1123,,in orbit,,Remote sensing imagery of the Earth,------,,2022
2022-167D,,Dongpo 09?,China,12/9/2022,,Yes,ST/SG/SER.E/1123,,in orbit,,Remote sensing imagery of the Earth,------,,2022
2022-167E,,Dongpo 08?,China,12/9/2022,,Yes,ST/SG/SER.E/1123,,in orbit,,Remote sensing imagery of the Earth,------,,2022
2022-167H,,Dongpo 10?,China,12/9/2022,,Yes,ST/SG/SER.E/1123,,in orbit,,Remote sensing imagery of the Earth,------,,2022
2022-166B,54643,OWLID00466 (SL0528)?[ONEWEB 0528],United Kingdom,12/8/2022,,Yes,ST/SG/SER.E/1088,,in orbit,,Communications satellite,State of registry notes that given Basic Orbital Parameters are for the intended final orbit which should be achieved by 23 April 2023.,Link,2022
2022-166D,54645,OWLID00468 (SL0540)?[ONEWEB 0539],United Kingdom,12/8/2022,,Yes,ST/SG/SER.E/1088,,in orbit,,Communications satellite,State of registry notes that given Basic Orbital Parameters are for the intended final orbit which should be achieved by 23 April 2023.,Link,2022
2022-166E,54646,OWLID00469 (SL0542)?[ONEWEB 0542],United Kingdom,12/8/2022,,Yes,ST/SG/SER.E/1088,,in orbit,,Communications satellite,State of registry notes that given Basic Orbital Parameters are for the intended final orbit which should be achieved by 23 April 2023.,Link,2022
2022-166C,54644,OWLID00467 (SL0539)?[ONEWEB 0539],United Kingdom,12/8/2022,,Yes,ST/SG/SER.E/1088,,in orbit,,Communications satellite,State of registry notes that given Basic Orbital Parameters are for the intended final orbit which should be achieved by 23 April 2023.,Link,2022
2022-166A,54642,OWLID00465 (SL0527)?[ONEWEB 0527],United Kingdom,12/8/2022,,Yes,ST/SG/SER.E/1088,,in orbit,,Communications satellite,State of registry notes that given Basic Orbital Parameters are for the intended final orbit which should be achieved by 23 April 2023.,Link,2022
2022-166P,54655,OWLID00478 (SL0589)?[ONEWEB 0589],United Kingdom,12/8/2022,,Yes,ST/SG/SER.E/1088,,in orbit,,Communications satellite,State of registry notes that given Basic Orbital Parameters are for the intended final orbit which should be achieved by 23 April 2023.,Link,2022
2022-166F,54647,OWLID00470 (SL0545)?[ONEWEB 0545],United Kingdom,12/8/2022,,Yes,ST/SG/SER.E/1088,,in orbit,,Communications satellite,State of registry notes that given Basic Orbital Parameters are for the intended final orbit which should be achieved by 23 April 2023.,Link,2022
2022-166G,54648,OWLID00471 (SL0580)?[ONEWEB 0580],United Kingdom,12/8/2022,,Yes,ST/SG/SER.E/1088,,in orbit,,Communications satellite,State of registry notes that given Basic Orbital Parameters are for the intended final orbit which should be achieved by 23 April 2023.,Link,2022
2022-166H,54649,OWLID00472 (SL0582)?[ONEWEB 0582],United Kingdom,12/8/2022,,Yes,ST/SG/SER.E/1088,,in orbit,,Communications satellite,State of registry notes that given Basic Orbital Parameters are for the intended final orbit which should be achieved by 23 April 2023.,Link,2022
2022-166J,54650,OWLID00473 (SL0583)?[ONEWEB 0583],United Kingdom,12/8/2022,,Yes,ST/SG/SER.E/1088,,in orbit,,Communications satellite,State of registry notes that given Basic Orbital Parameters are for the intended final orbit which should be achieved by 23 April 2023.,Link,2022
2022-166K,54651,OWLID00474 (SL0584)?[ONEWEB 0583],United Kingdom,12/8/2022,,Yes,ST/SG/SER.E/1088,,in orbit,,Communications satellite,State of registry notes that given Basic Orbital Parameters are for the intended final orbit which should be achieved by 23 April 2023.,Link,2022
2022-166L,54652,OWLID00475 (SL0585)?[ONEWEB 0585],United Kingdom,12/8/2022,,Yes,ST/SG/SER.E/1088,,in orbit,,Communications satellite,State of registry notes that given Basic Orbital Parameters are for the intended final orbit which should be achieved by 23 April 2023.,Link,2022
2022-166M,54653,OWLID00476 (SL0586)?[ONEWEB 0586],United Kingdom,12/8/2022,,Yes,ST/SG/SER.E/1088,,in orbit,,Communications satellite,State of registry notes that given Basic Orbital Parameters are for the intended final orbit which should be achieved by 23 April 2023.,Link,2022
2022-166N,54654,OWLID00477 (SL0587)?[ONEWEB 0587],United Kingdom,12/8/2022,,Yes,ST/SG/SER.E/1088,,in orbit,,Communications satellite,State of registry notes that given Basic Orbital Parameters are for the intended final orbit which should be achieved by 23 April 2023.,Link,2022
2022-166AP,54679,OWLID00502 (SL0685)?[ONEWEB 0685],United Kingdom,12/8/2022,,Yes,ST/SG/SER.E/1088,,in orbit,,Communications satellite,State of registry notes that given Basic Orbital Parameters are for the intended final orbit which should be achieved by 23 April 2023.,Link,2022
2022-166AL,54676,OWLID00499 (SL0615)?[ONEWEB 0615],United Kingdom,12/8/2022,,Yes,ST/SG/SER.E/1088,,in orbit,,Communications satellite,State of registry notes that given Basic Orbital Parameters are for the intended final orbit which should be achieved by 23 April 2023.,Link,2022
2022-166AK,54675,OWLID00498 (SL0612)?[ONEWEB 0612],United Kingdom,12/8/2022,,Yes,ST/SG/SER.E/1088,,in orbit,,Communications satellite,State of registry notes that given Basic Orbital Parameters are for the intended final orbit which should be achieved by 23 April 2023.,Link,2022
2022-166AJ,54674,OWLID00497 (SL0611)?[ONEWEB 0611],United Kingdom,12/8/2022,,Yes,ST/SG/SER.E/1088,,in orbit,,Communications satellite,State of registry notes that given Basic Orbital Parameters are for the intended final orbit which should be achieved by 23 April 2023.,Link,2022
2022-166AM,54677,OWLID00500 (SL0655)?[ONEWEB 0655],United Kingdom,12/8/2022,,Yes,ST/SG/SER.E/1088,,in orbit,,Communications satellite,State of registry notes that given Basic Orbital Parameters are for the intended final orbit which should be achieved by 23 April 2023.,Link,2022
2022-166AR,54681,OWLID00504 (SL0714)?[ONEWEB 0714],United Kingdom,12/8/2022,,Yes,ST/SG/SER.E/1088,,in orbit,,Communications satellite,State of registry notes that given Basic Orbital Parameters are for the intended final orbit which should be achieved by 23 April 2023.,Link,2022
2022-166AN,54678,OWLID00501 (SL0659)?[ONEWEB 0659],United Kingdom,12/8/2022,,Yes,ST/SG/SER.E/1088,,in orbit,,Communications satellite,State of registry notes that given Basic Orbital Parameters are for the intended final orbit which should be achieved by 23 April 2023.,Link,2022
2022-166AQ,54680,OWLID00503 (SL0712)?[ONEWEB 0712],United Kingdom,12/8/2022,,Yes,ST/SG/SER.E/1088,,in orbit,,Communications satellite,State of registry notes that given Basic Orbital Parameters are for the intended final orbit which should be achieved by 23 April 2023.,Link,2022
2022-166AG,54672,OWLID00495 (SL0608)?[ONEWEB 0608],United Kingdom,12/8/2022,,Yes,ST/SG/SER.E/1088,,in orbit,,Communications satellite,State of registry notes that given Basic Orbital Parameters are for the intended final orbit which should be achieved by 23 April 2023.,Link,2022
2022-166AH,54673,OWLID00496 (SL0610)?[ONEWEB 0610],United Kingdom,12/8/2022,,Yes,ST/SG/SER.E/1088,,in orbit,,Communications satellite,State of registry notes that given Basic Orbital Parameters are for the intended final orbit which should be achieved by 23 April 2023.,Link,2022
2022-166AB,54667,OWLID00490 (SL0603)?[ONEWEB 0603],United Kingdom,12/8/2022,,Yes,ST/SG/SER.E/1088,,in orbit,,Communications satellite,State of registry notes that given Basic Orbital Parameters are for the intended final orbit which should be achieved by 23 April 2023.,Link,2022
2022-166AA,54666,OWLID00489 (SL0602)?[ONEWEB 0602],United Kingdom,12/8/2022,,Yes,ST/SG/SER.E/1088,,in orbit,,Communications satellite,State of registry notes that given Basic Orbital Parameters are for the intended final orbit which should be achieved by 23 April 2023.,Link,2022
2022-166AF,54671,OWLID00494 (SL0607)?[ONEWEB 0607],United Kingdom,12/8/2022,,Yes,ST/SG/SER.E/1088,,in orbit,,Communications satellite,State of registry notes that given Basic Orbital Parameters are for the intended final orbit which should be achieved by 23 April 2023.,Link,2022
2022-166AC,54668,OWLID00491 (SL0604)?[ONEWEB 0604],United Kingdom,12/8/2022,,Yes,ST/SG/SER.E/1088,,in orbit,,Communications satellite,State of registry notes that given Basic Orbital Parameters are for the intended final orbit which should be achieved by 23 April 2023.,Link,2022
2022-166AD,54669,OWLID00492 (SL0605)?[ONEWEB 0605],United Kingdom,12/8/2022,,Yes,ST/SG/SER.E/1088,,in orbit,,Communications satellite,State of registry notes that given Basic Orbital Parameters are for the intended final orbit which should be achieved by 23 April 2023.,Link,2022
2022-166AE,54670,OWLID00493 (SL0606)?[ONEWEB 0606],United Kingdom,12/8/2022,,Yes,ST/SG/SER.E/1088,,in orbit,,Communications satellite,State of registry notes that given Basic Orbital Parameters are for the intended final orbit which should be achieved by 23 April 2023.,Link,2022
2022-166Z,54665,OWLID00488 (SL0601)?[ONEWEB 0601],United Kingdom,12/8/2022,,Yes,ST/SG/SER.E/1088,,in orbit,,Communications satellite,State of registry notes that given Basic Orbital Parameters are for the intended final orbit which should be achieved by 23 April 2023.,Link,2022
2022-166X,54663,OWLID00486 (SL0597)?[ONEWEB 0597],United Kingdom,12/8/2022,,Yes,ST/SG/SER.E/1088,,in orbit,,Communications satellite,State of registry notes that given Basic Orbital Parameters are for the intended final orbit which should be achieved by 23 April 2023.,Link,2022
2022-166Y,54664,OWLID00487 (SL0600)?[ONEWEB 0600],United Kingdom,12/8/2022,,Yes,ST/SG/SER.E/1088,,in orbit,,Communications satellite,State of registry notes that given Basic Orbital Parameters are for the intended final orbit which should be achieved by 23 April 2023.,Link,2022
2022-166Q,54656,OWLID00479 (SL0590)?[ONEWEB 0590],United Kingdom,12/8/2022,,Yes,ST/SG/SER.E/1088,,in orbit,,Communications satellite,State of registry notes that given Basic Orbital Parameters are for the intended final orbit which should be achieved by 23 April 2023.,Link,2022
2022-166S,54658,OWLID00481 (SL0592)?[ONEWEB 0592],United Kingdom,12/8/2022,,Yes,ST/SG/SER.E/1088,,in orbit,,Communications satellite,State of registry notes that given Basic Orbital Parameters are for the intended final orbit which should be achieved by 23 April 2023.,Link,2022
2022-166T,54659,OWLID00482 (SL0593)?[ONEWEB 0593],United Kingdom,12/8/2022,,Yes,ST/SG/SER.E/1088,,in orbit,,Communications satellite,State of registry notes that given Basic Orbital Parameters are for the intended final orbit which should be achieved by 23 April 2023.,Link,2022
2022-166U,54660,OWLID00483 (SL0594)?[ONEWEB 0594],United Kingdom,12/8/2022,,Yes,ST/SG/SER.E/1088,,in orbit,,Communications satellite,State of registry notes that given Basic Orbital Parameters are for the intended final orbit which should be achieved by 23 April 2023.,Link,2022
2022-166V,54661,OWLID00484 (SL0595)?[ONEWEB 0595],United Kingdom,12/8/2022,,Yes,ST/SG/SER.E/1088,,in orbit,,Communications satellite,State of registry notes that given Basic Orbital Parameters are for the intended final orbit which should be achieved by 23 April 2023.,Link,2022
2022-166W,54662,OWLID00485 (SL0596)?[ONEWEB 0596],United Kingdom,12/8/2022,,Yes,ST/SG/SER.E/1088,,in orbit,,Communications satellite,State of registry notes that given Basic Orbital Parameters are for the intended final orbit which should be achieved by 23 April 2023.,Link,2022
2022-166R,54657,OWLID00480 (SL0591)?[ONEWEB 0591],United Kingdom,12/8/2022,,Yes,ST/SG/SER.E/1088,,in orbit,,Communications satellite,State of registry notes that given Basic Orbital Parameters are for the intended final orbit which should be achieved by 23 April 2023.,Link,2022
2022-165A,,"Hyperspectral Comprehensive Observation Satellite (Gaoguangpu Zonghe Guance Weixing, GF-5(01A))?[(GAOFEN 5-01A)]",China,12/8/2022,,Yes,ST/SG/SER.E/1123,,in orbit,,"The hyperspectral integrated observation satellite operates in a sun-synchronous recursive orbit with a local time of the ascending node at 1330 hours. It has the ability to obtain hyperspectral remote sensing data for wavelengths ranging from ultraviolet to long-wave infrared, and is used mainly for environmental quality regulation, atmospheric composition monitoring, natural resource mapping, climate change research, etc.",------,,2022
2022-164A,,Jiaotong VDES Test Satellite (JT VDES)?,China,12/7/2022,,Yes,ST/SG/SER.E/1123,,in orbit,,"VDES technology verification and testing, and ship Automatic Identification System (AIS) signals detection",------,,2022
[2022-163C],3630-2022-022,Cosmos 2566?,Russian Federation,12/3/2022,,Yes,ST/SG/SER.E/1090,,in orbit,,Intended for assignments on behalf of the Ministry of Defence of the Russian Federation,Date of launch is date of deployment from Cosmos-2565 (international designator 2022-163A).,,2022
1998-067UL,,TAKA?,Japan,12/2/2022,,Yes,ST/SG/SER.E/1132,ST/SG/SER.E/1132,decayed,5/16/2023,1. Automatic Packet Reporting System (APRS) -digipeater demonstration on a cubesat 2. Demonstration of ground data acquisition using store-and-forward 3. Demonstration of a mobile phone application displaying BIRDS satellite data 4. Measurement of high-energy electrons precipitation in the radiation belt 5. Demonstration of attitude visualization of the satellite 6. Demonstration of image classification programme by machine learning algorithms 7. Demonstration of land use and cover by commercial off-the-shelf (COTS) multi-spectrum camera 8. Demonstration of water quality evaluation of dams and lakes by COTS multi-spectrum camera 9. Demonstration of analysis of soil nitrogen / fertility levels by COTS multi-spectrum camera,State of registry notes that space object was no longer functional as of 20 April 2023 1200 UTC in ST/SG/SER.E/1132. Date of launch is date of deployment from the ISS.,Link,2022
[1998-067UM],,PearlAfricaSat 1?,Uganda,[2022-12-02],,Yes,A/AC.105/INF/456,,[decayed],[2023-04-25],"The PearlAfricaSat-1 was specifically designed to provide research and observation data that will provide solutions in weather forecasting, land, water bodies and mineral mapping, agriculture monitoring, disaster prevention, infrastructure planning, and border security",International Designator pending assignment. Date of launch is date of deployment from the ISS.,,2022
1998-067UP,,SpaceTuna1?,Japan,12/2/2022,,Yes,ST/SG/SER.E/1240,,decayed,5/13/2025,(1) Measuring the basic reflective characteristics of retroreflective material sheets mounted on the satellite by irradiating the sheets with a laser from the ground. (2) Orbit tracking by ground-based telescopes through the observation of pulsed blue light emitting diodes (LEDs) on board the satellite.,The registration submission for this space object is presently being processed by the United Nations Secretariat. International Designator provided by State of registry. Date of launch is date of deployment from the ISS.,Link,2022
[1998-067UP],,?[ZIMSAT 1],[(for Zimbabwe)],[2022-12-02],,No,,,[decayed],[2023-05-16],,Not registered with the United Nations. Date of launch is date of deployment from the ISS.,,2022
[2022-163A],3629-2022-021,Cosmos 2565?,Russian Federation,11/30/2022,,Yes,ST/SG/SER.E/1090,,in orbit,,Intended for assignments on behalf of the Ministry of Defence of the Russian Federation,------,,2022
2022-162A,,Shenzhou 15?[(SZ-15)],China,11/29/2022,,Yes,ST/SG/SER.E/1123,,[recovered],[2023-06-03],Crewed spacecraft,------,,2022
[2022-161A],3628-2022-020,Cosmos 2564?[(GLONASS)],Russian Federation,11/28/2022,,Yes,ST/SG/SER.E/1087,,in orbit,,Work as part of the Global Navigation Satellite System (GLONASS),------,,2022
2022-160A,,Yaogan 36 Group-03 Satellite-A (Yaogan-36-A 03)?,China,11/27/2022,,Yes,ST/SG/SER.E/1123,,in orbit,,Remote sensing satellite,------,,2022
2022-160C,,Yaogan 36 Group-03 Satellite-A (Yaogan-36-A 03)?,China,11/27/2022,,Yes,ST/SG/SER.E/1123,,in orbit,,Remote sensing satellite,------,,2022
2022-160E,,Yaogan 36 Group-03 Satellite-C (Yaogan-36-C 03)?,China,11/27/2022,,Yes,ST/SG/SER.E/1123,,in orbit,,Remote sensing satellite,------,,2022
2022-158A,,EOS 6?,India,11/26/2022,,Yes,ST/SG/SER.E/1120,,in orbit,,Earth observation satellite mainly for oceanographic applications,------,,2022
2022-159A,,Dragon CRS-26?,USA,11/26/2022,,Yes,ST/SG/SER.E/1091,ST/SG/SER.E/1110,[recovered],1/11/2023,Reusable space transportation systems,------,,2022
[2022-158K],,?[ASTROCAST 0301],[(for Switzerland)],[2022-11-26],,No,,,[in orbit],,------,Not registered with the United Nations.,,2022
[2022-158J],,?[ASTROCAST 0302],[(for Switzerland)],[2022-11-26],,No,,,[in orbit],,------,Not registered with the United Nations.,,2022
[2022-158H],,?[ASTROCAST 0303],[(for Switzerland)],[2022-11-26],,No,,,[in orbit],,------,Not registered with the United Nations.,,2022
[2022-158G],,?[ASTROCAST 0304],[(for Switzerland)],[2022-11-26],,No,,,[in orbit],,------,Not registered with the United Nations.,,2022
2022-158C,,Thybolt 1?,India,11/26/2022,,Yes,ST/SG/SER.E/1120,ST/SG/SER.E/1323,decayed,5/20/2024,Developed by India Dhruva Space Private Limited for in-orbit demonstration of amateur radio communication capabilities,------,,2022
[2022-158F],,?[ANAND],[India],[2022-11-26],,No,,,[decayed],[2024-09-21],------,Not registered with the United Nations.,,2022
2022-158D,,Thybolt 2?,India,11/26/2022,[------],Yes,ST/SG/SER.E/1120,ST/SG/SER.E/1323,decayed,5/24/2024,Developed by India Dhruva Space Private Limited for in-orbit demonstration of amateur radio communication capabilities,Name amended in ST/SG/SER.E/1323.,,2022
2022-158E,,INS 2B?,India,11/26/2022,[------],Yes,ST/SG/SER.E/1120,ST/SG/SER.E/1323,decayed,6/13/2024,"A nanosatellite launched as a joint India-Bhutan venture, carrying payload for multispectral optical imaging and a digipeater",------,,2022
2022-157A,,EUTELSAT 10B?,France,11/23/2022,+010.0 degrees East,Yes,ST/SG/SER.E/1113,,in GSO,,Telecommunications satellite,------,,2022
2022-156L,,Miles?[TEAM MILES],USA,11/16/2022,,Yes,ST/SG/SER.E/1116,,heliocentric,,Spacecraft engaged in practical applications and uses of space technology such as weather or communications,------,,2022
2022-156C,,Lunar Ice Cube?,USA,11/16/2022,,Yes,ST/SG/SER.E/1116,,selenocentric,,Spacecraft engaged in practical applications and uses of space technology such as weather or communications,------,,2022
2022-156H,,NEA Scout?,USA,11/16/2022,,Yes,ST/SG/SER.E/1116,,heliocentric,,Spacecraft engaged in practical applications and uses of space technology such as weather or communications,------,,2022
2022-156J,,LunaH Map?,USA,11/16/2022,,Yes,ST/SG/SER.E/1116,,selenocentric,,Spacecraft engaged in practical applications and uses of space technology such as weather or communications,------,,2022
2022-156K,,LunIR?,USA,11/16/2022,,Yes,ST/SG/SER.E/1116,,selenocentric,,Spacecraft engaged in practical applications and uses of space technology such as weather or communications,------,,2022
2022-156M,,CuSP?,USA,11/16/2022,,Yes,ST/SG/SER.E/1116,,selenocentric,,Spacecraft engaged in practical applications and uses of space technology such as weather or communications,------,,2022
2022-156F,,BioSentinel?,USA,11/16/2022,,Yes,ST/SG/SER.E/1116,,heliocentric,,Spacecraft engaged in practical applications and uses of space technology such as weather or communications,------,,2022
2022-156A,,Orion?[ARTEMIS 1],USA,11/16/2022,,Yes,ST/SG/SER.E/1091,ST/SG/SER.E/1096,[recovered],12/11/2022,Reusable space transportation systems,------,,2022
2022-155A,,Jilin 1 Gaofen 03D08?,China,11/16/2022,,Yes,ST/SG/SER.E/1123,,in orbit,,Remote sensing imagery of the Earth,------,,2022
2022-155C,,Jilin 1 Gaofen 03D53?,China,11/16/2022,,Yes,ST/SG/SER.E/1123,,in orbit,,Remote sensing imagery of the Earth,------,,2022
2022-155D,,Jilin 1 Gaofen 03D54?,China,11/16/2022,,Yes,ST/SG/SER.E/1123,,in orbit,,Remote sensing imagery of the Earth,------,,2022
2022-155B,,Jilin 1 Gaofen 03D51?,China,11/16/2022,,Yes,ST/SG/SER.E/1123,,in orbit,,Remote sensing imagery of the Earth,------,,2022
2022-155E,,Jilin 1 Gaofen 03D52?,China,11/16/2022,,Yes,ST/SG/SER.E/1123,,in orbit,,Remote sensing imagery of the Earth,------,,2022
[2022-156*],,Outstanding Moon Exploration Technologies Demonstrated By Nano Semi-Hard Impactor (OMOTENASHI)?,Japan,11/16/2022,,Yes,ST/SG/SER.E/1132,,in orbit,,"OMOTENASHI demonstrates cubesat lunar landing technologies. Because its original plan to land on the moon surface has failed, the technologies are demonstrated in a heliocentric orbit. The orbiter carries the Rocket Motor and the Surface Probe. The Rocket Motor was planned to be used to cancel the velocity of the Surface Probe in the vicinity of the Moon. As at the current plan, an ignition experiment of the Rocket Motor in orbit will be conducted",International Designator not assigned.,,2022
2022-156G,,ARGOMOON?,Italy,11/16/2022,,Yes,ST/SG/SER.E/1228,,heliocentric,,"Technology. ArgoMoon has been designed to operate in deep space, while taking images of the Moon and Earth surfaces, performing multiple propulsive maneuvers and communicating with the ground from long distances.",The registration submission for this space object is presently being processed by the United Nations Secretariat. International Designator provided by State of registry.,Link,2022
2022-154A,,Yaogan 34 03?,China,11/15/2022,,Yes,ST/SG/SER.E/1123,,in orbit,,Remote sensing satellite,------,,2022
2022-153B,,Galaxy 32?,USA,11/12/2022,[-091.0 degrees East],Yes,ST/SG/SER.E/1091,,in GSO,,Spacecraft engaged in practical applications and uses of space technology such as weather or communications,------,,2022
2022-153A,,Galaxy 31?,USA,11/12/2022,[-121.0 degrees East],Yes,ST/SG/SER.E/1091,,in GSO,,Spacecraft engaged in practical applications and uses of space technology such as weather or communications,------,,2022
2022-152A,,Tianzhou 5?,China,11/11/2022,,Yes,ST/SG/SER.E/1123,,[deorbited],[2023-09-12],Cargo spacecraft,------,,2022
2022-151A,,Yunhai 3?,China,11/11/2022,,Yes,ST/SG/SER.E/1123,,in orbit,,Remote sensing satellite,------,,2022
2022-150A,,JPSS 2 (NOAA 21)?,USA,11/10/2022,,Yes,ST/SG/SER.E/1091,,in orbit,,Spacecraft engaged in practical applications and uses of space technology such as weather or communications,------,,2022
2022-149A,,Cygnus NG-18?,USA,11/7/2022,,Yes,ST/SG/SER.E/1091,ST/SG/SER.E/1130,[deorbited],4/22/2023,Spacecraft engaged in practical applications and uses of space technology such as weather or communications,------,,2022
2022-148A,,ChinaSat 19?,China,11/5/2022,[+155.5 degrees East],Yes,ST/SG/SER.E/1123,,in GSO,,"Capable of providing users with various communication services such as voice, data and video",------,,2022
2022-146A,,EUTELSAT HOTBIRD 13G?,France,11/3/2022,+013.0 degrees East,Yes,ST/SG/SER.E/1113,,in GSO,,Telecommunications satellite,------,,2022
[2022-145A],3627-2022-019,Cosmos 2563?,Russian Federation,11/2/2022,,Yes,ST/SG/SER.E/1087,,in orbit,,Intended for assignments on behalf of the Ministry of Defence of the Russian Federation,------,,2022
2022-144A,,LDPE 2?,USA,11/1/2022,,Yes,ST/SG/SER.E/1091,,[in GSO],,Spacecraft engaged in practical applications and uses of space technology such as weather or communications,------,,2022
2022-144B,,USA 339?,USA,11/1/2022,,Yes,ST/SG/SER.E/1091,,[in GSO],,Spacecraft engaged in practical applications and uses of space technology such as weather or communications,------,,2022
2022-143A,,Mengtian Lab Module?[CSS],China,10/31/2022,,Yes,ST/SG/SER.E/1123,,in orbit,,Crewed space station,CSS flight element.,,2022
[2022-093J],,?[CHINA],[China],[2022-10-30],,No,,,[decayed],[2023-05-08],------,Not registered with the United Nations. Deployed from space object 2022-093A. Date of launch in approximate date of deployment.,,2022
2022-142A,,Shiyan 20 C?,China,10/29/2022,,Yes,ST/SG/SER.E/1123,,in orbit,,Test satellite,------,,2022
2022-141X,,Starlink 5164?,USA,10/28/2022,,Yes,ST/SG/SER.E/1086,,in orbit,,Spacecraft engaged in practical applications and uses of space technology such as weather or communications,------,,2022
2022-141AC,,Starlink-5239?,USA,10/28/2022,,Yes,ST/SG/SER.E/1086,,in orbit,,Spacecraft engaged in practical applications and uses of space technology such as weather or communications,------,,2022
2022-141AT,,Starlink 5246?,USA,10/28/2022,,Yes,ST/SG/SER.E/1086,,in orbit,,Spacecraft engaged in practical applications and uses of space technology such as weather or communications,------,,2022
2022-141AU,,Starlink 5244?,USA,10/28/2022,,Yes,ST/SG/SER.E/1086,,in orbit,,Spacecraft engaged in practical applications and uses of space technology such as weather or communications,------,,2022
2022-141AV,,Starlink 5250?,USA,10/28/2022,,Yes,ST/SG/SER.E/1086,,in orbit,,Spacecraft engaged in practical applications and uses of space technology such as weather or communications,------,,2022
2022-141AW,,Starlink 5199?,USA,10/28/2022,,Yes,ST/SG/SER.E/1086,,in orbit,,Spacecraft engaged in practical applications and uses of space technology such as weather or communications,------,,2022
2022-141AX,,Starlink 5205?,USA,10/28/2022,,Yes,ST/SG/SER.E/1086,,in orbit,,Spacecraft engaged in practical applications and uses of space technology such as weather or communications,------,,2022
2022-141AY,,Starlink 5247?,USA,10/28/2022,,Yes,ST/SG/SER.E/1086,,in orbit,,Spacecraft engaged in practical applications and uses of space technology such as weather or communications,------,,2022
2022-141AZ,,Starlink 5241?,USA,10/28/2022,,Yes,ST/SG/SER.E/1086,,in orbit,,Spacecraft engaged in practical applications and uses of space technology such as weather or communications,------,,2022
2022-141BB,,Starlink 5264?,USA,10/28/2022,,Yes,ST/SG/SER.E/1086,,in orbit,,Spacecraft engaged in practical applications and uses of space technology such as weather or communications,------,,2022
2022-141BC,,Starlink 5262?,USA,10/28/2022,,Yes,ST/SG/SER.E/1086,,in orbit,,Spacecraft engaged in practical applications and uses of space technology such as weather or communications,------,,2022
2022-141BD,,Starlink 5255?,USA,10/28/2022,,Yes,ST/SG/SER.E/1086,,in orbit,,Spacecraft engaged in practical applications and uses of space technology such as weather or communications,------,,2022
2022-141BA,,Starlink 5249?,USA,10/28/2022,,Yes,ST/SG/SER.E/1086,,in orbit,,Spacecraft engaged in practical applications and uses of space technology such as weather or communications,------,,2022
2022-141A,,Starlink 5290?,USA,10/28/2022,,Yes,ST/SG/SER.E/1086,,in orbit,,Spacecraft engaged in practical applications and uses of space technology such as weather or communications,------,,2022
2022-141C,,Starlink 5294?,USA,10/28/2022,,Yes,ST/SG/SER.E/1086,,in orbit,,Spacecraft engaged in practical applications and uses of space technology such as weather or communications,------,,2022
2022-141D,,Starlink 5233?,USA,10/28/2022,,Yes,ST/SG/SER.E/1086,,in orbit,,Spacecraft engaged in practical applications and uses of space technology such as weather or communications,------,,2022
2022-141B,,Starlink 5297?,USA,10/28/2022,,Yes,ST/SG/SER.E/1086,,in orbit,,Spacecraft engaged in practical applications and uses of space technology such as weather or communications,------,,2022
2022-141E,,Starlink 5269?,USA,10/28/2022,,Yes,ST/SG/SER.E/1086,,in orbit,,Spacecraft engaged in practical applications and uses of space technology such as weather or communications,------,,2022
2022-141F,,Starlink 5273?,USA,10/28/2022,,Yes,ST/SG/SER.E/1086,,in orbit,,Spacecraft engaged in practical applications and uses of space technology such as weather or communications,------,,2022
2022-141G,,Starlink 5161?,USA,10/28/2022,,Yes,ST/SG/SER.E/1086,,in orbit,,Spacecraft engaged in practical applications and uses of space technology such as weather or communications,------,,2022
2022-141H,,Starlink 5278?,USA,10/28/2022,,Yes,ST/SG/SER.E/1086,,in orbit,,Spacecraft engaged in practical applications and uses of space technology such as weather or communications,------,,2022
2022-141J,,Starlink 5279?,USA,10/28/2022,,Yes,ST/SG/SER.E/1086,,in orbit,,Spacecraft engaged in practical applications and uses of space technology such as weather or communications,------,,2022
2022-141L,,Starlink 5243?,USA,10/28/2022,,Yes,ST/SG/SER.E/1086,,in orbit,,Spacecraft engaged in practical applications and uses of space technology such as weather or communications,------,,2022
2022-141M,,Starlink 5245?,USA,10/28/2022,,Yes,ST/SG/SER.E/1086,,in orbit,,Spacecraft engaged in practical applications and uses of space technology such as weather or communications,------,,2022
2022-141N,,Starlink 5283?,USA,10/28/2022,,Yes,ST/SG/SER.E/1086,,in orbit,,Spacecraft engaged in practical applications and uses of space technology such as weather or communications,------,,2022
2022-141K,,Starlink 5280?,USA,10/28/2022,,Yes,ST/SG/SER.E/1086,,in orbit,,Spacecraft engaged in practical applications and uses of space technology such as weather or communications,------,,2022
2022-141P,,Starlink 5155?,USA,10/28/2022,,Yes,ST/SG/SER.E/1086,,in orbit,,Spacecraft engaged in practical applications and uses of space technology such as weather or communications,------,,2022
2022-141S,,Starlink 5242?,USA,10/28/2022,,Yes,ST/SG/SER.E/1086,,in orbit,,Spacecraft engaged in practical applications and uses of space technology such as weather or communications,------,,2022
2022-141T,,Starlink 5248?,USA,10/28/2022,,Yes,ST/SG/SER.E/1086,,in orbit,,Spacecraft engaged in practical applications and uses of space technology such as weather or communications,------,,2022
2022-141U,,Starlink 5256?,USA,10/28/2022,,Yes,ST/SG/SER.E/1086,,in orbit,,Spacecraft engaged in practical applications and uses of space technology such as weather or communications,------,,2022
2022-141V,,Starlink 5154?,USA,10/28/2022,,Yes,ST/SG/SER.E/1086,,in orbit,,Spacecraft engaged in practical applications and uses of space technology such as weather or communications,------,,2022
2022-141R,,Starlink 5117?,USA,10/28/2022,,Yes,ST/SG/SER.E/1086,,in orbit,,Spacecraft engaged in practical applications and uses of space technology such as weather or communications,------,,2022
2022-141W,,Starlink 5186?,USA,10/28/2022,,Yes,ST/SG/SER.E/1086,,in orbit,,Spacecraft engaged in practical applications and uses of space technology such as weather or communications,------,,2022
2022-141AD,,Starlink 5162?,USA,10/28/2022,,Yes,ST/SG/SER.E/1086,,in orbit,,Spacecraft engaged in practical applications and uses of space technology such as weather or communications,------,,2022
2022-141AA,,Starlink 5227?,USA,10/28/2022,,Yes,ST/SG/SER.E/1086,,in orbit,,Spacecraft engaged in practical applications and uses of space technology such as weather or communications,------,,2022
2022-141AB,,Starlink 5231?,USA,10/28/2022,,Yes,ST/SG/SER.E/1086,,in orbit,,Spacecraft engaged in practical applications and uses of space technology such as weather or communications,------,,2022
2022-141AE,,Starlink 5235?,USA,10/28/2022,,Yes,ST/SG/SER.E/1086,,in orbit,,Spacecraft engaged in practical applications and uses of space technology such as weather or communications,------,,2022
2022-141AF,,Starlink 5194?,USA,10/28/2022,,Yes,ST/SG/SER.E/1086,,in orbit,,Spacecraft engaged in practical applications and uses of space technology such as weather or communications,------,,2022
2022-141AG,,Starlink 5240?,USA,10/28/2022,,Yes,ST/SG/SER.E/1086,,in orbit,,Spacecraft engaged in practical applications and uses of space technology such as weather or communications,------,,2022
2022-141Z,,Starlink 5228?,USA,10/28/2022,,Yes,ST/SG/SER.E/1086,,in orbit,,Spacecraft engaged in practical applications and uses of space technology such as weather or communications,------,,2022
2022-141Y,,Starlink 5122?,USA,10/28/2022,,Yes,ST/SG/SER.E/1086,,in orbit,,Spacecraft engaged in practical applications and uses of space technology such as weather or communications,------,,2022
2022-141AH,,Starlink 5238?,USA,10/28/2022,,Yes,ST/SG/SER.E/1086,,in orbit,,Spacecraft engaged in practical applications and uses of space technology such as weather or communications,------,,2022
2022-141AK,,Starlink 5281?,USA,10/28/2022,,Yes,ST/SG/SER.E/1086,,in orbit,,Spacecraft engaged in practical applications and uses of space technology such as weather or communications,------,,2022
2022-141AL,,Starlink 4619?,USA,10/28/2022,,Yes,ST/SG/SER.E/1086,,in orbit,,Spacecraft engaged in practical applications and uses of space technology such as weather or communications,------,,2022
2022-141AM,,Starlink 5268?,USA,10/28/2022,,Yes,ST/SG/SER.E/1086,,in orbit,,Spacecraft engaged in practical applications and uses of space technology such as weather or communications,------,,2022
2022-141AN,,Starlink 5263?,USA,10/28/2022,,Yes,ST/SG/SER.E/1086,,in orbit,,Spacecraft engaged in practical applications and uses of space technology such as weather or communications,------,,2022
2022-141AP,,Starlink 5271?,USA,10/28/2022,,Yes,ST/SG/SER.E/1086,,in orbit,,Spacecraft engaged in practical applications and uses of space technology such as weather or communications,------,,2022
2022-141AQ,,Starlink 5258?,USA,10/28/2022,,Yes,ST/SG/SER.E/1086,,in orbit,,Spacecraft engaged in practical applications and uses of space technology such as weather or communications,------,,2022
2022-141AR,,Starlink 5237?,USA,10/28/2022,,Yes,ST/SG/SER.E/1086,,in orbit,,Spacecraft engaged in practical applications and uses of space technology such as weather or communications,------,,2022
2022-141BE,,Starlink 5259?,USA,10/28/2022,,Yes,ST/SG/SER.E/1086,,in orbit,,Spacecraft engaged in practical applications and uses of space technology such as weather or communications,------,,2022
2022-141AS,,Starlink 5234?,USA,10/28/2022,,Yes,ST/SG/SER.E/1086,ST/SG/SER.E/1214,[deorbited],4/15/2024,Spacecraft engaged in practical applications and uses of space technology such as weather or communications,------,,2022
2022-141Q,,Starlink 5229?,USA,10/28/2022,,Yes,ST/SG/SER.E/1086,ST/SG/SER.E/1302,[deorbited],5/16/2025,Spacecraft engaged in practical applications and uses of space technology such as weather or communications,------,,2022
2022-141AJ,,Starlink 5182?,USA,10/28/2022,[------],Yes,ST/SG/SER.E/1086,ST/SG/SER.E/1216,[deorbited],6/24/2024,Spacecraft engaged in practical applications and uses of space technology such as weather or communications,------,,2022
[2022-140A],3626-2022-018,Progress MS-21?,Russian Federation,10/26/2022,,Yes,ST/SG/SER.E/1081,ST/SG/SER.E/1103,deorbited,2/19/2023,"Delivery to the International Space Station of fuel, water, oxygen, air, food, scientific equipment and other consumable materials required for the crew, scientific experiments and operation of the Station",------,,2022
[2022-139D],3625-2022-017,SKIF D?,Russian Federation,10/22/2022,,Yes,ST/SG/SER.E/1081,,in orbit,,Experimental,------,,2022
[2022-139B],3623-2022-017,Gonets- M No. 34?,Russian Federation,10/22/2022,,Yes,ST/SG/SER.E/1081,,in orbit,,Work as part of a low-orbit satellite communications system,------,,2022
[2022-139C],3624-2022-017,Gonets M No. 35?,Russian Federation,10/22/2022,,Yes,ST/SG/SER.E/1081,,in orbit,,Work as part of a low-orbit satellite communications system,------,,2022
[2022-139A],3622-2022-017,Gonets M No. 33?,Russian Federation,10/22/2022,,Yes,ST/SG/SER.E/1081,,in orbit,,Work as part of a low-orbit satellite communications system,------,,2022
2022-138D,54116,OWLID000432 (SL0497)?[ONEWEB 0497],United Kingdom,10/22/2022,,Yes,ST/SG/SER.E/1083,,in orbit,,Communications satellite,State of registry notes that given Basic Orbital Parameters are for the intended final orbit which should be achieved by 30 July 2023.,,2022
2022-138E,54117,OWLID000433 (SL0499)?[ONEWEB 0499],United Kingdom,10/22/2022,,Yes,ST/SG/SER.E/1083,,in orbit,,Communications satellite,State of registry notes that given Basic Orbital Parameters are for the intended final orbit which should be achieved by 30 July 2023.,,2022
2022-138C,54115,OWLID000431 (SL0495)?[ONEWEB 0495],United Kingdom,10/22/2022,,Yes,ST/SG/SER.E/1083,,in orbit,,Communications satellite,State of registry notes that given Basic Orbital Parameters are for the intended final orbit which should be achieved by 30 July 2023.,,2022
2022-138A,54113,OWLID000429 (SL0490)?[ONEWEB 0490],United Kingdom,10/22/2022,,Yes,ST/SG/SER.E/1083,,in orbit,,Communications satellite,State of registry notes that given Basic Orbital Parameters are for the intended final orbit which should be achieved by 30 July 2023.,,2022
2022-138AG,54143,OWLID000459 (SL0525)?[ONEWEB 0525],United Kingdom,10/22/2022,,Yes,ST/SG/SER.E/1083,,in orbit,,Communications satellite,State of registry notes that given Basic Orbital Parameters are for the intended final orbit which should be achieved by 30 July 2023.,,2022
2022-138AD,54140,OWLID000456 (SL0522)?[ONEWEB 0522],United Kingdom,10/22/2022,,Yes,ST/SG/SER.E/1083,,in orbit,,Communications satellite,State of registry notes that given Basic Orbital Parameters are for the intended final orbit which should be achieved by 30 July 2023.,,2022
2022-138AJ,54145,OWLID000461 (SL0529)?[ONEWEB 0529],United Kingdom,10/22/2022,,Yes,ST/SG/SER.E/1083,,in orbit,,Communications satellite,State of registry notes that given Basic Orbital Parameters are for the intended final orbit which should be achieved by 30 July 2023.,,2022
2022-138AL,54147,OWLID000463 (SL0535)?[ONEWEB 0535],United Kingdom,10/22/2022,,Yes,ST/SG/SER.E/1083,,in orbit,,Communications satellite,State of registry notes that given Basic Orbital Parameters are for the intended final orbit which should be achieved by 30 July 2023.,,2022
2022-138AM,54148,OWLID000464 (SL0536)?[ONEWEB 0536],United Kingdom,10/22/2022,,Yes,ST/SG/SER.E/1083,,in orbit,,Communications satellite,State of registry notes that given Basic Orbital Parameters are for the intended final orbit which should be achieved by 30 July 2023.,,2022
2022-138AK,,OWLID000462 (SL0531)?[ONEWEB 0531],United Kingdom,10/22/2022,,Yes,ST/SG/SER.E/1083,,in orbit,,Communications satellite,State of registry notes that given Basic Orbital Parameters are for the intended final orbit which should be achieved by 30 July 2023.,,2022
2022-138AF,54142,OWLID000458 (SL0524)?[ONEWEB 0524],United Kingdom,10/22/2022,,Yes,ST/SG/SER.E/1083,,in orbit,,Communications satellite,State of registry notes that given Basic Orbital Parameters are for the intended final orbit which should be achieved by 30 July 2023.,,2022
2022-138AE,54141,OWLID000457 (SL0523)?[ONEWEB 0523],United Kingdom,10/22/2022,,Yes,ST/SG/SER.E/1083,,in orbit,,Communications satellite,State of registry notes that given Basic Orbital Parameters are for the intended final orbit which should be achieved by 30 July 2023.,,2022
2022-138F,54118,OWLID000434 (SL0500)?[ONEWEB 0500],United Kingdom,10/22/2022,,Yes,ST/SG/SER.E/1083,,in orbit,,Communications satellite,State of registry notes that given Basic Orbital Parameters are for the intended final orbit which should be achieved by 30 July 2023.,,2022
2022-138G,54119,OWLID000435 (SL0501)?[ONEWEB 0501],United Kingdom,10/22/2022,,Yes,ST/SG/SER.E/1083,,in orbit,,Communications satellite,State of registry notes that given Basic Orbital Parameters are for the intended final orbit which should be achieved by 30 July 2023.,,2022
2022-138B,54114,OWLID000430 (SL0492)?[ONEWEB 0492],United Kingdom,10/22/2022,,Yes,ST/SG/SER.E/1083,,in orbit,,Communications satellite,State of registry notes that given Basic Orbital Parameters are for the intended final orbit which should be achieved by 30 July 2023.,,2022
2022-138L,54123,OWLID000439 (SL0505)?[ONEWEB 0505],United Kingdom,10/22/2022,,Yes,ST/SG/SER.E/1083,,in orbit,,Communications satellite,State of registry notes that given Basic Orbital Parameters are for the intended final orbit which should be achieved by 30 July 2023.,,2022
2022-138AH,54144,OWLID000460 (SL0526)?[ONEWEB 0526],United Kingdom,10/22/2022,,Yes,ST/SG/SER.E/1083,,in orbit,,Communications satellite,State of registry notes that given Basic Orbital Parameters are for the intended final orbit which should be achieved by 30 July 2023.,,2022
2022-138AA,54137,OWLID000453 (SL0519)?[ONEWEB 0519],United Kingdom,10/22/2022,,Yes,ST/SG/SER.E/1083,,in orbit,,Communications satellite,State of registry notes that given Basic Orbital Parameters are for the intended final orbit which should be achieved by 30 July 2023.,,2022
2022-138AB,54138,OWLID000454 (SL0520)?[ONEWEB 0520],United Kingdom,10/22/2022,,Yes,ST/SG/SER.E/1083,,in orbit,,Communications satellite,State of registry notes that given Basic Orbital Parameters are for the intended final orbit which should be achieved by 30 July 2023.,,2022
2022-138AC,54139,OWLID000455 (SL0521)?[ONEWEB 0521],United Kingdom,10/22/2022,,Yes,ST/SG/SER.E/1083,,in orbit,,Communications satellite,State of registry notes that given Basic Orbital Parameters are for the intended final orbit which should be achieved by 30 July 2023.,,2022
2022-138J,54121,OWLID000437 (SL0503)?[ONEWEB 0503],United Kingdom,10/22/2022,,Yes,ST/SG/SER.E/1083,,in orbit,,Communications satellite,State of registry notes that given Basic Orbital Parameters are for the intended final orbit which should be achieved by 30 July 2023.,,2022
2022-138U,54131,OWLID000447 (SL0513)?[ONEWEB 0513],United Kingdom,10/22/2022,,Yes,ST/SG/SER.E/1083,,in orbit,,Communications satellite,State of registry notes that given Basic Orbital Parameters are for the intended final orbit which should be achieved by 30 July 2023.,,2022
2022-138V,54132,OWLID000448 (SL0514)?[ONEWEB 0514],United Kingdom,10/22/2022,,Yes,ST/SG/SER.E/1083,,in orbit,,Communications satellite,State of registry notes that given Basic Orbital Parameters are for the intended final orbit which should be achieved by 30 July 2023.,,2022
2022-138K,54122,OWLID000438 (SL0504)?[ONEWEB 0504],United Kingdom,10/22/2022,,Yes,ST/SG/SER.E/1083,,in orbit,,Communications satellite,State of registry notes that given Basic Orbital Parameters are for the intended final orbit which should be achieved by 30 July 2023.,,2022
2022-138N,54125,OWLID000441 (SL0507)?[ONEWEB 0507],United Kingdom,10/22/2022,,Yes,ST/SG/SER.E/1083,,in orbit,,Communications satellite,State of registry notes that given Basic Orbital Parameters are for the intended final orbit which should be achieved by 30 July 2023.,,2022
2022-138Z,54136,OWLID000452 (SL0518)?[ONEWEB 0518],United Kingdom,10/22/2022,,Yes,ST/SG/SER.E/1083,,in orbit,,Communications satellite,State of registry notes that given Basic Orbital Parameters are for the intended final orbit which should be achieved by 30 July 2023.,,2022
2022-138X,54134,OWLID000450 (SL0516)?[ONEWEB 0516],United Kingdom,10/22/2022,,Yes,ST/SG/SER.E/1083,,in orbit,,Communications satellite,State of registry notes that given Basic Orbital Parameters are for the intended final orbit which should be achieved by 30 July 2023.,,2022
2022-138H,54120,OWLID000436 (SL0502)?[ONEWEB 0502],United Kingdom,10/22/2022,,Yes,ST/SG/SER.E/1083,,in orbit,,Communications satellite,State of registry notes that given Basic Orbital Parameters are for the intended final orbit which should be achieved by 30 July 2023.,,2022
2022-138M,54124,OWLID000440 (SL0506)?[ONEWEB 0506],United Kingdom,10/22/2022,,Yes,ST/SG/SER.E/1083,,in orbit,,Communications satellite,State of registry notes that given Basic Orbital Parameters are for the intended final orbit which should be achieved by 30 July 2023.,,2022
2022-138P,54126,OWLID000442 (SL0508)?[ONEWEB 0508],United Kingdom,10/22/2022,,Yes,ST/SG/SER.E/1083,,in orbit,,Communications satellite,State of registry notes that given Basic Orbital Parameters are for the intended final orbit which should be achieved by 30 July 2023.,,2022
2022-138Q,54127,OWLID000443 (SL0509)?[ONEWEB 0509],United Kingdom,10/22/2022,,Yes,ST/SG/SER.E/1083,,in orbit,,Communications satellite,State of registry notes that given Basic Orbital Parameters are for the intended final orbit which should be achieved by 30 July 2023.,,2022
2022-138R,54128,OWLID000444 (SL0510)?[ONEWEB 0510],United Kingdom,10/22/2022,,Yes,ST/SG/SER.E/1083,,in orbit,,Communications satellite,State of registry notes that given Basic Orbital Parameters are for the intended final orbit which should be achieved by 30 July 2023.,,2022
2022-138S,54129,OWLID000445 (SL0511)?[ONEWEB 0511],United Kingdom,10/22/2022,,Yes,ST/SG/SER.E/1083,,in orbit,,Communications satellite,State of registry notes that given Basic Orbital Parameters are for the intended final orbit which should be achieved by 30 July 2023.,,2022
2022-138T,54130,OWLID000446 (SL0512)?[ONEWEB 0512],United Kingdom,10/22/2022,,Yes,ST/SG/SER.E/1083,,in orbit,,Communications satellite,State of registry notes that given Basic Orbital Parameters are for the intended final orbit which should be achieved by 30 July 2023.,,2022
2022-138W,54133,OWLID000449 (SL0515)?[ONEWEB 0515],United Kingdom,10/22/2022,,Yes,ST/SG/SER.E/1083,,in orbit,,Communications satellite,State of registry notes that given Basic Orbital Parameters are for the intended final orbit which should be achieved by 30 July 2023.,,2022
2022-138Y,54135,OWLID000451 (SL0517)?[ONEWEB 0517],United Kingdom,10/22/2022,,Yes,ST/SG/SER.E/1083,,in orbit,,Communications satellite,State of registry notes that given Basic Orbital Parameters are for the intended final orbit which should be achieved by 30 July 2023.,,2022
[2022-137A],3620-2022-016,Cosmos 2561?,Russian Federation,10/21/2022,,Yes,ST/SG/SER.E/1081,,in orbit,,Intended for assignments on behalf of the Ministry of Defence of the Russian Federation,------,,2022
2022-137A,3621-2022-016,Cosmos 2562?,Russian Federation,10/21/2022,,Yes,ST/SG/SER.E/1081,ST/SG/SER.E/1164,decayed,11/8/2023,Intended for assignments on behalf of the Ministry of Defence of the Russian Federation,Reported by the State of registry as carrying international designator 2022-137A in ST/SG/SER.E/1164.,,2022
2022-136G,,Starlink 5216?,USA,10/20/2022,,Yes,ST/SG/SER.E/1086,ST/SG/SER.E/1130,[deorbited],4/6/2023,Spacecraft engaged in practical applications and uses of space technology such as weather or communications,------,,2022
2022-136AE,,Starlink 5175?,USA,10/20/2022,,Yes,ST/SG/SER.E/1086,,in orbit,,Spacecraft engaged in practical applications and uses of space technology such as weather or communications,------,,2022
2022-136U,,Starlink 5223?,USA,10/20/2022,,Yes,ST/SG/SER.E/1086,ST/SG/SER.E/1227,[deorbited],8/28/2024,Spacecraft engaged in practical applications and uses of space technology such as weather or communications,------,,2022
2022-136A,,Starlink 5195?,USA,10/20/2022,,Yes,ST/SG/SER.E/1086,,in orbit,,Spacecraft engaged in practical applications and uses of space technology such as weather or communications,------,,2022
2022-136B,,Starlink 5189?,USA,10/20/2022,,Yes,ST/SG/SER.E/1086,,in orbit,,Spacecraft engaged in practical applications and uses of space technology such as weather or communications,------,,2022
2022-136D,,Starlink 5163?,USA,10/20/2022,,Yes,ST/SG/SER.E/1086,,in orbit,,Spacecraft engaged in practical applications and uses of space technology such as weather or communications,------,,2022
2022-136C,,Starlink 5176?,USA,10/20/2022,,Yes,ST/SG/SER.E/1086,,in orbit,,Spacecraft engaged in practical applications and uses of space technology such as weather or communications,------,,2022
2022-136E,,Starlink 5158?,USA,10/20/2022,,Yes,ST/SG/SER.E/1086,,in orbit,,Spacecraft engaged in practical applications and uses of space technology such as weather or communications,------,,2022
2022-136F,,Starlink 5226?,USA,10/20/2022,,Yes,ST/SG/SER.E/1086,,in orbit,,Spacecraft engaged in practical applications and uses of space technology such as weather or communications,------,,2022
2022-136H,,Starlink 5167?,USA,10/20/2022,,Yes,ST/SG/SER.E/1086,,in orbit,,Spacecraft engaged in practical applications and uses of space technology such as weather or communications,------,,2022
2022-136J,,Starlink 5173?,USA,10/20/2022,,Yes,ST/SG/SER.E/1086,,in orbit,,Spacecraft engaged in practical applications and uses of space technology such as weather or communications,------,,2022
2022-136L,,Starlink 5209?,USA,10/20/2022,,Yes,ST/SG/SER.E/1086,,in orbit,,Spacecraft engaged in practical applications and uses of space technology such as weather or communications,------,,2022
2022-136M,,Starlink 5170?,USA,10/20/2022,,Yes,ST/SG/SER.E/1086,,in orbit,,Spacecraft engaged in practical applications and uses of space technology such as weather or communications,------,,2022
2022-136P,,Starlink 5172?,USA,10/20/2022,,Yes,ST/SG/SER.E/1086,,in orbit,,Spacecraft engaged in practical applications and uses of space technology such as weather or communications,------,,2022
2022-136Q,,Starlink 5187?,USA,10/20/2022,,Yes,ST/SG/SER.E/1086,,in orbit,,Spacecraft engaged in practical applications and uses of space technology such as weather or communications,------,,2022
2022-136K,,Starlink 5169?,USA,10/20/2022,,Yes,ST/SG/SER.E/1086,,in orbit,,Spacecraft engaged in practical applications and uses of space technology such as weather or communications,------,,2022
2022-136R,,Starlink 5151?,USA,10/20/2022,,Yes,ST/SG/SER.E/1086,,in orbit,,Spacecraft engaged in practical applications and uses of space technology such as weather or communications,------,,2022
2022-136V,,Starlink 5181?,USA,10/20/2022,,Yes,ST/SG/SER.E/1086,,in orbit,,Spacecraft engaged in practical applications and uses of space technology such as weather or communications,------,,2022
2022-136W,,Starlink 5168?,USA,10/20/2022,,Yes,ST/SG/SER.E/1086,,in orbit,,Spacecraft engaged in practical applications and uses of space technology such as weather or communications,------,,2022
2022-136Y,,Starlink 5146?,USA,10/20/2022,,Yes,ST/SG/SER.E/1086,,in orbit,,Spacecraft engaged in practical applications and uses of space technology such as weather or communications,------,,2022
2022-136Z,,Starlink 5192?,USA,10/20/2022,,Yes,ST/SG/SER.E/1086,,in orbit,,Spacecraft engaged in practical applications and uses of space technology such as weather or communications,------,,2022
2022-136S,,Starlink 5174?,USA,10/20/2022,,Yes,ST/SG/SER.E/1086,,in orbit,,Spacecraft engaged in practical applications and uses of space technology such as weather or communications,------,,2022
2022-136T,,Starlink 5222?,USA,10/20/2022,,Yes,ST/SG/SER.E/1086,,in orbit,,Spacecraft engaged in practical applications and uses of space technology such as weather or communications,------,,2022
2022-136N,,Starlink 5225?,USA,10/20/2022,,Yes,ST/SG/SER.E/1086,,in orbit,,Spacecraft engaged in practical applications and uses of space technology such as weather or communications,------,,2022
2022-136AA,,Starlink 5212?,USA,10/20/2022,,Yes,ST/SG/SER.E/1086,,in orbit,,Spacecraft engaged in practical applications and uses of space technology such as weather or communications,------,,2022
2022-136AB,,Starlink 5201?,USA,10/20/2022,,Yes,ST/SG/SER.E/1086,,in orbit,,Spacecraft engaged in practical applications and uses of space technology such as weather or communications,------,,2022
2022-136AC,,Starlink 5171?,USA,10/20/2022,,Yes,ST/SG/SER.E/1086,,in orbit,,Spacecraft engaged in practical applications and uses of space technology such as weather or communications,------,,2022
2022-136AF,,Starlink 5160?,USA,10/20/2022,,Yes,ST/SG/SER.E/1086,,in orbit,,Spacecraft engaged in practical applications and uses of space technology such as weather or communications,------,,2022
2022-136AG,,Starlink 5165?,USA,10/20/2022,,Yes,ST/SG/SER.E/1086,,in orbit,,Spacecraft engaged in practical applications and uses of space technology such as weather or communications,------,,2022
2022-136AH,,Starlink 5210?,USA,10/20/2022,,Yes,ST/SG/SER.E/1086,,in orbit,,Spacecraft engaged in practical applications and uses of space technology such as weather or communications,------,,2022
2022-136AR,,Starlink 5177?,USA,10/20/2022,,Yes,ST/SG/SER.E/1086,,in orbit,,Spacecraft engaged in practical applications and uses of space technology such as weather or communications,------,,2022
2022-136AJ,,Starlink 5178?,USA,10/20/2022,,Yes,ST/SG/SER.E/1086,,in orbit,,Spacecraft engaged in practical applications and uses of space technology such as weather or communications,------,,2022
2022-136AK,,Starlink 5183?,USA,10/20/2022,,Yes,ST/SG/SER.E/1086,,in orbit,,Spacecraft engaged in practical applications and uses of space technology such as weather or communications,------,,2022
2022-136AL,,Starlink 5166?,USA,10/20/2022,,Yes,ST/SG/SER.E/1086,,in orbit,,Spacecraft engaged in practical applications and uses of space technology such as weather or communications,------,,2022
2022-136AM,,Starlink 5211?,USA,10/20/2022,,Yes,ST/SG/SER.E/1086,,in orbit,,Spacecraft engaged in practical applications and uses of space technology such as weather or communications,------,,2022
2022-136AN,,Starlink 5184?,USA,10/20/2022,,Yes,ST/SG/SER.E/1086,,in orbit,,Spacecraft engaged in practical applications and uses of space technology such as weather or communications,------,,2022
2022-136AP,,Starlink 5153?,USA,10/20/2022,,Yes,ST/SG/SER.E/1086,,in orbit,,Spacecraft engaged in practical applications and uses of space technology such as weather or communications,------,,2022
2022-136AQ,,Starlink 5143?,USA,10/20/2022,,Yes,ST/SG/SER.E/1086,,in orbit,,Spacecraft engaged in practical applications and uses of space technology such as weather or communications,------,,2022
2022-136AZ,,Starlink 5217?,USA,10/20/2022,,Yes,ST/SG/SER.E/1086,,in orbit,,Spacecraft engaged in practical applications and uses of space technology such as weather or communications,------,,2022
2022-136AS,,Starlink 5221?,USA,10/20/2022,,Yes,ST/SG/SER.E/1086,,in orbit,,Spacecraft engaged in practical applications and uses of space technology such as weather or communications,------,,2022
2022-136AV,,Starlink 5219?,USA,10/20/2022,,Yes,ST/SG/SER.E/1086,,in orbit,,Spacecraft engaged in practical applications and uses of space technology such as weather or communications,------,,2022
2022-136AT,,Starlink 5190?,USA,10/20/2022,,Yes,ST/SG/SER.E/1086,,in orbit,,Spacecraft engaged in practical applications and uses of space technology such as weather or communications,------,,2022
2022-136AU,,Starlink 5213?,USA,10/20/2022,,Yes,ST/SG/SER.E/1086,,in orbit,,Spacecraft engaged in practical applications and uses of space technology such as weather or communications,------,,2022
2022-136AW,,Starlink 5193?,USA,10/20/2022,,Yes,ST/SG/SER.E/1086,,in orbit,,Spacecraft engaged in practical applications and uses of space technology such as weather or communications,------,,2022
2022-136AX,,Starlink 5188?,USA,10/20/2022,,Yes,ST/SG/SER.E/1086,,in orbit,,Spacecraft engaged in practical applications and uses of space technology such as weather or communications,------,,2022
2022-136BA,,Starlink 5198?,USA,10/20/2022,,Yes,ST/SG/SER.E/1086,,in orbit,,Spacecraft engaged in practical applications and uses of space technology such as weather or communications,------,,2022
2022-136AY,,Starlink 5197?,USA,10/20/2022,,Yes,ST/SG/SER.E/1086,,in orbit,,Spacecraft engaged in practical applications and uses of space technology such as weather or communications,------,,2022
2022-136BE,,Starlink 5200?,USA,10/20/2022,,Yes,ST/SG/SER.E/1086,,in orbit,,Spacecraft engaged in practical applications and uses of space technology such as weather or communications,------,,2022
2022-136BB,,Starlink 5185?,USA,10/20/2022,,Yes,ST/SG/SER.E/1086,,in orbit,,Spacecraft engaged in practical applications and uses of space technology such as weather or communications,------,,2022
2022-136BC,,Starlink 5204?,USA,10/20/2022,,Yes,ST/SG/SER.E/1086,,in orbit,,Spacecraft engaged in practical applications and uses of space technology such as weather or communications,------,,2022
2022-136BF,,Starlink 5203?,USA,10/20/2022,,Yes,ST/SG/SER.E/1086,,in orbit,,Spacecraft engaged in practical applications and uses of space technology such as weather or communications,------,,2022
2022-136BD,,Starlink 5179?,USA,10/20/2022,,Yes,ST/SG/SER.E/1086,,in orbit,,Spacecraft engaged in practical applications and uses of space technology such as weather or communications,------,,2022
2022-136X,,Starlink 5144?,USA,10/20/2022,,Yes,ST/SG/SER.E/1086,ST/SG/SER.E/1270,[deorbited],1/9/2025,Spacecraft engaged in practical applications and uses of space technology such as weather or communications,------,,2022
2022-136AD,,Starlink 5138?,USA,10/20/2022,,Yes,ST/SG/SER.E/1086,,[deorbited],[2025-11-24],Spacecraft engaged in practical applications and uses of space technology such as weather or communications,------,,2022
2022-134A,,EUTELSAT HOTBIRD 13F?,France,10/15/2022,+013.0 degrees East,Yes,ST/SG/SER.E/1113,,in GSO,,Telecommunications satellite,------,,2022
[2022-135A],3619-2022-015,Cosmos 2560?,Russian Federation,10/15/2022,,Yes,ST/SG/SER.E/1081,ST/SG/SER.E/1090,decayed,12/10/2022,Intended for assignments on behalf of the Ministry of Defence of the Russian Federation,------,,2022
2022-133A,,Yaogan 36 Group-02 Satellite-A (Yaogan-36-A 02)?,China,10/14/2022,,Yes,ST/SG/SER.E/1123,,in orbit,,Remote sensing satellite,------,,2022
2022-133B,,Yaogan 36 Group-02 Satellite-B (Yaogan-36-B 02)?,China,10/14/2022,,Yes,ST/SG/SER.E/1123,,in orbit,,Remote sensing satellite,------,,2022
2022-133D,,Yaogan-36 Group-02 Satellite-C (Yaogan-36-C 02)?,China,10/14/2022,,Yes,ST/SG/SER.E/1123,,in orbit,,Remote sensing satellite,------,,2022
[2022-131A],,?[ANGOSAT 2],[(for Angola)],[2022-10-12],[+023.0 degrees East],No,,,[in GSO],,------,Not registered with the United Nations.,,2022
[2022-132A],,?[HJ 2E],[China],[2022-10-12],,No,,,[in orbit],,------,Not registered with the United Nations.,,2022
[2022-130A],3618-2022-014,Cosmos 2559 (GLONASS-K No. 17L)?,Russian Federation,10/10/2022,,Yes,ST/SG/SER.E/1081,,in orbit,,The dual-use space object is intended to perform tasks on behalf of the Ministry of Defence of the Russian Federation and to support the socioeconomic development of the Russian Federation,------,,2022
2022-129A,,Advanced Space-based Solar Observatory (ASO-S)?,China,10/8/2022,,Yes,ST/SG/SER.E/1123,,in orbit,,Solar observation,------,,2022
2022-128B,,Galaxy 34?,USA,10/8/2022,[-129.0 degrees East],Yes,ST/SG/SER.E/1086,,in GSO,,Spacecraft engaged in practical applications and uses of space technology such as weather or communications,------,,2022
2022-128A,,Galaxy 33?,USA,10/8/2022,[-133.0 degrees East],Yes,ST/SG/SER.E/1086,,in GSO,,Spacecraft engaged in practical applications and uses of space technology such as weather or communications,------,,2022
2022-127A,,OTB-3-GAzelle?,USA,10/7/2022,,Yes,ST/SG/SER.E/1086,ST/SG/SER.E/1089,in orbit,,Spacecraft engaged in practical applications and uses of space technology such as weather or communications,Mentioned by New Zealand in ST/SG/SER.E/1089.,,2022
[2022-126B],,?[CENTISPACE 1-S6],[China],[2022-10-07],,No,,,[in orbit],,------,Not registered with the United Nations.,,2022
[2022-126A],,?[CENTISPACE 1-S5],[China],[2022-10-07],,No,,,[in orbit],,------,Not registered with the United Nations.,,2022
2022-124A,,Dragon Endurance 2?,USA,10/5/2022,,Yes,ST/SG/SER.E/1086,ST/SG/SER.E/1117,[recovered],3/12/2023,Reusable space transportation systems,------,,2022
2022-125J,,Starlink 5157?,USA,10/5/2022,,Yes,ST/SG/SER.E/1086,ST/SG/SER.E/1215,[deorbited],5/23/2024,Spacecraft engaged in practical applications and uses of space technology such as weather or communications,------,,2022
2022-125AP,,Starlink 5105?,USA,10/5/2022,,Yes,ST/SG/SER.E/1086,ST/SG/SER.E/1215,[deorbited],5/15/2024,Spacecraft engaged in practical applications and uses of space technology such as weather or communications,------,,2022
2022-125BC,,Starlink 5116?,USA,10/5/2022,,Yes,ST/SG/SER.E/1086,ST/SG/SER.E/1215,[deorbited],5/25/2024,Spacecraft engaged in practical applications and uses of space technology such as weather or communications,------,,2022
2022-125AC,,Starlink 5075?,USA,10/5/2022,,Yes,ST/SG/SER.E/1086,ST/SG/SER.E/1227,[deorbited],8/22/2024,Spacecraft engaged in practical applications and uses of space technology such as weather or communications,------,,2022
2022-125F,,Starlink 4468?,USA,10/5/2022,,Yes,ST/SG/SER.E/1086,,in orbit,,Spacecraft engaged in practical applications and uses of space technology such as weather or communications,------,,2022
2022-125G,,Starlink 4567?,USA,10/5/2022,,Yes,ST/SG/SER.E/1086,,in orbit,,Spacecraft engaged in practical applications and uses of space technology such as weather or communications,------,,2022
2022-125H,,Starlink 4639?,USA,10/5/2022,,Yes,ST/SG/SER.E/1086,,in orbit,,Spacecraft engaged in practical applications and uses of space technology such as weather or communications,------,,2022
2022-125B,,Starlink 4578?,USA,10/5/2022,,Yes,ST/SG/SER.E/1086,,in orbit,,Spacecraft engaged in practical applications and uses of space technology such as weather or communications,------,,2022
2022-125K,,Starlink 5156?,USA,10/5/2022,,Yes,ST/SG/SER.E/1086,,in orbit,,Spacecraft engaged in practical applications and uses of space technology such as weather or communications,------,,2022
2022-125BB,,Starlink 5098?,USA,10/5/2022,,Yes,ST/SG/SER.E/1086,,in orbit,,Spacecraft engaged in practical applications and uses of space technology such as weather or communications,------,,2022
2022-125BA,,Starlink 5126?,USA,10/5/2022,,Yes,ST/SG/SER.E/1086,,in orbit,,Spacecraft engaged in practical applications and uses of space technology such as weather or communications,------,,2022
2022-125AV,,Starlink 5132?,USA,10/5/2022,,Yes,ST/SG/SER.E/1086,,in orbit,,Spacecraft engaged in practical applications and uses of space technology such as weather or communications,------,,2022
2022-125AX,,Starlink 5099?,USA,10/5/2022,,Yes,ST/SG/SER.E/1086,,in orbit,,Spacecraft engaged in practical applications and uses of space technology such as weather or communications,------,,2022
2022-125AZ,,Starlink 5124?,USA,10/5/2022,,Yes,ST/SG/SER.E/1086,,in orbit,,Spacecraft engaged in practical applications and uses of space technology such as weather or communications,------,,2022
2022-125BD,,Starlink 5055?,USA,10/5/2022,,Yes,ST/SG/SER.E/1086,,in orbit,,Spacecraft engaged in practical applications and uses of space technology such as weather or communications,------,,2022
2022-125AW,,Starlink 5145?,USA,10/5/2022,,Yes,ST/SG/SER.E/1086,,in orbit,,Spacecraft engaged in practical applications and uses of space technology such as weather or communications,------,,2022
2022-125AY,,Starlink 5127?,USA,10/5/2022,,Yes,ST/SG/SER.E/1086,,in orbit,,Spacecraft engaged in practical applications and uses of space technology such as weather or communications,------,,2022
2022-125E,,Starlink 4629?,USA,10/5/2022,,Yes,ST/SG/SER.E/1086,,in orbit,,Spacecraft engaged in practical applications and uses of space technology such as weather or communications,------,,2022
2022-125W,,Starlink 5142?,USA,10/5/2022,,Yes,ST/SG/SER.E/1086,,in orbit,,Spacecraft engaged in practical applications and uses of space technology such as weather or communications,------,,2022
2022-125C,,Starlink 4635?,USA,10/5/2022,,Yes,ST/SG/SER.E/1086,,in orbit,,Spacecraft engaged in practical applications and uses of space technology such as weather or communications,------,,2022
2022-125D,,Starlink 4634?,USA,10/5/2022,,Yes,ST/SG/SER.E/1086,,in orbit,,Spacecraft engaged in practical applications and uses of space technology such as weather or communications,------,,2022
2022-125V,,Starlink 5103?,USA,10/5/2022,,Yes,ST/SG/SER.E/1086,,in orbit,,Spacecraft engaged in practical applications and uses of space technology such as weather or communications,------,,2022
2022-125X,,Starlink 5147?,USA,10/5/2022,,Yes,ST/SG/SER.E/1086,,in orbit,,Spacecraft engaged in practical applications and uses of space technology such as weather or communications,------,,2022
2022-125Y,,Starlink 5119?,USA,10/5/2022,,Yes,ST/SG/SER.E/1086,,in orbit,,Spacecraft engaged in practical applications and uses of space technology such as weather or communications,------,,2022
2022-125AL,,Starlink 5128?,USA,10/5/2022,,Yes,ST/SG/SER.E/1086,,in orbit,,Spacecraft engaged in practical applications and uses of space technology such as weather or communications,------,,2022
2022-125AT,,Starlink 5135?,USA,10/5/2022,,Yes,ST/SG/SER.E/1086,,in orbit,,Spacecraft engaged in practical applications and uses of space technology such as weather or communications,------,,2022
2022-125AM,,Starlink 5079?,USA,10/5/2022,,Yes,ST/SG/SER.E/1086,,in orbit,,Spacecraft engaged in practical applications and uses of space technology such as weather or communications,------,,2022
2022-125AN,,Starlink 5088?,USA,10/5/2022,,Yes,ST/SG/SER.E/1086,,in orbit,,Spacecraft engaged in practical applications and uses of space technology such as weather or communications,------,,2022
2022-125AR,,Starlink 5114?,USA,10/5/2022,,Yes,ST/SG/SER.E/1086,,in orbit,,Spacecraft engaged in practical applications and uses of space technology such as weather or communications,------,,2022
2022-125AS,,Starlink 5129?,USA,10/5/2022,,Yes,ST/SG/SER.E/1086,,in orbit,,Spacecraft engaged in practical applications and uses of space technology such as weather or communications,------,,2022
2022-125AU,,Starlink 5096?,USA,10/5/2022,,Yes,ST/SG/SER.E/1086,,in orbit,,Spacecraft engaged in practical applications and uses of space technology such as weather or communications,------,,2022
2022-125AQ,,Starlink 5109?,USA,10/5/2022,,Yes,ST/SG/SER.E/1086,,in orbit,,Spacecraft engaged in practical applications and uses of space technology such as weather or communications,------,,2022
2022-125A,,Starlink 4633?,USA,10/5/2022,,Yes,ST/SG/SER.E/1086,,in orbit,,Spacecraft engaged in practical applications and uses of space technology such as weather or communications,------,,2022
2022-125L,,Starlink 5159?,USA,10/5/2022,,Yes,ST/SG/SER.E/1086,,in orbit,,Spacecraft engaged in practical applications and uses of space technology such as weather or communications,------,,2022
2022-125M,,Starlink 5137?,USA,10/5/2022,,Yes,ST/SG/SER.E/1086,,in orbit,,Spacecraft engaged in practical applications and uses of space technology such as weather or communications,------,,2022
2022-125N,,Starlink 5134?,USA,10/5/2022,,Yes,ST/SG/SER.E/1086,,in orbit,,Spacecraft engaged in practical applications and uses of space technology such as weather or communications,------,,2022
2022-125P,,Starlink 5094?,USA,10/5/2022,,Yes,ST/SG/SER.E/1086,,in orbit,,Spacecraft engaged in practical applications and uses of space technology such as weather or communications,------,,2022
2022-125Q,,Starlink 5148?,USA,10/5/2022,,Yes,ST/SG/SER.E/1086,,in orbit,,Spacecraft engaged in practical applications and uses of space technology such as weather or communications,------,,2022
2022-125T,,Starlink 5149?,USA,10/5/2022,,Yes,ST/SG/SER.E/1086,,in orbit,,Spacecraft engaged in practical applications and uses of space technology such as weather or communications,------,,2022
2022-125U,,Starlink 5120?,USA,10/5/2022,,Yes,ST/SG/SER.E/1086,,in orbit,,Spacecraft engaged in practical applications and uses of space technology such as weather or communications,------,,2022
2022-125R,,Starlink 5123?,USA,10/5/2022,,Yes,ST/SG/SER.E/1086,,in orbit,,Spacecraft engaged in practical applications and uses of space technology such as weather or communications,------,,2022
2022-125S,,Starlink 5133?,USA,10/5/2022,,Yes,ST/SG/SER.E/1086,,in orbit,,Spacecraft engaged in practical applications and uses of space technology such as weather or communications,------,,2022
2022-125AD,,Starlink 5118?,USA,10/5/2022,,Yes,ST/SG/SER.E/1086,,in orbit,,Spacecraft engaged in practical applications and uses of space technology such as weather or communications,------,,2022
2022-125AA,,Starlink 5113?,USA,10/5/2022,,Yes,ST/SG/SER.E/1086,,in orbit,,Spacecraft engaged in practical applications and uses of space technology such as weather or communications,------,,2022
2022-125AE,,Starlink 5108?,USA,10/5/2022,,Yes,ST/SG/SER.E/1086,,in orbit,,Spacecraft engaged in practical applications and uses of space technology such as weather or communications,------,,2022
2022-125AG,,Starlink 5125?,USA,10/5/2022,,Yes,ST/SG/SER.E/1086,,in orbit,,Spacecraft engaged in practical applications and uses of space technology such as weather or communications,------,,2022
2022-125AH,,Starlink 5097?,USA,10/5/2022,,Yes,ST/SG/SER.E/1086,,in orbit,,Spacecraft engaged in practical applications and uses of space technology such as weather or communications,------,,2022
2022-125AJ,,Starlink 5131?,USA,10/5/2022,,Yes,ST/SG/SER.E/1086,,in orbit,,Spacecraft engaged in practical applications and uses of space technology such as weather or communications,------,,2022
2022-125AK,,Starlink 5130?,USA,10/5/2022,,Yes,ST/SG/SER.E/1086,,in orbit,,Spacecraft engaged in practical applications and uses of space technology such as weather or communications,------,,2022
2022-125AF,,Starlink 5121?,USA,10/5/2022,,Yes,ST/SG/SER.E/1086,,in orbit,,Spacecraft engaged in practical applications and uses of space technology such as weather or communications,------,,2022
2022-125AB,,Starlink 5115?,USA,10/5/2022,,Yes,ST/SG/SER.E/1086,ST/SG/SER.E/1249,[deorbited],12/29/2024,Spacecraft engaged in practical applications and uses of space technology such as weather or communications,------,,2022
2022-125Z,,Starlink 5112?,USA,10/5/2022,,Yes,ST/SG/SER.E/1086,ST/SG/SER.E/1287,[deorbited],2/26/2025,Spacecraft engaged in practical applications and uses of space technology such as weather or communications,------,,2022
2022-123B,,SES 21?,USA,10/4/2022,,Yes,ST/SG/SER.E/1086,,in GSO,,Spacecraft engaged in practical applications and uses of space technology such as weather or communications,------,,2022
2022-123A,,SES 20?,USA,10/4/2022,,Yes,ST/SG/SER.E/1086,,in GSO,,Spacecraft engaged in practical applications and uses of space technology such as weather or communications,------,,2022
[2022-122*],,?[TECHEDSAT 15],[USA],[2022-10-01],,No,,,[decayed],[2022-10-05],------,Not registered with the United Nations. International Designator pending assignment.,,2022
2022-122A,,TIS Serenity?,USA,10/1/2022,,Yes,ST/SG/SER.E/1117,ST/SG/SER.E/1117,decayed,10/12/2022,------,------,,2022
2022-120A,,Yaogan 36 Group-01 Satellite-A (Yaogan-36-A 01)?,China,9/26/2022,,Yes,ST/SG/SER.E/1123,,in orbit,,Remote sensing satellite,------,,2022
2022-120E,,Yaogan 36 Group-01 Satellite-C (Yaogan-36-C 01)?,China,9/26/2022,,Yes,ST/SG/SER.E/1123,,in orbit,,Remote sensing satellite,------,,2022
2022-121B,,Shiyan 16 Satellite-B (Shiyan-16 B)?,China,9/26/2022,,Yes,ST/SG/SER.E/1123,,in orbit,,Test satellite,------,,2022
2022-121E,,Shiyan 17?,China,9/26/2022,,Yes,ST/SG/SER.E/1123,,in orbit,,Test satellite,------,,2022
2022-120D,,Yaogan 36 Group-01 Satellite-B (Yaogan-36-B 01)?,China,9/26/2022,[------],Yes,ST/SG/SER.E/1123,,[decayed],[2024-06-28],Remote sensing satellite,------,,2022
2022-121A,,Shiyan 16 Satellite-A (Shiyan-16 A)?,China,9/26/2022,,Yes,ST/SG/SER.E/1123,,[decayed],[2025-03-08],Test satellite,------,,2022
2022-118B,,Shiyan 15?,China,9/24/2022,,Yes,ST/SG/SER.E/1123,,in orbit,,Test satellite,------,,2022
2022-119AD,,Starlink 5053?,USA,9/24/2022,,Yes,ST/SG/SER.E/1082,,in orbit,,Spacecraft engaged in practical applications and uses of space technology such as weather or communications,------,,2022
2022-119AX,,Starlink 5015?,USA,9/24/2022,,Yes,ST/SG/SER.E/1082,,in orbit,,Spacecraft engaged in practical applications and uses of space technology such as weather or communications,------,,2022
2022-119AM,,Starlink 5005?,USA,9/24/2022,,Yes,ST/SG/SER.E/1082,ST/SG/SER.E/1086,[deorbited],10/25/2022,Spacecraft engaged in practical applications and uses of space technology such as weather or communications,------,,2022
2022-119A,,Starlink 5028?,USA,9/24/2022,,Yes,ST/SG/SER.E/1082,,in orbit,,Spacecraft engaged in practical applications and uses of space technology such as weather or communications,------,,2022
2022-119C,,Starlink 5034?,USA,9/24/2022,,Yes,ST/SG/SER.E/1082,,in orbit,,Spacecraft engaged in practical applications and uses of space technology such as weather or communications,------,,2022
2022-119D,,Starlink 5031?,USA,9/24/2022,,Yes,ST/SG/SER.E/1082,,in orbit,,Spacecraft engaged in practical applications and uses of space technology such as weather or communications,------,,2022
2022-119E,,Starlink 5050?,USA,9/24/2022,,Yes,ST/SG/SER.E/1082,,in orbit,,Spacecraft engaged in practical applications and uses of space technology such as weather or communications,------,,2022
2022-119B,,Starlink 5029?,USA,9/24/2022,,Yes,ST/SG/SER.E/1082,,in orbit,,Spacecraft engaged in practical applications and uses of space technology such as weather or communications,------,,2022
2022-117A,,USA 338?,USA,9/24/2022,,Yes,ST/SG/SER.E/1082,,in orbit,,Spacecraft engaged in practical applications and uses of space technology such as weather or communications,------,,2022
2022-119AQ,,Starlink 5001?,USA,9/24/2022,,Yes,ST/SG/SER.E/1082,,in orbit,,Spacecraft engaged in practical applications and uses of space technology such as weather or communications,------,,2022
2022-119AL,,Starlink 5025?,USA,9/24/2022,,Yes,ST/SG/SER.E/1082,,in orbit,,Spacecraft engaged in practical applications and uses of space technology such as weather or communications,------,,2022
2022-119AP,,Starlink 5004?,USA,9/24/2022,,Yes,ST/SG/SER.E/1082,,in orbit,,Spacecraft engaged in practical applications and uses of space technology such as weather or communications,------,,2022
2022-119AS,,Starlink 5014?,USA,9/24/2022,,Yes,ST/SG/SER.E/1082,,in orbit,,Spacecraft engaged in practical applications and uses of space technology such as weather or communications,------,,2022
2022-119AJ,,Starlink 5012?,USA,9/24/2022,,Yes,ST/SG/SER.E/1082,,in orbit,,Spacecraft engaged in practical applications and uses of space technology such as weather or communications,------,,2022
2022-119AK,,Starlink 5023?,USA,9/24/2022,,Yes,ST/SG/SER.E/1082,,in orbit,,Spacecraft engaged in practical applications and uses of space technology such as weather or communications,------,,2022
2022-119AN,,Starlink 5002?,USA,9/24/2022,,Yes,ST/SG/SER.E/1082,,in orbit,,Spacecraft engaged in practical applications and uses of space technology such as weather or communications,------,,2022
2022-119AR,,Starlink 5011?,USA,9/24/2022,,Yes,ST/SG/SER.E/1082,,in orbit,,Spacecraft engaged in practical applications and uses of space technology such as weather or communications,------,,2022
2022-119AA,,Starlink 5056?,USA,9/24/2022,,Yes,ST/SG/SER.E/1082,,in orbit,,Spacecraft engaged in practical applications and uses of space technology such as weather or communications,------,,2022
2022-119AB,,Starlink 5048?,USA,9/24/2022,,Yes,ST/SG/SER.E/1082,,in orbit,,Spacecraft engaged in practical applications and uses of space technology such as weather or communications,------,,2022
2022-119AC,,Starlink 5059?,USA,9/24/2022,,Yes,ST/SG/SER.E/1082,,in orbit,,Spacecraft engaged in practical applications and uses of space technology such as weather or communications,------,,2022
2022-119AE,,Starlink 5040?,USA,9/24/2022,,Yes,ST/SG/SER.E/1082,,in orbit,,Spacecraft engaged in practical applications and uses of space technology such as weather or communications,------,,2022
2022-119AH,,Starlink 5036?,USA,9/24/2022,,Yes,ST/SG/SER.E/1082,,in orbit,,Spacecraft engaged in practical applications and uses of space technology such as weather or communications,------,,2022
2022-119AG,,Starlink 5051?,USA,9/24/2022,,Yes,ST/SG/SER.E/1082,,in orbit,,Spacecraft engaged in practical applications and uses of space technology such as weather or communications,------,,2022
2022-119Z,,Starlink 4796?,USA,9/24/2022,,Yes,ST/SG/SER.E/1082,,in orbit,,Spacecraft engaged in practical applications and uses of space technology such as weather or communications,------,,2022
2022-119AF,,Starlink 5017?,USA,9/24/2022,,Yes,ST/SG/SER.E/1082,,in orbit,,Spacecraft engaged in practical applications and uses of space technology such as weather or communications,------,,2022
2022-119Q,,Starlink 5045?,USA,9/24/2022,,Yes,ST/SG/SER.E/1082,,in orbit,,Spacecraft engaged in practical applications and uses of space technology such as weather or communications,------,,2022
2022-119R,,Starlink 5024?,USA,9/24/2022,,Yes,ST/SG/SER.E/1082,,in orbit,,Spacecraft engaged in practical applications and uses of space technology such as weather or communications,------,,2022
2022-119T,,Starlink 5022?,USA,9/24/2022,,Yes,ST/SG/SER.E/1082,,in orbit,,Spacecraft engaged in practical applications and uses of space technology such as weather or communications,------,,2022
2022-119U,,Starlink 4787?,USA,9/24/2022,,Yes,ST/SG/SER.E/1082,,in orbit,,Spacecraft engaged in practical applications and uses of space technology such as weather or communications,------,,2022
2022-119W,,Starlink 5054?,USA,9/24/2022,,Yes,ST/SG/SER.E/1082,,in orbit,,Spacecraft engaged in practical applications and uses of space technology such as weather or communications,------,,2022
2022-119Y,,Starlink 5057?,USA,9/24/2022,,Yes,ST/SG/SER.E/1082,,in orbit,,Spacecraft engaged in practical applications and uses of space technology such as weather or communications,------,,2022
2022-119S,,Starlink 5021?,USA,9/24/2022,,Yes,ST/SG/SER.E/1082,,in orbit,,Spacecraft engaged in practical applications and uses of space technology such as weather or communications,------,,2022
2022-119V,,Starlink 5003?,USA,9/24/2022,,Yes,ST/SG/SER.E/1082,,in orbit,,Spacecraft engaged in practical applications and uses of space technology such as weather or communications,------,,2022
2022-119BC,,Starlink 4791?,USA,9/24/2022,,Yes,ST/SG/SER.E/1082,,in orbit,,Spacecraft engaged in practical applications and uses of space technology such as weather or communications,------,,2022
2022-119F,,Starlink 5041?,USA,9/24/2022,,Yes,ST/SG/SER.E/1082,,in orbit,,Spacecraft engaged in practical applications and uses of space technology such as weather or communications,------,,2022
2022-119G,,Starlink 5046?,USA,9/24/2022,,Yes,ST/SG/SER.E/1082,,in orbit,,Spacecraft engaged in practical applications and uses of space technology such as weather or communications,------,,2022
2022-119H,,Starlink 5052?,USA,9/24/2022,,Yes,ST/SG/SER.E/1082,,in orbit,,Spacecraft engaged in practical applications and uses of space technology such as weather or communications,------,,2022
2022-119J,,Starlink 5043?,USA,9/24/2022,,Yes,ST/SG/SER.E/1082,,in orbit,,Spacecraft engaged in practical applications and uses of space technology such as weather or communications,------,,2022
2022-119L,,Starlink 5037?,USA,9/24/2022,,Yes,ST/SG/SER.E/1082,,in orbit,,Spacecraft engaged in practical applications and uses of space technology such as weather or communications,------,,2022
2022-119M,,Starlink 5035?,USA,9/24/2022,,Yes,ST/SG/SER.E/1082,,in orbit,,Spacecraft engaged in practical applications and uses of space technology such as weather or communications,------,,2022
2022-119N,,Starlink 5044?,USA,9/24/2022,,Yes,ST/SG/SER.E/1082,,in orbit,,Spacecraft engaged in practical applications and uses of space technology such as weather or communications,------,,2022
2022-119P,,Starlink 5042?,USA,9/24/2022,,Yes,ST/SG/SER.E/1082,,in orbit,,Spacecraft engaged in practical applications and uses of space technology such as weather or communications,------,,2022
2022-119K,,Starlink 5032?,USA,9/24/2022,,Yes,ST/SG/SER.E/1082,,in orbit,,Spacecraft engaged in practical applications and uses of space technology such as weather or communications,------,,2022
2022-119AT,,Starlink 5008?,USA,9/24/2022,,Yes,ST/SG/SER.E/1082,,in orbit,,Spacecraft engaged in practical applications and uses of space technology such as weather or communications,------,,2022
2022-119AU,,Starlink 5009?,USA,9/24/2022,,Yes,ST/SG/SER.E/1082,,in orbit,,Spacecraft engaged in practical applications and uses of space technology such as weather or communications,------,,2022
2022-119AV,,Starlink 5018?,USA,9/24/2022,,Yes,ST/SG/SER.E/1082,,in orbit,,Spacecraft engaged in practical applications and uses of space technology such as weather or communications,------,,2022
2022-119AY,,Starlink 4772?,USA,9/24/2022,,Yes,ST/SG/SER.E/1082,,in orbit,,Spacecraft engaged in practical applications and uses of space technology such as weather or communications,------,,2022
2022-119AZ,,Starlink 4782?,USA,9/24/2022,,Yes,ST/SG/SER.E/1082,,in orbit,,Spacecraft engaged in practical applications and uses of space technology such as weather or communications,------,,2022
2022-119BA,,Starlink 4775?,USA,9/24/2022,,Yes,ST/SG/SER.E/1082,,in orbit,,Spacecraft engaged in practical applications and uses of space technology such as weather or communications,------,,2022
2022-119AW,,Starlink 5010?,USA,9/24/2022,,Yes,ST/SG/SER.E/1082,,in orbit,,Spacecraft engaged in practical applications and uses of space technology such as weather or communications,------,,2022
2022-119BB,,Starlink 5000?,USA,9/24/2022,,Yes,ST/SG/SER.E/1082,,in orbit,,Spacecraft engaged in practical applications and uses of space technology such as weather or communications,------,,2022
2022-118A,,Shiyan 14?,China,9/24/2022,,Yes,ST/SG/SER.E/1123,,[decayed],[2025-04-23],Test satellite,------,,2022
2022-119BD,,Starlink 4765?,USA,9/24/2022,,Yes,ST/SG/SER.E/1082,ST/SG/SER.E/1270,[deorbited],1/14/2025,Spacecraft engaged in practical applications and uses of space technology such as weather or communications,------,,2022
2022-119X,,Starlink 5063?,USA,9/24/2022,,Yes,ST/SG/SER.E/1082,ST/SG/SER.E/1287,[deorbited],2/27/2025,Spacecraft engaged in practical applications and uses of space technology such as weather or communications,------,,2022
[2022-116A],3617-2022-13,Soyuz MS-22?,Russian Federation,9/21/2022,,Yes,ST/SG/SER.E/1077,ST/SG/SER.E/1109,recovered,3/28/2023,"Delivery to the International Space Station of the crew of Expedition 68, consisting of Sergei Valeryevich Prokopyev (Russian Federation), commander of the crewed transport vehicle, and flight engineer-1 Dmitry Aleksandrovich Petelin (Russian Federation) and flight engineer-2 Francisco Rubio (United States of America)",------,,2022
2022-115A,,Yunhai 1 03?,China,9/20/2022,,Yes,ST/SG/SER.E/1123,,in orbit,,Remote sensing satellite,------,,2022
2022-114E,,Starlink 4713?,USA,9/19/2022,,Yes,ST/SG/SER.E/1082,ST/SG/SER.E/1086,[deorbited],10/7/2022,Spacecraft engaged in practical applications and uses of space technology such as weather or communications,------,,2022
2022-114U,,Starlink 4778?,USA,9/19/2022,,Yes,ST/SG/SER.E/1082,,in orbit,,Spacecraft engaged in practical applications and uses of space technology such as weather or communications,------,,2022
2022-114Z,,Starlink 4750?,USA,9/19/2022,,Yes,ST/SG/SER.E/1082,,in orbit,,Spacecraft engaged in practical applications and uses of space technology such as weather or communications,------,,2022
2022-114S,,Starlink 4737?,USA,9/19/2022,,Yes,ST/SG/SER.E/1082,,in orbit,,Spacecraft engaged in practical applications and uses of space technology such as weather or communications,------,,2022
2022-114T,,Starlink 4783?,USA,9/19/2022,,Yes,ST/SG/SER.E/1082,,in orbit,,Spacecraft engaged in practical applications and uses of space technology such as weather or communications,------,,2022
2022-114W,,Starlink 4773?,USA,9/19/2022,,Yes,ST/SG/SER.E/1082,,in orbit,,Spacecraft engaged in practical applications and uses of space technology such as weather or communications,------,,2022
2022-114X,,Starlink 4784?,USA,9/19/2022,,Yes,ST/SG/SER.E/1082,,in orbit,,Spacecraft engaged in practical applications and uses of space technology such as weather or communications,------,,2022
2022-114R,,Starlink 4771?,USA,9/19/2022,,Yes,ST/SG/SER.E/1082,,in orbit,,Spacecraft engaged in practical applications and uses of space technology such as weather or communications,------,,2022
2022-114V,,Starlink 4776?,USA,9/19/2022,,Yes,ST/SG/SER.E/1082,,in orbit,,Spacecraft engaged in practical applications and uses of space technology such as weather or communications,------,,2022
2022-114Y,,Starlink 4766?,USA,9/19/2022,,Yes,ST/SG/SER.E/1082,,in orbit,,Spacecraft engaged in practical applications and uses of space technology such as weather or communications,------,,2022
2022-114BD,,Starlink 4810?,USA,9/19/2022,,Yes,ST/SG/SER.E/1082,,in orbit,,Spacecraft engaged in practical applications and uses of space technology such as weather or communications,------,,2022
2022-114BE,,Starlink 4732?,USA,9/19/2022,,Yes,ST/SG/SER.E/1082,,in orbit,,Spacecraft engaged in practical applications and uses of space technology such as weather or communications,------,,2022
2022-114BF,,Starlink 4740?,USA,9/19/2022,,Yes,ST/SG/SER.E/1082,,in orbit,,Spacecraft engaged in practical applications and uses of space technology such as weather or communications,------,,2022
2022-114B,,Starlink 4738?,USA,9/19/2022,,Yes,ST/SG/SER.E/1082,,in orbit,,Spacecraft engaged in practical applications and uses of space technology such as weather or communications,------,,2022
2022-114C,,Starlink 4758?,USA,9/19/2022,,Yes,ST/SG/SER.E/1082,,in orbit,,Spacecraft engaged in practical applications and uses of space technology such as weather or communications,------,,2022
2022-114D,,Starlink 4752?,USA,9/19/2022,,Yes,ST/SG/SER.E/1082,,in orbit,,Spacecraft engaged in practical applications and uses of space technology such as weather or communications,------,,2022
2022-114F,,Starlink 4748?,USA,9/19/2022,,Yes,ST/SG/SER.E/1082,,in orbit,,Spacecraft engaged in practical applications and uses of space technology such as weather or communications,------,,2022
2022-114BB,,Starlink 4793?,USA,9/19/2022,,Yes,ST/SG/SER.E/1082,,in orbit,,Spacecraft engaged in practical applications and uses of space technology such as weather or communications,------,,2022
2022-114BC,,Starlink 4789?,USA,9/19/2022,,Yes,ST/SG/SER.E/1082,,in orbit,,Spacecraft engaged in practical applications and uses of space technology such as weather or communications,------,,2022
2022-114AU,,Starlink 4799?,USA,9/19/2022,,Yes,ST/SG/SER.E/1082,,in orbit,,Spacecraft engaged in practical applications and uses of space technology such as weather or communications,------,,2022
2022-114AV,,Starlink 4781?,USA,9/19/2022,,Yes,ST/SG/SER.E/1082,,in orbit,,Spacecraft engaged in practical applications and uses of space technology such as weather or communications,------,,2022
2022-114AX,,Starlink 4788?,USA,9/19/2022,,Yes,ST/SG/SER.E/1082,,in orbit,,Spacecraft engaged in practical applications and uses of space technology such as weather or communications,------,,2022
2022-114AY,,Starlink 4779?,USA,9/19/2022,,Yes,ST/SG/SER.E/1082,,in orbit,,Spacecraft engaged in practical applications and uses of space technology such as weather or communications,------,,2022
2022-114BA,,Starlink 4762?,USA,9/19/2022,,Yes,ST/SG/SER.E/1082,,in orbit,,Spacecraft engaged in practical applications and uses of space technology such as weather or communications,------,,2022
2022-114AK,,Starlink 4755?,USA,9/19/2022,,Yes,ST/SG/SER.E/1082,,in orbit,,Spacecraft engaged in practical applications and uses of space technology such as weather or communications,------,,2022
2022-114AL,,Starlink 4797?,USA,9/19/2022,,Yes,ST/SG/SER.E/1082,,in orbit,,Spacecraft engaged in practical applications and uses of space technology such as weather or communications,------,,2022
2022-114AM,,Starlink 4794?,USA,9/19/2022,,Yes,ST/SG/SER.E/1082,,in orbit,,Spacecraft engaged in practical applications and uses of space technology such as weather or communications,------,,2022
2022-114AN,,Starlink 4800?,USA,9/19/2022,,Yes,ST/SG/SER.E/1082,,in orbit,,Spacecraft engaged in practical applications and uses of space technology such as weather or communications,------,,2022
2022-114AP,,Starlink 4703?,USA,9/19/2022,,Yes,ST/SG/SER.E/1082,,in orbit,,Spacecraft engaged in practical applications and uses of space technology such as weather or communications,------,,2022
2022-114AQ,,Starlink 4795?,USA,9/19/2022,,Yes,ST/SG/SER.E/1082,,in orbit,,Spacecraft engaged in practical applications and uses of space technology such as weather or communications,------,,2022
2022-114AS,,Starlink 4798?,USA,9/19/2022,,Yes,ST/SG/SER.E/1082,,in orbit,,Spacecraft engaged in practical applications and uses of space technology such as weather or communications,------,,2022
2022-114AT,,Starlink 4790?,USA,9/19/2022,,Yes,ST/SG/SER.E/1082,,in orbit,,Spacecraft engaged in practical applications and uses of space technology such as weather or communications,------,,2022
2022-114AR,,Starlink 4809?,USA,9/19/2022,,Yes,ST/SG/SER.E/1082,,in orbit,,Spacecraft engaged in practical applications and uses of space technology such as weather or communications,------,,2022
2022-114L,,Starlink 4760?,USA,9/19/2022,,Yes,ST/SG/SER.E/1082,,in orbit,,Spacecraft engaged in practical applications and uses of space technology such as weather or communications,------,,2022
2022-114G,,Starlink 4757?,USA,9/19/2022,,Yes,ST/SG/SER.E/1082,,in orbit,,Spacecraft engaged in practical applications and uses of space technology such as weather or communications,------,,2022
2022-114H,,Starlink 4751?,USA,9/19/2022,,Yes,ST/SG/SER.E/1082,,in orbit,,Spacecraft engaged in practical applications and uses of space technology such as weather or communications,------,,2022
2022-114J,,Starlink 4756?,USA,9/19/2022,,Yes,ST/SG/SER.E/1082,,in orbit,,Spacecraft engaged in practical applications and uses of space technology such as weather or communications,------,,2022
2022-114K,,Starlink 4764?,USA,9/19/2022,,Yes,ST/SG/SER.E/1082,,in orbit,,Spacecraft engaged in practical applications and uses of space technology such as weather or communications,------,,2022
2022-114M,,Starlink 4759?,USA,9/19/2022,,Yes,ST/SG/SER.E/1082,,in orbit,,Spacecraft engaged in practical applications and uses of space technology such as weather or communications,------,,2022
2022-114P,,Starlink 4649?,USA,9/19/2022,,Yes,ST/SG/SER.E/1082,,in orbit,,Spacecraft engaged in practical applications and uses of space technology such as weather or communications,------,,2022
2022-114Q,,Starlink 4747?,USA,9/19/2022,,Yes,ST/SG/SER.E/1082,,in orbit,,Spacecraft engaged in practical applications and uses of space technology such as weather or communications,------,,2022
2022-114N,,Starlink 4761?,USA,9/19/2022,,Yes,ST/SG/SER.E/1082,,in orbit,,Spacecraft engaged in practical applications and uses of space technology such as weather or communications,------,,2022
2022-114AD,,Starlink 4753?,USA,9/19/2022,,Yes,ST/SG/SER.E/1082,,in orbit,,Spacecraft engaged in practical applications and uses of space technology such as weather or communications,------,,2022
2022-114AG,,Starlink 4780?,USA,9/19/2022,,Yes,ST/SG/SER.E/1082,,in orbit,,Spacecraft engaged in practical applications and uses of space technology such as weather or communications,------,,2022
2022-114AH,,Starlink 4770?,USA,9/19/2022,,Yes,ST/SG/SER.E/1082,,in orbit,,Spacecraft engaged in practical applications and uses of space technology such as weather or communications,------,,2022
2022-114AJ,,Starlink 4767?,USA,9/19/2022,,Yes,ST/SG/SER.E/1082,,in orbit,,Spacecraft engaged in practical applications and uses of space technology such as weather or communications,------,,2022
2022-114AA,,Starlink 4754?,USA,9/19/2022,,Yes,ST/SG/SER.E/1082,,in orbit,,Spacecraft engaged in practical applications and uses of space technology such as weather or communications,------,,2022
2022-114AB,,Starlink 4769?,USA,9/19/2022,,Yes,ST/SG/SER.E/1082,,in orbit,,Spacecraft engaged in practical applications and uses of space technology such as weather or communications,------,,2022
2022-114AC,,Starlink 4745?,USA,9/19/2022,,Yes,ST/SG/SER.E/1082,,in orbit,,Spacecraft engaged in practical applications and uses of space technology such as weather or communications,------,,2022
2022-114AE,,Starlink 4746?,USA,9/19/2022,,Yes,ST/SG/SER.E/1082,,in orbit,,Spacecraft engaged in practical applications and uses of space technology such as weather or communications,------,,2022
2022-114AF,,Starlink 4777?,USA,9/19/2022,,Yes,ST/SG/SER.E/1082,,in orbit,,Spacecraft engaged in practical applications and uses of space technology such as weather or communications,------,,2022
2022-114AZ,,Starlink 4785?,USA,9/19/2022,,Yes,ST/SG/SER.E/1082,ST/SG/SER.E/1249,[deorbited],12/30/2024,Spacecraft engaged in practical applications and uses of space technology such as weather or communications,------,,2022
2022-114AW,,Starlink 4792?,USA,9/19/2022,,Yes,ST/SG/SER.E/1082,ST/SG/SER.E/1249,[deorbited],12/29/2024,Spacecraft engaged in practical applications and uses of space technology such as weather or communications,------,,2022
2022-114A,,Starlink 4749?,USA,9/19/2022,,Yes,ST/SG/SER.E/1082,ST/SG/SER.E/1290,[deorbited],3/8/2025,Spacecraft engaged in practical applications and uses of space technology such as weather or communications,------,,2022
2022-113A,,StriX 1?,Japan,9/15/2022,,Yes,ST/SG/SER.E/1132,ST/SG/SER.E/1089,in orbit,,"StriX-1 is the third synthetic aperture radar (SAR) satellite made by Synspective Inc. for commercial SAR imagery (remote sensing) provision services, including upload and download functionality and antenna signal strength",Mentioned by New Zealand in ST/SG/SER.E/1089.,Link,2022
2022-112A,,ChinaSat 1E (ChinaStar1E)?,China,9/13/2022,,Yes,ST/SG/SER.E/1123,,in GSO,,Communications satellite,------,,2022
[2022-111AL],,?[BLUEWALKER 3],[(for Spain)],[2022-09-11],,No,,,[in orbit],,,------,,2022
2022-111U,,Starlink 4791?,USA,9/11/2022,,Yes,ST/SG/SER.E/1082,ST/SG/SER.E/1091,[deorbited],11/14/2022,Spacecraft engaged in practical applications and uses of space technology such as weather or communications,------,,2022
2022-111R,,Starlink 4744?,USA,9/11/2022,,Yes,ST/SG/SER.E/1082,ST/SG/SER.E/1091,[deorbited],11/15/2022,Spacecraft engaged in practical applications and uses of space technology such as weather or communications,------,,2022
2022-111N,,Starlink 4638?,USA,9/11/2022,,Yes,ST/SG/SER.E/1082,ST/SG/SER.E/1091,[deorbited],11/16/2022,Spacecraft engaged in practical applications and uses of space technology such as weather or communications,------,,2022
2021-110C,,LICIACube?,Italy,9/11/2022,,Yes,ST/SG/SER.E/1228,,heliocentric,,"The LICIACube (Light Italian Cubesat for Imaging of Asteroids) is a 6U CubeSat provided by the Italian Space Agency, carried along with the Double Asteroid Redirect Test (DART) to Didymos and was released on 11 September 2022 before the DART impact. The goal of the mission is to follow DART and return post-impact pictures of the asteroid Dimorphos. The scientific objectives were: 1) verify the DART impact; 2) obtain images of the ejecta plume; 3) obtain images of the DART impact site; and 4) obtain images of the far (non-impact) hemisphere.",The registration submission for this space object is presently being processed by the United Nations Secretariat. International Designator provided by the State of registry. Deployed from NASA DART (international designator 2021-110A). Date of launch of carrier and date of deployment provided by the State of registry in ST/SG/SER.E/1228. Date of launch is date of deployment.,Link,2022
2022-111A,,Starlink 4718?,USA,9/11/2022,,Yes,ST/SG/SER.E/1082,,in orbit,,Spacecraft engaged in practical applications and uses of space technology such as weather or communications,------,,2022
2022-111E,,Starlink 4664?,USA,9/11/2022,,Yes,ST/SG/SER.E/1082,,in orbit,,Spacecraft engaged in practical applications and uses of space technology such as weather or communications,------,,2022
2022-111F,,Starlink 4709?,USA,9/11/2022,,Yes,ST/SG/SER.E/1082,,in orbit,,Spacecraft engaged in practical applications and uses of space technology such as weather or communications,------,,2022
2022-111G,,Starlink 4706?,USA,9/11/2022,,Yes,ST/SG/SER.E/1082,,in orbit,,Spacecraft engaged in practical applications and uses of space technology such as weather or communications,------,,2022
2022-111H,,Starlink 4678?,USA,9/11/2022,,Yes,ST/SG/SER.E/1082,,in orbit,,Spacecraft engaged in practical applications and uses of space technology such as weather or communications,------,,2022
2022-111J,,Starlink 4462?,USA,9/11/2022,,Yes,ST/SG/SER.E/1082,,in orbit,,Spacecraft engaged in practical applications and uses of space technology such as weather or communications,------,,2022
2022-111M,,Starlink 4687?,USA,9/11/2022,,Yes,ST/SG/SER.E/1082,,in orbit,,Spacecraft engaged in practical applications and uses of space technology such as weather or communications,------,,2022
2022-111B,,Starlink 4719?,USA,9/11/2022,,Yes,ST/SG/SER.E/1082,,in orbit,,Spacecraft engaged in practical applications and uses of space technology such as weather or communications,------,,2022
2022-111K,,Starlink 4679?,USA,9/11/2022,,Yes,ST/SG/SER.E/1082,,in orbit,,Spacecraft engaged in practical applications and uses of space technology such as weather or communications,------,,2022
2022-111T,,Starlink 4734?,USA,9/11/2022,,Yes,ST/SG/SER.E/1082,,in orbit,,Spacecraft engaged in practical applications and uses of space technology such as weather or communications,------,,2022
2022-111L,,Starlink 4536?,USA,9/11/2022,,Yes,ST/SG/SER.E/1082,,in orbit,,Spacecraft engaged in practical applications and uses of space technology such as weather or communications,------,,2022
2022-111C,,Starlink 4722?,USA,9/11/2022,,Yes,ST/SG/SER.E/1082,,in orbit,,Spacecraft engaged in practical applications and uses of space technology such as weather or communications,------,,2022
2022-111W,,Starlink 4728?,USA,9/11/2022,,Yes,ST/SG/SER.E/1082,,in orbit,,Spacecraft engaged in practical applications and uses of space technology such as weather or communications,------,,2022
2022-111V,,Starlink 4739?,USA,9/11/2022,,Yes,ST/SG/SER.E/1082,,in orbit,,Spacecraft engaged in practical applications and uses of space technology such as weather or communications,------,,2022
2022-111D,,Starlink 4708?,USA,9/11/2022,,Yes,ST/SG/SER.E/1082,,in orbit,,Spacecraft engaged in practical applications and uses of space technology such as weather or communications,------,,2022
2022-111AD,,Starlink 4720?,USA,9/11/2022,,Yes,ST/SG/SER.E/1082,,in orbit,,Spacecraft engaged in practical applications and uses of space technology such as weather or communications,------,,2022
2022-111AA,,Starlink 4723?,USA,9/11/2022,,Yes,ST/SG/SER.E/1082,,in orbit,,Spacecraft engaged in practical applications and uses of space technology such as weather or communications,------,,2022
2022-111AB,,Starlink 4712?,USA,9/11/2022,,Yes,ST/SG/SER.E/1082,,in orbit,,Spacecraft engaged in practical applications and uses of space technology such as weather or communications,------,,2022
2022-111AH,,Starlink 4729?,USA,9/11/2022,,Yes,ST/SG/SER.E/1082,,in orbit,,Spacecraft engaged in practical applications and uses of space technology such as weather or communications,------,,2022
2022-111AJ,,Starlink 4763?,USA,9/11/2022,,Yes,ST/SG/SER.E/1082,,in orbit,,Spacecraft engaged in practical applications and uses of space technology such as weather or communications,------,,2022
2022-111AK,,Starlink 4768?,USA,9/11/2022,,Yes,ST/SG/SER.E/1082,,in orbit,,Spacecraft engaged in practical applications and uses of space technology such as weather or communications,------,,2022
2022-111AC,,Starlink 4710?,USA,9/11/2022,,Yes,ST/SG/SER.E/1082,,in orbit,,Spacecraft engaged in practical applications and uses of space technology such as weather or communications,------,,2022
2022-111AE,,Starlink 4715?,USA,9/11/2022,,Yes,ST/SG/SER.E/1082,,in orbit,,Spacecraft engaged in practical applications and uses of space technology such as weather or communications,------,,2022
2022-111AG,,Starlink 4727?,USA,9/11/2022,,Yes,ST/SG/SER.E/1082,,in orbit,,Spacecraft engaged in practical applications and uses of space technology such as weather or communications,------,,2022
2022-111AF,,Starlink 4726?,USA,9/11/2022,,Yes,ST/SG/SER.E/1082,,in orbit,,Spacecraft engaged in practical applications and uses of space technology such as weather or communications,------,,2022
2022-111Y,,Starlink 4742?,USA,9/11/2022,,Yes,ST/SG/SER.E/1082,,in orbit,,Spacecraft engaged in practical applications and uses of space technology such as weather or communications,------,,2022
2022-111Z,,Starlink 4721?,USA,9/11/2022,,Yes,ST/SG/SER.E/1082,,in orbit,,Spacecraft engaged in practical applications and uses of space technology such as weather or communications,------,,2022
2022-111P,,Starlink 4631?,USA,9/11/2022,,Yes,ST/SG/SER.E/1082,,in orbit,,Spacecraft engaged in practical applications and uses of space technology such as weather or communications,------,,2022
2022-111Q,,Starlink 4743?,USA,9/11/2022,,Yes,ST/SG/SER.E/1082,,in orbit,,Spacecraft engaged in practical applications and uses of space technology such as weather or communications,------,,2022
2022-111S,,Starlink 4666?,USA,9/11/2022,,Yes,ST/SG/SER.E/1082,,in orbit,,Spacecraft engaged in practical applications and uses of space technology such as weather or communications,------,,2022
2022-111X,,Starlink 4730?,USA,9/11/2022,,Yes,ST/SG/SER.E/1082,,in orbit,,Spacecraft engaged in practical applications and uses of space technology such as weather or communications,------,,2022
[2022-111AS],,?[BLUEWALKER LVA],[USA],[2022-09-11],,No,,ST/SG/SER.E/1290,[decayed],3/9/2025,------,Not registered with the United Nations.,,2022
2022-110A,,EUTELSAT KONNECT VHTS?[EUTE KONNECT VHTS],France,9/7/2022,+002.7 degrees East,Yes,ST/SG/SER.E/1113,,in GSO,,Telecommunications satellite,------,,2022
2022-109D,,Yaogan 35 Group-05 Satellite-C (Yaogan-35-C 05)?,China,9/6/2022,,Yes,ST/SG/SER.E/1123,,in orbit,,Remote sensing satellite,------,,2022
2022-109B,,Yaogan 35 Group-05 Satellite-B (Yaogan-35-B 05)?,China,9/6/2022,,Yes,ST/SG/SER.E/1123,,in orbit,,Remote sensing satellite,------,,2022
2022-109A,,Yaogan 35 Group-05 Satellite-A (Yaogan-35-A 05)?,China,9/6/2022,,Yes,ST/SG/SER.E/1123,,in orbit,,Remote sensing satellite,------,,2022
2022-108A,,Sunflower S3 Satellite (Xiangrikui S3)?[CENTISPACE 1-S3],China,9/6/2022,,Yes,ST/SG/SER.E/1123,,in orbit,,Space technology verification,------,,2022
1998-067UJ,,JAGSAT 1?,USA,9/6/2022,,Yes,ST/SG/SER.E/1096,ST/SG/SER.E/1110,decayed,1/22/2023,Spacecraft engaged in practical applications and uses of space technology such as weather or communications,Date of launch is date of deployment from the ISS.,,2022
1998-067UH,,CAPSAT 1?,USA,9/6/2022,,Yes,ST/SG/SER.E/1096,ST/SG/SER.E/1110,decayed,1/31/2023,Spacecraft engaged in investigation of spaceflight techniques and technology,Date of launch is date of deployment from the ISS.,,2022
1998-067UF,,BeaverCube?,USA,9/6/2022,,Yes,ST/SG/SER.E/1082,ST/SG/SER.E/1130,decayed,4/12/2023,Spacecraft engaged in practical applications and uses of space technology such as weather or communications,Date of launch is date of deployment from the ISS.,,2022
1998-067UG,,CLICK A?,USA,9/6/2022,,Yes,ST/SG/SER.E/1082,ST/SG/SER.E/1130,decayed,4/1/2023,Spacecraft engaged in investigation of spaceflight techniques and technology,Date of launch is date of deployment from the ISS.,,2022
1998-067UE,,D3?,USA,9/6/2022,,Yes,ST/SG/SER.E/1096,ST/SG/SER.E/1130,decayed,4/8/2023,Spacecraft engaged in investigation of spaceflight techniques and technology,Date of launch is date of deployment from the ISS.,,2022
[2022-108B],,?[CENTISPACE 1-S4],[China],[2022-09-06],,No,,,[in orbit],,------,Not registered with the United Nations.,,2022
2022-107A,,Starlink 4725?,USA,9/5/2022,,Yes,ST/SG/SER.E/1082,,in orbit,,Spacecraft engaged in practical applications and uses of space technology such as weather or communications,------,,2022
2022-107C,,Starlink 4724?,USA,9/5/2022,,Yes,ST/SG/SER.E/1082,,in orbit,,Spacecraft engaged in practical applications and uses of space technology such as weather or communications,------,,2022
2022-107B,,Starlink 4711?,USA,9/5/2022,,Yes,ST/SG/SER.E/1082,,in orbit,,Spacecraft engaged in practical applications and uses of space technology such as weather or communications,------,,2022
2022-107E,,Starlink 4714?,USA,9/5/2022,,Yes,ST/SG/SER.E/1082,,in orbit,,Spacecraft engaged in practical applications and uses of space technology such as weather or communications,------,,2022
2022-107F,,Starlink 4717?,USA,9/5/2022,,Yes,ST/SG/SER.E/1082,,in orbit,,Spacecraft engaged in practical applications and uses of space technology such as weather or communications,------,,2022
2022-107G,,Starlink 4716?,USA,9/5/2022,,Yes,ST/SG/SER.E/1082,,in orbit,,Spacecraft engaged in practical applications and uses of space technology such as weather or communications,------,,2022
2022-107H,,Starlink 4667?,USA,9/5/2022,,Yes,ST/SG/SER.E/1082,,in orbit,,Spacecraft engaged in practical applications and uses of space technology such as weather or communications,------,,2022
2022-107AZ,,Starlink 4657?,USA,9/5/2022,,Yes,ST/SG/SER.E/1082,ST/SG/SER.E/1086,[deorbited],10/7/2022,Spacecraft engaged in practical applications and uses of space technology such as weather or communications,------,,2022
2022-107AR,,Starlink 4613?,USA,9/5/2022,,Yes,ST/SG/SER.E/1082,ST/SG/SER.E/1086,[deorbited],10/17/2022,Spacecraft engaged in practical applications and uses of space technology such as weather or communications,------,,2022
2022-107L,,Starlink 4696?,USA,9/5/2022,,Yes,ST/SG/SER.E/1082,ST/SG/SER.E/1086,[deorbited],10/24/2022,Spacecraft engaged in practical applications and uses of space technology such as weather or communications,------,,2022
2022-107AC,,Starlink 4697?,USA,9/5/2022,,Yes,ST/SG/SER.E/1082,,in orbit,,Spacecraft engaged in practical applications and uses of space technology such as weather or communications,------,,2022
2022-107AF,,Starlink 4651?,USA,9/5/2022,,Yes,ST/SG/SER.E/1082,,in orbit,,Spacecraft engaged in practical applications and uses of space technology such as weather or communications,------,,2022
2022-107Z,,Starlink 4705?,USA,9/5/2022,,Yes,ST/SG/SER.E/1082,,in orbit,,Spacecraft engaged in practical applications and uses of space technology such as weather or communications,------,,2022
2022-107J,,Starlink 4694?,USA,9/5/2022,,Yes,ST/SG/SER.E/1082,,in orbit,,Spacecraft engaged in practical applications and uses of space technology such as weather or communications,------,,2022
2022-107M,,Starlink 4627?,USA,9/5/2022,,Yes,ST/SG/SER.E/1082,,in orbit,,Spacecraft engaged in practical applications and uses of space technology such as weather or communications,------,,2022
2022-107N,,Starlink 4683?,USA,9/5/2022,,Yes,ST/SG/SER.E/1082,,in orbit,,Spacecraft engaged in practical applications and uses of space technology such as weather or communications,------,,2022
2022-107X,,Starlink 4707?,USA,9/5/2022,,Yes,ST/SG/SER.E/1082,,in orbit,,Spacecraft engaged in practical applications and uses of space technology such as weather or communications,------,,2022
2022-107Y,,Starlink 4700?,USA,9/5/2022,,Yes,ST/SG/SER.E/1082,,in orbit,,Spacecraft engaged in practical applications and uses of space technology such as weather or communications,------,,2022
2022-107P,,Starlink 4698?,USA,9/5/2022,,Yes,ST/SG/SER.E/1082,,in orbit,,Spacecraft engaged in practical applications and uses of space technology such as weather or communications,------,,2022
2022-107U,,Starlink 4695?,USA,9/5/2022,,Yes,ST/SG/SER.E/1082,,in orbit,,Spacecraft engaged in practical applications and uses of space technology such as weather or communications,------,,2022
2022-107W,,Starlink 4642?,USA,9/5/2022,,Yes,ST/SG/SER.E/1082,,in orbit,,Spacecraft engaged in practical applications and uses of space technology such as weather or communications,,,2022
2023-212C,,CSCN-B0003 [(HJS-4C)],China,12/30/2023,,Yes,ST/SG/SER.E/1237,,in orbit,,Communications technology experimental satellite,The registration submission for this space object is presently being processed by the United Nations Secretariat.,,2023
2023-212A,,CSCN-B0001 [(HJS-4A)],China,12/30/2023,,Yes,ST/SG/SER.E/1237,,in orbit,,Communications technology experimental satellite,The registration submission for this space object is presently being processed by the United Nations Secretariat.,,2023
2023-212B,,CSCN-B0002 [(HJS-4B)],China,12/30/2023,,Yes,ST/SG/SER.E/1237,,in orbit,,Communications technology experimental satellite,The registration submission for this space object is presently being processed by the United Nations Secretariat.,,2023
2023-211A,,Starlink-31130 ,USA,12/29/2023,,Yes,ST/SG/SER.E/1188,ST/SG/SER.E/1195,[deorbited],1/4/2024,Spacecraft engaged in practical applications and uses of space technology such as weather or communications,Date of launch is 2023-12-29 using UTC.,,2023
2023-211B,,Starlink-31113 ,USA,12/29/2023,,Yes,ST/SG/SER.E/1188,,in orbit,,Spacecraft engaged in practical applications and uses of space technology such as weather or communications,Date of launch is 2023-12-29 using UTC.,,2023
2023-211E,,Starlink-30828 ,USA,12/29/2023,,Yes,ST/SG/SER.E/1188,,in orbit,,Spacecraft engaged in practical applications and uses of space technology such as weather or communications,Date of launch is 2023-12-29 using UTC.,,2023
2023-211F,,Starlink-31104 ,USA,12/29/2023,,Yes,ST/SG/SER.E/1188,,in orbit,,Spacecraft engaged in practical applications and uses of space technology such as weather or communications,Date of launch is 2023-12-29 using UTC.,,2023
2023-211C,,Starlink-31128 ,USA,12/29/2023,,Yes,ST/SG/SER.E/1188,,in orbit,,Spacecraft engaged in practical applications and uses of space technology such as weather or communications,Date of launch is 2023-12-29 using UTC.,,2023
2023-211D,,Starlink-31083 ,USA,12/29/2023,,Yes,ST/SG/SER.E/1188,,in orbit,,Spacecraft engaged in practical applications and uses of space technology such as weather or communications,Date of launch is 2023-12-29 using UTC.,,2023
2023-210A,,USA 349 [(OTV-7)],USA,12/29/2023,,Yes,ST/SG/SER.E/1188,,in orbit,,Spacecraft engaged in practical applications and uses of space technology such as weather or communications,Date of launch is 2023-12-29 using UTC.,,2023
2023-211Q,,Starlink-31147 ,USA,12/29/2023,,Yes,ST/SG/SER.E/1188,,in orbit,,Spacecraft engaged in practical applications and uses of space technology such as weather or communications,Date of launch is 2023-12-29 using UTC.,,2023
2023-211L,,Starlink-31058 ,USA,12/29/2023,,Yes,ST/SG/SER.E/1188,,in orbit,,Spacecraft engaged in practical applications and uses of space technology such as weather or communications,Date of launch is 2023-12-29 using UTC.,,2023
2023-211P,,Starlink-31112 ,USA,12/29/2023,,Yes,ST/SG/SER.E/1188,,in orbit,,Spacecraft engaged in practical applications and uses of space technology such as weather or communications,Date of launch is 2023-12-29 using UTC.,,2023
2023-211H,,Starlink-31124 ,USA,12/29/2023,,Yes,ST/SG/SER.E/1188,,in orbit,,Spacecraft engaged in practical applications and uses of space technology such as weather or communications,Date of launch is 2023-12-29 using UTC.,,2023
2023-211M,,Starlink-31125 ,USA,12/29/2023,,Yes,ST/SG/SER.E/1188,,in orbit,,Spacecraft engaged in practical applications and uses of space technology such as weather or communications,Date of launch is 2023-12-29 using UTC.,,2023
2023-211N,,Starlink-31110 ,USA,12/29/2023,,Yes,ST/SG/SER.E/1188,,in orbit,,Spacecraft engaged in practical applications and uses of space technology such as weather or communications,Date of launch is 2023-12-29 using UTC.,,2023
2023-211G,,Starlink-31131 ,USA,12/29/2023,,Yes,ST/SG/SER.E/1188,,in orbit,,Spacecraft engaged in practical applications and uses of space technology such as weather or communications,Date of launch is 2023-12-29 using UTC.,,2023
2023-211J,,Starlink-31126 ,USA,12/29/2023,,Yes,ST/SG/SER.E/1188,,in orbit,,Spacecraft engaged in practical applications and uses of space technology such as weather or communications,Date of launch is 2023-12-29 using UTC.,,2023
2023-211K,,Starlink-31066 ,USA,12/29/2023,,Yes,ST/SG/SER.E/1188,,in orbit,,Spacecraft engaged in practical applications and uses of space technology such as weather or communications,Date of launch is 2023-12-29 using UTC.,,2023
2023-211W,,Starlink-31109 ,USA,12/29/2023,,Yes,ST/SG/SER.E/1188,ST/SG/SER.E/1215,[deorbited],5/18/2024,Spacecraft engaged in practical applications and uses of space technology such as weather or communications,Date of launch is 2023-12-29 using UTC.,,2023
2023-211R,,Starlink-31144 ,USA,12/29/2023,,Yes,ST/SG/SER.E/1188,,in orbit,,Spacecraft engaged in practical applications and uses of space technology such as weather or communications,Date of launch is 2023-12-29 using UTC.,,2023
2023-211T,,Starlink-31107 ,USA,12/29/2023,,Yes,ST/SG/SER.E/1188,,in orbit,,Spacecraft engaged in practical applications and uses of space technology such as weather or communications,Date of launch is 2023-12-29 using UTC.,,2023
2023-211U,,Starlink-31121 ,USA,12/29/2023,,Yes,ST/SG/SER.E/1188,,in orbit,,Spacecraft engaged in practical applications and uses of space technology such as weather or communications,Date of launch is 2023-12-29 using UTC.,,2023
2023-211X,,Starlink-31139 ,USA,12/29/2023,,Yes,ST/SG/SER.E/1188,,in orbit,,Spacecraft engaged in practical applications and uses of space technology such as weather or communications,Date of launch is 2023-12-29 using UTC.,,2023
2023-211S,,Starlink-31095 ,USA,12/29/2023,,Yes,ST/SG/SER.E/1188,,in orbit,,Spacecraft engaged in practical applications and uses of space technology such as weather or communications,Date of launch is 2023-12-29 using UTC.,,2023
2023-211V,,Starlink-31137 ,USA,12/29/2023,,Yes,ST/SG/SER.E/1188,,in orbit,,Spacecraft engaged in practical applications and uses of space technology such as weather or communications,Date of launch is 2023-12-29 using UTC.,,2023
2023-211Y,,Starlink-31106 ,USA,12/29/2023,,Yes,ST/SG/SER.E/1188,,in orbit,,Spacecraft engaged in practical applications and uses of space technology such as weather or communications,Date of launch is 2023-12-29 using UTC.,,2023
2023-208A,,Tianmu-1 20 ,China,12/27/2023,,Yes,ST/SG/SER.E/1237,,in orbit,,------,The registration submission for this space object is presently being processed by the United Nations Secretariat.,,2023
2023-208D,,Tianmu-1 22 ,China,12/27/2023,,Yes,ST/SG/SER.E/1237,,in orbit,,------,The registration submission for this space object is presently being processed by the United Nations Secretariat.,,2023
2023-208C,,Tianmu-1 21 ,China,12/27/2023,,Yes,ST/SG/SER.E/1237,,in orbit,,------,The registration submission for this space object is presently being processed by the United Nations Secretariat.,,2023
2023-208B,,Tianmu-1 20 ,China,12/27/2023,,Yes,ST/SG/SER.E/1237,,in orbit,,------,The registration submission for this space object is presently being processed by the United Nations Secretariat.,,2023
2023-209A,3696-2023-022,Cosmos 2574 ,Russian Federation,12/27/2023,,Yes,ST/SG/SER.E/1165,ST/SG/SER.E/1318,decayed,11/15/2025,Intended for assignments on behalf of the Ministry of Defence of the Russian Federation,------,,2023
2023-207B,,58th BDS Satellite [BEIDOU 3 (BDS 3)],China,12/26/2023,,Yes,ST/SG/SER.E/1237,,in orbit,,????,The registration submission for this space object is presently being processed by the United Nations Secretariat.,,2023
2023-207A,,57th BDS Satellite [BEIDOU 3 (BDS 3)],China,12/26/2023,,Yes,ST/SG/SER.E/1237,,in orbit,,????,The registration submission for this space object is presently being processed by the United Nations Secretariat.,,2023
2023-206B,,SHIYAN-24 02 [SHIYAN 24C 02],China,12/25/2023,,Yes,ST/SG/SER.E/1237,,in orbit,,????,The registration submission for this space object is presently being processed by the United Nations Secretariat. Date of launch is 2023-12-25 using UTC.,,2023
2023-206C,,SHIYAN-24 03 [SHIYAN 24C 03],China,12/25/2023,,Yes,ST/SG/SER.E/1237,,in orbit,,????,The registration submission for this space object is presently being processed by the United Nations Secretariat. Date of launch is 2023-12-25 using UTC.,,2023
2023-205D,,Tianmu-1 14 ,China,12/25/2023,,Yes,ST/SG/SER.E/1237,,in orbit,,------,The registration submission for this space object is presently being processed by the United Nations Secretariat.,,2023
2023-205C,,Tianmu-1 13 ,China,12/25/2023,,Yes,ST/SG/SER.E/1237,,in orbit,,------,The registration submission for this space object is presently being processed by the United Nations Secretariat.,,2023
2023-205B,,Tianmu-1 12 ,China,12/25/2023,,Yes,ST/SG/SER.E/1237,,in orbit,,------,The registration submission for this space object is presently being processed by the United Nations Secretariat.,,2023
2023-205A,,Tianmu-1 11 ,China,12/25/2023,,Yes,ST/SG/SER.E/1237,,in orbit,,------,The registration submission for this space object is presently being processed by the United Nations Secretariat.,,2023
2023-206A,,SHIYAN-24 01 [SHIYAN 24C 01],China,12/25/2023,,Yes,ST/SG/SER.E/1237,,in orbit,,????,The registration submission for this space object is presently being processed by the United Nations Secretariat. Date of launch is 2023-12-25 using UTC.,,2023
2021-102N,,DRUMS TARGET-2 ,Japan,12/25/2023,,Yes,ST/SG/SER.E/1240,,[deorbited],[2025-04-15],"This object was separated from the micro-satellite ""DRUMS"" for demonstration of approach and capture technologies",Date of launch is date of deployment from DRUMS (international designator 2021-102G).,Link,2023
[2023-204B],, [SARAH 3 (SRH1)],[(for Germany)],[2023-12-24],,No,,,[in orbit],,------,Not registered with the United Nations.,,2023
[2023-204A],, [SARAH 2 (SRH2)],[(for Germany)],[2023-12-24],,No,,,[in orbit],,------,Not registered with the United Nations.,,2023
2023-203A,,Starlink-31119 ,USA,12/23/2023,,Yes,ST/SG/SER.E/1188,ST/SG/SER.E/1188,decayed,12/26/2023,Spacecraft engaged in practical applications and uses of space technology such as weather or communications,Date of launch is 2023-12-23 using UTC.,,2023
2023-203B,,Starlink-31054 ,USA,12/23/2023,,Yes,ST/SG/SER.E/1188,,in orbit,,Spacecraft engaged in practical applications and uses of space technology such as weather or communications,Date of launch is 2023-12-23 using UTC.,,2023
2023-203L,,Starlink-31092 ,USA,12/23/2023,,Yes,ST/SG/SER.E/1188,,in orbit,,Spacecraft engaged in practical applications and uses of space technology such as weather or communications,Date of launch is 2023-12-23 using UTC.,,2023
2023-203G,,Starlink-31129 ,USA,12/23/2023,,Yes,ST/SG/SER.E/1188,,in orbit,,Spacecraft engaged in practical applications and uses of space technology such as weather or communications,Date of launch is 2023-12-23 using UTC.,,2023
2023-203D,,Starlink-31134 ,USA,12/23/2023,,Yes,ST/SG/SER.E/1188,,in orbit,,Spacecraft engaged in practical applications and uses of space technology such as weather or communications,Date of launch is 2023-12-23 using UTC.,,2023
2023-203E,,Starlink-31133 ,USA,12/23/2023,,Yes,ST/SG/SER.E/1188,,in orbit,,Spacecraft engaged in practical applications and uses of space technology such as weather or communications,Date of launch is 2023-12-23 using UTC.,,2023
2023-203F,,Starlink-31068 ,USA,12/23/2023,,Yes,ST/SG/SER.E/1188,,in orbit,,Spacecraft engaged in practical applications and uses of space technology such as weather or communications,Date of launch is 2023-12-23 using UTC.,,2023
2023-203J,,Starlink-31086 ,USA,12/23/2023,,Yes,ST/SG/SER.E/1188,,in orbit,,Spacecraft engaged in practical applications and uses of space technology such as weather or communications,Date of launch is 2023-12-23 using UTC.,,2023
2023-203M,,Starlink-31091 ,USA,12/23/2023,,Yes,ST/SG/SER.E/1188,,in orbit,,Spacecraft engaged in practical applications and uses of space technology such as weather or communications,Date of launch is 2023-12-23 using UTC.,,2023
2023-203H,,Starlink-30774 ,USA,12/23/2023,,Yes,ST/SG/SER.E/1188,,in orbit,,Spacecraft engaged in practical applications and uses of space technology such as weather or communications,Date of launch is 2023-12-23 using UTC.,,2023
2023-203K,,Starlink-31065 ,USA,12/23/2023,,Yes,ST/SG/SER.E/1188,,in orbit,,Spacecraft engaged in practical applications and uses of space technology such as weather or communications,Date of launch is 2023-12-23 using UTC.,,2023
2023-203W,,Starlink-31078 ,USA,12/23/2023,,Yes,ST/SG/SER.E/1188,,in orbit,,Spacecraft engaged in practical applications and uses of space technology such as weather or communications,Date of launch is 2023-12-23 using UTC.,,2023
2023-203R,,Starlink-31022 ,USA,12/23/2023,,Yes,ST/SG/SER.E/1188,,in orbit,,Spacecraft engaged in practical applications and uses of space technology such as weather or communications,Date of launch is 2023-12-23 using UTC.,,2023
2023-203Q,,Starlink-31081 ,USA,12/23/2023,,Yes,ST/SG/SER.E/1188,,in orbit,,Spacecraft engaged in practical applications and uses of space technology such as weather or communications,Date of launch is 2023-12-23 using UTC.,,2023
2023-203P,,Starlink-31064 ,USA,12/23/2023,,Yes,ST/SG/SER.E/1188,,in orbit,,Spacecraft engaged in practical applications and uses of space technology such as weather or communications,Date of launch is 2023-12-23 using UTC.,,2023
2023-203S,,Starlink-31025 ,USA,12/23/2023,,Yes,ST/SG/SER.E/1188,,in orbit,,Spacecraft engaged in practical applications and uses of space technology such as weather or communications,Date of launch is 2023-12-23 using UTC.,,2023
2023-203U,,Starlink-31008 ,USA,12/23/2023,,Yes,ST/SG/SER.E/1188,,in orbit,,Spacecraft engaged in practical applications and uses of space technology such as weather or communications,Date of launch is 2023-12-23 using UTC.,,2023
2023-203N,,Starlink-31084 ,USA,12/23/2023,,Yes,ST/SG/SER.E/1188,,in orbit,,Spacecraft engaged in practical applications and uses of space technology such as weather or communications,Date of launch is 2023-12-23 using UTC.,,2023
2023-203T,,Starlink-31018 ,USA,12/23/2023,,Yes,ST/SG/SER.E/1188,,in orbit,,Spacecraft engaged in practical applications and uses of space technology such as weather or communications,Date of launch is 2023-12-23 using UTC.,,2023
2023-203V,,Starlink-31077 ,USA,12/23/2023,,Yes,ST/SG/SER.E/1188,,in orbit,,Spacecraft engaged in practical applications and uses of space technology such as weather or communications,Date of launch is 2023-12-23 using UTC.,,2023
2023-203X,,Starlink-31070 ,USA,12/23/2023,,Yes,ST/SG/SER.E/1188,,in orbit,,Spacecraft engaged in practical applications and uses of space technology such as weather or communications,Date of launch is 2023-12-23 using UTC.,,2023
2023-203Y,,Starlink-31090 ,USA,12/23/2023,,Yes,ST/SG/SER.E/1188,,in orbit,,Spacecraft engaged in practical applications and uses of space technology such as weather or communications,Date of launch is 2023-12-23 using UTC.,,2023
2023-203C,,Starlink-31118 ,USA,12/23/2023,,Yes,ST/SG/SER.E/1188,ST/SG/SER.E/1242,[deorbited],11/28/2024,Spacecraft engaged in practical applications and uses of space technology such as weather or communications,Date of launch is 2023-12-23 using UTC.,,2023
2023-202A,,Tyvak-1015 (TANTRUM) ,USA,12/22/2023,,Yes,ST/SG/SER.E/1188,ST/SG/SER.E/1200,decayed,2/10/2024,Spacecraft engaged in practical applications and uses of space technology such as weather or communications,------,,2023
[2023-174DG],, [LEMUR 2 NANAZ],[USA],[2023-12-22],,No,,,[decayed],[2025-03-08],,Not registered with the United Nations. Date of launch is approximate date of deployment from ION SCV-013 (international designator 2023-174AW).,,2023
[2023-185N],, [UNICORN-2N],[(for Germany)],[2023-12-22],,No,,ST/SG/SER.E/1228,[in orbit],,------,Not registered with the United Nations. Date of launch is approximate date of deployment from ION SCV-015 (international designator 2023-185H). Mentioned by Italy in ST/SG/SER.E/1228.,,2023
[2023-185P],, [MDQUBESAT 2],[(for Argentina)],[2023-12-22],,No,,ST/SG/SER.E/1228,[in orbit],,------,Not registered with the United Nations. Date of launch is approximate date of deployment from ION SCV-015 (international designator 2023-185H). Mentioned by Italy in ST/SG/SER.E/1228.,,2023
[2023-201A],3695-2023-021,Cosmos 2573 ,Russian Federation,12/21/2023,,Yes,ST/SG/SER.E/1165,,in orbit,,Intended for assignments on behalf of the Ministry of Defence of the Russian Federation,------,,2023
2023-200W,,Starlink-31085 ,USA,12/19/2023,,Yes,ST/SG/SER.E/1188,,in orbit,,Spacecraft engaged in practical applications and uses of space technology such as weather or communications,Date of launch is 2023-12-19 using UTC.,,2023
2023-200U,,Starlink-31069 ,USA,12/19/2023,,Yes,ST/SG/SER.E/1188,,in orbit,,Spacecraft engaged in practical applications and uses of space technology such as weather or communications,Date of launch is 2023-12-19 using UTC.,,2023
2023-200X,,Starlink-31089 ,USA,12/19/2023,,Yes,ST/SG/SER.E/1188,,in orbit,,Spacecraft engaged in practical applications and uses of space technology such as weather or communications,Date of launch is 2023-12-19 using UTC.,,2023
2023-200Y,,Starlink-31061 ,USA,12/19/2023,,Yes,ST/SG/SER.E/1188,,in orbit,,Spacecraft engaged in practical applications and uses of space technology such as weather or communications,Date of launch is 2023-12-19 using UTC.,,2023
2023-200K,,Starlink-31079 ,USA,12/19/2023,,Yes,ST/SG/SER.E/1188,,in orbit,,Spacecraft engaged in practical applications and uses of space technology such as weather or communications,Date of launch is 2023-12-19 using UTC.,,2023
2023-200V,,Starlink-31067 ,USA,12/19/2023,,Yes,ST/SG/SER.E/1188,,in orbit,,Spacecraft engaged in practical applications and uses of space technology such as weather or communications,Date of launch is 2023-12-19 using UTC.,,2023
2023-200R,,Starlink-31088 ,USA,12/19/2023,,Yes,ST/SG/SER.E/1188,,in orbit,,Spacecraft engaged in practical applications and uses of space technology such as weather or communications,Date of launch is 2023-12-19 using UTC.,,2023
2023-200Q,,Starlink-31080 ,USA,12/19/2023,,Yes,ST/SG/SER.E/1188,,in orbit,,Spacecraft engaged in practical applications and uses of space technology such as weather or communications,Date of launch is 2023-12-19 using UTC.,,2023
2023-200S,,Starlink-31038 ,USA,12/19/2023,,Yes,ST/SG/SER.E/1188,,in orbit,,Spacecraft engaged in practical applications and uses of space technology such as weather or communications,Date of launch is 2023-12-19 using UTC.,,2023
2023-200P,,Starlink-31071 ,USA,12/19/2023,,Yes,ST/SG/SER.E/1188,,in orbit,,Spacecraft engaged in practical applications and uses of space technology such as weather or communications,Date of launch is 2023-12-19 using UTC.,,2023
2023-200T,,Starlink-31082 ,USA,12/19/2023,,Yes,ST/SG/SER.E/1188,,in orbit,,Spacecraft engaged in practical applications and uses of space technology such as weather or communications,Date of launch is 2023-12-19 using UTC.,,2023
2023-200M,,Starlink-31052 ,USA,12/19/2023,,Yes,ST/SG/SER.E/1188,,in orbit,,Spacecraft engaged in practical applications and uses of space technology such as weather or communications,Date of launch is 2023-12-19 using UTC.,,2023
2023-200N,,Starlink-31074 ,USA,12/19/2023,,Yes,ST/SG/SER.E/1188,,in orbit,,Spacecraft engaged in practical applications and uses of space technology such as weather or communications,Date of launch is 2023-12-19 using UTC.,,2023
2023-200D,,Starlink-31096 ,USA,12/19/2023,,Yes,ST/SG/SER.E/1188,,in orbit,,Spacecraft engaged in practical applications and uses of space technology such as weather or communications,Date of launch is 2023-12-19 using UTC.,,2023
2023-200A,,Starlink-31044 ,USA,12/19/2023,,Yes,ST/SG/SER.E/1188,,in orbit,,Spacecraft engaged in practical applications and uses of space technology such as weather or communications,Date of launch is 2023-12-19 using UTC.,,2023
2023-200B,,Starlink-31062 ,USA,12/19/2023,,Yes,ST/SG/SER.E/1188,,in orbit,,Spacecraft engaged in practical applications and uses of space technology such as weather or communications,Date of launch is 2023-12-19 using UTC.,,2023
2023-200E,,Starlink-31094 ,USA,12/19/2023,,Yes,ST/SG/SER.E/1188,,in orbit,,Spacecraft engaged in practical applications and uses of space technology such as weather or communications,Date of launch is 2023-12-19 using UTC.,,2023
2023-200J,,Starlink-31087 ,USA,12/19/2023,,Yes,ST/SG/SER.E/1188,,in orbit,,Spacecraft engaged in practical applications and uses of space technology such as weather or communications,Date of launch is 2023-12-19 using UTC.,,2023
2023-200H,,Starlink-31059 ,USA,12/19/2023,,Yes,ST/SG/SER.E/1188,,in orbit,,Spacecraft engaged in practical applications and uses of space technology such as weather or communications,Date of launch is 2023-12-19 using UTC.,,2023
2023-200F,,Starlink-31075 ,USA,12/19/2023,,Yes,ST/SG/SER.E/1188,,in orbit,,Spacecraft engaged in practical applications and uses of space technology such as weather or communications,Date of launch is 2023-12-19 using UTC.,,2023
2023-200G,,Starlink-30857 ,USA,12/19/2023,,Yes,ST/SG/SER.E/1188,,in orbit,,Spacecraft engaged in practical applications and uses of space technology such as weather or communications,Date of launch is 2023-12-19 using UTC.,,2023
2023-200C,,Starlink-31043 ,USA,12/19/2023,,Yes,ST/SG/SER.E/1188,ST/SG/SER.E/1302,[deorbited],5/8/2025,Spacecraft engaged in practical applications and uses of space technology such as weather or communications,Date of launch is 2023-12-19 using UTC.,,2023
2023-200L,,Starlink-31072 ,USA,12/19/2023,,Yes,ST/SG/SER.E/1188,ST/SG/SER.E/1302,[deorbited],5/23/2025,Spacecraft engaged in practical applications and uses of space technology such as weather or communications,Date of launch is 2023-12-19 using UTC.,,2023
1998-067WD,,BEAK ,Japan,12/18/2023,,Yes,ST/SG/SER.E/1240,ST/SG/SER.E/1240,decayed,6/29/2024,"Engineering experimental satellite for 1)Orbital maneuvering by aerodynamic drag on deployed membrane aeroshell, 2) Deployment of an aeroshell supported by shape memory alloy frames, 3)Evaluation of a Nano-sized water resistojet propulsion system, 4)Operation using Iridium/GPS.",The registration submission for this space object is presently being processed by the United Nations Secretariat. Date of launch is date of deployment from the ISS.,,2023
1998-067WE,,Clark sat-1 ,Japan,12/18/2023,,Yes,ST/SG/SER.E/1240,ST/SG/SER.E/1240,decayed,4/15/2024,Clark sat-1 is an educational satellite with following functions. (1) Receiving commands and transmitting telemetry (2) Taking and transmitting images (3) Transmitting voice messages and images recorded before launch,The registration submission for this space object is presently being processed by the United Nations Secretariat. Date of launch is date of deployment from the ISS.,Link,2023
[2023-198*],3694-2023-020,Arktika M No.2 ,Russian Federation,12/15/2023,,Yes,ST/SG/SER.E/1165,,in orbit,,Hydrometeorological satellite,International Designator pending assignment.,,2023
2023-196A,,QPS-SAR-5 TSUKUYOMI-I ,Japan,12/15/2023,,Yes,ST/SG/SER.E/1240,ST/SG/SER.E/1166,in orbit,,Earth observation by synthetic aperture radar,The registration submission for this space object is presently being processed by the United Nations Secretariat. Mentioned by New Zealand in ST/SG/SER.E/1166.,Link,2023
2023-197A,,YAOGAN-41 ,China,12/15/2023,,Yes,ST/SG/SER.E/1237,,in orbit,,????,The registration submission for this space object is presently being processed by the United Nations Secretariat.,,2023
[2023-195A],, [REUSABLE EXPERIMIENTAL SPACECRAFT],[China],[2023-12-14],,No,,,[recovered],[2024-09-06],------,Not registered with the United Nations.,,2023
2023-185M,ALISIO-1 / Nº 035,ALISIO-1 ,Spain,[2023-12-12],,Yes,ST/SG/SER.E/1234,ST/SG/SER.E/1228,in orbit,,Observation of the Earths surface,Date of launch is date of deployment from ION SCV-015 (international designator 2023-185H). Mentioned by Italy in ST/SG/SER.E/1228.,,2023
2023-194,,YAOGAN-39 05C ,China,12/10/2023,,Yes,ST/SG/SER.E/1237,,in orbit,,????,The registration submission for this space object is presently being processed by the United Nations Secretariat. International Designator pending assignment.,,2023
2023-192C,,Starlink-31036 ,USA,12/8/2023,,Yes,ST/SG/SER.E/1188,,in orbit,,Spacecraft engaged in practical applications and uses of space technology such as weather or communications,------,,2023
2023-192D,,Starlink-30936 ,USA,12/8/2023,,Yes,ST/SG/SER.E/1188,,in orbit,,Spacecraft engaged in practical applications and uses of space technology such as weather or communications,------,,2023
2023-192B,,Starlink-31035 ,USA,12/8/2023,,Yes,ST/SG/SER.E/1188,,in orbit,,Spacecraft engaged in practical applications and uses of space technology such as weather or communications,------,,2023
2023-192A,,Starlink-31012 ,USA,12/8/2023,,Yes,ST/SG/SER.E/1188,,in orbit,,Spacecraft engaged in practical applications and uses of space technology such as weather or communications,------,,2023
2023-192W,,Starlink-30999 ,USA,12/8/2023,,Yes,ST/SG/SER.E/1188,,in orbit,,Spacecraft engaged in practical applications and uses of space technology such as weather or communications,------,,2023
2023-192S,,Starlink-31063 ,USA,12/8/2023,,Yes,ST/SG/SER.E/1188,,in orbit,,Spacecraft engaged in practical applications and uses of space technology such as weather or communications,------,,2023
2023-192T,,Starlink-31016 ,USA,12/8/2023,,Yes,ST/SG/SER.E/1188,,in orbit,,Spacecraft engaged in practical applications and uses of space technology such as weather or communications,------,,2023
2023-192Q,,Starlink-31057 ,USA,12/8/2023,,Yes,ST/SG/SER.E/1188,,in orbit,,Spacecraft engaged in practical applications and uses of space technology such as weather or communications,------,,2023
2023-192R,,Starlink-31050 ,USA,12/8/2023,,Yes,ST/SG/SER.E/1188,,in orbit,,Spacecraft engaged in practical applications and uses of space technology such as weather or communications,------,,2023
2023-192U,,Starlink-31053 ,USA,12/8/2023,,Yes,ST/SG/SER.E/1188,,in orbit,,Spacecraft engaged in practical applications and uses of space technology such as weather or communications,------,,2023
2023-192X,,Starlink-31046 ,USA,12/8/2023,,Yes,ST/SG/SER.E/1188,,in orbit,,Spacecraft engaged in practical applications and uses of space technology such as weather or communications,------,,2023
2023-192P,,Starlink-31048 ,USA,12/8/2023,,Yes,ST/SG/SER.E/1188,,in orbit,,Spacecraft engaged in practical applications and uses of space technology such as weather or communications,------,,2023
2023-192V,,Starlink-31056 ,USA,12/8/2023,,Yes,ST/SG/SER.E/1188,,in orbit,,Spacecraft engaged in practical applications and uses of space technology such as weather or communications,------,,2023
2023-192L,,Starlink-31045 ,USA,12/8/2023,,Yes,ST/SG/SER.E/1188,,in orbit,,Spacecraft engaged in practical applications and uses of space technology such as weather or communications,------,,2023
2023-192G,,Starlink-31041 ,USA,12/8/2023,,Yes,ST/SG/SER.E/1188,,in orbit,,Spacecraft engaged in practical applications and uses of space technology such as weather or communications,------,,2023
2023-192E,,Starlink-31032 ,USA,12/8/2023,,Yes,ST/SG/SER.E/1188,,in orbit,,Spacecraft engaged in practical applications and uses of space technology such as weather or communications,------,,2023
2023-192J,,Starlink-31055 ,USA,12/8/2023,,Yes,ST/SG/SER.E/1188,,in orbit,,Spacecraft engaged in practical applications and uses of space technology such as weather or communications,------,,2023
2023-192M,,Starlink-31030 ,USA,12/8/2023,,Yes,ST/SG/SER.E/1188,,in orbit,,Spacecraft engaged in practical applications and uses of space technology such as weather or communications,------,,2023
2023-192N,,Starlink-31049 ,USA,12/8/2023,,Yes,ST/SG/SER.E/1188,,in orbit,,Spacecraft engaged in practical applications and uses of space technology such as weather or communications,------,,2023
2023-192H,,Starlink-31014 ,USA,12/8/2023,,Yes,ST/SG/SER.E/1188,,in orbit,,Spacecraft engaged in practical applications and uses of space technology such as weather or communications,------,,2023
2023-192K,,Starlink-31019 ,USA,12/8/2023,,Yes,ST/SG/SER.E/1188,,in orbit,,Spacecraft engaged in practical applications and uses of space technology such as weather or communications,------,,2023
2023-192F,,Starlink-31037 ,USA,12/8/2023,,Yes,ST/SG/SER.E/1188,,in orbit,,Spacecraft engaged in practical applications and uses of space technology such as weather or communications,------,,2023
2023-193B,,Hongqing ,China,12/8/2023,,Yes,ST/SG/SER.E/1237,,[decayed],[2025-03-04],Space science experiments and technology verification,The registration submission for this space object is presently being processed by the United Nations Secretariat.,,2023
2023-193A,,Tianyi 33 (TY-33) ,China,12/8/2023,,Yes,ST/SG/SER.E/1237,,in orbit,,Space science experiments and technology verification,The registration submission for this space object is presently being processed by the United Nations Secretariat.,,2023
2023-193C,,Honghu-02 ,China,12/8/2023,,Yes,ST/SG/SER.E/1237,,deorbited,4/22/2025,"Testing new solar-cell, energy-system and propulsion-system technologies, etc.",The registration submission for this space object is presently being processed by the United Nations Secretariat.,,2023
2023-191J,,Starlink-31028 ,USA,12/7/2023,,Yes,ST/SG/SER.E/1188,,in orbit,,Spacecraft engaged in practical applications and uses of space technology such as weather or communications,------,,2023
2023-191H,,Starlink-31017 ,USA,12/7/2023,,Yes,ST/SG/SER.E/1188,,in orbit,,Spacecraft engaged in practical applications and uses of space technology such as weather or communications,------,,2023
2023-191C,,Starlink-30989 ,USA,12/7/2023,,Yes,ST/SG/SER.E/1188,,in orbit,,Spacecraft engaged in practical applications and uses of space technology such as weather or communications,------,,2023
2023-191D,,Starlink-30968 ,USA,12/7/2023,,Yes,ST/SG/SER.E/1188,,in orbit,,Spacecraft engaged in practical applications and uses of space technology such as weather or communications,------,,2023
2023-191E,,Starlink-30982 ,USA,12/7/2023,,Yes,ST/SG/SER.E/1188,,in orbit,,Spacecraft engaged in practical applications and uses of space technology such as weather or communications,------,,2023
2023-191F,,Starlink-30998 ,USA,12/7/2023,,Yes,ST/SG/SER.E/1188,,in orbit,,Spacecraft engaged in practical applications and uses of space technology such as weather or communications,------,,2023
2023-191G,,Starlink-30983 ,USA,12/7/2023,,Yes,ST/SG/SER.E/1188,,in orbit,,Spacecraft engaged in practical applications and uses of space technology such as weather or communications,------,,2023
2023-191A,,Starlink-31026 ,USA,12/7/2023,,Yes,ST/SG/SER.E/1188,,in orbit,,Spacecraft engaged in practical applications and uses of space technology such as weather or communications,------,,2023
2023-191B,,Starlink-31020 ,USA,12/7/2023,,Yes,ST/SG/SER.E/1188,,in orbit,,Spacecraft engaged in practical applications and uses of space technology such as weather or communications,------,,2023
2023-191W,,Starlink-31004 ,USA,12/7/2023,,Yes,ST/SG/SER.E/1188,,in orbit,,Spacecraft engaged in practical applications and uses of space technology such as weather or communications,------,,2023
2023-191X,,Starlink-30988 ,USA,12/7/2023,,Yes,ST/SG/SER.E/1188,,in orbit,,Spacecraft engaged in practical applications and uses of space technology such as weather or communications,------,,2023
2023-191U,,Starlink-31013 ,USA,12/7/2023,,Yes,ST/SG/SER.E/1188,,in orbit,,Spacecraft engaged in practical applications and uses of space technology such as weather or communications,------,,2023
2023-191Y,,Starlink-31009 ,USA,12/7/2023,,Yes,ST/SG/SER.E/1188,,in orbit,,Spacecraft engaged in practical applications and uses of space technology such as weather or communications,------,,2023
2023-191V,,Starlink-31001 ,USA,12/7/2023,,Yes,ST/SG/SER.E/1188,,in orbit,,Spacecraft engaged in practical applications and uses of space technology such as weather or communications,------,,2023
2023-191R,,Starlink-30932 ,USA,12/7/2023,,Yes,ST/SG/SER.E/1188,,in orbit,,Spacecraft engaged in practical applications and uses of space technology such as weather or communications,------,,2023
2023-191K,,Starlink-31011 ,USA,12/7/2023,,Yes,ST/SG/SER.E/1188,,in orbit,,Spacecraft engaged in practical applications and uses of space technology such as weather or communications,------,,2023
2023-191S,,Starlink-30992 ,USA,12/7/2023,,Yes,ST/SG/SER.E/1188,,in orbit,,Spacecraft engaged in practical applications and uses of space technology such as weather or communications,------,,2023
2023-191P,,Starlink-31015 ,USA,12/7/2023,,Yes,ST/SG/SER.E/1188,,in orbit,,Spacecraft engaged in practical applications and uses of space technology such as weather or communications,------,,2023
2023-191L,,Starlink-31021 ,USA,12/7/2023,,Yes,ST/SG/SER.E/1188,,in orbit,,Spacecraft engaged in practical applications and uses of space technology such as weather or communications,------,,2023
2023-191Q,,Starlink-31023 ,USA,12/7/2023,,Yes,ST/SG/SER.E/1188,,in orbit,,Spacecraft engaged in practical applications and uses of space technology such as weather or communications,------,,2023
2023-191T,,Starlink-30948 ,USA,12/7/2023,,Yes,ST/SG/SER.E/1188,,in orbit,,Spacecraft engaged in practical applications and uses of space technology such as weather or communications,------,,2023
2023-191M,,Starlink-31010 ,USA,12/7/2023,,Yes,ST/SG/SER.E/1188,,in orbit,,Spacecraft engaged in practical applications and uses of space technology such as weather or communications,------,,2023
2023-191N,,Starlink-31003 ,USA,12/7/2023,,Yes,ST/SG/SER.E/1188,,in orbit,,Spacecraft engaged in practical applications and uses of space technology such as weather or communications,------,,2023
2023-190A,,"CSCN-A0004 [(SATELLITE INTERNET TECHNOLOGY TEST SATELLITE, CHUANG XIN 19 (CX-19))]",China,12/5/2023,,Yes,ST/SG/SER.E/1237,,in orbit,,????????,The registration submission for this space object is presently being processed by the United Nations Secretariat. Date of launch is 2023-12-05 using UTC.,,2023
[2023-185Q],, [UNICORN-2M],[(for Germany)],[2023-12-05],,No,,ST/SG/SER.E/1228,[in orbit],,------,Not registered with the United Nations. Date of launch is approximate date of deployment from ION SCV-015 (international designator 2023-185H). Mentioned by Italy in ST/SG/SER.E/1228.,,2023
[2023-188A],,SS-20000 [DOORY SAT],Republic of Korea,12/4/2023,,Yes,ST/SG/SER.E/1182,,in orbit,,Terrain monitoring and securing the ability to operate a synthetic aperture radar (SAR) satellite,------,,2023
2023-187B,,MISRSAT 2 ,Egypt,12/4/2023,,Yes,A/AC.105/INF/461,,in orbit,,Earth observation,------,,2023
2023-189B,,Xingchi-01A ,China,12/4/2023,,Yes,ST/SG/SER.E/1237,,decayed,12/5/2024,Integrated remote sensing satellite,The registration submission for this space object is presently being processed by the United Nations Secretariat. International Designator provided by the State of registry. Date of launch is 2023-12-04 using UTC.,,2023
2023-187A,,Xingchi1-02A [(STARPOOL 02-A)],China,12/4/2023,,Yes,ST/SG/SER.E/1237,,in orbit,,Integrated remote sensing satellite,The registration submission for this space object is presently being processed by the United Nations Secretariat.,,2023
[2023-189*],, [CHINA],[China],[2023-12-04],,No,,,[in orbit],,------,Not registered with the United Nations. International Designator pending assignment. Date of launch is 2023-12-04 using UTC.,,2023
2023-187C,,Xingchi1-02B [(STARPOOL 02-B)],China,12/4/2023,,Yes,ST/SG/SER.E/1237,,in orbit,,Integrated remote sensing satellite,The registration submission for this space object is presently being processed by the United Nations Secretariat.,,2023
2023-186D,,Starlink-30980 ,USA,12/3/2023,,Yes,ST/SG/SER.E/1188,,in orbit,,Spacecraft engaged in practical applications and uses of space technology such as weather or communications,Date of launch is 2023-12-03 using UTC.,,2023
2023-186B,,Starlink-30995 ,USA,12/3/2023,,Yes,ST/SG/SER.E/1188,,in orbit,,Spacecraft engaged in practical applications and uses of space technology such as weather or communications,Date of launch is 2023-12-03 using UTC.,,2023
2023-186E,,Starlink-30965 ,USA,12/3/2023,,Yes,ST/SG/SER.E/1188,,in orbit,,Spacecraft engaged in practical applications and uses of space technology such as weather or communications,Date of launch is 2023-12-03 using UTC.,,2023
2023-186C,,Starlink-30941 ,USA,12/3/2023,,Yes,ST/SG/SER.E/1188,,in orbit,,Spacecraft engaged in practical applications and uses of space technology such as weather or communications,Date of launch is 2023-12-03 using UTC.,,2023
2023-186A,,Starlink-30947 ,USA,12/3/2023,,Yes,ST/SG/SER.E/1188,,in orbit,,Spacecraft engaged in practical applications and uses of space technology such as weather or communications,Date of launch is 2023-12-03 using UTC.,,2023
2023-186L,,Starlink-30994 ,USA,12/3/2023,,Yes,ST/SG/SER.E/1188,,in orbit,,Spacecraft engaged in practical applications and uses of space technology such as weather or communications,Date of launch is 2023-12-03 using UTC.,,2023
2023-186J,,Starlink-30956 ,USA,12/3/2023,,Yes,ST/SG/SER.E/1188,,in orbit,,Spacecraft engaged in practical applications and uses of space technology such as weather or communications,Date of launch is 2023-12-03 using UTC.,,2023
2023-186H,,Starlink-30984 ,USA,12/3/2023,,Yes,ST/SG/SER.E/1188,,in orbit,,Spacecraft engaged in practical applications and uses of space technology such as weather or communications,Date of launch is 2023-12-03 using UTC.,,2023
2023-186K,,Starlink-30997 ,USA,12/3/2023,,Yes,ST/SG/SER.E/1188,,in orbit,,Spacecraft engaged in practical applications and uses of space technology such as weather or communications,Date of launch is 2023-12-03 using UTC.,,2023
2023-186M,,Starlink-30991 ,USA,12/3/2023,,Yes,ST/SG/SER.E/1188,,in orbit,,Spacecraft engaged in practical applications and uses of space technology such as weather or communications,Date of launch is 2023-12-03 using UTC.,,2023
2023-186N,,Starlink-30979 ,USA,12/3/2023,,Yes,ST/SG/SER.E/1188,,in orbit,,Spacecraft engaged in practical applications and uses of space technology such as weather or communications,Date of launch is 2023-12-03 using UTC.,,2023
2023-186F,,Starlink-30990 ,USA,12/3/2023,,Yes,ST/SG/SER.E/1188,,in orbit,,Spacecraft engaged in practical applications and uses of space technology such as weather or communications,Date of launch is 2023-12-03 using UTC.,,2023
2023-186P,,Starlink-31005 ,USA,12/3/2023,,Yes,ST/SG/SER.E/1188,,in orbit,,Spacecraft engaged in practical applications and uses of space technology such as weather or communications,Date of launch is 2023-12-03 using UTC.,,2023
2023-186Q,,Starlink-30987 ,USA,12/3/2023,,Yes,ST/SG/SER.E/1188,,in orbit,,Spacecraft engaged in practical applications and uses of space technology such as weather or communications,Date of launch is 2023-12-03 using UTC.,,2023
2023-186R,,Starlink-31000 ,USA,12/3/2023,,Yes,ST/SG/SER.E/1188,,in orbit,,Spacecraft engaged in practical applications and uses of space technology such as weather or communications,Date of launch is 2023-12-03 using UTC.,,2023
2023-186W,,Starlink-30985 ,USA,12/3/2023,,Yes,ST/SG/SER.E/1188,,in orbit,,Spacecraft engaged in practical applications and uses of space technology such as weather or communications,Date of launch is 2023-12-03 using UTC.,,2023
2023-186U,,Starlink-30953 ,USA,12/3/2023,,Yes,ST/SG/SER.E/1188,,in orbit,,Spacecraft engaged in practical applications and uses of space technology such as weather or communications,Date of launch is 2023-12-03 using UTC.,,2023
2023-186T,,Starlink-30978 ,USA,12/3/2023,,Yes,ST/SG/SER.E/1188,,in orbit,,Spacecraft engaged in practical applications and uses of space technology such as weather or communications,Date of launch is 2023-12-03 using UTC.,,2023
2023-186X,,Starlink-30981 ,USA,12/3/2023,,Yes,ST/SG/SER.E/1188,,in orbit,,Spacecraft engaged in practical applications and uses of space technology such as weather or communications,Date of launch is 2023-12-03 using UTC.,,2023
2023-186Y,,Starlink-31002 ,USA,12/3/2023,,Yes,ST/SG/SER.E/1188,,in orbit,,Spacecraft engaged in practical applications and uses of space technology such as weather or communications,Date of launch is 2023-12-03 using UTC.,,2023
2023-186V,,Starlink-30986 ,USA,12/3/2023,,Yes,ST/SG/SER.E/1188,,in orbit,,Spacecraft engaged in practical applications and uses of space technology such as weather or communications,Date of launch is 2023-12-03 using UTC.,,2023
2023-186G,,Starlink-30974 ,USA,12/3/2023,,Yes,ST/SG/SER.E/1188,ST/SG/SER.E/1242,[deorbited],11/7/2024,Spacecraft engaged in practical applications and uses of space technology such as weather or communications,Date of launch is 2023-12-03 using UTC.,,2023
2023-186S,,Starlink-30993 ,USA,12/3/2023,,Yes,ST/SG/SER.E/1188,ST/SG/SER.E/1228,in orbit,,Spacecraft engaged in practical applications and uses of space technology such as weather or communications,Date of launch is 2023-12-03 using UTC.,,2023
2023-174DD,,TIME WE'LL TELL ,USA,12/2/2023,,Yes,ST/SG/SER.E/1195,ST/SG/SER.E/1249,decayed,12/2/2024,Spacecraft engaged in practical applications and uses of space technology such as weather or communications,Date of launch is approximate date of deployment from IMPULSE-1 MIRA (international designator 2023-174AX).,,2023
[2023-185F],, [LILIUM 1],[(for Taiwan Province of China)],[2023-12-01],,No,,,[in orbit],,------,Not registered with the United Nations.,,2023
[2023-185B],, [KORSAT 7],[(for Republic of Korea)],[2023-12-01],,No,,,[in orbit],,------,Not registered with the United Nations.,,2023
[2023-185G],, [SPIRIT],[(for Australia)],[2023-12-01],,No,,,[in orbit],,------,Not registered with the United Nations.,,2023
[2023-185E],, [UHETSAT],[(for Italy)],[2023-12-01],,No,,,[in orbit],,------,Not registered with the United Nations.,,2023
[2023-001DF],, [ASTROCAST 0401],[(for Switzerland)],[2023-12-01],,No,,,[in orbit],,------,Not registered with the United Nations. Date of launch is date of deployment from ION SCV-008 (2023-001AU).,,2023
[2023-001DG],, [ASTROCAST 0403],[(for Switzerland)],[2023-12-01],,No,,,[in orbit],,------,Not registered with the United Nations. Date of launch is date of deployment from ION SCV-008 (2023-001AU).,,2023
[2023-001DH],, [ASTROCAST 0404],[(for Switzerland)],[2023-12-01],,No,,,[in orbit],,------,Not registered with the United Nations. Date of launch is date of deployment from ION SCV-008 (2023-001AU).,,2023
[2023-001DE],, [ASTROCAST 0402],[(for Switzerland)],[2023-12-01],,No,,,[in orbit],,------,Not registered with the United Nations. Date of launch is date of deployment from ION SCV-008 (2023-001AU).,,2023
2023-185K,2,Hayasat-1 ,Armenia,12/1/2023,,Yes,ST/SG/SER.E/1187,,in orbit,,"Hayasat-1 is an educational and technology demonstration mission. Within implementation of the mission, space engineering (from satellite component testing to satellite integration) has been enhanced and satellite operation capabilities will be developed. The communication system of Hayasat-1 transmits a part from the ""Praise of the Partridge"" song composed by eminent Armenian musicologist Komitas, who is considered the founder of the Armenian national school of music. The satellite also carries an internally developed and manufactured secondary payload, measurements of which will provide data on the satellite's rotations, position and motion.",International Designator provided by the State of registry.,,2023
[2023-184A],3693-2023-019,Progress MS-25 ,Russian Federation,12/1/2023,,Yes,ST/SG/SER.E/1165,,[deorbited],[2024-05-28],"Delivery to the International Space Station of fuel, water, oxygen, air, food, scientific equipment and other consumable materials required for the crew, scientific experiments and operation of the Station",------,,2023
2023-185L,2023IE001,EIRSAT-1 ,Ireland,12/1/2023,,Yes,A/AC.105/INF/460,,in orbit,,"2U educational and scientific CubeSat from University College Dublin (UCD), Ireland. The three payloads are a gamma-ray detector, a material science temperature experiment and an attitude control algorithm testbed. Also includes UCD-designed and built ultra-high frequency (UHF) and very-high frequency (VHF) Antenna Deployment Module",International designator provided by the State of registry.,,2023
2023-185A,,GNOMES-4 ,USA,12/1/2023,,Yes,ST/SG/SER.E/1188,,in orbit,,Spacecraft engaged in practical applications and uses of space technology such as weather or communications,------,,2023
2023-185D,,Bane ,USA,12/1/2023,,Yes,ST/SG/SER.E/1188,,in orbit,,Spacecraft engaged in practical applications and uses of space technology such as weather or communications,------,,2023
2023-185J,,ENSO ,France,12/1/2023,,Yes,ST/SG/SER.E/1193,,in orbit,,Monitoring of solar activity,------,,2023
2023-185C,,KOYOH ,Japan,12/1/2023,,Yes,ST/SG/SER.E/1240,,in orbit,,"KOYOH observes celestial transient sources such as the Gamma-ray burst with the gravitational wave by X-ray imaging with the Wide Field of View X-ray imager, identifies the event time and the direction, and notifies the information immediately to the ground observatories in the world.",The registration submission for this space object is presently being processed by the United Nations Secretariat.,Link,2023
2023-185H,,ION SCV-0015 Daring Diego ,Italy,[2023-12-01],,Yes,ST/SG/SER.E/1228,,in orbit,,"Commercial / Operations. ION SCV-0015 Daring Diego is the 15th commercial mission of a proprietary orbital transfer vehicle (OTV) ION Satellite Carrier (ION). ION SCV-0015 Daring Diego is a versatile and cost-effective OTV designed to precisely deploy satellites and perform orbital demonstrations of third-party payloads hosted onboard. CubeSats deployed: Deimos ALISIO-1, AlbaOrbital pocket cubesat2 (that released Unicorn-2N and MDQUBESAT-2), AlbaOrbital pocket cubesat1 (that released Unicorn-2M, Unicorn-2L), Tuberlin NanoFF cubesat2, Tuberlin NanoFF cubesat1.",------,Link,2023
[2023-185R],, [UNICORN-2L],[(for Germany)],[2023-12-01],,No,,ST/SG/SER.E/1228,[in orbit],,------,Not registered with the United Nations. Date of launch is approximate date of deployment from ION SCV-015 (international designator 2023-185H). Mentioned by Italy in ST/SG/SER.E/1228.,,2023
[2023-174*],, [PICO IOT 4 (PICO 1A-4)],[(for Italy)],[2023-11-29],,No,,,[in orbit],,,Not registered with the United Nations. International Designator pending assignment. Date of launch is approximate date of deployment from ION SCV-013 (international designator 2023-174AW).,,2023
[2023-174CC],, [PICO IOT 5 (PICO 1A-5)],[(for Italy)],[2023-11-29],,No,,,[in orbit],,,Not registered with the United Nations. International Designator pending assignment. Date of launch is approximate date of deployment from ION SCV-013 (international designator 2023-174AW).,,2023
[2023-174BY],, [PICO IOT 3 (PICO 1A-3)],[(for Italy)],[2023-11-29],,No,,,[in orbit],,,Not registered with the United Nations. Date of launch is approximate date of deployment from ION SCV-013 (international designator 2023-174AW).,,2023
[2023-174AH],, [PICO IOT 9 (PICO 1A-9)],[(for Italy)],[2023-11-29],,No,,,[in orbit],,,Not registered with the United Nations.Date of launch is approximate date of deployment from ION SCV-013 (international designator 2023-174AW).,,2023
[2023-174CT],, [PICO IOT 2 (PICO 1A-2)],[(for Italy)],[2023-11-29],,No,,,[in orbit],,,Not registered with the United Nations. Date of launch is approximate date of deployment from ION SCV-013 (international designator 2023-174AW).,,2023
[2023-174CV],, [PICO IOT 1 (PICO 1A-1)],[(for Italy)],[2023-11-29],,No,,,[in orbit],,,Not registered with the United Nations. Date of launch is approximate date of deployment from ION SCV-013 (international designator 2023-174AW).,,2023
[2023-174CU],, [PICO IOT 6 (PICO 1A-6)],[(for Italy)],[2023-11-29],,No,,,[in orbit],,,Not registered with the United Nations. Date of launch is approximate date of deployment from ION SCV-013 (international designator 2023-174AW).,,2023
[2023-174DA],, [UNICORN 2K],[(for Germany)],[2023-11-29],,No,,ST/SG/SER.E/1228,[decayed],[2024-06-26],,Not registered with the United Nations. Date of launch is approximate date of deployment from ION SCV-013 (international designator 2023-174AW). Mentioned by Italy in ST/SG/SER.E/1228.,,2023
2023-183A,,Starlink-30869 ,USA,11/28/2023,,Yes,ST/SG/SER.E/1186,,in orbit,,Spacecraft engaged in practical applications and uses of space technology such as weather or communications,------,,2023
2023-183B,,Starlink-30969 ,USA,11/28/2023,,Yes,ST/SG/SER.E/1186,,in orbit,,Spacecraft engaged in practical applications and uses of space technology such as weather or communications,------,,2023
2023-183C,,Starlink-30951 ,USA,11/28/2023,,Yes,ST/SG/SER.E/1186,,in orbit,,Spacecraft engaged in practical applications and uses of space technology such as weather or communications,------,,2023
2023-183D,,Starlink-30950 ,USA,11/28/2023,,Yes,ST/SG/SER.E/1186,,in orbit,,Spacecraft engaged in practical applications and uses of space technology such as weather or communications,------,,2023
2023-183G,,Starlink-308971 ,USA,11/28/2023,,Yes,ST/SG/SER.E/1186,,in orbit,,Spacecraft engaged in practical applications and uses of space technology such as weather or communications,------,,2023
2023-183E,,Starlink-30942 ,USA,11/28/2023,,Yes,ST/SG/SER.E/1186,,in orbit,,Spacecraft engaged in practical applications and uses of space technology such as weather or communications,------,,2023
2023-183H,,Starlink-30963 ,USA,11/28/2023,,Yes,ST/SG/SER.E/1186,,in orbit,,Spacecraft engaged in practical applications and uses of space technology such as weather or communications,------,,2023
2023-183J,,Starlink-30961 ,USA,11/28/2023,,Yes,ST/SG/SER.E/1186,,in orbit,,Spacecraft engaged in practical applications and uses of space technology such as weather or communications,------,,2023
2023-183L,,Starlink-30976 ,USA,11/28/2023,,Yes,ST/SG/SER.E/1186,,in orbit,,Spacecraft engaged in practical applications and uses of space technology such as weather or communications,------,,2023
2023-183M,,Starlink-30926 ,USA,11/28/2023,,Yes,ST/SG/SER.E/1186,,in orbit,,Spacecraft engaged in practical applications and uses of space technology such as weather or communications,------,,2023
2023-183N,,Starlink-30943 ,USA,11/28/2023,,Yes,ST/SG/SER.E/1186,,in orbit,,Spacecraft engaged in practical applications and uses of space technology such as weather or communications,------,,2023
2023-183K,,Starlink-30975 ,USA,11/28/2023,,Yes,ST/SG/SER.E/1186,,in orbit,,Spacecraft engaged in practical applications and uses of space technology such as weather or communications,------,,2023
2023-183F,,Starlink-30959 ,USA,11/28/2023,,Yes,ST/SG/SER.E/1186,,in orbit,,Spacecraft engaged in practical applications and uses of space technology such as weather or communications,------,,2023
2023-183S,,Starlink-30957 ,USA,11/28/2023,,Yes,ST/SG/SER.E/1186,,in orbit,,Spacecraft engaged in practical applications and uses of space technology such as weather or communications,------,,2023
2023-183Q,,Starlink-30944 ,USA,11/28/2023,,Yes,ST/SG/SER.E/1186,,in orbit,,Spacecraft engaged in practical applications and uses of space technology such as weather or communications,------,,2023
2023-183R,,Starlink-30928 ,USA,11/28/2023,,Yes,ST/SG/SER.E/1186,,in orbit,,Spacecraft engaged in practical applications and uses of space technology such as weather or communications,------,,2023
2023-183V,,Starlink-30960 ,USA,11/28/2023,,Yes,ST/SG/SER.E/1186,,in orbit,,Spacecraft engaged in practical applications and uses of space technology such as weather or communications,------,,2023
2023-183T,,Starlink-30966 ,USA,11/28/2023,,Yes,ST/SG/SER.E/1186,,in orbit,,Spacecraft engaged in practical applications and uses of space technology such as weather or communications,------,,2023
2023-183U,,Starlink-30935 ,USA,11/28/2023,,Yes,ST/SG/SER.E/1186,,in orbit,,Spacecraft engaged in practical applications and uses of space technology such as weather or communications,------,,2023
2023-183W,,Starlink-30958 ,USA,11/28/2023,,Yes,ST/SG/SER.E/1186,,in orbit,,Spacecraft engaged in practical applications and uses of space technology such as weather or communications,------,,2023
2023-183X,,Starlink-30962 ,USA,11/28/2023,,Yes,ST/SG/SER.E/1186,,in orbit,,Spacecraft engaged in practical applications and uses of space technology such as weather or communications,------,,2023
2023-183P,,Starlink-30946 ,USA,11/28/2023,,Yes,ST/SG/SER.E/1186,,in orbit,,Spacecraft engaged in practical applications and uses of space technology such as weather or communications,------,,2023
2023-183Y,,Starlink-30977 ,USA,11/28/2023,,Yes,ST/SG/SER.E/1186,,in orbit,,Spacecraft engaged in practical applications and uses of space technology such as weather or communications,------,,2023
[2023-174CY],, [HADES D],[(for Spain)],[2023-11-28],,No,,ST/SG/SER.E/1228,[decayed],[2024-11-13],,Not registered with the United Nations. Date of launch is approximate date of deployment from ION SCV-013 (international designator 2023-174AW). Mentioned by Italy in ST/SG/SER.E/1228.,,2023
[2023-182A],3692-2023-018,Cosmos 2572 ,Russian Federation,11/25/2023,,Yes,ST/SG/SER.E/1164,,in orbit,,Intended for assignments on behalf of the Ministry of Defence of the Russian Federation,------,,2023
[2023-174CW],, [INTUITION 1],[(for Poland)],[2023-11-24],,No,,ST/SG/SER.E/1228,[in orbit],,,Not registered with the United Nations. Date of launch is approximate date of deployment from ION SCV-013 (international designator 2023-174AW). Mentioned by Italy in ST/SG/SER.E/1228.,,2023
[2023-174CX],, [UNICORN-2J],[(for Germany)],[2023-11-24],,No,,ST/SG/SER.E/1228,[in orbit],,,Not registered with the United Nations. Date of launch is approximate date of deployment from ION SCV-013 (international designator 2023-174AW). Mentioned by Italy in ST/SG/SER.E/1228.,,2023
2023-181B,,CSCN-B0005 [CHUANG XIN 20B (CX-20B)],China,11/23/2023,,Yes,ST/SG/SER.E/1237,,in orbit,,????????,The registration submission for this space object is presently being processed by the United Nations Secretariat.,,2023
2023-181C,,CSCN-B0006 [CHUANG XIN 20C (CX-20C)],China,11/23/2023,,Yes,ST/SG/SER.E/1237,,in orbit,,????????,The registration submission for this space object is presently being processed by the United Nations Secretariat.,,2023
2023-181A,,CSCN-B0004 [CHUANG XIN 20A (CX-20A)],China,11/23/2023,,Yes,ST/SG/SER.E/1237,,in orbit,,????????,The registration submission for this space object is presently being processed by the United Nations Secretariat.,,2023
2023-180C,,Starlink-30876 ,USA,11/22/2023,,Yes,ST/SG/SER.E/1186,,in orbit,,Spacecraft engaged in practical applications and uses of space technology such as weather or communications,------,,2023
2023-180E,,Starlink-30925 ,USA,11/22/2023,,Yes,ST/SG/SER.E/1186,,in orbit,,Spacecraft engaged in practical applications and uses of space technology such as weather or communications,------,,2023
2023-180G,,Starlink-30906 ,USA,11/22/2023,,Yes,ST/SG/SER.E/1186,,in orbit,,Spacecraft engaged in practical applications and uses of space technology such as weather or communications,------,,2023
2023-180B,,Starlink-30844 ,USA,11/22/2023,,Yes,ST/SG/SER.E/1186,,in orbit,,Spacecraft engaged in practical applications and uses of space technology such as weather or communications,------,,2023
2023-180D,,Starlink-30952 ,USA,11/22/2023,,Yes,ST/SG/SER.E/1186,,in orbit,,Spacecraft engaged in practical applications and uses of space technology such as weather or communications,------,,2023
2023-180F,,Starlink-30954 ,USA,11/22/2023,,Yes,ST/SG/SER.E/1186,,in orbit,,Spacecraft engaged in practical applications and uses of space technology such as weather or communications,------,,2023
2023-180H,,Starlink-30940 ,USA,11/22/2023,,Yes,ST/SG/SER.E/1186,,in orbit,,Spacecraft engaged in practical applications and uses of space technology such as weather or communications,------,,2023
2023-180K,,Starlink-30919 ,USA,11/22/2023,,Yes,ST/SG/SER.E/1186,,in orbit,,Spacecraft engaged in practical applications and uses of space technology such as weather or communications,------,,2023
2023-180J,,Starlink-30933 ,USA,11/22/2023,,Yes,ST/SG/SER.E/1186,,in orbit,,Spacecraft engaged in practical applications and uses of space technology such as weather or communications,------,,2023
2023-180Q,,Starlink-30967 ,USA,11/22/2023,,Yes,ST/SG/SER.E/1186,,in orbit,,Spacecraft engaged in practical applications and uses of space technology such as weather or communications,------,,2023
2023-180N,,Starlink-30922 ,USA,11/22/2023,,Yes,ST/SG/SER.E/1186,,in orbit,,Spacecraft engaged in practical applications and uses of space technology such as weather or communications,------,,2023
2023-180L,,Starlink-30924 ,USA,11/22/2023,,Yes,ST/SG/SER.E/1186,,in orbit,,Spacecraft engaged in practical applications and uses of space technology such as weather or communications,------,,2023
2023-180M,,Starlink-30931 ,USA,11/22/2023,,Yes,ST/SG/SER.E/1186,,in orbit,,Spacecraft engaged in practical applications and uses of space technology such as weather or communications,------,,2023
2023-180P,,Starlink-30949 ,USA,11/22/2023,,Yes,ST/SG/SER.E/1186,,in orbit,,Spacecraft engaged in practical applications and uses of space technology such as weather or communications,------,,2023
2023-180T,,Starlink-30917 ,USA,11/22/2023,,Yes,ST/SG/SER.E/1186,,in orbit,,Spacecraft engaged in practical applications and uses of space technology such as weather or communications,------,,2023
2023-180U,,Starlink-30899 ,USA,11/22/2023,,Yes,ST/SG/SER.E/1186,,in orbit,,Spacecraft engaged in practical applications and uses of space technology such as weather or communications,------,,2023
2023-180S,,Starlink-30895 ,USA,11/22/2023,,Yes,ST/SG/SER.E/1186,,in orbit,,Spacecraft engaged in practical applications and uses of space technology such as weather or communications,------,,2023
2023-180R,,Starlink-30955 ,USA,11/22/2023,,Yes,ST/SG/SER.E/1186,,in orbit,,Spacecraft engaged in practical applications and uses of space technology such as weather or communications,------,,2023
2023-180W,,Starlink-30912 ,USA,11/22/2023,,Yes,ST/SG/SER.E/1186,,in orbit,,Spacecraft engaged in practical applications and uses of space technology such as weather or communications,------,,2023
2023-180Y,,Starlink-30908 ,USA,11/22/2023,,Yes,ST/SG/SER.E/1186,,in orbit,,Spacecraft engaged in practical applications and uses of space technology such as weather or communications,------,,2023
2023-180X,,Starlink-30900 ,USA,11/22/2023,,Yes,ST/SG/SER.E/1186,,in orbit,,Spacecraft engaged in practical applications and uses of space technology such as weather or communications,------,,2023
2023-180V,,Starlink-30902 ,USA,11/22/2023,,Yes,ST/SG/SER.E/1186,,in orbit,,Spacecraft engaged in practical applications and uses of space technology such as weather or communications,------,,2023
2023-180A,,Starlink-30964 ,USA,11/22/2023,,Yes,ST/SG/SER.E/1186,,in orbit,,Spacecraft engaged in practical applications and uses of space technology such as weather or communications,------,,2023
[2023-179A],, [MALLIGYONG 1],[Democratic People's Republic of Korea],[2023-11-21],,No,,,[in orbit],,------,Not registered with the United Nations.,,2023
2023-178N,,Starlink-30929 ,USA,11/20/2023,,Yes,ST/SG/SER.E/1186,,in orbit,,Spacecraft engaged in practical applications and uses of space technology such as weather or communications,------,,2023
2023-178Q,,Starlink-30913 ,USA,11/20/2023,,Yes,ST/SG/SER.E/1186,,in orbit,,Spacecraft engaged in practical applications and uses of space technology such as weather or communications,------,,2023
2023-178H,,Starlink-30923 ,USA,11/20/2023,,Yes,ST/SG/SER.E/1186,,in orbit,,Spacecraft engaged in practical applications and uses of space technology such as weather or communications,------,,2023
2023-178J,,Starlink-30927 ,USA,11/20/2023,,Yes,ST/SG/SER.E/1186,,in orbit,,Spacecraft engaged in practical applications and uses of space technology such as weather or communications,------,,2023
2023-178K,,Starlink-30921 ,USA,11/20/2023,,Yes,ST/SG/SER.E/1186,,in orbit,,Spacecraft engaged in practical applications and uses of space technology such as weather or communications,------,,2023
2023-178M,,Starlink-30930 ,USA,11/20/2023,,Yes,ST/SG/SER.E/1186,,in orbit,,Spacecraft engaged in practical applications and uses of space technology such as weather or communications,------,,2023
2023-178P,,Starlink-30898 ,USA,11/20/2023,,Yes,ST/SG/SER.E/1186,,in orbit,,Spacecraft engaged in practical applications and uses of space technology such as weather or communications,------,,2023
2023-178L,,Starlink-30825 ,USA,11/20/2023,,Yes,ST/SG/SER.E/1186,,in orbit,,Spacecraft engaged in practical applications and uses of space technology such as weather or communications,------,,2023
2023-178F,,Starlink-30882 ,USA,11/20/2023,,Yes,ST/SG/SER.E/1186,,in orbit,,Spacecraft engaged in practical applications and uses of space technology such as weather or communications,------,,2023
2023-178D,,Starlink-30914 ,USA,11/20/2023,,Yes,ST/SG/SER.E/1186,,in orbit,,Spacecraft engaged in practical applications and uses of space technology such as weather or communications,------,,2023
2023-178E,,Starlink-30920 ,USA,11/20/2023,,Yes,ST/SG/SER.E/1186,,in orbit,,Spacecraft engaged in practical applications and uses of space technology such as weather or communications,------,,2023
2023-178G,,Starlink-30915 ,USA,11/20/2023,,Yes,ST/SG/SER.E/1186,,in orbit,,Spacecraft engaged in practical applications and uses of space technology such as weather or communications,------,,2023
2023-178A,,Starlink-30911 ,USA,11/20/2023,,Yes,ST/SG/SER.E/1186,,in orbit,,Spacecraft engaged in practical applications and uses of space technology such as weather or communications,------,,2023
2023-178C,,Starlink-30910 ,USA,11/20/2023,,Yes,ST/SG/SER.E/1186,,in orbit,,Spacecraft engaged in practical applications and uses of space technology such as weather or communications,------,,2023
2023-178B,,Starlink-30894 ,USA,11/20/2023,,Yes,ST/SG/SER.E/1186,,in orbit,,Spacecraft engaged in practical applications and uses of space technology such as weather or communications,------,,2023
2023-178T,,Starlink-30916 ,USA,11/20/2023,,Yes,ST/SG/SER.E/1186,,in orbit,,Spacecraft engaged in practical applications and uses of space technology such as weather or communications,------,,2023
2023-178V,,Starlink-30939 ,USA,11/20/2023,,Yes,ST/SG/SER.E/1186,,in orbit,,Spacecraft engaged in practical applications and uses of space technology such as weather or communications,------,,2023
2023-178U,,Starlink-30937 ,USA,11/20/2023,,Yes,ST/SG/SER.E/1186,,in orbit,,Spacecraft engaged in practical applications and uses of space technology such as weather or communications,------,,2023
2023-178R,,Starlink-30938 ,USA,11/20/2023,,Yes,ST/SG/SER.E/1186,,in orbit,,Spacecraft engaged in practical applications and uses of space technology such as weather or communications,------,,2023
2023-178S,,Starlink-30868 ,USA,11/20/2023,,Yes,ST/SG/SER.E/1186,,in orbit,,Spacecraft engaged in practical applications and uses of space technology such as weather or communications,------,,2023
2023-178X,,Starlink-30934 ,USA,11/20/2023,,Yes,ST/SG/SER.E/1186,,in orbit,,Spacecraft engaged in practical applications and uses of space technology such as weather or communications,------,,2023
2023-178W,,Starlink-30887 ,USA,11/20/2023,,Yes,ST/SG/SER.E/1186,,in orbit,,Spacecraft engaged in practical applications and uses of space technology such as weather or communications,------,,2023
2023-177F,,Starlink-30905 ,USA,11/18/2023,,Yes,ST/SG/SER.E/1186,,in orbit,,Spacecraft engaged in practical applications and uses of space technology such as weather or communications,------,,2023
2023-177D,,Starlink-30832 ,USA,11/18/2023,,Yes,ST/SG/SER.E/1186,,in orbit,,Spacecraft engaged in practical applications and uses of space technology such as weather or communications,------,,2023
2023-177G,,Starlink-30842 ,USA,11/18/2023,,Yes,ST/SG/SER.E/1186,,in orbit,,Spacecraft engaged in practical applications and uses of space technology such as weather or communications,------,,2023
2023-177J,,Starlink-30878 ,USA,11/18/2023,,Yes,ST/SG/SER.E/1186,,in orbit,,Spacecraft engaged in practical applications and uses of space technology such as weather or communications,------,,2023
2023-177E,,Starlink-30903 ,USA,11/18/2023,,Yes,ST/SG/SER.E/1186,,in orbit,,Spacecraft engaged in practical applications and uses of space technology such as weather or communications,------,,2023
2023-177H,,Starlink-30858 ,USA,11/18/2023,,Yes,ST/SG/SER.E/1186,,in orbit,,Spacecraft engaged in practical applications and uses of space technology such as weather or communications,------,,2023
2023-177L,,Starlink-30885 ,USA,11/18/2023,,Yes,ST/SG/SER.E/1186,,in orbit,,Spacecraft engaged in practical applications and uses of space technology such as weather or communications,------,,2023
2023-177M,,Starlink-30890 ,USA,11/18/2023,,Yes,ST/SG/SER.E/1186,,in orbit,,Spacecraft engaged in practical applications and uses of space technology such as weather or communications,------,,2023
2023-177K,,Starlink-30897 ,USA,11/18/2023,,Yes,ST/SG/SER.E/1186,,in orbit,,Spacecraft engaged in practical applications and uses of space technology such as weather or communications,------,,2023
2023-177P,,Starlink-30904 ,USA,11/18/2023,,Yes,ST/SG/SER.E/1186,,in orbit,,Spacecraft engaged in practical applications and uses of space technology such as weather or communications,------,,2023
2023-177Q,,Starlink-30918 ,USA,11/18/2023,,Yes,ST/SG/SER.E/1186,,in orbit,,Spacecraft engaged in practical applications and uses of space technology such as weather or communications,------,,2023
2023-177W,,Starlink-30859 ,USA,11/18/2023,,Yes,ST/SG/SER.E/1186,,in orbit,,Spacecraft engaged in practical applications and uses of space technology such as weather or communications,------,,2023
2023-177T,,Starlink-30889 ,USA,11/18/2023,,Yes,ST/SG/SER.E/1186,,in orbit,,Spacecraft engaged in practical applications and uses of space technology such as weather or communications,------,,2023
2023-177V,,Starlink-30888 ,USA,11/18/2023,,Yes,ST/SG/SER.E/1186,,in orbit,,Spacecraft engaged in practical applications and uses of space technology such as weather or communications,------,,2023
2023-177N,,Starlink-30909 ,USA,11/18/2023,,Yes,ST/SG/SER.E/1186,,in orbit,,Spacecraft engaged in practical applications and uses of space technology such as weather or communications,------,,2023
2023-177S,,Starlink-30891 ,USA,11/18/2023,,Yes,ST/SG/SER.E/1186,,in orbit,,Spacecraft engaged in practical applications and uses of space technology such as weather or communications,------,,2023
2023-177R,,Starlink-30892 ,USA,11/18/2023,,Yes,ST/SG/SER.E/1186,,in orbit,,Spacecraft engaged in practical applications and uses of space technology such as weather or communications,------,,2023
2023-177U,,Starlink-30870 ,USA,11/18/2023,,Yes,ST/SG/SER.E/1186,,in orbit,,Spacecraft engaged in practical applications and uses of space technology such as weather or communications,------,,2023
2023-177A,,Starlink-30901 ,USA,11/18/2023,,Yes,ST/SG/SER.E/1186,ST/SG/SER.E/1215,[deorbited],5/2/2024,Spacecraft engaged in practical applications and uses of space technology such as weather or communications,------,,2023
2023-177B,,Starlink-30907 ,USA,11/18/2023,,Yes,ST/SG/SER.E/1186,,in orbit,,Spacecraft engaged in practical applications and uses of space technology such as weather or communications,------,,2023
2023-177C,,Starlink-30896 ,USA,11/18/2023,,Yes,ST/SG/SER.E/1186,,in orbit,,Spacecraft engaged in practical applications and uses of space technology such as weather or communications,------,,2023
2023-177X,,Starlink-30884 ,USA,11/18/2023,,Yes,ST/SG/SER.E/1186,,in orbit,,Spacecraft engaged in practical applications and uses of space technology such as weather or communications,------,,2023
2023-177Y,,Starlink-30852 ,USA,11/18/2023,,Yes,ST/SG/SER.E/1186,,in orbit,,Spacecraft engaged in practical applications and uses of space technology such as weather or communications,------,,2023
2023-176A,,New-Generation Ocean Colour Monitoring Satellite (HY-3A) [(HAIYANG 3A (HY3 01))],China,11/16/2023,,Yes,ST/SG/SER.E/1237,,in orbit,,Ocean colour monitoring,The registration submission for this space object is presently being processed by the United Nations Secretariat.,,2023
2023-175B,,MP06 (O3b mPOWER F6) ,United Kingdom,11/12/2023,,Yes,ST/SG/SER.E/1161,ST/SG/SER.E/1264,in orbit,,"mPOWER will extend SESs MEO Ka-band services increasing capabilities such as flexibility, performance and scale thus increasing the scope of bandwidth-intensive network services and applications. System wide innovations will provide uncontended multi-gigabit links to deliver high-bandwidth services, offering differentiated services at cloud scale.",State of registry notes in ST/SG/SER.E/1264 that Astra (GB) Limited have taken ownership of satellites previously operated by O3b Limited.,,2023
2023-175A,,MP05 (O3b mPOWER F5) ,United Kingdom,11/12/2023,,Yes,ST/SG/SER.E/1161,ST/SG/SER.E/1264,in orbit,,"mPOWER will extend SESs MEO Ka-band services increasing capabilities such as flexibility, performance and scale thus increasing the scope of bandwidth-intensive network services and applications. System wide innovations will provide uncontended multi-gigabit links to deliver high-bandwidth services, offering differentiated services at cloud scale.",State of registry notes in ST/SG/SER.E/1264 that Astra (GB) Limited have taken ownership of satellites previously operated by O3b Limited.,,2023
[2023-174CP],, [NINJASAT],[(for Japan)],[2023-11-11],,No,,,[in orbit],,,Not registered with the United Nations.,,2023
[2023-174D],, [LEMUR 2 BASS],[USA],[2023-11-11],,No,,,[in orbit],,,Not registered with the United Nations.,,2023
[2023-174X],, [TIGER 5],[(for Rwanda)],[2023-11-11],,No,,,[in orbit],,,Not registered with the United Nations.,,2023
[2023-174S],, [TIGER 6],[(for Rwanda)],[2023-11-11],,No,,,[in orbit],,,Not registered with the United Nations.,,2023
[2023-174CJ],, [LEMUR 2 JK0903EM1407],[USA],[2023-11-11],,No,,,[in orbit],,,Not registered with the United Nations.,,2023
[2023-174CN],, [LEMUR 2 MJR092620],[USA],[2023-11-11],,No,,,[in orbit],,,Not registered with the United Nations.,,2023
[2023-174G],, [PLATERO],[(for Spain)],[2023-11-11],,No,,,[in orbit],,,Not registered with the United Nations.,,2023
[2023-174C],, [ORBASTRO PC-1],[(for Unknown)],[2023-11-11],,No,,,[in orbit],,,Not registered with the United Nations.,,2023
2023-174*,MY012,SpaceANT-D ,Malaysia,11/11/2023,,Yes,A/AC.105/INF/459,,in orbit,,Demonstrates store-and-forward technology using a pico-satellite platform for research and educational purposes,------,,2023
2023-174B,,MANTIS ,United Kingdom,11/11/2023,,Yes,ST/SG/SER.E/1174,,in orbit,,Earth observation,------,,2023
[2023-174A],58256,Connecta T3.1 ,Türkiye,11/11/2023,,Yes,ST/SG/SER.E/1167,,in orbit,,Object-to-object and machine-to-machine communication tests. In-orbit demonstration.,------,,2023
[2023-174N],58268,Connecta T3.2 ,Türkiye,11/11/2023,,Yes,ST/SG/SER.E/1168,,in orbit,,Object-to-object and machine-to-machine communication tests. In-orbit demonstration.,------,,2023
2023-174AY,FIN-27-SAT-2023,ICEYE-X35 ,Finland,11/11/2023,,Yes,ST/SG/SER.E/1173,,in orbit,,"Earth observation satellite, carrying a synthetic aperture radar. Data will be provided commercially.",------,,2023
2023-174AJ,FIN-25-SAT-2023,ICEYE-X31 ,Finland,11/11/2023,,Yes,ST/SG/SER.E/1173,,in orbit,,"Earth observation satellite, carrying a synthetic aperture radar. Data will be provided commercially.",------,,2023
[2023-174L],DJ-2023-001,Djibouti-1A ,Djibouti,[2023-11-11],,Yes,St/SG/SER.E/1160,,in orbit,,Gathering of meteorological data transmitted by ground-based measurement stations,------,Link,2023
[2023-174BV],,Observer-1A ,Republic of Korea,11/11/2023,,Yes,ST/SG/SER.E/1159,,in orbit,,Earth observation using a multi-spectral optics camera,------,,2023
2023-174AB,58281,ÆTHER-1 [(AETHER 1)],Canada,11/11/2023,,Yes,ST/SG/SER.E/1221,,in orbit,,Data transfer and technology,------,,2023
2023-174AV,58299,ÆTHER-2 [(AETHER 2)],Canada,11/11/2023,,Yes,ST/SG/SER.E/1221,,in orbit,,Data transfer and technology,------,,2023
2023-174BT,,PROTOMETHEE-1 ,France,11/11/2023,,Yes,ST/SG/SER.E/1193,,in orbit,,------,The registration submission for this space object is presently being processed by the United Nations Secretariat.,,2023
2023-174DH,,AAC-HSI-SAT3 ,United Kingdom,11/11/2023,,Yes,ST/SG/SER.E/1178,,in orbit,,Earth observation,------,,2023
2023-174AS,,Pelican 3001 ,USA,11/11/2023,,Yes,ST/SG/SER.E/1186,,in orbit,,Spacecraft engaged in practical applications and uses of space technology such as weather or communications,------,,2023
2023-174AG,,Flock 4Q 30 ,USA,11/11/2023,,Yes,ST/SG/SER.E/1186,,in orbit,,Spacecraft engaged in practical applications and uses of space technology such as weather or communications,------,,2023
2023-174AE,,Flock 4Q 26 ,USA,11/11/2023,,Yes,ST/SG/SER.E/1186,,in orbit,,Spacecraft engaged in practical applications and uses of space technology such as weather or communications,------,,2023
2023-174AF,,Flock 4Q 31 ,USA,11/11/2023,,Yes,ST/SG/SER.E/1186,,in orbit,,Spacecraft engaged in practical applications and uses of space technology such as weather or communications,------,,2023
2023-174AM,,Falconsat-10 ,USA,11/11/2023,,Yes,ST/SG/SER.E/1186,,in orbit,,Spacecraft engaged in practical applications and uses of space technology such as weather or communications,------,,2023
2023-174AQ,,ICEYE-X34 ,USA,11/11/2023,,Yes,ST/SG/SER.E/1186,,in orbit,,Spacecraft engaged in practical applications and uses of space technology such as weather or communications,------,,2023
2023-174AN,,Umbra-08 ,USA,11/11/2023,,Yes,ST/SG/SER.E/1186,,in orbit,,Spacecraft engaged in practical applications and uses of space technology such as weather or communications,------,,2023
2023-174AD,,Flock 4Q 17 ,USA,11/11/2023,,Yes,ST/SG/SER.E/1188,,in orbit,,Spacecraft engaged in practical applications and uses of space technology such as weather or communications,------,,2023
2023-174AR,,SPACEVAN-001 ,France,11/11/2023,,Yes,ST/SG/SER.E/1193,,in orbit,,Orbital transfer vehicle,------,,2023
2023-174CA,,Flock 4Q 13 ,USA,11/11/2023,,Yes,ST/SG/SER.E/1186,,in orbit,,Spacecraft engaged in practical applications and uses of space technology such as weather or communications,------,,2023
2023-174BR,,Flock 4Q 15 ,USA,11/11/2023,,Yes,ST/SG/SER.E/1186,,in orbit,,Spacecraft engaged in practical applications and uses of space technology such as weather or communications,------,,2023
2023-174BZ,,Flock 4Q 4 ,USA,11/11/2023,,Yes,ST/SG/SER.E/1186,,in orbit,,Spacecraft engaged in practical applications and uses of space technology such as weather or communications,------,,2023
2023-174BQ,,Flock 4Q 7 ,USA,11/11/2023,,Yes,ST/SG/SER.E/1186,,in orbit,,Spacecraft engaged in practical applications and uses of space technology such as weather or communications,------,,2023
2023-174BU,,Flock 4Q 9 ,USA,11/11/2023,,Yes,ST/SG/SER.E/1186,,in orbit,,Spacecraft engaged in practical applications and uses of space technology such as weather or communications,------,,2023
2023-174BS,,Flock 4Q 2 ,USA,11/11/2023,,Yes,ST/SG/SER.E/1188,,in orbit,,Spacecraft engaged in practical applications and uses of space technology such as weather or communications,------,,2023
2023-174AZ,,Flock 4Q 25 ,USA,11/11/2023,,Yes,ST/SG/SER.E/1186,,in orbit,,Spacecraft engaged in practical applications and uses of space technology such as weather or communications,------,,2023
2023-174BC,,Flock 4Q 22 ,USA,11/11/2023,,Yes,ST/SG/SER.E/1186,,in orbit,,Spacecraft engaged in practical applications and uses of space technology such as weather or communications,------,,2023
2023-174BE,,Flock 4Q 33 ,USA,11/11/2023,,Yes,ST/SG/SER.E/1186,,in orbit,,Spacecraft engaged in practical applications and uses of space technology such as weather or communications,------,,2023
2023-174AX,,Impulse-1 Mira ,USA,11/11/2023,,Yes,ST/SG/SER.E/1186,,in orbit,,Spacecraft engaged in practical applications and uses of space technology such as weather or communications,------,,2023
2023-174BD,,Flock 4Q 23 ,USA,11/11/2023,,Yes,ST/SG/SER.E/1186,,in orbit,,Spacecraft engaged in practical applications and uses of space technology such as weather or communications,------,,2023
2023-174BA,,Flock 4Q 29 ,USA,11/11/2023,,Yes,ST/SG/SER.E/1186,,in orbit,,Spacecraft engaged in practical applications and uses of space technology such as weather or communications,------,,2023
2023-174AT,,Umbra-07 ,USA,11/11/2023,,Yes,ST/SG/SER.E/1186,,in orbit,,Spacecraft engaged in practical applications and uses of space technology such as weather or communications,------,,2023
[2023-174AU],2023-B-SC-039,SPIP ,Belgium,11/11/2023,,Yes,ST/SG/SER.E/1155,,in orbit,,Test and demonstration of a versatile satellite platform,------,,2023
2023-174Q,,Flock 4Q 1 ,USA,11/11/2023,,Yes,ST/SG/SER.E/1186,,in orbit,,Spacecraft engaged in practical applications and uses of space technology such as weather or communications,------,,2023
2023-174R,,Flock 4Q 16 ,USA,11/11/2023,,Yes,ST/SG/SER.E/1186,,in orbit,,Spacecraft engaged in practical applications and uses of space technology such as weather or communications,------,,2023
2023-174CB,,Flock 4Q 21 ,USA,11/11/2023,,Yes,ST/SG/SER.E/1188,,in orbit,,Spacecraft engaged in practical applications and uses of space technology such as weather or communications,------,,2023
2023-174CD,,BRO-10 ,France,11/11/2023,,Yes,ST/SG/SER.E/1193,,in orbit,,Maritime surveillance,------,,2023
2023-174J,,BRO-11 ,France,11/11/2023,,Yes,ST/SG/SER.E/1193,,in orbit,,Maritime surveillance,------,,2023
2023-174AA,,Flock 4Q 28 ,USA,11/11/2023,,Yes,ST/SG/SER.E/1186,,in orbit,,Spacecraft engaged in practical applications and uses of space technology such as weather or communications,------,,2023
2023-174AC,,Flock 4Q 27 ,USA,11/11/2023,,Yes,ST/SG/SER.E/1186,,in orbit,,Spacecraft engaged in practical applications and uses of space technology such as weather or communications,------,,2023
2023-174BL,,Flock 4Q 24 ,USA,11/11/2023,,Yes,ST/SG/SER.E/1186,,in orbit,,Spacecraft engaged in practical applications and uses of space technology such as weather or communications,------,,2023
2023-174BF,,Flock 4Q 35 ,USA,11/11/2023,,Yes,ST/SG/SER.E/1186,,in orbit,,Spacecraft engaged in practical applications and uses of space technology such as weather or communications,------,,2023
2023-174BH,,Flock 4Q 14 ,USA,11/11/2023,,Yes,ST/SG/SER.E/1186,,in orbit,,Spacecraft engaged in practical applications and uses of space technology such as weather or communications,------,,2023
2023-174BN,,Flock 4Q 34 ,USA,11/11/2023,,Yes,ST/SG/SER.E/1186,,in orbit,,Spacecraft engaged in practical applications and uses of space technology such as weather or communications,------,,2023
2023-174BM,,Flock 4Q 6 ,USA,11/11/2023,,Yes,ST/SG/SER.E/1186,,in orbit,,Spacecraft engaged in practical applications and uses of space technology such as weather or communications,------,,2023
2023-174BK,,Flock 4Q 20 ,USA,11/11/2023,,Yes,ST/SG/SER.E/1188,,in orbit,,Spacecraft engaged in practical applications and uses of space technology such as weather or communications,------,,2023
2023-174T,,Flock 4Q 11 ,USA,11/11/2023,,Yes,ST/SG/SER.E/1186,,in orbit,,Spacecraft engaged in practical applications and uses of space technology such as weather or communications,------,,2023
2023-174V,,Flock 4Q 12 ,USA,11/11/2023,,Yes,ST/SG/SER.E/1186,,in orbit,,Spacecraft engaged in practical applications and uses of space technology such as weather or communications,------,,2023
2023-174W,,GENMAT 1 ,USA,11/11/2023,,Yes,ST/SG/SER.E/1186,,in orbit,,Spacecraft engaged in practical applications and uses of space technology such as weather or communications,------,,2023
2023-174U,,Flock 4Q 36 ,USA,11/11/2023,,Yes,ST/SG/SER.E/1188,,in orbit,,Spacecraft engaged in practical applications and uses of space technology such as weather or communications,------,,2023
2023-174CH,,Lemur 2 Mango2A ,USA,11/11/2023,,Yes,ST/SG/SER.E/1186,ST/SG/SER.E/1242,decayed,11/5/2024,Spacecraft engaged in practical applications and uses of space technology such as weather or communications,------,,2023
2023-174CK,,Lemur 2 Mango2B ,USA,11/11/2023,,Yes,ST/SG/SER.E/1186,ST/SG/SER.E/1242,decayed,11/5/2024,Spacecraft engaged in practical applications and uses of space technology such as weather or communications,------,,2023
2023-174AP,FIN-26-SAT-2023,ICEYE-X32 ,Finland,11/11/2023,,Yes,ST/SG/SER.E/1173,ST/SG/SER.E/1207,[deorbited],[2025-04-02],"Earth observation satellite, carrying a synthetic aperture radar. Data will be provided commercially.",State of registry notes in ST/SG/SER.E/1207 that space object was no longer functional as of 28 February 2024 at 081000 UTC.,,2023
2023-174AW,,ION SCV-013 Ultimate Hugo ,Italy,11/11/2023,,Yes,ST/SG/SER.E/1228,,in orbit,,"Commercial / Operations. ION SCV-013 Ultimate Hugo is the 13th commercial mission of a proprietary orbital transfer vehicle (OTV) ION Satellite Carrier (ION). ION SCV-013 Ultimate Hugo is a versatile and cost-effective OTV designed to precisely deploy satellites and perform orbital demonstrations of third-party payloads hosted onboard. CubeSats deployed: Clyde Intuition 1, Apogeo PICO-1, Odysseys, AlbaPOD1 (that released UNICORN-2J), AlbaPOD2 (that released UNICORN-2K, HADES-D, ROM-3), Cryptosat, Spire COO11, Clyde Wyvern3, Clyde VDES.",The registration submission for this space object is presently being processed by the United Nations Secretariat.,Link,2023
[2023-174CF],, [LEMUR 2 THE-CLEANER],[USA],[2023-11-11],,No,,,[decayed],[2025-05-13],,Not registered with the United Nations.,,2023
2023-174BW,,Flock 4Q 10 ,USA,11/11/2023,,Yes,ST/SG/SER.E/1186,ST/SG/SER.E/1302,decayed,5/13/2025,Spacecraft engaged in practical applications and uses of space technology such as weather or communications,------,,2023
2023-174Y,,Flock 4Q 19 ,USA,11/11/2023,,Yes,ST/SG/SER.E/1188,ST/SG/SER.E/1302,decayed,5/31/2025,Spacecraft engaged in practical applications and uses of space technology such as weather or communications,------,,2023
2023-174BB,,Flock 4Q 18 ,USA,11/11/2023,,Yes,ST/SG/SER.E/1188,ST/SG/SER.E/1270,[deorbited],1/11/2025,Spacecraft engaged in practical applications and uses of space technology such as weather or communications,------,,2023
2023-174Z,,Flock 4Q 8 ,USA,11/11/2023,,Yes,ST/SG/SER.E/1186,ST/SG/SER.E/1287,[decayed],2/25/2025,Spacecraft engaged in practical applications and uses of space technology such as weather or communications,------,,2023
2023-174CM,BG-2023-01,PLATFORM-5 ,Bulgaria,11/11/2023,,Yes,ST/SG/SER.E/1295,ST/SG/SER.E/1295,[decayed],4/22/2025,Technological demonstration,The registration submission for this space object is presently being processed by the United Nations Secretariat.,,2023
[2023-174CE],, [LEMUR 2 MARAPAMASM],[USA],[2023-11-11],,No,,ST/SG/SER.E/1290,[decayed],4/8/2025,,Not registered with the United Nations.,,2023
2023-174CL,,Barry-1 ,USA,11/11/2023,,Yes,ST/SG/SER.E/1188,ST/SG/SER.E/1290,[decayed],4/13/2025,Spacecraft engaged in practical applications and uses of space technology such as weather or communications,------,,2023
2023-174BX,,Flock 4Q 5 ,USA,11/11/2023,,Yes,ST/SG/SER.E/1186,ST/SG/SER.E/1290,decayed,4/22/2025,Spacecraft engaged in practical applications and uses of space technology such as weather or communications,------,,2023
2023-174BG,,Flock 4Q 32 ,USA,11/11/2023,,Yes,ST/SG/SER.E/1186,ST/SG/SER.E/1290,decayed,4/10/2025,Spacecraft engaged in practical applications and uses of space technology such as weather or communications,------,,2023
[2023-174H],, [LEMUR 2 GOOD-VIBES],[USA],[2023-11-11],,No,,,[decayed],[2025-05-29],,Not registered with the United Nations.,,2023
[2023-174E],, [LEMUR 2 DILIGHTFUL],[USA],[2023-11-11],,No,,,[decayed],[2025-05-29],,Not registered with the United Nations.,,2023
2023-174BJ,,Flock 4Q 3 ,USA,11/11/2023,,Yes,ST/SG/SER.E/1186,ST/SG/SER.E/1290,decayed,3/25/2025,Spacecraft engaged in practical applications and uses of space technology such as weather or communications,------,,2023
[2023-174BP],,KAFASAT ,Republic of Korea,11/11/2023,,Yes,ST/SG/SER.E/1163,,in orbit,,"Earth observation, satellite operations practice and education",------,,2023
[2023-174M],, [LEMUR 2 SANITA-VETRA],[USA],[2023-11-11],,No,,ST/SG/SER.E/1302,decayed,6/6/2025,,Not registered with the United Nations.,,2023
[2023-174CZ],,HERON Mk. II ,Canada,11/11/2023,,Yes,ST/SG/SER.E/1221,,in orbit,,Amateur radio satellite,International Designator pending assignment.,,2023
[2023-174P],, [IRIS-C2],[(for Taiwan Province of China)],[2023-11-11],,No,,,in orbit,,,Not registered with the United Nations.,,2023
[2023-174CQ],, [PEARL 1C],[(for Taiwan Province of China)],[2023-11-11],,No,,,[in orbit],,,Not registered with the United Nations.,,2023
[2023-174K],, [PEARL 1H],[(for Taiwan Province of China)],[2023-11-11],,No,,,[in orbit],,,Not registered with the United Nations.,,2023
2023-173A,,Dragon CRS-29 ,USA,11/10/2023,,Yes,ST/SG/SER.E/1186,ST/SG/SER.E/1188,[recovered],12/22/2023,Spacecraft engaged in practical applications and uses of space technology such as weather or communications,Date of launch is 2023-11-10 using UTC.,,2023
2023-172A,,CHINASAT 6E ,China,11/9/2023,,Yes,ST/SG/SER.E/1237,,in GSO,,????????,The registration submission for this space object is presently being processed by the United Nations Secretariat.,,2023
2023-171Q,,Starlink-30854 ,USA,11/8/2023,,Yes,ST/SG/SER.E/1186,,in orbit,,Spacecraft engaged in practical applications and uses of space technology such as weather or communications,------,,2023
2023-171L,,Starlink-30848 ,USA,11/8/2023,,Yes,ST/SG/SER.E/1186,,in orbit,,Spacecraft engaged in practical applications and uses of space technology such as weather or communications,------,,2023
2023-171S,,Starlink-30886 ,USA,11/8/2023,,Yes,ST/SG/SER.E/1186,,in orbit,,Spacecraft engaged in practical applications and uses of space technology such as weather or communications,------,,2023
2023-171N,,Starlink-30877 ,USA,11/8/2023,,Yes,ST/SG/SER.E/1186,,in orbit,,Spacecraft engaged in practical applications and uses of space technology such as weather or communications,------,,2023
2023-171T,,Starlink-30850 ,USA,11/8/2023,,Yes,ST/SG/SER.E/1186,,in orbit,,Spacecraft engaged in practical applications and uses of space technology such as weather or communications,------,,2023
2023-171M,,Starlink-30843 ,USA,11/8/2023,,Yes,ST/SG/SER.E/1186,,in orbit,,Spacecraft engaged in practical applications and uses of space technology such as weather or communications,------,,2023
2023-171P,,Starlink-30864 ,USA,11/8/2023,,Yes,ST/SG/SER.E/1186,,in orbit,,Spacecraft engaged in practical applications and uses of space technology such as weather or communications,------,,2023
2023-171R,,Starlink-30849 ,USA,11/8/2023,,Yes,ST/SG/SER.E/1186,,in orbit,,Spacecraft engaged in practical applications and uses of space technology such as weather or communications,------,,2023
2023-171K,,Starlink-30847 ,USA,11/8/2023,,Yes,ST/SG/SER.E/1186,,in orbit,,Spacecraft engaged in practical applications and uses of space technology such as weather or communications,------,,2023
2023-171B,,Starlink-30867 ,USA,11/8/2023,,Yes,ST/SG/SER.E/1186,,in orbit,,Spacecraft engaged in practical applications and uses of space technology such as weather or communications,------,,2023
2023-171A,,Starlink-30861 ,USA,11/8/2023,,Yes,ST/SG/SER.E/1186,,in orbit,,Spacecraft engaged in practical applications and uses of space technology such as weather or communications,------,,2023
2023-171C,,Starlink-30880 ,USA,11/8/2023,,Yes,ST/SG/SER.E/1186,,in orbit,,Spacecraft engaged in practical applications and uses of space technology such as weather or communications,------,,2023
2023-171E,,Starlink-30860 ,USA,11/8/2023,,Yes,ST/SG/SER.E/1186,,in orbit,,Spacecraft engaged in practical applications and uses of space technology such as weather or communications,------,,2023
2023-171G,,Starlink-30853 ,USA,11/8/2023,,Yes,ST/SG/SER.E/1186,,in orbit,,Spacecraft engaged in practical applications and uses of space technology such as weather or communications,------,,2023
2023-171H,,Starlink-30866 ,USA,11/8/2023,,Yes,ST/SG/SER.E/1186,,in orbit,,Spacecraft engaged in practical applications and uses of space technology such as weather or communications,------,,2023
2023-171J,,Starlink-30817 ,USA,11/8/2023,,Yes,ST/SG/SER.E/1186,,in orbit,,Spacecraft engaged in practical applications and uses of space technology such as weather or communications,------,,2023
2023-171F,,Starlink-30879 ,USA,11/8/2023,,Yes,ST/SG/SER.E/1186,,in orbit,,Spacecraft engaged in practical applications and uses of space technology such as weather or communications,------,,2023
2023-171D,,Starlink-30777 ,USA,11/8/2023,,Yes,ST/SG/SER.E/1186,,in orbit,,Spacecraft engaged in practical applications and uses of space technology such as weather or communications,------,,2023
2023-171U,,Starlink-30823 ,USA,11/8/2023,,Yes,ST/SG/SER.E/1186,,in orbit,,Spacecraft engaged in practical applications and uses of space technology such as weather or communications,------,,2023
2023-171V,,Starlink-30873 ,USA,11/8/2023,,Yes,ST/SG/SER.E/1186,,in orbit,,Spacecraft engaged in practical applications and uses of space technology such as weather or communications,------,,2023
2023-171Y,,Starlink-30883 ,USA,11/8/2023,,Yes,ST/SG/SER.E/1186,,in orbit,,Spacecraft engaged in practical applications and uses of space technology such as weather or communications,------,,2023
2023-171X,,Starlink-30881 ,USA,11/8/2023,,Yes,ST/SG/SER.E/1186,,in orbit,,Spacecraft engaged in practical applications and uses of space technology such as weather or communications,------,,2023
2023-171W,,Starlink-30808 ,USA,11/8/2023,,Yes,ST/SG/SER.E/1186,,in orbit,,Spacecraft engaged in practical applications and uses of space technology such as weather or communications,------,,2023
2023-170Y,,Starlink-30871 ,USA,[2023-11-04],,Yes,ST/SG/SER.E/1186,,in orbit,,Spacecraft engaged in practical applications and uses of space technology such as weather or communications,TDate of launch is 2023-11-04 using UTC.,,2023
2023-170X,,Starlink-30874 ,USA,[2023-11-04],,Yes,ST/SG/SER.E/1186,,in orbit,,Spacecraft engaged in practical applications and uses of space technology such as weather or communications,Date of launch is 2023-11-04 using UTC.,,2023
2023-170W,,Starlink-30865 ,USA,[2023-11-04],,Yes,ST/SG/SER.E/1186,,in orbit,,Spacecraft engaged in practical applications and uses of space technology such as weather or communications,Date of launch is 2023-11-04 using UTC.,,2023
2023-170V,,Starlink-30872 ,USA,[2023-11-04],,Yes,ST/SG/SER.E/1186,,in orbit,,Spacecraft engaged in practical applications and uses of space technology such as weather or communications,Date of launch is 2023-11-04 using UTC.,,2023
2023-170Q,,Starlink-30792 ,USA,[2023-11-04],,Yes,ST/SG/SER.E/1186,,in orbit,,Spacecraft engaged in practical applications and uses of space technology such as weather or communications,Date of launch is 2023-11-04 using UTC.,,2023
2023-170U,,Starlink-30875 ,USA,[2023-11-04],,Yes,ST/SG/SER.E/1186,,in orbit,,Spacecraft engaged in practical applications and uses of space technology such as weather or communications,Date of launch is 2023-11-04 using UTC.,,2023
2023-170T,,Starlink-30840 ,USA,[2023-11-04],,Yes,ST/SG/SER.E/1186,,in orbit,,Spacecraft engaged in practical applications and uses of space technology such as weather or communications,Date of launch is 2023-11-04 using UTC.,,2023
2023-170S,,Starlink-30855 ,USA,[2023-11-04],,Yes,ST/SG/SER.E/1186,,in orbit,,Spacecraft engaged in practical applications and uses of space technology such as weather or communications,Date of launch is 2023-11-04 using UTC.,,2023
2023-170R,,Starlink-30836 ,USA,[2023-11-04],,Yes,ST/SG/SER.E/1186,,in orbit,,Spacecraft engaged in practical applications and uses of space technology such as weather or communications,Date of launch is 2023-11-04 using UTC.,,2023
2023-170M,,Starlink-30818 ,USA,[2023-11-04],,Yes,ST/SG/SER.E/1186,,in orbit,,Spacecraft engaged in practical applications and uses of space technology such as weather or communications,Date of launch is 2023-11-04 using UTC.,,2023
2023-170K,,Starlink-30851 ,USA,[2023-11-04],,Yes,ST/SG/SER.E/1186,,in orbit,,Spacecraft engaged in practical applications and uses of space technology such as weather or communications,Date of launch is 2023-11-04 using UTC.,,2023
2023-170P,,Starlink-30835 ,USA,[2023-11-04],,Yes,ST/SG/SER.E/1186,,in orbit,,Spacecraft engaged in practical applications and uses of space technology such as weather or communications,Date of launch is 2023-11-04 using UTC.,,2023
2023-170N,,Starlink-30794 ,USA,[2023-11-04],,Yes,ST/SG/SER.E/1186,,in orbit,,Spacecraft engaged in practical applications and uses of space technology such as weather or communications,Date of launch is 2023-11-04 using UTC.,,2023
2023-170A,,Starlink-30800 ,USA,[2023-11-04],,Yes,ST/SG/SER.E/1186,,in orbit,,Spacecraft engaged in practical applications and uses of space technology such as weather or communications,Date of launch is 2023-11-04 using UTC.,,2023
2023-170G,,Starlink-30837 ,USA,[2023-11-04],,Yes,ST/SG/SER.E/1186,,in orbit,,Spacecraft engaged in practical applications and uses of space technology such as weather or communications,Date of launch is 2023-11-04 using UTC.,,2023
2023-170F,,Starlink-30838 ,USA,[2023-11-04],,Yes,ST/SG/SER.E/1186,,in orbit,,Spacecraft engaged in practical applications and uses of space technology such as weather or communications,Date of launch is 2023-11-04 using UTC.,,2023
2023-170C,,Starlink-30841 ,USA,[2023-11-04],,Yes,ST/SG/SER.E/1186,,in orbit,,Spacecraft engaged in practical applications and uses of space technology such as weather or communications,Date of launch is 2023-11-04 using UTC.,,2023
2023-170B,,Starlink-30845 ,USA,[2023-11-04],,Yes,ST/SG/SER.E/1186,,in orbit,,Spacecraft engaged in practical applications and uses of space technology such as weather or communications,Date of launch is 2023-11-04 using UTC.,,2023
2023-170D,,Starlink-30839 ,USA,[2023-11-04],,Yes,ST/SG/SER.E/1186,,in orbit,,Spacecraft engaged in practical applications and uses of space technology such as weather or communications,Date of launch is 2023-11-04 using UTC.,,2023
2023-170E,,Starlink-30846 ,USA,[2023-11-04],,Yes,ST/SG/SER.E/1186,,in orbit,,Spacecraft engaged in practical applications and uses of space technology such as weather or communications,Date of launch is 2023-11-04 using UTC.,,2023
2023-170H,,Starlink-30813 ,USA,[2023-11-04],,Yes,ST/SG/SER.E/1186,,in orbit,,Spacecraft engaged in practical applications and uses of space technology such as weather or communications,Date of launch is 2023-11-04 using UTC.,,2023
2023-170J,,Starlink-30805 ,USA,[2023-11-04],,Yes,ST/SG/SER.E/1186,,in orbit,,Spacecraft engaged in practical applications and uses of space technology such as weather or communications,Date of launch is 2023-11-04 using UTC.,,2023
2023-170L,,Starlink-30786 ,USA,[2023-11-04],,Yes,ST/SG/SER.E/1186,ST/SG/SER.E/1242,[deorbited],11/21/2024,Spacecraft engaged in practical applications and uses of space technology such as weather or communications,Date of launch is 2023-11-04 using UTC.,,2023
2023-169A,,TJS-10 ,China,11/3/2023,,Yes,ST/SG/SER.E/1237,,in GSO,,????,The registration submission for this space object is presently being processed by the United Nations Secretariat.,,2023
2023-168A,,Tianhui-5 A ,China,10/31/2023,,Yes,ST/SG/SER.E/1237,,in orbit,,Remote sensing satellite,The registration submission for this space object is presently being processed by the United Nations Secretariat. Date of launch is 2023-10-31 using UTC.,,2023
2023-168C,,Tianhui-5 B ,China,10/31/2023,,Yes,ST/SG/SER.E/1237,,in orbit,,Remote sensing satellite,The registration submission for this space object is presently being processed by the United Nations Secretariat. Date of launch is 2023-10-31 using UTC.,,2023
2023-167E,,Starlink-30819 ,USA,10/30/2023,,Yes,ST/SG/SER.E/1179,,in orbit,,Spacecraft engaged in practical applications and uses of space technology such as weather or communications,------,,2023
2023-167B,,Starlink-30824 ,USA,10/30/2023,,Yes,ST/SG/SER.E/1179,,in orbit,,Spacecraft engaged in practical applications and uses of space technology such as weather or communications,------,,2023
2023-167D,,Starlink-30810 ,USA,10/30/2023,,Yes,ST/SG/SER.E/1179,,in orbit,,Spacecraft engaged in practical applications and uses of space technology such as weather or communications,------,,2023
2023-167A,,Starlink-30753 ,USA,10/30/2023,,Yes,ST/SG/SER.E/1179,,in orbit,,Spacecraft engaged in practical applications and uses of space technology such as weather or communications,------,,2023
2023-167C,,Starlink-30791 ,USA,10/30/2023,,Yes,ST/SG/SER.E/1179,,in orbit,,Spacecraft engaged in practical applications and uses of space technology such as weather or communications,------,,2023
2023-167K,,Starlink-30801 ,USA,10/30/2023,,Yes,ST/SG/SER.E/1179,,in orbit,,Spacecraft engaged in practical applications and uses of space technology such as weather or communications,------,,2023
2023-167P,,Starlink-30826 ,USA,10/30/2023,,Yes,ST/SG/SER.E/1179,,in orbit,,Spacecraft engaged in practical applications and uses of space technology such as weather or communications,------,,2023
2023-167H,,Starlink-30778 ,USA,10/30/2023,,Yes,ST/SG/SER.E/1179,,in orbit,,Spacecraft engaged in practical applications and uses of space technology such as weather or communications,------,,2023
2023-167G,,Starlink-30821 ,USA,10/30/2023,,Yes,ST/SG/SER.E/1179,,in orbit,,Spacecraft engaged in practical applications and uses of space technology such as weather or communications,------,,2023
2023-167N,,Starlink-30760 ,USA,10/30/2023,,Yes,ST/SG/SER.E/1179,,in orbit,,Spacecraft engaged in practical applications and uses of space technology such as weather or communications,------,,2023
2023-167L,,Starlink-30793 ,USA,10/30/2023,,Yes,ST/SG/SER.E/1179,,in orbit,,Spacecraft engaged in practical applications and uses of space technology such as weather or communications,------,,2023
2023-167M,,Starlink-30755 ,USA,10/30/2023,,Yes,ST/SG/SER.E/1179,,in orbit,,Spacecraft engaged in practical applications and uses of space technology such as weather or communications,------,,2023
2023-167F,,Starlink-30806 ,USA,10/30/2023,,Yes,ST/SG/SER.E/1179,,in orbit,,Spacecraft engaged in practical applications and uses of space technology such as weather or communications,------,,2023
2023-167J,,Starlink-30809 ,USA,10/30/2023,,Yes,ST/SG/SER.E/1179,,in orbit,,Spacecraft engaged in practical applications and uses of space technology such as weather or communications,------,,2023
2023-167R,,Starlink-30820 ,USA,10/30/2023,,Yes,ST/SG/SER.E/1179,,in orbit,,Spacecraft engaged in practical applications and uses of space technology such as weather or communications,------,,2023
2023-167Q,,Starlink-30796 ,USA,10/30/2023,,Yes,ST/SG/SER.E/1179,,in orbit,,Spacecraft engaged in practical applications and uses of space technology such as weather or communications,------,,2023
2023-167V,,Starlink-30830 ,USA,10/30/2023,,Yes,ST/SG/SER.E/1179,,in orbit,,Spacecraft engaged in practical applications and uses of space technology such as weather or communications,------,,2023
2023-167S,,Starlink-30785 ,USA,10/30/2023,,Yes,ST/SG/SER.E/1179,,in orbit,,Spacecraft engaged in practical applications and uses of space technology such as weather or communications,------,,2023
2023-167T,,Starlink-30807 ,USA,10/30/2023,,Yes,ST/SG/SER.E/1179,,in orbit,,Spacecraft engaged in practical applications and uses of space technology such as weather or communications,------,,2023
2023-167U,,Starlink-30822 ,USA,10/30/2023,,Yes,ST/SG/SER.E/1179,,in orbit,,Spacecraft engaged in practical applications and uses of space technology such as weather or communications,------,,2023
2023-167W,,Starlink-30827 ,USA,10/30/2023,,Yes,ST/SG/SER.E/1179,,in orbit,,Spacecraft engaged in practical applications and uses of space technology such as weather or communications,------,,2023
2023-167X,,Starlink-30798 ,USA,10/30/2023,,Yes,ST/SG/SER.E/1179,,in orbit,,Spacecraft engaged in practical applications and uses of space technology such as weather or communications,------,,2023
2023-167Y,,Starlink-30762 ,USA,10/30/2023,,Yes,ST/SG/SER.E/1179,,in orbit,,Spacecraft engaged in practical applications and uses of space technology such as weather or communications,------,,2023
[2023-165C],3691-2023-017,Csomos-2571 ,Russian Federation,10/29/2023,,Yes,ST/SG/SER.E/1177,,in orbit,,Intended for assignments on behalf of the Ministry of Defence of the Russian Federation,Date of launch is date of deployment from COSMOS 2570 (international designator 2023-165A).,,2023
2023-166U,,Starlink-30812 ,USA,10/29/2023,,Yes,ST/SG/SER.E/1179,,in orbit,,Spacecraft engaged in practical applications and uses of space technology such as weather or communications,------,,2023
2023-166V,,Starlink-30771 ,USA,10/29/2023,,Yes,ST/SG/SER.E/1179,,in orbit,,Spacecraft engaged in practical applications and uses of space technology such as weather or communications,------,,2023
2023-166X,,Starlink-30752 ,USA,10/29/2023,,Yes,ST/SG/SER.E/1179,,in orbit,,Spacecraft engaged in practical applications and uses of space technology such as weather or communications,------,,2023
2023-166W,,Starlink-30764 ,USA,10/29/2023,,Yes,ST/SG/SER.E/1179,,in orbit,,Spacecraft engaged in practical applications and uses of space technology such as weather or communications,------,,2023
2023-166F,,Starlink-30804 ,USA,10/29/2023,,Yes,ST/SG/SER.E/1179,,in orbit,,Spacecraft engaged in practical applications and uses of space technology such as weather or communications,------,,2023
2023-166J,,Starlink-30829 ,USA,10/29/2023,,Yes,ST/SG/SER.E/1179,,in orbit,,Spacecraft engaged in practical applications and uses of space technology such as weather or communications,------,,2023
2023-166D,,Starlink-30831 ,USA,10/29/2023,,Yes,ST/SG/SER.E/1179,,in orbit,,Spacecraft engaged in practical applications and uses of space technology such as weather or communications,------,,2023
2023-166E,,Starlink-30797 ,USA,10/29/2023,,Yes,ST/SG/SER.E/1179,,in orbit,,Spacecraft engaged in practical applications and uses of space technology such as weather or communications,------,,2023
2023-166H,,Starlink-30803 ,USA,10/29/2023,,Yes,ST/SG/SER.E/1179,,in orbit,,Spacecraft engaged in practical applications and uses of space technology such as weather or communications,------,,2023
2023-166B,,Starlink-30834 ,USA,10/29/2023,,Yes,ST/SG/SER.E/1179,,in orbit,,Spacecraft engaged in practical applications and uses of space technology such as weather or communications,------,,2023
2023-166A,,Starlink-30802 ,USA,10/29/2023,,Yes,ST/SG/SER.E/1179,,in orbit,,Spacecraft engaged in practical applications and uses of space technology such as weather or communications,------,,2023
2023-166C,,Starlink-30834 ,USA,10/29/2023,,Yes,ST/SG/SER.E/1179,,in orbit,,Spacecraft engaged in practical applications and uses of space technology such as weather or communications,------,,2023
2023-166G,,Starlink-30784 ,USA,10/29/2023,,Yes,ST/SG/SER.E/1179,,in orbit,,Spacecraft engaged in practical applications and uses of space technology such as weather or communications,------,,2023
2023-166Q,,Starlink-30815 ,USA,10/29/2023,,Yes,ST/SG/SER.E/1179,,in orbit,,Spacecraft engaged in practical applications and uses of space technology such as weather or communications,------,,2023
2023-166P,,Starlink-30763 ,USA,10/29/2023,,Yes,ST/SG/SER.E/1179,,in orbit,,Spacecraft engaged in practical applications and uses of space technology such as weather or communications,------,,2023
2023-166R,,Starlink-30814 ,USA,10/29/2023,,Yes,ST/SG/SER.E/1179,,in orbit,,Spacecraft engaged in practical applications and uses of space technology such as weather or communications,------,,2023
2023-166L,,Starlink-30779 ,USA,10/29/2023,,Yes,ST/SG/SER.E/1179,,in orbit,,Spacecraft engaged in practical applications and uses of space technology such as weather or communications,------,,2023
2023-166T,,Starlink-30811 ,USA,10/29/2023,,Yes,ST/SG/SER.E/1179,,in orbit,,Spacecraft engaged in practical applications and uses of space technology such as weather or communications,------,,2023
2023-166K,,Starlink-30788 ,USA,10/29/2023,,Yes,ST/SG/SER.E/1179,,in orbit,,Spacecraft engaged in practical applications and uses of space technology such as weather or communications,------,,2023
2023-166M,,Starlink-30773 ,USA,10/29/2023,,Yes,ST/SG/SER.E/1179,,in orbit,,Spacecraft engaged in practical applications and uses of space technology such as weather or communications,------,,2023
2023-166N,,Starlink-30816 ,USA,10/29/2023,,Yes,ST/SG/SER.E/1179,,in orbit,,Spacecraft engaged in practical applications and uses of space technology such as weather or communications,------,,2023
2023-166S,,Starlink-30789 ,USA,10/29/2023,,Yes,ST/SG/SER.E/1179,,in orbit,,Spacecraft engaged in practical applications and uses of space technology such as weather or communications,------,,2023
[2023-165A],3690-2023-016,Cosmos-2570 ,Russian Federation,10/27/2023,,Yes,ST/SG/SER.E/1177,,in orbit,,Intended for assignments on behalf of the Ministry of Defence of the Russian Federation,------,,2023
2023-164A,,Shenzhou-17 ,China,10/26/2023,,Yes,ST/SG/SER.E/1237,,[recovered],[2024-04-30],Crewed spacecraft,The registration submission for this space object is presently being processed by the United Nations Secretariat. Date of launch in 2023-10-26 using UTC.,,2023
1998-067WA,3689-2023-015,Parus MGTU ,Russian Federation,[2023-10-25],,Yes,ST/SG/SER.E/1177,ST/SG/SER.E/1197,decayed,3/29/2024,------,International Designator provided by State of registry. Date of launch is date of deployment from the ISS. Date of deployment is 2023-10-25 using UTC.,,2023
2023-163A,,Yaogan-39 04A ,China,10/23/2023,,Yes,ST/SG/SER.E/1237,,in orbit,,Remote sensing satellite,The registration submission for this space object is presently being processed by the United Nations Secretariat. Date of launch is 2023-10-23 using UTC.,,2023
2023-163C,,Yaogan-39 04B ,China,10/23/2023,,Yes,ST/SG/SER.E/1237,,in orbit,,Remote sensing satellite,The registration submission for this space object is presently being processed by the United Nations Secretariat. Date of launch is 2023-10-23 using UTC.,,2023
2023-163E,,Yaogan-39 04C ,China,10/23/2023,,Yes,ST/SG/SER.E/1237,,in orbit,,Remote sensing satellite,The registration submission for this space object is presently being processed by the United Nations Secretariat. Date of launch is 2023-10-23 using UTC.,,2023
2023-162P,,Starlink-30757 ,USA,10/22/2023,,Yes,ST/SG/SER.E/1179,,in orbit,,Spacecraft engaged in practical applications and uses of space technology such as weather or communications,Date of launch is 2023-10-22 using UTC.,,2023
2023-162G,,Starlink-30754 ,USA,10/22/2023,,Yes,ST/SG/SER.E/1179,,in orbit,,Spacecraft engaged in practical applications and uses of space technology such as weather or communications,Date of launch is 2023-10-22 using UTC.,,2023
2023-162L,,Starlink-30787 ,USA,10/22/2023,,Yes,ST/SG/SER.E/1179,,in orbit,,Spacecraft engaged in practical applications and uses of space technology such as weather or communications,Date of launch is 2023-10-22 using UTC.,,2023
2023-162M,,Starlink-30756 ,USA,10/22/2023,,Yes,ST/SG/SER.E/1179,,in orbit,,Spacecraft engaged in practical applications and uses of space technology such as weather or communications,Date of launch is 2023-10-22 using UTC.,,2023
2023-162H,,Starlink-30766 ,USA,10/22/2023,,Yes,ST/SG/SER.E/1179,,in orbit,,Spacecraft engaged in practical applications and uses of space technology such as weather or communications,Date of launch is 2023-10-22 using UTC.,,2023
2023-162K,,Starlink-30790 ,USA,10/22/2023,,Yes,ST/SG/SER.E/1179,,in orbit,,Spacecraft engaged in practical applications and uses of space technology such as weather or communications,Date of launch is 2023-10-22 using UTC.,,2023
2023-162J,,Starlink-30767 ,USA,10/22/2023,,Yes,ST/SG/SER.E/1179,,in orbit,,Spacecraft engaged in practical applications and uses of space technology such as weather or communications,Date of launch is 2023-10-22 using UTC.,,2023
2023-162Q,,Starlink-30770 ,USA,10/22/2023,,Yes,ST/SG/SER.E/1179,,in orbit,,Spacecraft engaged in practical applications and uses of space technology such as weather or communications,Date of launch is 2023-10-22 using UTC.,,2023
2023-162T,,Starlink-30772 ,USA,10/22/2023,,Yes,ST/SG/SER.E/1179,,in orbit,,Spacecraft engaged in practical applications and uses of space technology such as weather or communications,Date of launch is 2023-10-22 using UTC.,,2023
2023-162S,,Starlink-30761 ,USA,10/22/2023,,Yes,ST/SG/SER.E/1179,,in orbit,,Spacecraft engaged in practical applications and uses of space technology such as weather or communications,Date of launch is 2023-10-22 using UTC.,,2023
2023-162V,,Starlink-30782 ,USA,10/22/2023,,Yes,ST/SG/SER.E/1179,,in orbit,,Spacecraft engaged in practical applications and uses of space technology such as weather or communications,Date of launch is 2023-10-22 using UTC.,,2023
2023-162F,,Starlink-30781 ,USA,10/22/2023,,Yes,ST/SG/SER.E/1179,,in orbit,,Spacecraft engaged in practical applications and uses of space technology such as weather or communications,Date of launch is 2023-10-22 using UTC.,,2023
2023-162N,,Starlink-30783 ,USA,10/22/2023,,Yes,ST/SG/SER.E/1179,,in orbit,,Spacecraft engaged in practical applications and uses of space technology such as weather or communications,Date of launch is 2023-10-22 using UTC.,,2023
2023-162R,,Starlink-30758 ,USA,10/22/2023,,Yes,ST/SG/SER.E/1179,,in orbit,,Spacecraft engaged in practical applications and uses of space technology such as weather or communications,Date of launch is 2023-10-22 using UTC.,,2023
2023-162X,,Starlink-30775 ,USA,10/22/2023,,Yes,ST/SG/SER.E/1179,,in orbit,,Spacecraft engaged in practical applications and uses of space technology such as weather or communications,Date of launch is 2023-10-22 using UTC.,,2023
2023-162W,,Starlink-30769 ,USA,10/22/2023,,Yes,ST/SG/SER.E/1179,,in orbit,,Spacecraft engaged in practical applications and uses of space technology such as weather or communications,Date of launch is 2023-10-22 using UTC.,,2023
2023-162Y,,Starlink-30780 ,USA,10/22/2023,,Yes,ST/SG/SER.E/1179,,in orbit,,Spacecraft engaged in practical applications and uses of space technology such as weather or communications,Date of launch is 2023-10-22 using UTC.,,2023
2023-162E,,Starlink-30759 ,USA,10/22/2023,,Yes,ST/SG/SER.E/1179,,in orbit,,Spacecraft engaged in practical applications and uses of space technology such as weather or communications,Date of launch is 2023-10-22 using UTC.,,2023
2023-162B,,Starlink-30765 ,USA,10/22/2023,,Yes,ST/SG/SER.E/1179,,in orbit,,Spacecraft engaged in practical applications and uses of space technology such as weather or communications,Date of launch is 2023-10-22 using UTC.,,2023
2023-162D,,Starlink-30799 ,USA,10/22/2023,,Yes,ST/SG/SER.E/1179,,in orbit,,Spacecraft engaged in practical applications and uses of space technology such as weather or communications,Date of launch is 2023-10-22 using UTC.,,2023
2023-162C,,Starlink-30768 ,USA,10/22/2023,,Yes,ST/SG/SER.E/1179,,in orbit,,Spacecraft engaged in practical applications and uses of space technology such as weather or communications,Date of launch is 2023-10-22 using UTC.,,2023
2023-162A,,Starlink-30795 ,USA,10/22/2023,,Yes,ST/SG/SER.E/1179,,in orbit,,Spacecraft engaged in practical applications and uses of space technology such as weather or communications,Date of launch is 2023-10-22 using UTC.,,2023
2023-162U,,Starlink-30776 ,USA,10/22/2023,,Yes,ST/SG/SER.E/1179,,in orbit,,Spacecraft engaged in practical applications and uses of space technology such as weather or communications,Date of launch is 2023-10-22 using UTC.,,2023
2023-161U,,Starlink-30580 ,USA,10/21/2023,,Yes,ST/SG/SER.E/1179,,in orbit,,Spacecraft engaged in practical applications and uses of space technology such as weather or communications,------,,2023
2023-161V,,Starlink-30493 ,USA,10/21/2023,,Yes,ST/SG/SER.E/1179,,in orbit,,Spacecraft engaged in practical applications and uses of space technology such as weather or communications,------,,2023
2023-161W,,Starlink-30601 ,USA,10/21/2023,,Yes,ST/SG/SER.E/1179,,in orbit,,Spacecraft engaged in practical applications and uses of space technology such as weather or communications,------,,2023
2023-161T,,Starlink-30572 ,USA,10/21/2023,,Yes,ST/SG/SER.E/1179,,in orbit,,Spacecraft engaged in practical applications and uses of space technology such as weather or communications,------,,2023
2023-161D,,Starlink-30600 ,USA,10/21/2023,,Yes,ST/SG/SER.E/1179,,in orbit,,Spacecraft engaged in practical applications and uses of space technology such as weather or communications,------,,2023
2023-161F,,Starlink-30592 ,USA,10/21/2023,,Yes,ST/SG/SER.E/1179,,in orbit,,Spacecraft engaged in practical applications and uses of space technology such as weather or communications,------,,2023
2023-161G,,Starlink-30589 ,USA,10/21/2023,,Yes,ST/SG/SER.E/1179,,in orbit,,Spacecraft engaged in practical applications and uses of space technology such as weather or communications,------,,2023
2023-161B,,Starlink-30614 ,USA,10/21/2023,,Yes,ST/SG/SER.E/1179,,in orbit,,Spacecraft engaged in practical applications and uses of space technology such as weather or communications,------,,2023
2023-161H,,Starlink-30617 ,USA,10/21/2023,,Yes,ST/SG/SER.E/1179,,in orbit,,Spacecraft engaged in practical applications and uses of space technology such as weather or communications,------,,2023
2023-161A,,Starlink-30594 ,USA,10/21/2023,,Yes,ST/SG/SER.E/1179,,in orbit,,Spacecraft engaged in practical applications and uses of space technology such as weather or communications,------,,2023
2023-161E,,Starlink-30605 ,USA,10/21/2023,,Yes,ST/SG/SER.E/1179,,in orbit,,Spacecraft engaged in practical applications and uses of space technology such as weather or communications,------,,2023
2023-161C,,Starlink-30607 ,USA,10/21/2023,,Yes,ST/SG/SER.E/1179,,in orbit,,Spacecraft engaged in practical applications and uses of space technology such as weather or communications,------,,2023
2023-161K,,Starlink-30612 ,USA,10/21/2023,,Yes,ST/SG/SER.E/1179,,in orbit,,Spacecraft engaged in practical applications and uses of space technology such as weather or communications,------,,2023
2023-161P,,Starlink-30596 ,USA,10/21/2023,,Yes,ST/SG/SER.E/1179,,in orbit,,Spacecraft engaged in practical applications and uses of space technology such as weather or communications,------,,2023
2023-161J,,Starlink-30616 ,USA,10/21/2023,,Yes,ST/SG/SER.E/1179,,in orbit,,Spacecraft engaged in practical applications and uses of space technology such as weather or communications,------,,2023
2023-161Q,,Starlink-30595 ,USA,10/21/2023,,Yes,ST/SG/SER.E/1179,,in orbit,,Spacecraft engaged in practical applications and uses of space technology such as weather or communications,------,,2023
2023-161M,,Starlink-30611 ,USA,10/21/2023,,Yes,ST/SG/SER.E/1179,,in orbit,,Spacecraft engaged in practical applications and uses of space technology such as weather or communications,------,,2023
2023-161N,,Starlink-30606 ,USA,10/21/2023,,Yes,ST/SG/SER.E/1179,,in orbit,,Spacecraft engaged in practical applications and uses of space technology such as weather or communications,------,,2023
2023-161R,,Starlink-30593 ,USA,10/21/2023,,Yes,ST/SG/SER.E/1179,,in orbit,,Spacecraft engaged in practical applications and uses of space technology such as weather or communications,------,,2023
2023-161L,,Starlink-30421 ,USA,10/21/2023,,Yes,ST/SG/SER.E/1179,,in orbit,,Spacecraft engaged in practical applications and uses of space technology such as weather or communications,------,,2023
2023-161S,,Starlink-30353 ,USA,10/21/2023,,Yes,ST/SG/SER.E/1179,,in orbit,,Spacecraft engaged in practical applications and uses of space technology such as weather or communications,------,,2023
2023-160P,,Starlink-30591 ,USA,10/18/2023,,Yes,ST/SG/SER.E/1179,,in orbit,,Spacecraft engaged in practical applications and uses of space technology such as weather or communications,Date of launch is 2023-10-18 using UTC.,,2023
2023-160Q,,Starlink-30584 ,USA,10/18/2023,,Yes,ST/SG/SER.E/1179,,in orbit,,Spacecraft engaged in practical applications and uses of space technology such as weather or communications,Date of launch is 2023-10-18 using UTC.,,2023
2023-160U,,Starlink-30578 ,USA,10/18/2023,,Yes,ST/SG/SER.E/1179,,in orbit,,Spacecraft engaged in practical applications and uses of space technology such as weather or communications,Date of launch is 2023-10-18 using UTC.,,2023
2023-160V,,Starlink-30574 ,USA,10/18/2023,,Yes,ST/SG/SER.E/1179,,in orbit,,Spacecraft engaged in practical applications and uses of space technology such as weather or communications,Date of launch is 2023-10-18 using UTC.,,2023
2023-160S,,Starlink-30608 ,USA,10/18/2023,,Yes,ST/SG/SER.E/1179,,in orbit,,Spacecraft engaged in practical applications and uses of space technology such as weather or communications,Date of launch is 2023-10-18 using UTC.,,2023
2023-160T,,Starlink-30615 ,USA,10/18/2023,,Yes,ST/SG/SER.E/1179,,in orbit,,Spacecraft engaged in practical applications and uses of space technology such as weather or communications,Date of launch is 2023-10-18 using UTC.,,2023
2023-160N,,Starlink-30557 ,USA,10/18/2023,,Yes,ST/SG/SER.E/1179,,in orbit,,Spacecraft engaged in practical applications and uses of space technology such as weather or communications,Date of launch is 2023-10-18 using UTC.,,2023
2023-160R,,Starlink-30590 ,USA,10/18/2023,,Yes,ST/SG/SER.E/1179,,in orbit,,Spacecraft engaged in practical applications and uses of space technology such as weather or communications,Date of launch is 2023-10-18 using UTC.,,2023
2023-160W,,Starlink-30570 ,USA,10/18/2023,,Yes,ST/SG/SER.E/1179,,in orbit,,Spacecraft engaged in practical applications and uses of space technology such as weather or communications,Date of launch is 2023-10-18 using UTC.,,2023
2023-160X,,Starlink-30581 ,USA,10/18/2023,,Yes,ST/SG/SER.E/1179,,in orbit,,Spacecraft engaged in practical applications and uses of space technology such as weather or communications,Date of launch is 2023-10-18 using UTC.,,2023
2023-160A,,Starlink-30604 ,USA,10/18/2023,,Yes,ST/SG/SER.E/1179,,in orbit,,Spacecraft engaged in practical applications and uses of space technology such as weather or communications,Date of launch is 2023-10-18 using UTC.,,2023
2023-160B,,Starlink-30500 ,USA,10/18/2023,,Yes,ST/SG/SER.E/1179,,in orbit,,Spacecraft engaged in practical applications and uses of space technology such as weather or communications,Date of launch is 2023-10-18 using UTC.,,2023
2023-160C,,Starlink-30613 ,USA,10/18/2023,,Yes,ST/SG/SER.E/1179,,in orbit,,Spacecraft engaged in practical applications and uses of space technology such as weather or communications,Date of launch is 2023-10-18 using UTC.,,2023
2023-160F,,Starlink-30603 ,USA,10/18/2023,,Yes,ST/SG/SER.E/1179,,in orbit,,Spacecraft engaged in practical applications and uses of space technology such as weather or communications,Date of launch is 2023-10-18 using UTC.,,2023
2023-160K,,Starlink-30586 ,USA,10/18/2023,,Yes,ST/SG/SER.E/1179,,in orbit,,Spacecraft engaged in practical applications and uses of space technology such as weather or communications,Date of launch is 2023-10-18 using UTC.,,2023
2023-160H,,Starlink-30610 ,USA,10/18/2023,,Yes,ST/SG/SER.E/1179,,in orbit,,Spacecraft engaged in practical applications and uses of space technology such as weather or communications,Date of launch is 2023-10-18 using UTC.,,2023
2023-160D,,Starlink-30597 ,USA,10/18/2023,,Yes,ST/SG/SER.E/1179,,in orbit,,Spacecraft engaged in practical applications and uses of space technology such as weather or communications,Date of launch is 2023-10-18 using UTC.,,2023
2023-160L,,Starlink-30609 ,USA,10/18/2023,,Yes,ST/SG/SER.E/1179,,in orbit,,Spacecraft engaged in practical applications and uses of space technology such as weather or communications,Date of launch is 2023-10-18 using UTC.,,2023
2023-160E,,Starlink-30598 ,USA,10/18/2023,,Yes,ST/SG/SER.E/1179,,in orbit,,Spacecraft engaged in practical applications and uses of space technology such as weather or communications,Date of launch is 2023-10-18 using UTC.,,2023
2023-160G,,Starlink-30602 ,USA,10/18/2023,,Yes,ST/SG/SER.E/1179,,in orbit,,Spacecraft engaged in practical applications and uses of space technology such as weather or communications,Date of launch is 2023-10-18 using UTC.,,2023
2023-160J,,Starlink-30551 ,USA,10/18/2023,,Yes,ST/SG/SER.E/1179,,in orbit,,Spacecraft engaged in practical applications and uses of space technology such as weather or communications,Date of launch is 2023-10-18 using UTC.,,2023
2023-160M,,Starlink-30583 ,USA,10/18/2023,,Yes,ST/SG/SER.E/1179,,in orbit,,Spacecraft engaged in practical applications and uses of space technology such as weather or communications,Date of launch is 2023-10-18 using UTC.,,2023
2023-159A,,Yunhai-1 04 ,China,10/15/2023,,Yes,ST/SG/SER.E/1237,,in orbit,,Remote sensing satellite,The registration submission for this space object is presently being processed by the United Nations Secretariat.,,2023
2023-158D,,Starlink-30566 ,USA,10/13/2023,,Yes,ST/SG/SER.E/1179,,in orbit,,Spacecraft engaged in practical applications and uses of space technology such as weather or communications,------,,2023
2023-158B,,Starlink-30575 ,USA,10/13/2023,,Yes,ST/SG/SER.E/1179,,in orbit,,Spacecraft engaged in practical applications and uses of space technology such as weather or communications,------,,2023
2023-158G,,Starlink-30541 ,USA,10/13/2023,,Yes,ST/SG/SER.E/1179,,in orbit,,Spacecraft engaged in practical applications and uses of space technology such as weather or communications,------,,2023
2023-158A,,Starlink-30568 ,USA,10/13/2023,,Yes,ST/SG/SER.E/1179,,in orbit,,Spacecraft engaged in practical applications and uses of space technology such as weather or communications,------,,2023
2023-158C,,Starlink-30577 ,USA,10/13/2023,,Yes,ST/SG/SER.E/1179,,in orbit,,Spacecraft engaged in practical applications and uses of space technology such as weather or communications,------,,2023
2023-158E,,Starlink-30544 ,USA,10/13/2023,,Yes,ST/SG/SER.E/1179,,in orbit,,Spacecraft engaged in practical applications and uses of space technology such as weather or communications,------,,2023
2023-158F,,Starlink-30553 ,USA,10/13/2023,,Yes,ST/SG/SER.E/1179,,in orbit,,Spacecraft engaged in practical applications and uses of space technology such as weather or communications,------,,2023
2023-157A,,Psyche ,USA,10/13/2023,,Yes,ST/SG/SER.E/1179,,heliocentric,,,------,,2023
2023-158H,,Starlink-30573 ,USA,10/13/2023,,Yes,ST/SG/SER.E/1179,,in orbit,,Spacecraft engaged in practical applications and uses of space technology such as weather or communications,------,,2023
2023-158J,,Starlink-30582 ,USA,10/13/2023,,Yes,ST/SG/SER.E/1179,,in orbit,,Spacecraft engaged in practical applications and uses of space technology such as weather or communications,------,,2023
2023-158P,,Starlink-30587 ,USA,10/13/2023,,Yes,ST/SG/SER.E/1179,,in orbit,,Spacecraft engaged in practical applications and uses of space technology such as weather or communications,------,,2023
2023-158Q,,Starlink-30576 ,USA,10/13/2023,,Yes,ST/SG/SER.E/1179,,in orbit,,Spacecraft engaged in practical applications and uses of space technology such as weather or communications,------,,2023
2023-158L,,Starlink-30579 ,USA,10/13/2023,,Yes,ST/SG/SER.E/1179,,in orbit,,Spacecraft engaged in practical applications and uses of space technology such as weather or communications,------,,2023
2023-158K,,Starlink-30558 ,USA,10/13/2023,,Yes,ST/SG/SER.E/1179,,in orbit,,Spacecraft engaged in practical applications and uses of space technology such as weather or communications,------,,2023
2023-158M,,Starlink-30588 ,USA,10/13/2023,,Yes,ST/SG/SER.E/1179,,in orbit,,Spacecraft engaged in practical applications and uses of space technology such as weather or communications,------,,2023
2023-158N,,Starlink-30585 ,USA,10/13/2023,,Yes,ST/SG/SER.E/1179,,in orbit,,Spacecraft engaged in practical applications and uses of space technology such as weather or communications,------,,2023
2023-158R,,Starlink-30571 ,USA,10/13/2023,,Yes,ST/SG/SER.E/1179,,in orbit,,Spacecraft engaged in practical applications and uses of space technology such as weather or communications,------,,2023
2023-158X,,Starlink-30506 ,USA,10/13/2023,,Yes,ST/SG/SER.E/1179,,in orbit,,Spacecraft engaged in practical applications and uses of space technology such as weather or communications,------,,2023
2023-158S,,Starlink-30567 ,USA,10/13/2023,,Yes,ST/SG/SER.E/1179,,in orbit,,Spacecraft engaged in practical applications and uses of space technology such as weather or communications,------,,2023
2023-158T,,Starlink-30569 ,USA,10/13/2023,,Yes,ST/SG/SER.E/1179,,in orbit,,Spacecraft engaged in practical applications and uses of space technology such as weather or communications,------,,2023
2023-158W,,Starlink-30513 ,USA,10/13/2023,,Yes,ST/SG/SER.E/1179,,in orbit,,Spacecraft engaged in practical applications and uses of space technology such as weather or communications,------,,2023
2023-158U,,Starlink-30480 ,USA,10/13/2023,,Yes,ST/SG/SER.E/1179,,in orbit,,Spacecraft engaged in practical applications and uses of space technology such as weather or communications,------,,2023
2023-158V,,Starlink-30532 ,USA,10/13/2023,,Yes,ST/SG/SER.E/1179,,in orbit,,Spacecraft engaged in practical applications and uses of space technology such as weather or communications,------,,2023
[2023-155*],, [ESTCUBE 2],[(for Estonia)],[2023-10-09],,No,,ST/SG/SER.E/1193,[in orbit],,------,"Not registered with the United Nations. Mentioned by France in ST/SG/SER.E/1193. Mentioned by launch service provider in ST/SG/SER.E/1193 that ""contact with satellite lost; satellite likely to have been destroyed"". Reference sources indicate that space object failed to separate from parent space object.",,2023
2023-155E,,NESS ,France,10/9/2023,,Yes,ST/SG/SER.E/1193,,in orbit,,Technology demonstration CubeSat,The registration submission for this space object is presently being processed by the United Nations Secretariat. Date of launch is 2023-10-09 using UTC.,,2023
[2023-155B],, [FORMOSAT-7R/TRITON],[(for Taiwan Province of China)],[2023-10-09],,No,,ST/SG/SER.E/1193,[in orbit],,------,Not registered with the United Nations. Date of launch is 2023-10-09 using UTC. Mentioned by France in ST/SG/SER.E/1193.,,2023
[2023-155F],, [CSC 2],[(for the Netherlands)],[2023-10-09],,No,,A/AC.105/1321,[in orbit],,------,Not registered with the United Nations. Notification by the Kingdom of the Netherlands under Art. XI of the Outer Space Treaty in A/AC.105/1321. Date of launch is 2023-10-09 using UTC. Mentioned by France in ST/SG/SER.E/1193.,,2023
[2023-155G],, [CSC 1],[(for the Netherlands)],[2023-10-09],,No,,A/AC.105/1320,[in orbit],,------,Not registered with the United Nations. Notification by the Kingdom of the Netherlands under Art. XI of the Outer Space Treaty in A/AC.105/1320. Date of launch is 2023-10-09 using UTC. Mentioned by France in ST/SG/SER.E/1193.,,2023
2023-155J,,MACSAT ,Luxembourg,10/9/2023,,Yes,ST/SG/SER.E/1202,ST/SG/SER.E/1193,in orbit,,"Telecommunications, Internet of Things (IoT)",Date of launch is 2023-10-09 using UTC. Mentioned by France in ST/SG/SER.E/1193.,,2023
2023-155H,4,PRETTY ,Austria,10/9/2023,,Yes,ST/SG/SER.E/1170,ST/SG/SER.E/1193,in orbit,,Altimetry measurements using direct and reflected signals of navigation satellites (passive reflectometry) and measurement of the near earth radiation environment (dosimetry).,Date of launch is 2023-10-09 using UTC. Mentioned by France in ST/SG/SER.E/1193.,,2023
2023-156W,,Starlink-30554 ,USA,10/9/2023,,Yes,ST/SG/SER.E/1179,,in orbit,,Spacecraft engaged in practical applications and uses of space technology such as weather or communications,Date of launch is 2023-10-09 using UTC.,,2023
2023-156L,,Starlink-30560 ,USA,10/9/2023,,Yes,ST/SG/SER.E/1179,,in orbit,,Spacecraft engaged in practical applications and uses of space technology such as weather or communications,Date of launch is 2023-10-09 using UTC.,,2023
2023-156A,,Starlink-30514 ,USA,10/9/2023,,Yes,ST/SG/SER.E/1179,,in orbit,,Spacecraft engaged in practical applications and uses of space technology such as weather or communications,Date of launch is 2023-10-09 using UTC.,,2023
2023-156D,,Starlink-30556 ,USA,10/9/2023,,Yes,ST/SG/SER.E/1179,,in orbit,,Spacecraft engaged in practical applications and uses of space technology such as weather or communications,Date of launch is 2023-10-09 using UTC.,,2023
2023-156C,,Starlink-30549 ,USA,10/9/2023,,Yes,ST/SG/SER.E/1179,,in orbit,,Spacecraft engaged in practical applications and uses of space technology such as weather or communications,Date of launch is 2023-10-09 using UTC.,,2023
2023-156F,,Starlink-30562 ,USA,10/9/2023,,Yes,ST/SG/SER.E/1179,,in orbit,,Spacecraft engaged in practical applications and uses of space technology such as weather or communications,Date of launch is 2023-10-09 using UTC.,,2023
2023-156G,,Starlink-30565 ,USA,10/9/2023,,Yes,ST/SG/SER.E/1179,,in orbit,,Spacecraft engaged in practical applications and uses of space technology such as weather or communications,Date of launch is 2023-10-09 using UTC.,,2023
2023-156H,,Starlink-30438 ,USA,10/9/2023,,Yes,ST/SG/SER.E/1179,,in orbit,,Spacecraft engaged in practical applications and uses of space technology such as weather or communications,Date of launch is 2023-10-09 using UTC.,,2023
2023-156J,,Starlink-30437 ,USA,10/9/2023,,Yes,ST/SG/SER.E/1179,,in orbit,,Spacecraft engaged in practical applications and uses of space technology such as weather or communications,Date of launch is 2023-10-09 using UTC.,,2023
2023-156K,,Starlink-30533 ,USA,10/9/2023,,Yes,ST/SG/SER.E/1179,,in orbit,,Spacecraft engaged in practical applications and uses of space technology such as weather or communications,Date of launch is 2023-10-09 using UTC.,,2023
2023-156E,,Starlink-30561 ,USA,10/9/2023,,Yes,ST/SG/SER.E/1179,,in orbit,,Spacecraft engaged in practical applications and uses of space technology such as weather or communications,Date of launch is 2023-10-09 using UTC.,,2023
2023-156Q,,Starlink-30563 ,USA,10/9/2023,,Yes,ST/SG/SER.E/1179,,in orbit,,Spacecraft engaged in practical applications and uses of space technology such as weather or communications,Date of launch is 2023-10-09 using UTC.,,2023
2023-156B,,Starlink-30518 ,USA,10/9/2023,,Yes,ST/SG/SER.E/1179,,in orbit,,Spacecraft engaged in practical applications and uses of space technology such as weather or communications,Date of launch is 2023-10-09 using UTC.,,2023
2023-156T,,Starlink-30520 ,USA,10/9/2023,,Yes,ST/SG/SER.E/1179,,in orbit,,Spacecraft engaged in practical applications and uses of space technology such as weather or communications,Date of launch is 2023-10-09 using UTC.,,2023
2023-156N,,Starlink-30555 ,USA,10/9/2023,,Yes,ST/SG/SER.E/1179,,in orbit,,Spacecraft engaged in practical applications and uses of space technology such as weather or communications,Date of launch is 2023-10-09 using UTC.,,2023
2023-156P,,Starlink-30542 ,USA,10/9/2023,,Yes,ST/SG/SER.E/1179,,in orbit,,Spacecraft engaged in practical applications and uses of space technology such as weather or communications,Date of launch is 2023-10-09 using UTC.,,2023
2023-156R,,Starlink-30564 ,USA,10/9/2023,,Yes,ST/SG/SER.E/1179,,in orbit,,Spacecraft engaged in practical applications and uses of space technology such as weather or communications,Date of launch is 2023-10-09 using UTC.,,2023
2023-156U,,Starlink-30548 ,USA,10/9/2023,,Yes,ST/SG/SER.E/1179,,in orbit,,Spacecraft engaged in practical applications and uses of space technology such as weather or communications,Date of launch is 2023-10-09 using UTC.,,2023
2023-156M,,Starlink-30559 ,USA,10/9/2023,,Yes,ST/SG/SER.E/1179,,in orbit,,Spacecraft engaged in practical applications and uses of space technology such as weather or communications,Date of launch is 2023-10-09 using UTC.,,2023
2023-156S,,Starlink-30557 ,USA,10/9/2023,,Yes,ST/SG/SER.E/1179,,in orbit,,Spacecraft engaged in practical applications and uses of space technology such as weather or communications,Date of launch is 2023-10-09 using UTC.,,2023
2023-156V,,Starlink-30529 ,USA,10/9/2023,,Yes,ST/SG/SER.E/1179,,in orbit,,Spacecraft engaged in practical applications and uses of space technology such as weather or communications,Date of launch is 2023-10-09 using UTC.,,2023
[2023-155K],2023-B-SC-038,PVCC ,Belgium,10/9/2023,,Yes,ST/SG/SER.E/1158,ST/SG/SER.E/1193,in orbit,,In-flight demonstration and testing [and] calibration of data,Date of launch is 2023-10-09 using UTC. Mentioned by France in ST/SG/SER.E/1193.,,2023
2023-155A,,"Thailand Earth Observation Satellite 2 (THEOS2, THEOS-2) [(T2V)]",Thailand,10/9/2023,,Yes,A/AC.105/INF/462,ST/SG/SER.E/1193,in orbit,,Earth observation,The registration submission for this space object is presently being processed by the United Nations Secretariat. Date of launch is 2023-10-09 using UTC. Mentioned by France in ST/SG/SER.E/1193.,Link,2023
2023-155D,ANSER-FLW-1 / Nº 036,ANSER-FLW-1 [(ANSER-FLW1)],Spain,10/9/2023,,Yes,ST/SG/SER.E/1234,ST/SG/SER.E/1193,in orbit,,Monitoring of the quality of reservoirs and swamps in Spain,Date of launch is 2023-10-09 using UTC. Mentioned by France in ST/SG/SER.E/1193.,,2023
2023-155C,ANSER-FLW-2 / Nº 037,ANSER-FLW-2 [ANSER-FLW2],Spain,10/9/2023,,Yes,ST/SG/SER.E/1234,ST/SG/SER.E/1193,in orbit,,Monitoring of the quality of reservoirs and swamps in Spain,Date of launch is 2023-10-09 using UTC. Mentioned by France in ST/SG/SER.E/1193.,,2023
2023-154A,,Kuiper-P2 ,USA,10/6/2023,,Yes,ST/SG/SER.E/1179,ST/SG/SER.E/1290,[deorbited],4/29/2025,Spacecraft engaged in practical applications and uses of space technology such as weather or communications,------,,2023
2023-154B,,Kuiper-P1 ,USA,10/6/2023,,Yes,ST/SG/SER.E/1179,ST/SG/SER.E/1229,decayed,9/29/2024,Spacecraft engaged in practical applications and uses of space technology such as weather or communications,------,,2023
2023-153E,,Starlink-30517 ,USA,10/5/2023,,Yes,ST/SG/SER.E/1179,,in orbit,,Spacecraft engaged in practical applications and uses of space technology such as weather or communications,Date of launch is 2023-10-05 using UTC.,,2023
2023-153G,,Starlink-30523 ,USA,10/5/2023,,Yes,ST/SG/SER.E/1179,,in orbit,,Spacecraft engaged in practical applications and uses of space technology such as weather or communications,Date of launch is 2023-10-05 using UTC.,,2023
2023-153M,,Starlink-30540 ,USA,10/5/2023,,Yes,ST/SG/SER.E/1179,,in orbit,,Spacecraft engaged in practical applications and uses of space technology such as weather or communications,Date of launch is 2023-10-05 using UTC.,,2023
2023-153N,,Starlink-30546 ,USA,10/5/2023,,Yes,ST/SG/SER.E/1179,,in orbit,,Spacecraft engaged in practical applications and uses of space technology such as weather or communications,Date of launch is 2023-10-05 using UTC.,,2023
2023-153R,,Starlink-30526 ,USA,10/5/2023,,Yes,ST/SG/SER.E/1179,,in orbit,,Spacecraft engaged in practical applications and uses of space technology such as weather or communications,Date of launch is 2023-10-05 using UTC.,,2023
2023-153S,,Starlink-30527 ,USA,10/5/2023,,Yes,ST/SG/SER.E/1179,,in orbit,,Spacecraft engaged in practical applications and uses of space technology such as weather or communications,Date of launch is 2023-10-05 using UTC.,,2023
2023-153T,,Starlink-30522 ,USA,10/5/2023,,Yes,ST/SG/SER.E/1179,,in orbit,,Spacecraft engaged in practical applications and uses of space technology such as weather or communications,Date of launch is 2023-10-05 using UTC.,,2023
2023-153V,,Starlink-30520 ,USA,10/5/2023,,Yes,ST/SG/SER.E/1179,,in orbit,,Spacecraft engaged in practical applications and uses of space technology such as weather or communications,Date of launch is 2023-10-05 using UTC.,,2023
2023-153U,,Starlink-30486 ,USA,10/5/2023,,Yes,ST/SG/SER.E/1179,,in orbit,,Spacecraft engaged in practical applications and uses of space technology such as weather or communications,Date of launch is 2023-10-05 using UTC.,,2023
2023-153X,,Starlink-30525 ,USA,10/5/2023,,Yes,ST/SG/SER.E/1179,,in orbit,,Spacecraft engaged in practical applications and uses of space technology such as weather or communications,Date of launch is 2023-10-05 using UTC.,,2023
2023-153W,,Starlink-30497 ,USA,10/5/2023,,Yes,ST/SG/SER.E/1179,,in orbit,,Spacecraft engaged in practical applications and uses of space technology such as weather or communications,Date of launch is 2023-10-05 using UTC.,,2023
2023-153J,,Starlink-30552 ,USA,10/5/2023,,Yes,ST/SG/SER.E/1179,,in orbit,,Spacecraft engaged in practical applications and uses of space technology such as weather or communications,Date of launch is 2023-10-05 using UTC.,,2023
2023-153K,,Starlink-30545 ,USA,10/5/2023,,Yes,ST/SG/SER.E/1179,,in orbit,,Spacecraft engaged in practical applications and uses of space technology such as weather or communications,Date of launch is 2023-10-05 using UTC.,,2023
2023-153P,,Starlink-30539 ,USA,10/5/2023,,Yes,ST/SG/SER.E/1179,,in orbit,,Spacecraft engaged in practical applications and uses of space technology such as weather or communications,Date of launch is 2023-10-05 using UTC.,,2023
2023-153Q,,Starlink-30530 ,USA,10/5/2023,,Yes,ST/SG/SER.E/1179,,in orbit,,Spacecraft engaged in practical applications and uses of space technology such as weather or communications,Date of launch is 2023-10-05 using UTC.,,2023
2023-153D,,Starlink-30538 ,USA,10/5/2023,,Yes,ST/SG/SER.E/1179,,in orbit,,Spacecraft engaged in practical applications and uses of space technology such as weather or communications,Date of launch is 2023-10-05 using UTC.,,2023
2023-153A,,Starlink-30537 ,USA,10/5/2023,,Yes,ST/SG/SER.E/1179,,in orbit,,Spacecraft engaged in practical applications and uses of space technology such as weather or communications,Date of launch is 2023-10-05 using UTC.,,2023
2023-153B,,Starlink-30534 ,USA,10/5/2023,,Yes,ST/SG/SER.E/1179,,in orbit,,Spacecraft engaged in practical applications and uses of space technology such as weather or communications,Date of launch is 2023-10-05 using UTC.,,2023
2023-153L,,Starlink-30535 ,USA,10/5/2023,,Yes,ST/SG/SER.E/1179,,in orbit,,Spacecraft engaged in practical applications and uses of space technology such as weather or communications,Date of launch is 2023-10-05 using UTC.,,2023
2023-153H,,Starlink-30531 ,USA,10/5/2023,,Yes,ST/SG/SER.E/1179,,in orbit,,Spacecraft engaged in practical applications and uses of space technology such as weather or communications,Date of launch is 2023-10-05 using UTC.,,2023
2023-153C,,Starlink-30536 ,USA,10/5/2023,,Yes,ST/SG/SER.E/1179,,in orbit,,Spacecraft engaged in practical applications and uses of space technology such as weather or communications,Date of launch is 2023-10-05 using UTC.,,2023
2023-153F,,Starlink-30543 ,USA,10/5/2023,,Yes,ST/SG/SER.E/1179,ST/SG/SER.E/1290,[deorbited],4/21/2025,Spacecraft engaged in practical applications and uses of space technology such as weather or communications,Date of launch is 2023-10-05 using UTC.,,2023
2023-152A,,Yaogan-39 03A ,China,10/5/2023,,Yes,ST/SG/SER.E/1237,,in orbit,,Remote sensing satellite,The registration submission for this space object is presently being processed by the United Nations Secretariat.,,2023
2023-152C,,Yaogan-39 03B ,China,10/5/2023,,Yes,ST/SG/SER.E/1237,,in orbit,,Remote sensing satellite,The registration submission for this space object is presently being processed by the United Nations Secretariat.,,2023
2023-152E,,Yaogan-39 03C ,China,10/5/2023,,Yes,ST/SG/SER.E/1237,,in orbit,,Remote sensing satellite,The registration submission for this space object is presently being processed by the United Nations Secretariat.,,2023
2023-151F,,Starlink-30484 ,USA,9/30/2023,,Yes,ST/SG/SER.E/1162,,in orbit,,Spacecraft engaged in practical applications and uses of space technology such as weather or communications,Date of launch is 2023-09-30 using UTC.,,2023
2023-151G,,Starlink-30494 ,USA,9/30/2023,,Yes,ST/SG/SER.E/1162,,in orbit,,Spacecraft engaged in practical applications and uses of space technology such as weather or communications,Date of launch is 2023-09-30 using UTC.,,2023
2023-151A,,Starlink-30396 ,USA,9/30/2023,,Yes,ST/SG/SER.E/1162,,in orbit,,Spacecraft engaged in practical applications and uses of space technology such as weather or communications,Date of launch is 2023-09-30 using UTC.,,2023
2023-151E,,Starlink-30495 ,USA,9/30/2023,,Yes,ST/SG/SER.E/1162,,in orbit,,Spacecraft engaged in practical applications and uses of space technology such as weather or communications,Date of launch is 2023-09-30 using UTC.,,2023
2023-151P,,Starlink-30509 ,USA,9/30/2023,,Yes,ST/SG/SER.E/1162,,in orbit,,Spacecraft engaged in practical applications and uses of space technology such as weather or communications,Date of launch is 2023-09-30 using UTC.,,2023
2023-151Q,,Starlink-30511 ,USA,9/30/2023,,Yes,ST/SG/SER.E/1162,,in orbit,,Spacecraft engaged in practical applications and uses of space technology such as weather or communications,Date of launch is 2023-09-30 using UTC.,,2023
2023-151M,,Starlink-30503 ,USA,9/30/2023,,Yes,ST/SG/SER.E/1162,,in orbit,,Spacecraft engaged in practical applications and uses of space technology such as weather or communications,Date of launch is 2023-09-30 using UTC.,,2023
2023-151J,,Starlink-30505 ,USA,9/30/2023,,Yes,ST/SG/SER.E/1162,,in orbit,,Spacecraft engaged in practical applications and uses of space technology such as weather or communications,Date of launch is 2023-09-30 using UTC.,,2023
2023-151K,,Starlink-30502 ,USA,9/30/2023,,Yes,ST/SG/SER.E/1162,,in orbit,,Spacecraft engaged in practical applications and uses of space technology such as weather or communications,Date of launch is 2023-09-30 using UTC.,,2023
2023-151L,,Starlink-30489 ,USA,9/30/2023,,Yes,ST/SG/SER.E/1162,,in orbit,,Spacecraft engaged in practical applications and uses of space technology such as weather or communications,Date of launch is 2023-09-30 using UTC.,,2023
2023-151C,,Starlink-30521 ,USA,9/30/2023,,Yes,ST/SG/SER.E/1162,,in orbit,,Spacecraft engaged in practical applications and uses of space technology such as weather or communications,Date of launch is 2023-09-30 using UTC.,,2023
2023-151D,,Starlink-30528 ,USA,9/30/2023,,Yes,ST/SG/SER.E/1162,,in orbit,,Spacecraft engaged in practical applications and uses of space technology such as weather or communications,Date of launch is 2023-09-30 using UTC.,,2023
2023-151B,,Starlink-30524 ,USA,9/30/2023,,Yes,ST/SG/SER.E/1162,,in orbit,,Spacecraft engaged in practical applications and uses of space technology such as weather or communications,Date of launch is 2023-09-30 using UTC.,,2023
2023-151H,,Starlink-30498 ,USA,9/30/2023,,Yes,ST/SG/SER.E/1162,,in orbit,,Spacecraft engaged in practical applications and uses of space technology such as weather or communications,Date of launch is 2023-09-30 using UTC.,,2023
2023-151V,,Starlink-30515 ,USA,9/30/2023,,Yes,ST/SG/SER.E/1162,,in orbit,,Spacecraft engaged in practical applications and uses of space technology such as weather or communications,Date of launch is 2023-09-30 using UTC.,,2023
2023-151T,,Starlink-30510 ,USA,9/30/2023,,Yes,ST/SG/SER.E/1162,,in orbit,,Spacecraft engaged in practical applications and uses of space technology such as weather or communications,Date of launch is 2023-09-30 using UTC.,,2023
2023-151X,,Starlink-30519 ,USA,9/30/2023,,Yes,ST/SG/SER.E/1162,,in orbit,,Spacecraft engaged in practical applications and uses of space technology such as weather or communications,Date of launch is 2023-09-30 using UTC.,,2023
2023-151R,,Starlink-30508 ,USA,9/30/2023,,Yes,ST/SG/SER.E/1162,,in orbit,,Spacecraft engaged in practical applications and uses of space technology such as weather or communications,Date of launch is 2023-09-30 using UTC.,,2023
2023-151N,,Starlink-30512 ,USA,9/30/2023,,Yes,ST/SG/SER.E/1162,,in orbit,,Spacecraft engaged in practical applications and uses of space technology such as weather or communications,Date of launch is 2023-09-30 using UTC.,,2023
2023-151W,,Starlink-30516 ,USA,9/30/2023,,Yes,ST/SG/SER.E/1162,,in orbit,,Spacecraft engaged in practical applications and uses of space technology such as weather or communications,Date of launch is 2023-09-30 using UTC.,,2023
2023-151U,,Starlink-30507 ,USA,9/30/2023,,Yes,ST/SG/SER.E/1162,,in orbit,,Spacecraft engaged in practical applications and uses of space technology such as weather or communications,Date of launch is 2023-09-30 using UTC.,,2023
2023-151S,,Starlink-30504 ,USA,9/30/2023,,Yes,ST/SG/SER.E/1162,,in orbit,,Spacecraft engaged in practical applications and uses of space technology such as weather or communications,Date of launch is 2023-09-30 using UTC.,,2023
[2023-150A],, [NOUR 03],[Iran (Islamic Republic of)],[2023-09-27],,No,,,[decayed],[2024-08-16],------,Not registered with the United Nations.,,2023
2023-149A,,Yaogan-33 04 ,China,9/26/2023,,Yes,ST/SG/SER.E/1237,,in orbit,,Remote sensing satellite,The registration submission for this space object is presently being processed by the United Nations Secretariat. Date of launch in 2023-09-26 using UTC.,,2023
2023-148G,,Starlink-30715 ,USA,9/25/2023,,Yes,ST/SG/SER.E/1162,,in orbit,,Spacecraft engaged in practical applications and uses of space technology such as weather or communications,------,,2023
2023-148E,,Starlink-30714 ,USA,9/25/2023,,Yes,ST/SG/SER.E/1162,,in orbit,,Spacecraft engaged in practical applications and uses of space technology such as weather or communications,------,,2023
2023-148A,,Starlink-30712 ,USA,9/25/2023,,Yes,ST/SG/SER.E/1162,,in orbit,,Spacecraft engaged in practical applications and uses of space technology such as weather or communications,------,,2023
2023-148B,,Starlink-30716 ,USA,9/25/2023,,Yes,ST/SG/SER.E/1162,,in orbit,,Spacecraft engaged in practical applications and uses of space technology such as weather or communications,------,,2023
2023-148F,,Starlink-30711 ,USA,9/25/2023,,Yes,ST/SG/SER.E/1162,,in orbit,,Spacecraft engaged in practical applications and uses of space technology such as weather or communications,------,,2023
2023-148C,,Starlink-30400 ,USA,9/25/2023,,Yes,ST/SG/SER.E/1162,,in orbit,,Spacecraft engaged in practical applications and uses of space technology such as weather or communications,------,,2023
2023-148D,,Starlink-30710 ,USA,9/25/2023,,Yes,ST/SG/SER.E/1162,,in orbit,,Spacecraft engaged in practical applications and uses of space technology such as weather or communications,------,,2023
2023-148K,,Starlink-30708 ,USA,9/25/2023,,Yes,ST/SG/SER.E/1162,,in orbit,,Spacecraft engaged in practical applications and uses of space technology such as weather or communications,------,,2023
2023-148L,,Starlink-30705 ,USA,9/25/2023,,Yes,ST/SG/SER.E/1162,,in orbit,,Spacecraft engaged in practical applications and uses of space technology such as weather or communications,------,,2023
2023-148H,,Starlink-30455 ,USA,9/25/2023,,Yes,ST/SG/SER.E/1162,,in orbit,,Spacecraft engaged in practical applications and uses of space technology such as weather or communications,------,,2023
2023-148N,,Starlink-30706 ,USA,9/25/2023,,Yes,ST/SG/SER.E/1162,,in orbit,,Spacecraft engaged in practical applications and uses of space technology such as weather or communications,------,,2023
2023-148P,,Starlink-30709 ,USA,9/25/2023,,Yes,ST/SG/SER.E/1162,,in orbit,,Spacecraft engaged in practical applications and uses of space technology such as weather or communications,------,,2023
2023-148R,,Starlink-30701 ,USA,9/25/2023,,Yes,ST/SG/SER.E/1162,,in orbit,,Spacecraft engaged in practical applications and uses of space technology such as weather or communications,------,,2023
2023-148J,,Starlink-30456 ,USA,9/25/2023,,Yes,ST/SG/SER.E/1162,,in orbit,,Spacecraft engaged in practical applications and uses of space technology such as weather or communications,------,,2023
2023-148M,,Starlink-30704 ,USA,9/25/2023,,Yes,ST/SG/SER.E/1162,,in orbit,,Spacecraft engaged in practical applications and uses of space technology such as weather or communications,------,,2023
2023-148V,,Starlink-30703 ,USA,9/25/2023,,Yes,ST/SG/SER.E/1162,,in orbit,,Spacecraft engaged in practical applications and uses of space technology such as weather or communications,------,,2023
2023-148Q,,Starlink-30707 ,USA,9/25/2023,,Yes,ST/SG/SER.E/1162,,in orbit,,Spacecraft engaged in practical applications and uses of space technology such as weather or communications,------,,2023
2023-148T,,Starlink-30713 ,USA,9/25/2023,,Yes,ST/SG/SER.E/1162,,in orbit,,Spacecraft engaged in practical applications and uses of space technology such as weather or communications,------,,2023
2023-148U,,Starlink-30700 ,USA,9/25/2023,,Yes,ST/SG/SER.E/1162,,in orbit,,Spacecraft engaged in practical applications and uses of space technology such as weather or communications,------,,2023
2023-148S,,Starlink-30399 ,USA,9/25/2023,,Yes,ST/SG/SER.E/1162,,in orbit,,Spacecraft engaged in practical applications and uses of space technology such as weather or communications,------,,2023
2023-148W,,Starlink-30702 ,USA,9/25/2023,,Yes,ST/SG/SER.E/1162,,in orbit,,Spacecraft engaged in practical applications and uses of space technology such as weather or communications,------,,2023
2023-147Q,,Starlink-30459 ,USA,9/24/2023,,Yes,ST/SG/SER.E/1162,,in orbit,,Spacecraft engaged in practical applications and uses of space technology such as weather or communications,Date of launch is 2023-09-24 using UTC.,,2023
2023-147K,,Starlink-30490 ,USA,9/24/2023,,Yes,ST/SG/SER.E/1162,ST/SG/SER.E/1179,[deorbited],10/1/2023,Spacecraft engaged in practical applications and uses of space technology such as weather or communications,Date of launch is 2023-09-24 using UTC.,,2023
2023-147N,,Starlink-30452 ,USA,9/24/2023,,Yes,ST/SG/SER.E/1162,,in orbit,,Spacecraft engaged in practical applications and uses of space technology such as weather or communications,Date of launch is 2023-09-24 using UTC.,,2023
2023-147M,,Starlink-30487 ,USA,9/24/2023,,Yes,ST/SG/SER.E/1162,,in orbit,,Spacecraft engaged in practical applications and uses of space technology such as weather or communications,Date of launch is 2023-09-24 using UTC.,,2023
2023-147G,,Starlink-30496 ,USA,9/24/2023,,Yes,ST/SG/SER.E/1162,,in orbit,,Spacecraft engaged in practical applications and uses of space technology such as weather or communications,Date of launch is 2023-09-24 using UTC.,,2023
2023-147E,,Starlink-30501 ,USA,9/24/2023,,Yes,ST/SG/SER.E/1162,,in orbit,,Spacecraft engaged in practical applications and uses of space technology such as weather or communications,Date of launch is 2023-09-24 using UTC.,,2023
2023-147H,,Starlink-30485 ,USA,9/24/2023,,Yes,ST/SG/SER.E/1162,,in orbit,,Spacecraft engaged in practical applications and uses of space technology such as weather or communications,Date of launch is 2023-09-24 using UTC.,,2023
2023-147F,,Starlink-30499 ,USA,9/24/2023,,Yes,ST/SG/SER.E/1162,,in orbit,,Spacecraft engaged in practical applications and uses of space technology such as weather or communications,Date of launch is 2023-09-24 using UTC.,,2023
2023-147U,,Starlink-30488 ,USA,9/24/2023,,Yes,ST/SG/SER.E/1162,,in orbit,,Spacecraft engaged in practical applications and uses of space technology such as weather or communications,Date of launch is 2023-09-24 using UTC.,,2023
2023-147P,,Starlink-30468 ,USA,9/24/2023,,Yes,ST/SG/SER.E/1162,,in orbit,,Spacecraft engaged in practical applications and uses of space technology such as weather or communications,Date of launch is 2023-09-24 using UTC.,,2023
2023-147V,,Starlink-30471 ,USA,9/24/2023,,Yes,ST/SG/SER.E/1162,,in orbit,,Spacecraft engaged in practical applications and uses of space technology such as weather or communications,Date of launch is 2023-09-24 using UTC.,,2023
2023-147T,,Starlink-30476 ,USA,9/24/2023,,Yes,ST/SG/SER.E/1162,,in orbit,,Spacecraft engaged in practical applications and uses of space technology such as weather or communications,Date of launch is 2023-09-24 using UTC.,,2023
2023-147W,,Starlink-30461 ,USA,9/24/2023,,Yes,ST/SG/SER.E/1162,,in orbit,,Spacecraft engaged in practical applications and uses of space technology such as weather or communications,Date of launch is 2023-09-24 using UTC.,,2023
2023-147J,,Starlink-30492 ,USA,9/24/2023,,Yes,ST/SG/SER.E/1162,,in orbit,,Spacecraft engaged in practical applications and uses of space technology such as weather or communications,Date of launch is 2023-09-24 using UTC.,,2023
2023-147L,,Starlink-30440 ,USA,9/24/2023,,Yes,ST/SG/SER.E/1162,,in orbit,,Spacecraft engaged in practical applications and uses of space technology such as weather or communications,Date of launch is 2023-09-24 using UTC.,,2023
2023-147R,,Starlink-30448 ,USA,9/24/2023,,Yes,ST/SG/SER.E/1162,,in orbit,,Spacecraft engaged in practical applications and uses of space technology such as weather or communications,Date of launch is 2023-09-24 using UTC.,,2023
2023-147X,,Starlink-30458 ,USA,9/24/2023,,Yes,ST/SG/SER.E/1162,,in orbit,,Spacecraft engaged in practical applications and uses of space technology such as weather or communications,Date of launch is 2023-09-24 using UTC.,,2023
2023-147C,,Starlink-30454 ,USA,9/24/2023,,Yes,ST/SG/SER.E/1162,,in orbit,,Spacecraft engaged in practical applications and uses of space technology such as weather or communications,Date of launch is 2023-09-24 using UTC.,,2023
2023-147B,,Starlink-30483 ,USA,9/24/2023,,Yes,ST/SG/SER.E/1162,,in orbit,,Spacecraft engaged in practical applications and uses of space technology such as weather or communications,Date of launch is 2023-09-24 using UTC.,,2023
2023-147A,,Starlink-30450 ,USA,9/24/2023,,Yes,ST/SG/SER.E/1162,,in orbit,,Spacecraft engaged in practical applications and uses of space technology such as weather or communications,Date of launch is 2023-09-24 using UTC.,,2023
2023-147D,,Starlink-30491 ,USA,9/24/2023,,Yes,ST/SG/SER.E/1162,ST/SG/SER.E/1227,[deorbited],8/5/2024,Spacecraft engaged in practical applications and uses of space technology such as weather or communications,Date of launch is 2023-09-24 using UTC.,,2023
2023-147S,,Starlink-30475 ,USA,9/24/2023,,Yes,ST/SG/SER.E/1162,ST/SG/SER.E/1290,[deorbited],3/26/2025,Spacecraft engaged in practical applications and uses of space technology such as weather or communications,Date of launch is 2023-09-24 using UTC.,,2023
2023-146G,,Starlink-30474 ,USA,9/20/2023,,Yes,ST/SG/SER.E/1162,,in orbit,,Spacecraft engaged in practical applications and uses of space technology such as weather or communications,Date of launch is 2023-09-20 using UTC.,,2023
2023-146E,,Starlink-30467 ,USA,9/20/2023,,Yes,ST/SG/SER.E/1162,,in orbit,,Spacecraft engaged in practical applications and uses of space technology such as weather or communications,Date of launch is 2023-09-20 using UTC.,,2023
2023-146C,,Starlink-30473 ,USA,9/20/2023,,Yes,ST/SG/SER.E/1162,,in orbit,,Spacecraft engaged in practical applications and uses of space technology such as weather or communications,Date of launch is 2023-09-20 using UTC.,,2023
2023-146A,,Starlink-30465 ,USA,9/20/2023,,Yes,ST/SG/SER.E/1162,,in orbit,,Spacecraft engaged in practical applications and uses of space technology such as weather or communications,Date of launch is 2023-09-20 using UTC.,,2023
2023-146J,,Starlink-30481 ,USA,9/20/2023,,Yes,ST/SG/SER.E/1162,,in orbit,,Spacecraft engaged in practical applications and uses of space technology such as weather or communications,Date of launch is 2023-09-20 using UTC.,,2023
2023-146B,,Starlink-30470 ,USA,9/20/2023,,Yes,ST/SG/SER.E/1162,,in orbit,,Spacecraft engaged in practical applications and uses of space technology such as weather or communications,Date of launch is 2023-09-20 using UTC.,,2023
2023-146F,,Starlink-30469 ,USA,9/20/2023,,Yes,ST/SG/SER.E/1162,,in orbit,,Spacecraft engaged in practical applications and uses of space technology such as weather or communications,Date of launch is 2023-09-20 using UTC.,,2023
2023-146H,,Starlink-30479 ,USA,9/20/2023,,Yes,ST/SG/SER.E/1162,,in orbit,,Spacecraft engaged in practical applications and uses of space technology such as weather or communications,Date of launch is 2023-09-20 using UTC.,,2023
2023-146D,,Starlink-30443 ,USA,9/20/2023,,Yes,ST/SG/SER.E/1162,,in orbit,,Spacecraft engaged in practical applications and uses of space technology such as weather or communications,Date of launch is 2023-09-20 using UTC.,,2023
2023-146R,,Starlink-30428 ,USA,9/20/2023,,Yes,ST/SG/SER.E/1162,,in orbit,,Spacecraft engaged in practical applications and uses of space technology such as weather or communications,Date of launch is 2023-09-20 using UTC.,,2023
2023-146Q,,Starlink-30451 ,USA,9/20/2023,,Yes,ST/SG/SER.E/1162,,in orbit,,Spacecraft engaged in practical applications and uses of space technology such as weather or communications,Date of launch is 2023-09-20 using UTC.,,2023
2023-146M,,Starlink-30462 ,USA,9/20/2023,,Yes,ST/SG/SER.E/1162,,in orbit,,Spacecraft engaged in practical applications and uses of space technology such as weather or communications,Date of launch is 2023-09-20 using UTC.,,2023
2023-146T,,Starlink-30464 ,USA,9/20/2023,,Yes,ST/SG/SER.E/1162,,in orbit,,Spacecraft engaged in practical applications and uses of space technology such as weather or communications,Date of launch is 2023-09-20 using UTC.,,2023
2023-146L,,Starlink-30472 ,USA,9/20/2023,,Yes,ST/SG/SER.E/1162,,in orbit,,Spacecraft engaged in practical applications and uses of space technology such as weather or communications,Date of launch is 2023-09-20 using UTC.,,2023
2023-146K,,Starlink-30457 ,USA,9/20/2023,,Yes,ST/SG/SER.E/1162,,in orbit,,Spacecraft engaged in practical applications and uses of space technology such as weather or communications,Date of launch is 2023-09-20 using UTC.,,2023
2023-146S,,Starlink-30482 ,USA,9/20/2023,,Yes,ST/SG/SER.E/1162,,in orbit,,Spacecraft engaged in practical applications and uses of space technology such as weather or communications,Date of launch is 2023-09-20 using UTC.,,2023
2023-146N,,Starlink-30449 ,USA,9/20/2023,,Yes,ST/SG/SER.E/1162,,in orbit,,Spacecraft engaged in practical applications and uses of space technology such as weather or communications,Date of launch is 2023-09-20 using UTC.,,2023
2023-146P,,Starlink-30466 ,USA,9/20/2023,,Yes,ST/SG/SER.E/1162,,in orbit,,Spacecraft engaged in practical applications and uses of space technology such as weather or communications,Date of launch is 2023-09-20 using UTC.,,2023
2023-146X,,Starlink-30477 ,USA,9/20/2023,,Yes,ST/SG/SER.E/1162,,in orbit,,Spacecraft engaged in practical applications and uses of space technology such as weather or communications,Date of launch is 2023-09-20 using UTC.,,2023
2023-146U,,Starlink-30463 ,USA,9/20/2023,,Yes,ST/SG/SER.E/1162,,in orbit,,Spacecraft engaged in practical applications and uses of space technology such as weather or communications,Date of launch is 2023-09-20 using UTC.,,2023
2023-146V,,Starlink-30453 ,USA,9/20/2023,,Yes,ST/SG/SER.E/1162,,in orbit,,Spacecraft engaged in practical applications and uses of space technology such as weather or communications,Date of launch is 2023-09-20 using UTC.,,2023
2023-146W,,Starlink-30478 ,USA,9/20/2023,,Yes,ST/SG/SER.E/1162,,in orbit,,Spacecraft engaged in practical applications and uses of space technology such as weather or communications,Date of launch is 2023-09-20 using UTC.,,2023
2023-145A,,Yaogan-39 02A ,China,9/17/2023,,Yes,ST/SG/SER.E/1237,,in orbit,,Remote sensing satellite,The registration submission for this space object is presently being processed by the United Nations Secretariat.,,2023
2023-145D,,Yaogan-39 02B ,China,9/17/2023,,Yes,ST/SG/SER.E/1237,,in orbit,,Remote sensing satellite,The registration submission for this space object is presently being processed by the United Nations Secretariat.,,2023
2023-145E,,Yaogan-39 02C ,China,9/17/2023,,Yes,ST/SG/SER.E/1237,,in orbit,,Remote sensing satellite,The registration submission for this space object is presently being processed by the United Nations Secretariat.,,2023
2023-144S,,Starlink-30436 ,USA,9/16/2023,,Yes,ST/SG/SER.E/1162,,in orbit,,Spacecraft engaged in practical applications and uses of space technology such as weather or communications,Date of launch is 2023-09-16 using UTC.,,2023
2023-144Q,,Starlink-30433 ,USA,9/16/2023,,Yes,ST/SG/SER.E/1162,,in orbit,,Spacecraft engaged in practical applications and uses of space technology such as weather or communications,Date of launch is 2023-09-16 using UTC.,,2023
2023-144U,,Starlink-30339 ,USA,9/16/2023,,Yes,ST/SG/SER.E/1162,,in orbit,,Spacecraft engaged in practical applications and uses of space technology such as weather or communications,Date of launch is 2023-09-16 using UTC.,,2023
2023-144V,,Starlink-30282 ,USA,9/16/2023,,Yes,ST/SG/SER.E/1162,,in orbit,,Spacecraft engaged in practical applications and uses of space technology such as weather or communications,Date of launch is 2023-09-16 using UTC.,,2023
2023-144X,,Starlink-30279 ,USA,9/16/2023,,Yes,ST/SG/SER.E/1162,,in orbit,,Spacecraft engaged in practical applications and uses of space technology such as weather or communications,Date of launch is 2023-09-16 using UTC.,,2023
2023-144W,,Starlink-30340 ,USA,9/16/2023,,Yes,ST/SG/SER.E/1162,,in orbit,,Spacecraft engaged in practical applications and uses of space technology such as weather or communications,Date of launch is 2023-09-16 using UTC.,,2023
2023-144F,,Starlink-30441 ,USA,9/16/2023,,Yes,ST/SG/SER.E/1162,,in orbit,,Spacecraft engaged in practical applications and uses of space technology such as weather or communications,Date of launch is 2023-09-16 using UTC.,,2023
2023-144R,,Starlink-30358 ,USA,9/16/2023,,Yes,ST/SG/SER.E/1162,,in orbit,,Spacecraft engaged in practical applications and uses of space technology such as weather or communications,Date of launch is 2023-09-16 using UTC.,,2023
2023-144A,,Starlink-30432 ,USA,9/16/2023,,Yes,ST/SG/SER.E/1162,,in orbit,,Spacecraft engaged in practical applications and uses of space technology such as weather or communications,Date of launch is 2023-09-16 using UTC.,,2023
2023-144C,,Starlink-30393 ,USA,9/16/2023,,Yes,ST/SG/SER.E/1162,,in orbit,,Spacecraft engaged in practical applications and uses of space technology such as weather or communications,Date of launch is 2023-09-16 using UTC.,,2023
2023-144B,,Starlink-30427 ,USA,9/16/2023,,Yes,ST/SG/SER.E/1162,,in orbit,,Spacecraft engaged in practical applications and uses of space technology such as weather or communications,Date of launch is 2023-09-16 using UTC.,,2023
2023-144E,,Starlink-30442 ,USA,9/16/2023,,Yes,ST/SG/SER.E/1162,,in orbit,,Spacecraft engaged in practical applications and uses of space technology such as weather or communications,Date of launch is 2023-09-16 using UTC.,,2023
2023-144D,,Starlink-30439 ,USA,9/16/2023,,Yes,ST/SG/SER.E/1162,,in orbit,,Spacecraft engaged in practical applications and uses of space technology such as weather or communications,Date of launch is 2023-09-16 using UTC.,,2023
2023-144M,,Starlink-30434 ,USA,9/16/2023,,Yes,ST/SG/SER.E/1162,,in orbit,,Spacecraft engaged in practical applications and uses of space technology such as weather or communications,Date of launch is 2023-09-16 using UTC.,,2023
2023-144P,,Starlink-30284 ,USA,9/16/2023,,Yes,ST/SG/SER.E/1162,,in orbit,,Spacecraft engaged in practical applications and uses of space technology such as weather or communications,Date of launch is 2023-09-16 using UTC.,,2023
2023-144G,,Starlink-30460 ,USA,9/16/2023,,Yes,ST/SG/SER.E/1162,,in orbit,,Spacecraft engaged in practical applications and uses of space technology such as weather or communications,Date of launch is 2023-09-16 using UTC.,,2023
2023-144K,,Starlink-30445 ,USA,9/16/2023,,Yes,ST/SG/SER.E/1162,,in orbit,,Spacecraft engaged in practical applications and uses of space technology such as weather or communications,Date of launch is 2023-09-16 using UTC.,,2023
2023-144L,,Starlink-30447 ,USA,9/16/2023,,Yes,ST/SG/SER.E/1162,,in orbit,,Spacecraft engaged in practical applications and uses of space technology such as weather or communications,Date of launch is 2023-09-16 using UTC.,,2023
2023-144N,,Starlink-30429 ,USA,9/16/2023,,Yes,ST/SG/SER.E/1162,,in orbit,,Spacecraft engaged in practical applications and uses of space technology such as weather or communications,Date of launch is 2023-09-16 using UTC.,,2023
2023-144H,,Starlink-30444 ,USA,9/16/2023,,Yes,ST/SG/SER.E/1162,,in orbit,,Spacecraft engaged in practical applications and uses of space technology such as weather or communications,Date of launch is 2023-09-16 using UTC.,,2023
2023-144J,,Starlink-30446 ,USA,9/16/2023,,Yes,ST/SG/SER.E/1162,,in orbit,,Spacecraft engaged in practical applications and uses of space technology such as weather or communications,Date of launch is 2023-09-16 using UTC.,,2023
2023-144T,,Starlink-30406 ,USA,9/16/2023,,Yes,ST/SG/SER.E/1162,ST/SG/SER.E/1270,[deorbited],1/9/2025,Spacecraft engaged in practical applications and uses of space technology such as weather or communications,Date of launch is 2023-09-16 using UTC.,,2023
2023-142A,,Victus Nox [(TACRS 3)],USA,9/15/2023,,Yes,ST/SG/SER.E/1162,,in orbit,,Spacecraft engaged in practical applications and uses of space technology such as weather or communications,Date of launch is 2023-09-15 using UTC.,,2023
2023-143A,3688-2023-014,Soyuz MS-24 ,Russian Federation,9/15/2023,,Yes,ST/SG/SER.E/1152,ST/SG/SER.E/1199,recovered,4/6/2024,"Delivery to the International Space Station of the crew of Expeditions 70 and 71, consisting of Oleg Dmitrievich Kononenko (Russian Federation), commander of the crewed transport vehicle, and flight engineer-1 Nikolai Aleksandrovich Chub (Russian Federation) and flight engineer-2 Loral Ashley OHara (United States of America)",------,,2023
2023-141V,,Starlink-30414 ,USA,9/12/2023,,Yes,ST/SG/SER.E/1162,,in orbit,,Spacecraft engaged in practical applications and uses of space technology such as weather or communications,Date of launch is 2023-09-12 using UTC.,,2023
2023-141W,,Starlink-30272 ,USA,9/12/2023,,Yes,ST/SG/SER.E/1162,,in orbit,,Spacecraft engaged in practical applications and uses of space technology such as weather or communications,Date of launch is 2023-09-12 using UTC.,,2023
2023-141U,,Starlink-30290 ,USA,9/12/2023,,Yes,ST/SG/SER.E/1162,,in orbit,,Spacecraft engaged in practical applications and uses of space technology such as weather or communications,Date of launch is 2023-09-12 using UTC.,,2023
2023-141K,,Starlink-30430 ,USA,9/12/2023,,Yes,ST/SG/SER.E/1162,,in orbit,,Spacecraft engaged in practical applications and uses of space technology such as weather or communications,Date of launch is 2023-09-12 using UTC.,,2023
2023-141N,,Starlink-30431 ,USA,9/12/2023,,Yes,ST/SG/SER.E/1162,,in orbit,,Spacecraft engaged in practical applications and uses of space technology such as weather or communications,Date of launch is 2023-09-12 using UTC.,,2023
2023-141T,,Starlink-30424 ,USA,9/12/2023,,Yes,ST/SG/SER.E/1162,,in orbit,,Spacecraft engaged in practical applications and uses of space technology such as weather or communications,Date of launch is 2023-09-12 using UTC.,,2023
2023-141M,,Starlink-30405 ,USA,9/12/2023,,Yes,ST/SG/SER.E/1162,,in orbit,,Spacecraft engaged in practical applications and uses of space technology such as weather or communications,Date of launch is 2023-09-12 using UTC.,,2023
2023-141L,,Starlink-30425 ,USA,9/12/2023,,Yes,ST/SG/SER.E/1162,,in orbit,,Spacecraft engaged in practical applications and uses of space technology such as weather or communications,Date of launch is 2023-09-12 using UTC.,,2023
2023-141Q,,Starlink-30412 ,USA,9/12/2023,,Yes,ST/SG/SER.E/1162,,in orbit,,Spacecraft engaged in practical applications and uses of space technology such as weather or communications,Date of launch is 2023-09-12 using UTC.,,2023
2023-141S,,Starlink-30291 ,USA,9/12/2023,,Yes,ST/SG/SER.E/1162,,in orbit,,Spacecraft engaged in practical applications and uses of space technology such as weather or communications,Date of launch is 2023-09-12 using UTC.,,2023
2023-141R,,Starlink-30392 ,USA,9/12/2023,,Yes,ST/SG/SER.E/1162,,in orbit,,Spacecraft engaged in practical applications and uses of space technology such as weather or communications,Date of launch is 2023-09-12 using UTC.,,2023
2023-141P,,Starlink-30404 ,USA,9/12/2023,,Yes,ST/SG/SER.E/1162,,in orbit,,Spacecraft engaged in practical applications and uses of space technology such as weather or communications,Date of launch is 2023-09-12 using UTC.,,2023
2023-141H,,Starlink-30416 ,USA,9/12/2023,,Yes,ST/SG/SER.E/1162,,in orbit,,Spacecraft engaged in practical applications and uses of space technology such as weather or communications,Date of launch is 2023-09-12 using UTC.,,2023
2023-141C,,Starlink-30435 ,USA,9/12/2023,,Yes,ST/SG/SER.E/1162,,in orbit,,Spacecraft engaged in practical applications and uses of space technology such as weather or communications,Date of launch is 2023-09-12 using UTC.,,2023
2023-141E,,Starlink-30292 ,USA,9/12/2023,,Yes,ST/SG/SER.E/1162,,in orbit,,Spacecraft engaged in practical applications and uses of space technology such as weather or communications,Date of launch is 2023-09-12 using UTC.,,2023
2023-141B,,Starlink-30410 ,USA,9/12/2023,,Yes,ST/SG/SER.E/1162,,in orbit,,Spacecraft engaged in practical applications and uses of space technology such as weather or communications,Date of launch is 2023-09-12 using UTC.,,2023
2023-141J,,Starlink-30426 ,USA,9/12/2023,,Yes,ST/SG/SER.E/1162,,in orbit,,Spacecraft engaged in practical applications and uses of space technology such as weather or communications,Date of launch is 2023-09-12 using UTC.,,2023
2023-141A,,Starlink-30285 ,USA,9/12/2023,,Yes,ST/SG/SER.E/1162,,in orbit,,Spacecraft engaged in practical applications and uses of space technology such as weather or communications,Date of launch is 2023-09-12 using UTC.,,2023
2023-141D,,Starlink-30423 ,USA,9/12/2023,,Yes,ST/SG/SER.E/1162,,in orbit,,Spacecraft engaged in practical applications and uses of space technology such as weather or communications,Date of launch is 2023-09-12 using UTC.,,2023
2023-141G,,Starlink-30420 ,USA,9/12/2023,,Yes,ST/SG/SER.E/1162,ST/SG/SER.E/1249,[deorbited],12/31/2024,Spacecraft engaged in practical applications and uses of space technology such as weather or communications,Date of launch is 2023-09-12 using UTC.,,2023
2023-141F,,Starlink-30419 ,USA,9/12/2023,,Yes,ST/SG/SER.E/1162,ST/SG/SER.E/1287,[deorbited],2/26/2025,Spacecraft engaged in practical applications and uses of space technology such as weather or communications,Date of launch is 2023-09-12 using UTC.,,2023
2023-140B,,USA 347 ,USA,9/10/2023,,Yes,ST/SG/SER.E/1162,,in orbit,,Spacecraft engaged in practical applications and uses of space technology such as weather or communications,------,,2023
2024-254K,,Starlink-11477 ,USA,12/31/2024,,Yes,ST/SG/SER.E/1249,,in orbit,,Spacecraft engaged in practical applications and uses of space technology such as weather or communications,------,,2024
2024-254P,,Starlink-32657 ,USA,12/31/2024,,Yes,ST/SG/SER.E/1249,,in orbit,,Spacecraft engaged in practical applications and uses of space technology such as weather or communications,------,,2024
2024-254J,,Starlink-11497 ,USA,12/31/2024,,Yes,ST/SG/SER.E/1249,,in orbit,,Spacecraft engaged in practical applications and uses of space technology such as weather or communications,------,,2024
2024-254G,,Starlink-11511 ,USA,12/31/2024,,Yes,ST/SG/SER.E/1249,,in orbit,,Spacecraft engaged in practical applications and uses of space technology such as weather or communications,------,,2024
2024-254M,,Starlink-11464 ,USA,12/31/2024,,Yes,ST/SG/SER.E/1249,,in orbit,,Spacecraft engaged in practical applications and uses of space technology such as weather or communications,------,,2024
2024-254F,,Starlink-11486 ,USA,12/31/2024,,Yes,ST/SG/SER.E/1249,,in orbit,,Spacecraft engaged in practical applications and uses of space technology such as weather or communications,------,,2024
2024-254N,,Starlink-11502 ,USA,12/31/2024,,Yes,ST/SG/SER.E/1249,,in orbit,,Spacecraft engaged in practical applications and uses of space technology such as weather or communications,------,,2024
2024-254H,,Starlink-11505 ,USA,12/31/2024,,Yes,ST/SG/SER.E/1249,,in orbit,,Spacecraft engaged in practical applications and uses of space technology such as weather or communications,------,,2024
2024-254L,,Starlink-11500 ,USA,12/31/2024,,Yes,ST/SG/SER.E/1249,,in orbit,,Spacecraft engaged in practical applications and uses of space technology such as weather or communications,------,,2024
2024-254E,,Starlink-11506 ,USA,12/31/2024,,Yes,ST/SG/SER.E/1249,,in orbit,,Spacecraft engaged in practical applications and uses of space technology such as weather or communications,------,,2024
2024-254C,,Starlink-11459 ,USA,12/31/2024,,Yes,ST/SG/SER.E/1249,,in orbit,,Spacecraft engaged in practical applications and uses of space technology such as weather or communications,------,,2024
2024-254B,,Starlink-11455 ,USA,12/31/2024,,Yes,ST/SG/SER.E/1249,,in orbit,,Spacecraft engaged in practical applications and uses of space technology such as weather or communications,------,,2024
2024-254D,,Starlink-11178 ,USA,12/31/2024,,Yes,ST/SG/SER.E/1249,,in orbit,,Spacecraft engaged in practical applications and uses of space technology such as weather or communications,------,,2024
2024-254A,,Starlink-11518 ,USA,12/31/2024,,Yes,ST/SG/SER.E/1249,,in orbit,,Spacecraft engaged in practical applications and uses of space technology such as weather or communications,------,,2024
2024-254Q,,Starlink-32734 ,USA,12/31/2024,,Yes,ST/SG/SER.E/1249,,in orbit,,Spacecraft engaged in practical applications and uses of space technology such as weather or communications,------,,2024
2024-254S,,Starlink-32707 ,USA,12/31/2024,,Yes,ST/SG/SER.E/1249,,in orbit,,Spacecraft engaged in practical applications and uses of space technology such as weather or communications,------,,2024
2024-254R,,Starlink-32733 ,USA,12/31/2024,,Yes,ST/SG/SER.E/1249,,in orbit,,Spacecraft engaged in practical applications and uses of space technology such as weather or communications,------,,2024
2024-254U,,Starlink-32743 ,USA,12/31/2024,,Yes,ST/SG/SER.E/1249,,in orbit,,Spacecraft engaged in practical applications and uses of space technology such as weather or communications,------,,2024
2024-254V,,Starlink-32753 ,USA,12/31/2024,,Yes,ST/SG/SER.E/1249,,in orbit,,Spacecraft engaged in practical applications and uses of space technology such as weather or communications,------,,2024
2024-254W,,Starlink-32699 ,USA,12/31/2024,,Yes,ST/SG/SER.E/1249,,in orbit,,Spacecraft engaged in practical applications and uses of space technology such as weather or communications,------,,2024
2024-254T,,Starlink-32705 ,USA,12/31/2024,,Yes,ST/SG/SER.E/1249,,in orbit,,Spacecraft engaged in practical applications and uses of space technology such as weather or communications,------,,2024
2024-253C,,PSLV-C60 R/B (POEM-4) ,India,12/30/2024,,Yes,ST/SG/SER.E/1323,ST/SG/SER.E/1323,decayed,4/4/2025,Orbital experimental module of PSLV-C60,The registration submission for this space object is presently being processed by the United Nations Secretariat.,,2024
2024-253A,,SDX-01 ,India,12/30/2024,,Yes,ST/SG/SER.E/1323,,in orbit,,Technology demonstration satellite with autonomous rendezvous and docking,The registration submission for this space object is presently being processed by the United Nations Secretariat.,,2024
2024-253B,,SDX-02 ,India,12/30/2024,,Yes,ST/SG/SER.E/1323,,in orbit,,Technology demonstration satellite with autonomous rendezvous and docking,The registration submission for this space object is presently being processed by the United Nations Secretariat.,,2024
2024-251W,,Starlink-32656 ,USA,12/29/2024,,Yes,ST/SG/SER.E/1249,,in orbit,,Spacecraft engaged in practical applications and uses of space technology such as weather or communications,------,,2024
2024-251X,,Starlink-32690 ,USA,12/29/2024,,Yes,ST/SG/SER.E/1249,,in orbit,,Spacecraft engaged in practical applications and uses of space technology such as weather or communications,------,,2024
2024-251Q,,Starlink-32726 ,USA,12/29/2024,,Yes,ST/SG/SER.E/1249,,in orbit,,Spacecraft engaged in practical applications and uses of space technology such as weather or communications,------,,2024
2024-251S,,Starlink-32719 ,USA,12/29/2024,,Yes,ST/SG/SER.E/1249,,in orbit,,Spacecraft engaged in practical applications and uses of space technology such as weather or communications,------,,2024
2024-251P,,Starlink-32683 ,USA,12/29/2024,,Yes,ST/SG/SER.E/1249,,in orbit,,Spacecraft engaged in practical applications and uses of space technology such as weather or communications,------,,2024
2024-251N,,Starlink-32737 ,USA,12/29/2024,,Yes,ST/SG/SER.E/1249,,in orbit,,Spacecraft engaged in practical applications and uses of space technology such as weather or communications,------,,2024
2024-251U,,Starlink-32722 ,USA,12/29/2024,,Yes,ST/SG/SER.E/1249,,in orbit,,Spacecraft engaged in practical applications and uses of space technology such as weather or communications,------,,2024
2024-251M,,Starlink-32736 ,USA,12/29/2024,,Yes,ST/SG/SER.E/1249,,in orbit,,Spacecraft engaged in practical applications and uses of space technology such as weather or communications,------,,2024
2024-251R,,Starlink-32730 ,USA,12/29/2024,,Yes,ST/SG/SER.E/1249,,in orbit,,Spacecraft engaged in practical applications and uses of space technology such as weather or communications,------,,2024
2024-251T,,Starlink-32723 ,USA,12/29/2024,,Yes,ST/SG/SER.E/1249,,in orbit,,Spacecraft engaged in practical applications and uses of space technology such as weather or communications,------,,2024
2024-251V,,Starlink-32720 ,USA,12/29/2024,,Yes,ST/SG/SER.E/1249,,in orbit,,Spacecraft engaged in practical applications and uses of space technology such as weather or communications,------,,2024
2024-251B,,Starlink-32712 ,USA,12/29/2024,,Yes,ST/SG/SER.E/1249,,in orbit,,Spacecraft engaged in practical applications and uses of space technology such as weather or communications,------,,2024
2024-251A,,Starlink-32702 ,USA,12/29/2024,,Yes,ST/SG/SER.E/1249,,in orbit,,Spacecraft engaged in practical applications and uses of space technology such as weather or communications,------,,2024
2024-251D,,Starlink-32711 ,USA,12/29/2024,,Yes,ST/SG/SER.E/1249,,in orbit,,Spacecraft engaged in practical applications and uses of space technology such as weather or communications,------,,2024
2024-251C,,Starlink-32674 ,USA,12/29/2024,,Yes,ST/SG/SER.E/1249,,in orbit,,Spacecraft engaged in practical applications and uses of space technology such as weather or communications,------,,2024
2024-251G,,Starlink-32721 ,USA,12/29/2024,,Yes,ST/SG/SER.E/1249,,in orbit,,Spacecraft engaged in practical applications and uses of space technology such as weather or communications,------,,2024
2024-251H,,Starlink-32709 ,USA,12/29/2024,,Yes,ST/SG/SER.E/1249,,in orbit,,Spacecraft engaged in practical applications and uses of space technology such as weather or communications,------,,2024
2024-251K,,Starlink-32724 ,USA,12/29/2024,,Yes,ST/SG/SER.E/1249,,in orbit,,Spacecraft engaged in practical applications and uses of space technology such as weather or communications,------,,2024
2024-251F,,Starlink-32693 ,USA,12/29/2024,,Yes,ST/SG/SER.E/1249,,in orbit,,Spacecraft engaged in practical applications and uses of space technology such as weather or communications,------,,2024
2024-251E,,Starlink-32697 ,USA,12/29/2024,,Yes,ST/SG/SER.E/1249,,in orbit,,Spacecraft engaged in practical applications and uses of space technology such as weather or communications,------,,2024
2024-251J,,Starlink-32689 ,USA,12/29/2024,,Yes,ST/SG/SER.E/1249,,in orbit,,Spacecraft engaged in practical applications and uses of space technology such as weather or communications,------,,2024
2024-251L,,Starlink-32291 ,USA,12/29/2024,,Yes,ST/SG/SER.E/1249,,in orbit,,Spacecraft engaged in practical applications and uses of space technology such as weather or communications,------,,2024
2024-252A,62454,UtilitySat [(ASTRANIS UTILITYSAT)],United Kingdom,12/29/2024,,Yes,ST/SG/SER.E/1281,,in GSO,-121.1 degrees East,Communications,------,,2024
2024-252B,62455,NuView Alpha ,United Kingdom,12/29/2024,,Yes,ST/SG/SER.E/1281,,in GSO,-083.1 degrees East,Communications,------,,2024
2024-252C,62456,AGILA ,United Kingdom,12/29/2024,,Yes,ST/SG/SER.E/1281,,in GSO,+152.1 degrees East,Communications,------,,2024
2024-252D,62457,NuView Bravo ,United Kingdom,12/29/2024,,Yes,ST/SG/SER.E/1281,,in GSO,-083.1 degrees West,,------,,2024
[2024-250A],3793-2024-017,Resurs-II No.5 ,Russian Federation,12/25/2024,,Yes,ST/SG/SER.E/1246,,in orbit,,Earth remote sensing,The registration submission for this space object is presently being processed by the United Nations Secretariat.,,2024
2024-249F,,Starlink-11445 ,USA,12/23/2024,,Yes,ST/SG/SER.E/1249,,in orbit,,Spacecraft engaged in practical applications and uses of space technology such as weather or communications,------,,2024
2024-249C,,Starlink-11453 ,USA,12/23/2024,,Yes,ST/SG/SER.E/1249,,in orbit,,Spacecraft engaged in practical applications and uses of space technology such as weather or communications,------,,2024
2024-249D,,Starlink-11462 ,USA,12/23/2024,,Yes,ST/SG/SER.E/1249,,in orbit,,Spacecraft engaged in practical applications and uses of space technology such as weather or communications,------,,2024
2024-249B,,Starlink-11493 ,USA,12/23/2024,,Yes,ST/SG/SER.E/1249,,in orbit,,Spacecraft engaged in practical applications and uses of space technology such as weather or communications,------,,2024
2024-249E,,Starlink-11441 ,USA,12/23/2024,,Yes,ST/SG/SER.E/1249,,in orbit,,Spacecraft engaged in practical applications and uses of space technology such as weather or communications,------,,2024
2024-249A,,Starlink-11444 ,USA,12/23/2024,,Yes,ST/SG/SER.E/1249,,in orbit,,Spacecraft engaged in practical applications and uses of space technology such as weather or communications,------,,2024
2024-249G,,Starlink-11355 ,USA,12/23/2024,,Yes,ST/SG/SER.E/1249,,in orbit,,Spacecraft engaged in practical applications and uses of space technology such as weather or communications,------,,2024
2024-249J,,Starlink-11428 ,USA,12/23/2024,,Yes,ST/SG/SER.E/1249,,in orbit,,Spacecraft engaged in practical applications and uses of space technology such as weather or communications,------,,2024
2024-249H,,Starlink-11446 ,USA,12/23/2024,,Yes,ST/SG/SER.E/1249,,in orbit,,Spacecraft engaged in practical applications and uses of space technology such as weather or communications,------,,2024
2024-249L,,Starlink-11439 ,USA,12/23/2024,,Yes,ST/SG/SER.E/1249,,in orbit,,Spacecraft engaged in practical applications and uses of space technology such as weather or communications,------,,2024
2024-249K,,Starlink-11447 ,USA,12/23/2024,,Yes,ST/SG/SER.E/1249,,in orbit,,Spacecraft engaged in practical applications and uses of space technology such as weather or communications,------,,2024
2024-249N,,Starlink-11461 ,USA,12/23/2024,,Yes,ST/SG/SER.E/1249,,in orbit,,Spacecraft engaged in practical applications and uses of space technology such as weather or communications,------,,2024
2024-249M,,Starlink-11434 ,USA,12/23/2024,,Yes,ST/SG/SER.E/1249,,in orbit,,Spacecraft engaged in practical applications and uses of space technology such as weather or communications,------,,2024
2024-249P,,Starlink-32692 ,USA,12/23/2024,,Yes,ST/SG/SER.E/1249,,in orbit,,Spacecraft engaged in practical applications and uses of space technology such as weather or communications,------,,2024
2024-249R,,Starlink-32638 ,USA,12/23/2024,,Yes,ST/SG/SER.E/1249,,in orbit,,Spacecraft engaged in practical applications and uses of space technology such as weather or communications,------,,2024
2024-249Q,,Starlink-32680 ,USA,12/23/2024,,Yes,ST/SG/SER.E/1249,,in orbit,,Spacecraft engaged in practical applications and uses of space technology such as weather or communications,------,,2024
2024-249V,,Starlink-32614 ,USA,12/23/2024,,Yes,ST/SG/SER.E/1249,,in orbit,,Spacecraft engaged in practical applications and uses of space technology such as weather or communications,------,,2024
2024-249U,,Starlink-32659 ,USA,12/23/2024,,Yes,ST/SG/SER.E/1249,,in orbit,,Spacecraft engaged in practical applications and uses of space technology such as weather or communications,------,,2024
2024-249T,,Starlink-32676 ,USA,12/23/2024,,Yes,ST/SG/SER.E/1249,,in orbit,,Spacecraft engaged in practical applications and uses of space technology such as weather or communications,------,,2024
2024-249W,,Starlink-32418 ,USA,12/23/2024,,Yes,ST/SG/SER.E/1249,,in orbit,,Spacecraft engaged in practical applications and uses of space technology such as weather or communications,------,,2024
2024-249S,,Starlink-32283 ,USA,12/23/2024,,Yes,ST/SG/SER.E/1249,,in orbit,,Spacecraft engaged in practical applications and uses of space technology such as weather or communications,------,,2024
[2024-247A],, [KORSAT 2],[(for Republic of Korea)],[2024-12-21],,No,,,[in orbit],,------,Not registered with the United Nations.,,2024
[2024-247*],, [ONDOSAT OWL-12],[(for Mongolia)],[2024-12-21],,No,,,[in orbit],,------,Not registered with the United Nations. International Designator pending assignment.,,2024
[2024-247Q],, [LASARSAT 1],[(for Czech Republic)],[2024-12-21],,No,,,[in orbit],,------,Not registered with the United Nations.,,2024
2024-247N,FIN-30-SAT-2024,ICEYE-X47 ,Finland,12/21/2024,,Yes,ST/SG/SER.E/1277,,in orbit,,"Earth observation satellite, carrying a synthetic aperture radar. Data will be provided commercially.",The registration submission for this space object is presently being processed by the United Nations Secretariat.,,2024
2024-247F,,Hawk-11A ,USA,12/21/2024,,Yes,ST/SG/SER.E/1249,,in orbit,,Spacecraft engaged in practical applications and uses of space technology such as weather or communications,------,,2024
2024-247C,,Hawk-11B ,USA,12/21/2024,,Yes,ST/SG/SER.E/1249,,in orbit,,Spacecraft engaged in practical applications and uses of space technology such as weather or communications,------,,2024
2024-247R,,Tomorrow-S3 ,USA,12/21/2024,,Yes,ST/SG/SER.E/1249,,in orbit,,Spacecraft engaged in practical applications and uses of space technology such as weather or communications,------,,2024
2024-247E,,Hawk-11C ,USA,12/21/2024,,Yes,ST/SG/SER.E/1249,,in orbit,,Spacecraft engaged in practical applications and uses of space technology such as weather or communications,------,,2024
2024-247AA,,CTC-0 ,USA,12/21/2024,,Yes,ST/SG/SER.E/1249,,in orbit,,Spacecraft engaged in practical applications and uses of space technology such as weather or communications,------,,2024
2024-247Z,,XCUBE-1 ,USA,12/21/2024,,Yes,ST/SG/SER.E/1249,,in orbit,,Spacecraft engaged in practical applications and uses of space technology such as weather or communications,------,,2024
2024-248A,,StriX-2 ,Japan,12/21/2024,,Yes,ST/SG/SER.E/1292,,in orbit,,"StriX-2 is the fourth SAR (Synthetic Aperture Radar) satellite made by Synspective Inc. for commercial SAR imagery (remote sensing) provision services, including the upload and download functionality and clear imaging.",The registration submission for this space object is presently being processed by the United Nations Secretariat. Date of launch is 2024-12-21 using UTC.,Link,2024
2024-247AB,DJ-2024-001,DJIBOUTI-1B ,Djibouti,12/21/2024,,Yes,St/SG/SER.E/1286,St/SG/SER.E/1160,in orbit,,Gathering of meteorological data transmitted by ground-based measurement stations,The registration submission for this space object is presently being processed by the United Nations Secretariat. Prelaunch notification provided by State of registry in ST/SG/SER.E/1160.,Link,2024
2024-247H,FIN-31-SAT-2024,ICEYE-X49 ,Finland,12/21/2024,,Yes,ST/SG/SER.E/1277,,in orbit,,"Earth observation satellite, carrying a synthetic aperture radar. Data will be provided commercially.",The registration submission for this space object is presently being processed by the United Nations Secretariat.,,2024
2024-247G,,LizzieSat-2 ,USA,12/21/2024,,Yes,ST/SG/SER.E/1249,,in orbit,,Spacecraft engaged in practical applications and uses of space technology such as weather or communications,------,,2024
2024-247B,,TANSTAAFL-2 ,USA,12/21/2024,,Yes,ST/SG/SER.E/1249,,in orbit,,Spacecraft engaged in practical applications and uses of space technology such as weather or communications,------,,2024
2024-247K,,Tomorrow-S4 ,USA,12/21/2024,,Yes,ST/SG/SER.E/1249,,in orbit,,Spacecraft engaged in practical applications and uses of space technology such as weather or communications,------,,2024
2024-247M,,GITAI-SC1 ,USA,12/21/2024,,Yes,ST/SG/SER.E/1249,,in orbit,,Spacecraft engaged in practical applications and uses of space technology such as weather or communications,------,,2024
2024-247T,,CroCube ,Croatia,12/21/2024,,Yes,A/AC.105/INF/464,,in orbit,,"Technology demonstration mission with amateur radio payload, VGA camera for Earth observation and the ""Astrotron 1000"" experiment to measure radiation effects on microelectronics",The registration submission for this space object is presently being processed by the United Nations Secretariat.,,2024
[2024-246A],, [TJS 12],[China],[2024-12-20],,No,,,[in GSO],,------,Not registered with the United Nations.,,2024
[2024-245*],, [TIANQI 33],[China],[2024-12-19],,No,,,[in orbit],,------,Not registered with the United Nations. International Designator pending assignment.,,2024
2024-243P,,USA 454 ,USA,12/17/2024,,Yes,ST/SG/SER.E/1249,,in orbit,,Spacecraft engaged in practical applications and uses of space technology such as weather or communications,------,,2024
2024-243S,,USA 457 ,USA,12/17/2024,,Yes,ST/SG/SER.E/1249,,in orbit,,Spacecraft engaged in practical applications and uses of space technology such as weather or communications,------,,2024
2024-243M,,USA 452 ,USA,12/17/2024,,Yes,ST/SG/SER.E/1249,,in orbit,,Spacecraft engaged in practical applications and uses of space technology such as weather or communications,------,,2024
2024-243N,,USA 453 ,USA,12/17/2024,,Yes,ST/SG/SER.E/1249,,in orbit,,Spacecraft engaged in practical applications and uses of space technology such as weather or communications,------,,2024
2024-243Q,,USA 455 ,USA,12/17/2024,,Yes,ST/SG/SER.E/1249,,in orbit,,Spacecraft engaged in practical applications and uses of space technology such as weather or communications,------,,2024
2024-243T,,USA 458 ,USA,12/17/2024,,Yes,ST/SG/SER.E/1249,,in orbit,,Spacecraft engaged in practical applications and uses of space technology such as weather or communications,------,,2024
2024-243U,,USA 459 ,USA,12/17/2024,,Yes,ST/SG/SER.E/1249,,in orbit,,Spacecraft engaged in practical applications and uses of space technology such as weather or communications,------,,2024
2024-243V,,USA 460 ,USA,12/17/2024,,Yes,ST/SG/SER.E/1249,,in orbit,,Spacecraft engaged in practical applications and uses of space technology such as weather or communications,------,,2024
2024-243R,,USA 456 ,USA,12/17/2024,,Yes,ST/SG/SER.E/1249,,in orbit,,Spacecraft engaged in practical applications and uses of space technology such as weather or communications,------,,2024
2024-242A,,Navstar 83 (USA 440) [(GPS III SV-07)],USA,12/17/2024,,Yes,ST/SG/SER.E/1249,,in orbit,,Spacecraft engaged in practical applications and uses of space technology such as weather or communications,Date of launch is 2024-12-17 using UTC.,,2024
2024-243A,,USA 441 ,USA,12/17/2024,,Yes,ST/SG/SER.E/1249,,in orbit,,Spacecraft engaged in practical applications and uses of space technology such as weather or communications,------,,2024
2024-243C,,USA 443 ,USA,12/17/2024,,Yes,ST/SG/SER.E/1249,,in orbit,,Spacecraft engaged in practical applications and uses of space technology such as weather or communications,------,,2024
2024-243W,,USA 461 ,USA,12/17/2024,,Yes,ST/SG/SER.E/1249,,in orbit,,Spacecraft engaged in practical applications and uses of space technology such as weather or communications,------,,2024
2024-243X,,USA 462 ,USA,12/17/2024,,Yes,ST/SG/SER.E/1249,,in orbit,,Spacecraft engaged in practical applications and uses of space technology such as weather or communications,------,,2024
2024-243G,,USA 447 ,USA,12/17/2024,,Yes,ST/SG/SER.E/1249,,in orbit,,Spacecraft engaged in practical applications and uses of space technology such as weather or communications,------,,2024
2024-243J,,USA 449 ,USA,12/17/2024,,Yes,ST/SG/SER.E/1249,,in orbit,,Spacecraft engaged in practical applications and uses of space technology such as weather or communications,------,,2024
2024-243B,,USA 442 ,USA,12/17/2024,,Yes,ST/SG/SER.E/1249,,in orbit,,Spacecraft engaged in practical applications and uses of space technology such as weather or communications,------,,2024
2024-243F,,USA 446 ,USA,12/17/2024,,Yes,ST/SG/SER.E/1249,,in orbit,,Spacecraft engaged in practical applications and uses of space technology such as weather or communications,------,,2024
2024-243H,,USA 448 ,USA,12/17/2024,,Yes,ST/SG/SER.E/1249,,in orbit,,Spacecraft engaged in practical applications and uses of space technology such as weather or communications,------,,2024
2024-243D,,USA 444 ,USA,12/17/2024,,Yes,ST/SG/SER.E/1249,,in orbit,,Spacecraft engaged in practical applications and uses of space technology such as weather or communications,------,,2024
2024-243K,,USA 450 ,USA,12/17/2024,,Yes,ST/SG/SER.E/1249,,in orbit,,Spacecraft engaged in practical applications and uses of space technology such as weather or communications,------,,2024
2024-243L,,USA 451 ,USA,12/17/2024,,Yes,ST/SG/SER.E/1249,,in orbit,,Spacecraft engaged in practical applications and uses of space technology such as weather or communications,------,,2024
2024-243E,,USA 445 ,USA,12/17/2024,,Yes,ST/SG/SER.E/1249,,in orbit,,Spacecraft engaged in practical applications and uses of space technology such as weather or communications,------,,2024
2024-244B,62363,MP08 [O3B MPOWER F8],United Kingdom,12/17/2024,,Yes,ST/SG/SER.E/1251,,in orbit,,Connectivity,------,,2024
2024-244A,62362,MP07 [O3B MPOWER F7],United Kingdom,12/17/2024,,Yes,ST/SG/SER.E/1251,,in orbit,,Connectivity,------,,2024
[2024-240A],, [HULIANGWANG DIGUI-01],[China],[2024-12-16],,No,,,[in orbit],,------,Not registered with the United Nations.,,2024
[2024-240E],, [HULIANGWANG DIGUI-05],[China],[2024-12-16],,No,,,[in orbit],,------,Not registered with the United Nations.,,2024
[2024-240F],, [HULIANGWANG DIGUI-06],[China],[2024-12-16],,No,,,[in orbit],,------,Not registered with the United Nations.,,2024
[2024-240B],, [HULIANGWANG DIGUI-02],[China],[2024-12-16],,No,,,[in orbit],,------,Not registered with the United Nations.,,2024
[2024-240C],, [HULIANGWANG DIGUI-03],[China],[2024-12-16],,No,,,[in orbit],,------,Not registered with the United Nations.,,2024
[2024-240D],, [HULIANGWANG DIGUI-04],[China],[2024-12-16],,No,,,[in orbit],,------,Not registered with the United Nations.,,2024
[2024-240G],, [HULIANGWANG DIGUI-07],[China],[2024-12-16],,No,,,[in orbit],,------,Not registered with the United Nations.,,2024
[2024-240H],, [HULIANGWANG DIGUI-08],[China],[2024-12-16],,No,,,[in orbit],,------,Not registered with the United Nations.,,2024
[2024-240J],, [HULIANGWANG DIGUI-09],[China],[2024-12-16],,No,,,[in orbit],,------,Not registered with the United Nations.,,2024
[2024-240K],, [HULIANGWANG DIGUI-10],[China],[2024-12-16],,No,,,[in orbit],,------,Not registered with the United Nations.,,2024
[2024-241A],, [PIESAT 2 09],[China],[2024-12-16],,No,,,[in orbit],,------,Not registered with the United Nations. Date of launch is 2024-12-16 using UTC.,,2024
[2024-241B],, [PIESAT 2 10],[China],[2024-12-16],,No,,,[in orbit],,------,Not registered with the United Nations. Date of launch is 2024-12-16 using UTC.,,2024
[2024-241C],, [PIESAT 2 11],[China],[2024-12-16],,No,,,[in orbit],,------,Not registered with the United Nations. Date of launch is 2024-12-16 using UTC.,,2024
[2024-241D],, [PIESAT 2 12],[China],[2024-12-16],,No,,,[in orbit],,------,Not registered with the United Nations. Date of launch is 2024-12-16 using UTC.,,2024
2024-239P,,Starlink-32651 ,USA,12/13/2024,,Yes,ST/SG/SER.E/1249,,in orbit,,Spacecraft engaged in practical applications and uses of space technology such as weather or communications,------,,2024
2024-239K,,Starlink-32696 ,USA,12/13/2024,,Yes,ST/SG/SER.E/1249,,in orbit,,Spacecraft engaged in practical applications and uses of space technology such as weather or communications,------,,2024
2024-239L,,Starlink-32700 ,USA,12/13/2024,,Yes,ST/SG/SER.E/1249,,in orbit,,Spacecraft engaged in practical applications and uses of space technology such as weather or communications,------,,2024
2024-239J,,Starlink-32678 ,USA,12/13/2024,,Yes,ST/SG/SER.E/1249,,in orbit,,Spacecraft engaged in practical applications and uses of space technology such as weather or communications,------,,2024
2024-239M,,Starlink-32698 ,USA,12/13/2024,,Yes,ST/SG/SER.E/1249,,in orbit,,Spacecraft engaged in practical applications and uses of space technology such as weather or communications,------,,2024
2024-239N,,Starlink-32634 ,USA,12/13/2024,,Yes,ST/SG/SER.E/1249,,in orbit,,Spacecraft engaged in practical applications and uses of space technology such as weather or communications,------,,2024
2024-239R,,Starlink-32597 ,USA,12/13/2024,,Yes,ST/SG/SER.E/1249,,in orbit,,Spacecraft engaged in practical applications and uses of space technology such as weather or communications,------,,2024
2024-239H,,Starlink-32706 ,USA,12/13/2024,,Yes,ST/SG/SER.E/1249,,in orbit,,Spacecraft engaged in practical applications and uses of space technology such as weather or communications,------,,2024
2024-239Q,,Starlink-32627 ,USA,12/13/2024,,Yes,ST/SG/SER.E/1249,,in orbit,,Spacecraft engaged in practical applications and uses of space technology such as weather or communications,------,,2024
2024-239C,,Starlink-32621 ,USA,12/13/2024,,Yes,ST/SG/SER.E/1249,,in orbit,,Spacecraft engaged in practical applications and uses of space technology such as weather or communications,------,,2024
2024-239A,,Starlink-32648 ,USA,12/13/2024,,Yes,ST/SG/SER.E/1249,,in orbit,,Spacecraft engaged in practical applications and uses of space technology such as weather or communications,------,,2024
2024-239D,,Starlink-32597 ,USA,12/13/2024,,Yes,ST/SG/SER.E/1249,,in orbit,,Spacecraft engaged in practical applications and uses of space technology such as weather or communications,------,,2024
2024-239G,,Starlink-32646 ,USA,12/13/2024,,Yes,ST/SG/SER.E/1249,,in orbit,,Spacecraft engaged in practical applications and uses of space technology such as weather or communications,------,,2024
2024-239E,,Starlink-32649 ,USA,12/13/2024,,Yes,ST/SG/SER.E/1249,,in orbit,,Spacecraft engaged in practical applications and uses of space technology such as weather or communications,------,,2024
2024-239B,,Starlink-32594 ,USA,12/13/2024,,Yes,ST/SG/SER.E/1249,,in orbit,,Spacecraft engaged in practical applications and uses of space technology such as weather or communications,------,,2024
2024-239F,,Starlink-32633 ,USA,12/13/2024,,Yes,ST/SG/SER.E/1249,,in orbit,,Spacecraft engaged in practical applications and uses of space technology such as weather or communications,------,,2024
2024-239U,,Starlink-32577 ,USA,12/13/2024,,Yes,ST/SG/SER.E/1249,,in orbit,,Spacecraft engaged in practical applications and uses of space technology such as weather or communications,------,,2024
2024-239W,,Starlink-32645 ,USA,12/13/2024,,Yes,ST/SG/SER.E/1249,,in orbit,,Spacecraft engaged in practical applications and uses of space technology such as weather or communications,------,,2024
2024-239X,,Starlink-32654 ,USA,12/13/2024,,Yes,ST/SG/SER.E/1249,,in orbit,,Spacecraft engaged in practical applications and uses of space technology such as weather or communications,------,,2024
2024-239T,,Starlink-32576 ,USA,12/13/2024,,Yes,ST/SG/SER.E/1249,,in orbit,,Spacecraft engaged in practical applications and uses of space technology such as weather or communications,------,,2024
2024-239V,,Starlink-32481 ,USA,12/13/2024,,Yes,ST/SG/SER.E/1249,,in orbit,,Spacecraft engaged in practical applications and uses of space technology such as weather or communications,------,,2024
2024-239S,,Starlink-32519 ,USA,12/13/2024,,Yes,ST/SG/SER.E/1249,,in orbit,,Spacecraft engaged in practical applications and uses of space technology such as weather or communications,------,,2024
[2024-238A],, [GJZ 01],[China],[2024-12-12],,No,,,[in orbit],,------,Not registered with the United Nations.,,2024
[2024-238B],, [GJZ 02],[China],[2024-12-12],,No,,,[in orbit],,------,Not registered with the United Nations.,,2024
[2024-238C],, [GJZ 03],[China],[2024-12-12],,No,,,[in orbit],,------,Not registered with the United Nations.,,2024
[2024-238D],, [GJZ 04],[China],[2024-12-12],,No,,,[in orbit],,------,Not registered with the United Nations.,,2024
[2024-238E],, [GJZ 05],[China],[2024-12-12],,No,,,[in orbit],,------,Not registered with the United Nations.,,2024
[1998-067XB],, [YODAKA],[(for Japan)],[2024-12-09],,No,,,[decayed],[2025-02-28],------,Not registered with the United Nations. Date of launch is date of deployment from the ISS.,,2024
1998-067XC,,LIGNOSAT ,Japan,12/9/2024,,Yes,ST/SG/SER.E/1292,ST/SG/SER.E/1292,[decayed],2025-00-4-04,------,The registration submission for this space object is presently being processed by the United Nations Secretariat. International Designator provided by the State of registry. Date of launch is date of deployment from the ISS.,,2024
1998-067XD,,DENDEN-01 ,Japan,12/9/2024,,Yes,ST/SG/SER.E/1292,ST/SG/SER.E/1292,decayed,3/11/2025,The DENDEN-01 CubeSat demonstrates novel power technologies for future nanosatellites,The registration submission for this space object is presently being processed by the United Nations Secretariat. International Designator pending assignment. Date of launch is date of deployment from the ISS.,Link,2024
1998-067XF,,ONGLAISAT ,Japan,12/9/2024,,Yes,ST/SG/SER.E/1292,ST/SG/SER.E/1292,[decayed],3/4/2025,------,The registration submission for this space object is presently being processed by the United Nations Secretariat. Date of launch is date of deployment from the ISS.,Link,2024
1998-067XE,,YOMOGI ,Japan,12/9/2024,,Yes,ST/SG/SER.E/1292,,[decayed],4/1/2025,------,The registration submission for this space object is presently being processed by the United Nations Secretariat. International Designator provided by the State of registry. Date of launch is date of deployment from the ISS.,,2024
2024-237D,,Starlink-11479 ,USA,12/8/2024,,Yes,ST/SG/SER.E/1249,,in orbit,,Spacecraft engaged in practical applications and uses of space technology such as weather or communications,------,,2024
2024-237G,,Starlink-11333 ,USA,12/8/2024,,Yes,ST/SG/SER.E/1249,,in orbit,,Spacecraft engaged in practical applications and uses of space technology such as weather or communications,------,,2024
2024-237C,,Starlink-11491 ,USA,12/8/2024,,Yes,ST/SG/SER.E/1249,,in orbit,,Spacecraft engaged in practical applications and uses of space technology such as weather or communications,------,,2024
2024-237J,,Starlink-11495 ,USA,12/8/2024,,Yes,ST/SG/SER.E/1249,,in orbit,,Spacecraft engaged in practical applications and uses of space technology such as weather or communications,------,,2024
2024-237K,,Starlink-11498 ,USA,12/8/2024,,Yes,ST/SG/SER.E/1249,,in orbit,,Spacecraft engaged in practical applications and uses of space technology such as weather or communications,------,,2024
2024-237L,,Starlink-11484 ,USA,12/8/2024,,Yes,ST/SG/SER.E/1249,,in orbit,,Spacecraft engaged in practical applications and uses of space technology such as weather or communications,------,,2024
2024-237E,,Starlink-11489 ,USA,12/8/2024,,Yes,ST/SG/SER.E/1249,,in orbit,,Spacecraft engaged in practical applications and uses of space technology such as weather or communications,------,,2024
2024-237F,,Starlink-11494 ,USA,12/8/2024,,Yes,ST/SG/SER.E/1249,,in orbit,,Spacecraft engaged in practical applications and uses of space technology such as weather or communications,------,,2024
2024-237H,,Starlink-11504 ,USA,12/8/2024,,Yes,ST/SG/SER.E/1249,,in orbit,,Spacecraft engaged in practical applications and uses of space technology such as weather or communications,------,,2024
2024-237W,,Starlink-33546 ,USA,12/8/2024,,Yes,ST/SG/SER.E/1249,,in orbit,,Spacecraft engaged in practical applications and uses of space technology such as weather or communications,------,,2024
2024-237X,,Starlink-33565 ,USA,12/8/2024,,Yes,ST/SG/SER.E/1249,,in orbit,,Spacecraft engaged in practical applications and uses of space technology such as weather or communications,------,,2024
2024-237Y,,Starlink-33549 ,USA,12/8/2024,,Yes,ST/SG/SER.E/1249,,in orbit,,Spacecraft engaged in practical applications and uses of space technology such as weather or communications,------,,2024
2024-237M,,Starlink-11487 ,USA,12/8/2024,,Yes,ST/SG/SER.E/1249,,in orbit,,Spacecraft engaged in practical applications and uses of space technology such as weather or communications,------,,2024
2024-237N,,Starlink-11499 ,USA,12/8/2024,,Yes,ST/SG/SER.E/1249,,in orbit,,Spacecraft engaged in practical applications and uses of space technology such as weather or communications,------,,2024
2024-237P,,Starlink-33548 ,USA,12/8/2024,,Yes,ST/SG/SER.E/1249,,in orbit,,Spacecraft engaged in practical applications and uses of space technology such as weather or communications,------,,2024
2024-237T,,Starlink-33563 ,USA,12/8/2024,,Yes,ST/SG/SER.E/1249,,in orbit,,Spacecraft engaged in practical applications and uses of space technology such as weather or communications,------,,2024
2024-237V,,Starlink-33564 ,USA,12/8/2024,,Yes,ST/SG/SER.E/1249,,in orbit,,Spacecraft engaged in practical applications and uses of space technology such as weather or communications,------,,2024
2024-237R,,Starlink-33560 ,USA,12/8/2024,,Yes,ST/SG/SER.E/1249,,in orbit,,Spacecraft engaged in practical applications and uses of space technology such as weather or communications,------,,2024
2024-237U,,Starlink-33550 ,USA,12/8/2024,,Yes,ST/SG/SER.E/1249,,in orbit,,Spacecraft engaged in practical applications and uses of space technology such as weather or communications,------,,2024
2024-237Q,,Starlink-33544 ,USA,12/8/2024,,Yes,ST/SG/SER.E/1249,,in orbit,,Spacecraft engaged in practical applications and uses of space technology such as weather or communications,------,,2024
2024-237S,,Starlink-33547 ,USA,12/8/2024,,Yes,ST/SG/SER.E/1249,,in orbit,,Spacecraft engaged in practical applications and uses of space technology such as weather or communications,------,,2024
2024-237A,,Starlink-11496 ,USA,12/8/2024,,Yes,ST/SG/SER.E/1249,,in orbit,,Spacecraft engaged in practical applications and uses of space technology such as weather or communications,------,,2024
2024-237B,,Starlink-11501 ,USA,12/8/2024,,Yes,ST/SG/SER.E/1249,,in orbit,,Spacecraft engaged in practical applications and uses of space technology such as weather or communications,------,,2024
[2024-236*],, [FAKHR 1],[Iran (Islamic Republic of)],[2024-12-06],,No,,,[in orbit],,------,Not registered with the United Nations. International Designator pending assignment.,,2024
[2024-233A],, [PROBA 3],[(for ESA)],[2024-12-05],,No,,,[in orbit],,------,Not registered with the United Nations.,,2024
[2024-235A],, [SENTINEL 1C],[ESA],[2024-12-05],,No,,ST/SG/SER.E/1273,[in orbit],,------,Not registered with the United Nations. Mentioned by France in ST/SG/SER.E/1273.,,2024
2024-231S,,Starlink-32652 ,USA,12/5/2024,,Yes,ST/SG/SER.E/1249,,in orbit,,Spacecraft engaged in practical applications and uses of space technology such as weather or communications,Date of launch is 2024-12-05 using UTC.,,2024
2024-231R,,Starlink-32643 ,USA,12/5/2024,,Yes,ST/SG/SER.E/1249,,in orbit,,Spacecraft engaged in practical applications and uses of space technology such as weather or communications,Date of launch is 2024-12-05 using UTC.,,2024
2024-231U,,Starlink-32641 ,USA,12/5/2024,,Yes,ST/SG/SER.E/1249,,in orbit,,Spacecraft engaged in practical applications and uses of space technology such as weather or communications,Date of launch is 2024-12-05 using UTC.,,2024
2024-231V,,Starlink-32632 ,USA,12/5/2024,,Yes,ST/SG/SER.E/1249,,in orbit,,Spacecraft engaged in practical applications and uses of space technology such as weather or communications,Date of launch is 2024-12-05 using UTC.,,2024
2024-231T,,Starlink-32631 ,USA,12/5/2024,,Yes,ST/SG/SER.E/1249,,in orbit,,Spacecraft engaged in practical applications and uses of space technology such as weather or communications,Date of launch is 2024-12-05 using UTC.,,2024
2024-231C,,Starlink-11466 ,USA,12/5/2024,,Yes,ST/SG/SER.E/1249,,in orbit,,Spacecraft engaged in practical applications and uses of space technology such as weather or communications,Date of launch is 2024-12-05 using UTC.,,2024
2024-231D,,Starlink-11468 ,USA,12/5/2024,,Yes,ST/SG/SER.E/1249,,in orbit,,Spacecraft engaged in practical applications and uses of space technology such as weather or communications,Date of launch is 2024-12-05 using UTC.,,2024
2024-231E,,Starlink-11488 ,USA,12/5/2024,,Yes,ST/SG/SER.E/1249,,in orbit,,Spacecraft engaged in practical applications and uses of space technology such as weather or communications,Date of launch is 2024-12-05 using UTC.,,2024
2024-231B,,Starlink-11490 ,USA,12/5/2024,,Yes,ST/SG/SER.E/1249,,in orbit,,Spacecraft engaged in practical applications and uses of space technology such as weather or communications,Date of launch is 2024-12-05 using UTC.,,2024
2024-231F,,Starlink-11483 ,USA,12/5/2024,,Yes,ST/SG/SER.E/1249,,in orbit,,Spacecraft engaged in practical applications and uses of space technology such as weather or communications,Date of launch is 2024-12-05 using UTC.,,2024
2024-231A,,Starlink-11394 ,USA,12/5/2024,,Yes,ST/SG/SER.E/1249,,in orbit,,Spacecraft engaged in practical applications and uses of space technology such as weather or communications,Date of launch is 2024-12-05 using UTC.,,2024
2024-231L,,Starlink-11476 ,USA,12/5/2024,,Yes,ST/SG/SER.E/1249,,in orbit,,Spacecraft engaged in practical applications and uses of space technology such as weather or communications,Date of launch is 2024-12-05 using UTC.,,2024
2024-231J,,Starlink-11475 ,USA,12/5/2024,,Yes,ST/SG/SER.E/1249,,in orbit,,Spacecraft engaged in practical applications and uses of space technology such as weather or communications,Date of launch is 2024-12-05 using UTC.,,2024
2024-231G,,Starlink-11492 ,USA,12/5/2024,,Yes,ST/SG/SER.E/1249,,in orbit,,Spacecraft engaged in practical applications and uses of space technology such as weather or communications,Date of launch is 2024-12-05 using UTC.,,2024
2024-231H,,Starlink-11471 ,USA,12/5/2024,,Yes,ST/SG/SER.E/1249,,in orbit,,Spacecraft engaged in practical applications and uses of space technology such as weather or communications,Date of launch is 2024-12-05 using UTC.,,2024
2024-231K,,Starlink-11469 ,USA,12/5/2024,,Yes,ST/SG/SER.E/1249,,in orbit,,Spacecraft engaged in practical applications and uses of space technology such as weather or communications,Date of launch is 2024-12-05 using UTC.,,2024
2024-231N,,Starlink-11481 ,USA,12/5/2024,,Yes,ST/SG/SER.E/1249,,in orbit,,Spacecraft engaged in practical applications and uses of space technology such as weather or communications,Date of launch is 2024-12-05 using UTC.,,2024
2024-231M,,Starlink-11485 ,USA,12/5/2024,,Yes,ST/SG/SER.E/1249,,in orbit,,Spacecraft engaged in practical applications and uses of space technology such as weather or communications,Date of launch is 2024-12-05 using UTC.,,2024
2024-231P,,Starlink-32650 ,USA,12/5/2024,,Yes,ST/SG/SER.E/1249,,in orbit,,Spacecraft engaged in practical applications and uses of space technology such as weather or communications,Date of launch is 2024-12-05 using UTC.,,2024
2024-231Q,,Starlink-32636 ,USA,12/5/2024,,Yes,ST/SG/SER.E/1249,,in orbit,,Spacecraft engaged in practical applications and uses of space technology such as weather or communications,Date of launch is 2024-12-05 using UTC.,,2024
2024-234A,,Sirius XM-9 [(SXM 9)],USA,12/5/2024,,Yes,ST/SG/SER.E/1249,,in GSO,,Spacecraft engaged in practical applications and uses of space technology such as weather or communications,------,,2024
[2024-232J],, [QIANFAN 44],[China],[2024-12-05],,No,,,[in orbit],,------,Not registered with the United Nations.,,2024
[2024-232K],, [QIANFAN 45],[China],[2024-12-05],,No,,,[in orbit],,------,Not registered with the United Nations.,,2024
[2024-232U],, [QIANFAN 54],[China],[2024-12-05],,No,,,[in orbit],,------,Not registered with the United Nations.,,2024
[2024-232L],, [QIANFAN 46],[China],[2024-12-05],,No,,,[in orbit],,------,Not registered with the United Nations.,,2024
[2024-232M],, [QIANFAN 47],[China],[2024-12-05],,No,,,[in orbit],,------,Not registered with the United Nations.,,2024
[2024-232N],, [QIANFAN 48],[China],[2024-12-05],,No,,,[in orbit],,------,Not registered with the United Nations.,,2024
[2024-232P],, [QIANFAN 49],[China],[2024-12-05],,No,,,[in orbit],,------,Not registered with the United Nations.,,2024
[2024-232Q],, [QIANFAN 50],[China],[2024-12-05],,No,,,[in orbit],,------,Not registered with the United Nations.,,2024
[2024-232H],, [QIANFAN 43],[China],[2024-12-05],,No,,,[in orbit],,------,Not registered with the United Nations.,,2024
[2024-232T],, [QIANFAN 53],[China],[2024-12-05],,No,,,[in orbit],,------,Not registered with the United Nations.,,2024
[2024-232R],, [QIANFAN 51],[China],[2024-12-05],,No,,,[in orbit],,------,Not registered with the United Nations.,,2024
[2024-232S],, [QIANFAN 52],[China],[2024-12-05],,No,,,[in orbit],,------,Not registered with the United Nations.,,2024
[2024-232D],, [QIANFAN 39],[China],[2024-12-05],,No,,,[in orbit],,------,Not registered with the United Nations.,,2024
[2024-232B],, [QIANFAN 37],[China],[2024-12-05],,No,,,[in orbit],,------,Not registered with the United Nations.,,2024
[2024-232C],, [QIANFAN 38],[China],[2024-12-05],,No,,,[in orbit],,------,Not registered with the United Nations.,,2024
[2024-232E],, [QIANFAN 40],[China],[2024-12-05],,No,,,[in orbit],,------,Not registered with the United Nations.,,2024
[2024-232F],, [QIANFAN 41],[China],[2024-12-05],,No,,,[in orbit],,------,Not registered with the United Nations.,,2024
[2024-232G],, [QIANFAN 42],[China],[2024-12-05],,No,,,[in orbit],,------,Not registered with the United Nations.,,2024
[2024-228A],, [HAISHAO 1],[China],[2024-12-04],,No,,,[in orbit],,------,Not registered with the United Nations.,,2024
[2024-230A],3792-2024-016,Cosmos-2580 ,Russian Federation,12/4/2024,,Yes,ST/SG/SER.E/1246,,in orbit,,Intended for assignments on behalf of the Ministry of Defence of the Russian Federation,The registration submission for this space object is presently being processed by the United Nations Secretariat.,,2024
2024-229D,,Starlink-32672 ,USA,12/4/2024,,Yes,ST/SG/SER.E/1249,,in orbit,,Spacecraft engaged in practical applications and uses of space technology such as weather or communications,------,,2024
2024-229C,,Starlink-32684 ,USA,12/4/2024,,Yes,ST/SG/SER.E/1249,,in orbit,,Spacecraft engaged in practical applications and uses of space technology such as weather or communications,------,,2024
2024-229B,,Starlink-32688 ,USA,12/4/2024,,Yes,ST/SG/SER.E/1249,,in orbit,,Spacecraft engaged in practical applications and uses of space technology such as weather or communications,------,,2024
2024-229A,,Starlink-32686 ,USA,12/4/2024,,Yes,ST/SG/SER.E/1249,,in orbit,,Spacecraft engaged in practical applications and uses of space technology such as weather or communications,------,,2024
2024-229P,,Starlink-32660 ,USA,12/4/2024,,Yes,ST/SG/SER.E/1249,,in orbit,,Spacecraft engaged in practical applications and uses of space technology such as weather or communications,------,,2024
2024-229X,,Starlink-32669 ,USA,12/4/2024,,Yes,ST/SG/SER.E/1249,,in orbit,,Spacecraft engaged in practical applications and uses of space technology such as weather or communications,------,,2024
2024-229V,,Starlink-32642 ,USA,12/4/2024,,Yes,ST/SG/SER.E/1249,,in orbit,,Spacecraft engaged in practical applications and uses of space technology such as weather or communications,------,,2024
2024-229W,,Starlink-32668 ,USA,12/4/2024,,Yes,ST/SG/SER.E/1249,,in orbit,,Spacecraft engaged in practical applications and uses of space technology such as weather or communications,------,,2024
2024-229U,,Starlink-32670 ,USA,12/4/2024,,Yes,ST/SG/SER.E/1249,,in orbit,,Spacecraft engaged in practical applications and uses of space technology such as weather or communications,------,,2024
2024-229Q,,Starlink-32448 ,USA,12/4/2024,,Yes,ST/SG/SER.E/1249,,in orbit,,Spacecraft engaged in practical applications and uses of space technology such as weather or communications,------,,2024
2024-229T,,Starlink-32671 ,USA,12/4/2024,,Yes,ST/SG/SER.E/1249,,in orbit,,Spacecraft engaged in practical applications and uses of space technology such as weather or communications,------,,2024
2024-229R,,Starlink-32430 ,USA,12/4/2024,,Yes,ST/SG/SER.E/1249,,in orbit,,Spacecraft engaged in practical applications and uses of space technology such as weather or communications,------,,2024
2024-229S,,Starlink-32675 ,USA,12/4/2024,,Yes,ST/SG/SER.E/1249,,in orbit,,Spacecraft engaged in practical applications and uses of space technology such as weather or communications,------,,2024
2024-229N,,Starlink-32664 ,USA,12/4/2024,,Yes,ST/SG/SER.E/1249,,in orbit,,Spacecraft engaged in practical applications and uses of space technology such as weather or communications,------,,2024
2024-229L,,Starlink-32655 ,USA,12/4/2024,,Yes,ST/SG/SER.E/1249,,in orbit,,Spacecraft engaged in practical applications and uses of space technology such as weather or communications,------,,2024
2024-229G,,Starlink-32640 ,USA,12/4/2024,,Yes,ST/SG/SER.E/1249,,in orbit,,Spacecraft engaged in practical applications and uses of space technology such as weather or communications,------,,2024
2024-229H,,Starlink-32653 ,USA,12/4/2024,,Yes,ST/SG/SER.E/1249,,in orbit,,Spacecraft engaged in practical applications and uses of space technology such as weather or communications,------,,2024
2024-229J,,Starlink-32647 ,USA,12/4/2024,,Yes,ST/SG/SER.E/1249,,in orbit,,Spacecraft engaged in practical applications and uses of space technology such as weather or communications,------,,2024
2024-229K,,Starlink-32667 ,USA,12/4/2024,,Yes,ST/SG/SER.E/1249,,in orbit,,Spacecraft engaged in practical applications and uses of space technology such as weather or communications,------,,2024
2024-229M,,Starlink-32665 ,USA,12/4/2024,,Yes,ST/SG/SER.E/1249,,in orbit,,Spacecraft engaged in practical applications and uses of space technology such as weather or communications,------,,2024
2024-229F,,Starlink-32663 ,USA,12/4/2024,,Yes,ST/SG/SER.E/1249,,in orbit,,Spacecraft engaged in practical applications and uses of space technology such as weather or communications,------,,2024
2024-229E,,Starlink-32682 ,USA,12/4/2024,,Yes,ST/SG/SER.E/1249,,in orbit,,Spacecraft engaged in practical applications and uses of space technology such as weather or communications,------,,2024
2024-229Z,,Starlink-32662 ,USA,12/4/2024,,Yes,ST/SG/SER.E/1249,,in orbit,,Spacecraft engaged in practical applications and uses of space technology such as weather or communications,------,,2024
2024-229Y,,Starlink-32666 ,USA,12/4/2024,,Yes,ST/SG/SER.E/1249,,in orbit,,Spacecraft engaged in practical applications and uses of space technology such as weather or communications,------,,2024
[2024-227A],, [TJS 13],[China],[2024-12-03],,No,,,[in GSO],,------,Not registered with the United Nations.,,2024
[2024-226A],, [CHINA],[China],[2024-11-30],,No,,,[in orbit],,------,Not registered with the United Nations.,,2024
[2024-226B],, [CHINA],[China],[2024-11-30],,No,,,[in orbit],,------,Not registered with the United Nations.,,2024
2024-225K,,Starlink-32407 ,USA,11/30/2024,,Yes,ST/SG/SER.E/1242,,in orbit,,Spacecraft engaged in practical applications and uses of space technology such as weather or communications,------,,2024
2024-225M,,Starlink-32552 ,USA,11/30/2024,,Yes,ST/SG/SER.E/1242,,in orbit,,Spacecraft engaged in practical applications and uses of space technology such as weather or communications,------,,2024
2024-225J,,Starlink-32257 ,USA,11/30/2024,,Yes,ST/SG/SER.E/1242,,in orbit,,Spacecraft engaged in practical applications and uses of space technology such as weather or communications,------,,2024
2024-225Q,,Starlink-32542 ,USA,11/30/2024,,Yes,ST/SG/SER.E/1242,,in orbit,,Spacecraft engaged in practical applications and uses of space technology such as weather or communications,------,,2024
2024-225P,,Starlink-32516 ,USA,11/30/2024,,Yes,ST/SG/SER.E/1242,,in orbit,,Spacecraft engaged in practical applications and uses of space technology such as weather or communications,------,,2024
2024-225L,,Starlink-32575 ,USA,11/30/2024,,Yes,ST/SG/SER.E/1242,,in orbit,,Spacecraft engaged in practical applications and uses of space technology such as weather or communications,------,,2024
2024-225N,,Starlink-32534 ,USA,11/30/2024,,Yes,ST/SG/SER.E/1242,,in orbit,,Spacecraft engaged in practical applications and uses of space technology such as weather or communications,------,,2024
2024-225R,,Starlink-32600 ,USA,11/30/2024,,Yes,ST/SG/SER.E/1242,,in orbit,,Spacecraft engaged in practical applications and uses of space technology such as weather or communications,------,,2024
2024-225H,,Starlink-32538 ,USA,11/30/2024,,Yes,ST/SG/SER.E/1242,,in orbit,,Spacecraft engaged in practical applications and uses of space technology such as weather or communications,------,,2024
2024-224K,,Starlink-32479 ,USA,11/30/2024,,Yes,ST/SG/SER.E/1242,,in orbit,,Spacecraft engaged in practical applications and uses of space technology such as weather or communications,------,,2024
2024-224M,,Starlink-32629 ,USA,11/30/2024,,Yes,ST/SG/SER.E/1242,,in orbit,,Spacecraft engaged in practical applications and uses of space technology such as weather or communications,------,,2024
2024-224F,,Starlink-32388 ,USA,11/30/2024,,Yes,ST/SG/SER.E/1242,,in orbit,,Spacecraft engaged in practical applications and uses of space technology such as weather or communications,------,,2024
2024-224N,,Starlink-32644 ,USA,11/30/2024,,Yes,ST/SG/SER.E/1242,,in orbit,,Spacecraft engaged in practical applications and uses of space technology such as weather or communications,------,,2024
2024-224H,,Starlink-32384 ,USA,11/30/2024,,Yes,ST/SG/SER.E/1242,,in orbit,,Spacecraft engaged in practical applications and uses of space technology such as weather or communications,------,,2024
2024-224L,,Starlink-32468 ,USA,11/30/2024,,Yes,ST/SG/SER.E/1242,,in orbit,,Spacecraft engaged in practical applications and uses of space technology such as weather or communications,------,,2024
2024-224E,,Starlink-32485 ,USA,11/30/2024,,Yes,ST/SG/SER.E/1242,,in orbit,,Spacecraft engaged in practical applications and uses of space technology such as weather or communications,------,,2024
2024-224J,,Starlink-32295 ,USA,11/30/2024,,Yes,ST/SG/SER.E/1242,,in orbit,,Spacecraft engaged in practical applications and uses of space technology such as weather or communications,------,,2024
2024-224G,,Starlink-32374 ,USA,11/30/2024,,Yes,ST/SG/SER.E/1242,,in orbit,,Spacecraft engaged in practical applications and uses of space technology such as weather or communications,------,,2024
2024-225V,,Starlink-32565 ,USA,11/30/2024,,Yes,ST/SG/SER.E/1242,,in orbit,,Spacecraft engaged in practical applications and uses of space technology such as weather or communications,------,,2024
2024-225W,,Starlink-32589 ,USA,11/30/2024,,Yes,ST/SG/SER.E/1242,,in orbit,,Spacecraft engaged in practical applications and uses of space technology such as weather or communications,------,,2024
2024-225X,,Starlink-32581 ,USA,11/30/2024,,Yes,ST/SG/SER.E/1242,,in orbit,,Spacecraft engaged in practical applications and uses of space technology such as weather or communications,------,,2024
2024-225T,,Starlink-32587 ,USA,11/30/2024,,Yes,ST/SG/SER.E/1242,,in orbit,,Spacecraft engaged in practical applications and uses of space technology such as weather or communications,------,,2024
2024-225S,,Starlink-32584 ,USA,11/30/2024,,Yes,ST/SG/SER.E/1242,,in orbit,,Spacecraft engaged in practical applications and uses of space technology such as weather or communications,------,,2024
2024-225U,,Starlink-32602 ,USA,11/30/2024,,Yes,ST/SG/SER.E/1242,,in orbit,,Spacecraft engaged in practical applications and uses of space technology such as weather or communications,------,,2024
2024-225G,,Starlink-32558 ,USA,11/30/2024,,Yes,ST/SG/SER.E/1242,,in orbit,,Spacecraft engaged in practical applications and uses of space technology such as weather or communications,------,,2024
2024-225E,,Starlink-32506 ,USA,11/30/2024,,Yes,ST/SG/SER.E/1242,,in orbit,,Spacecraft engaged in practical applications and uses of space technology such as weather or communications,------,,2024
2024-225C,,Starlink-32523 ,USA,11/30/2024,,Yes,ST/SG/SER.E/1242,,in orbit,,Spacecraft engaged in practical applications and uses of space technology such as weather or communications,------,,2024
2024-225D,,Starlink-32551 ,USA,11/30/2024,,Yes,ST/SG/SER.E/1242,,in orbit,,Spacecraft engaged in practical applications and uses of space technology such as weather or communications,------,,2024
2024-225F,,Starlink-32562 ,USA,11/30/2024,,Yes,ST/SG/SER.E/1242,,in orbit,,Spacecraft engaged in practical applications and uses of space technology such as weather or communications,------,,2024
2024-224Z,,Starlink-32526 ,USA,11/30/2024,,Yes,ST/SG/SER.E/1242,,in orbit,,Spacecraft engaged in practical applications and uses of space technology such as weather or communications,------,,2024
2024-224Y,,Starlink-32497 ,USA,11/30/2024,,Yes,ST/SG/SER.E/1242,,in orbit,,Spacecraft engaged in practical applications and uses of space technology such as weather or communications,------,,2024
2024-225A,,USA 438 ,USA,11/30/2024,,Yes,ST/SG/SER.E/1242,,in orbit,,Spacecraft engaged in practical applications and uses of space technology such as weather or communications,------,,2024
2024-225B,,USA 439 ,USA,11/30/2024,,Yes,ST/SG/SER.E/1242,,in orbit,,Spacecraft engaged in practical applications and uses of space technology such as weather or communications,------,,2024
2024-224B,,Starlink-32464 ,USA,11/30/2024,,Yes,ST/SG/SER.E/1242,,in orbit,,Spacecraft engaged in practical applications and uses of space technology such as weather or communications,------,,2024
2024-224C,,Starlink-32482 ,USA,11/30/2024,,Yes,ST/SG/SER.E/1242,,in orbit,,Spacecraft engaged in practical applications and uses of space technology such as weather or communications,------,,2024
2024-224D,,Starlink-32454 ,USA,11/30/2024,,Yes,ST/SG/SER.E/1242,,in orbit,,Spacecraft engaged in practical applications and uses of space technology such as weather or communications,------,,2024
2024-224A,,Starlink-32529 ,USA,11/30/2024,,Yes,ST/SG/SER.E/1242,,in orbit,,Spacecraft engaged in practical applications and uses of space technology such as weather or communications,------,,2024
2024-224S,,Starlink-326235 ,USA,11/30/2024,,Yes,ST/SG/SER.E/1242,,in orbit,,Spacecraft engaged in practical applications and uses of space technology such as weather or communications,------,,2024
2024-224R,,Starlink-32625 ,USA,11/30/2024,,Yes,ST/SG/SER.E/1242,,in orbit,,Spacecraft engaged in practical applications and uses of space technology such as weather or communications,------,,2024
2024-224X,,Starlink-32484 ,USA,11/30/2024,,Yes,ST/SG/SER.E/1242,,in orbit,,Spacecraft engaged in practical applications and uses of space technology such as weather or communications,------,,2024
2024-224U,,Starlink-32503 ,USA,11/30/2024,,Yes,ST/SG/SER.E/1242,,in orbit,,Spacecraft engaged in practical applications and uses of space technology such as weather or communications,------,,2024
2024-224P,,Starlink-32623 ,USA,11/30/2024,,Yes,ST/SG/SER.E/1242,,in orbit,,Spacecraft engaged in practical applications and uses of space technology such as weather or communications,------,,2024
2024-224V,,Starlink-32508 ,USA,11/30/2024,,Yes,ST/SG/SER.E/1242,,in orbit,,Spacecraft engaged in practical applications and uses of space technology such as weather or communications,------,,2024
2024-224W,,Starlink-32524 ,USA,11/30/2024,,Yes,ST/SG/SER.E/1242,,in orbit,,Spacecraft engaged in practical applications and uses of space technology such as weather or communications,------,,2024
2024-224T,,Starlink-32532 ,USA,11/30/2024,,Yes,ST/SG/SER.E/1242,,in orbit,,Spacecraft engaged in practical applications and uses of space technology such as weather or communications,------,,2024
2024-224Q,,Starlink-32639 ,USA,11/30/2024,,Yes,ST/SG/SER.E/1242,,in orbit,,Spacecraft engaged in practical applications and uses of space technology such as weather or communications,------,,2024
[2024-223A],3791-2024-15,Kondor-FKA No.2 ,Russian Federation,11/30/2024,,Yes,ST/SG/SER.E/1238,,in orbit,,Monitoring of emergency situations,Date of launch is 2024-11-29 using UTC.,,2024
[2024-221B],, [CHINA],[China],[2024-11-27],,No,,,[in orbit],,------,Not registered with the United Nations.,,2024
[2024-221A],, [CHINA],[China],[2024-11-27],,No,,,[in orbit],,------,Not registered with the United Nations.,,2024
2024-222A,,Starlink-32311 ,USA,11/27/2024,,Yes,ST/SG/SER.E/1242,,in orbit,,Spacecraft engaged in practical applications and uses of space technology such as weather or communications,------,,2024
2024-222C,,Starlink-32502 ,USA,11/27/2024,,Yes,ST/SG/SER.E/1242,,in orbit,,Spacecraft engaged in practical applications and uses of space technology such as weather or communications,------,,2024
2024-222B,,Starlink-32470 ,USA,11/27/2024,,Yes,ST/SG/SER.E/1242,,in orbit,,Spacecraft engaged in practical applications and uses of space technology such as weather or communications,------,,2024
2024-222Z,,Starlink-32570 ,USA,11/27/2024,,Yes,ST/SG/SER.E/1242,,in orbit,,Spacecraft engaged in practical applications and uses of space technology such as weather or communications,------,,2024
2024-222P,,Starlink-32557 ,USA,11/27/2024,,Yes,ST/SG/SER.E/1242,,in orbit,,Spacecraft engaged in practical applications and uses of space technology such as weather or communications,------,,2024
2024-222S,,Starlink-32463 ,USA,11/27/2024,,Yes,ST/SG/SER.E/1242,,in orbit,,Spacecraft engaged in practical applications and uses of space technology such as weather or communications,------,,2024
2024-222V,,Starlink-32245 ,USA,11/27/2024,,Yes,ST/SG/SER.E/1242,,in orbit,,Spacecraft engaged in practical applications and uses of space technology such as weather or communications,------,,2024
2024-222Q,,Starlink-32568 ,USA,11/27/2024,,Yes,ST/SG/SER.E/1242,,in orbit,,Spacecraft engaged in practical applications and uses of space technology such as weather or communications,------,,2024
2024-222T,,Starlink-32550 ,USA,11/27/2024,,Yes,ST/SG/SER.E/1242,,in orbit,,Spacecraft engaged in practical applications and uses of space technology such as weather or communications,------,,2024
2024-222U,,Starlink-32507 ,USA,11/27/2024,,Yes,ST/SG/SER.E/1242,,in orbit,,Spacecraft engaged in practical applications and uses of space technology such as weather or communications,------,,2024
2024-222N,,Starlink-32490 ,USA,11/27/2024,,Yes,ST/SG/SER.E/1242,,in orbit,,Spacecraft engaged in practical applications and uses of space technology such as weather or communications,------,,2024
2024-222R,,Starlink-32462 ,USA,11/27/2024,,Yes,ST/SG/SER.E/1242,,in orbit,,Spacecraft engaged in practical applications and uses of space technology such as weather or communications,------,,2024
2024-222W,,Starlink-32546 ,USA,11/27/2024,,Yes,ST/SG/SER.E/1242,,in orbit,,Spacecraft engaged in practical applications and uses of space technology such as weather or communications,------,,2024
2024-222K,,Starlink-32626 ,USA,11/27/2024,,Yes,ST/SG/SER.E/1242,,in orbit,,Spacecraft engaged in practical applications and uses of space technology such as weather or communications,------,,2024
2024-222G,,Starlink-32548 ,USA,11/27/2024,,Yes,ST/SG/SER.E/1242,,in orbit,,Spacecraft engaged in practical applications and uses of space technology such as weather or communications,------,,2024
2024-222H,,Starlink-32525 ,USA,11/27/2024,,Yes,ST/SG/SER.E/1242,,in orbit,,Spacecraft engaged in practical applications and uses of space technology such as weather or communications,------,,2024
2024-222J,,Starlink-32628 ,USA,11/27/2024,,Yes,ST/SG/SER.E/1242,,in orbit,,Spacecraft engaged in practical applications and uses of space technology such as weather or communications,------,,2024
2024-222M,,Starlink-32488 ,USA,11/27/2024,,Yes,ST/SG/SER.E/1242,,in orbit,,Spacecraft engaged in practical applications and uses of space technology such as weather or communications,------,,2024
2024-222D,,Starlink-32521 ,USA,11/27/2024,,Yes,ST/SG/SER.E/1242,,in orbit,,Spacecraft engaged in practical applications and uses of space technology such as weather or communications,------,,2024
2024-222E,,Starlink-32549 ,USA,11/27/2024,,Yes,ST/SG/SER.E/1242,,in orbit,,Spacecraft engaged in practical applications and uses of space technology such as weather or communications,------,,2024
2024-222L,,Starlink-32608 ,USA,11/27/2024,,Yes,ST/SG/SER.E/1242,,in orbit,,Spacecraft engaged in practical applications and uses of space technology such as weather or communications,------,,2024
2024-222F,,Starlink-32535 ,USA,11/27/2024,,Yes,ST/SG/SER.E/1242,,in orbit,,Spacecraft engaged in practical applications and uses of space technology such as weather or communications,------,,2024
2024-222X,,Starlink-32545 ,USA,11/27/2024,,Yes,ST/SG/SER.E/1242,,in orbit,,Spacecraft engaged in practical applications and uses of space technology such as weather or communications,------,,2024
2024-222Y,,Starlink-32554 ,USA,11/27/2024,,Yes,ST/SG/SER.E/1242,,in orbit,,Spacecraft engaged in practical applications and uses of space technology such as weather or communications,------,,2024
2024-219E,,KINEIS-5B ,France,11/25/2024,,Yes,ST/SG/SER.E/1273,ST/SG/SER.E/1245,in orbit,,Internet of Things (IoT),The registration submission for this space object is presently being processed by the United Nations Secretariat. Mentioned by New Zealand in ST/SG/SER.E/1245.,,2024
2024-219D,,KINEIS-5A ,France,11/25/2024,,Yes,ST/SG/SER.E/1273,ST/SG/SER.E/1245,in orbit,,Internet of Things (IoT),The registration submission for this space object is presently being processed by the United Nations Secretariat. Mentioned by New Zealand in ST/SG/SER.E/1245.,,2024
2024-219A,,KINEIS-5C ,France,11/25/2024,,Yes,ST/SG/SER.E/1273,ST/SG/SER.E/1245,in orbit,,Internet of Things (IoT),The registration submission for this space object is presently being processed by the United Nations Secretariat. Mentioned by New Zealand in ST/SG/SER.E/1245.,,2024
2024-219C,,KINEIS-5E ,France,11/25/2024,,Yes,ST/SG/SER.E/1273,ST/SG/SER.E/1245,in orbit,,Internet of Things (IoT),The registration submission for this space object is presently being processed by the United Nations Secretariat. Mentioned by New Zealand in ST/SG/SER.E/1245.,,2024
2024-219B,,KINEIS-5D ,France,11/25/2024,,Yes,ST/SG/SER.E/1273,ST/SG/SER.E/1245,in orbit,,Internet of Things (IoT),The registration submission for this space object is presently being processed by the United Nations Secretariat. Mentioned by New Zealand in ST/SG/SER.E/1245.,,2024
2024-220C,,Starlink-11387 ,USA,11/25/2024,,Yes,ST/SG/SER.E/1242,,in orbit,,Spacecraft engaged in practical applications and uses of space technology such as weather or communications,------,,2024
2024-220A,,Starlink-11384 ,USA,11/25/2024,,Yes,ST/SG/SER.E/1242,,in orbit,,Spacecraft engaged in practical applications and uses of space technology such as weather or communications,------,,2024
2024-220D,,Starlink-11389 ,USA,11/25/2024,,Yes,ST/SG/SER.E/1242,,in orbit,,Spacecraft engaged in practical applications and uses of space technology such as weather or communications,------,,2024
2024-220E,,Starlink-11388 ,USA,11/25/2024,,Yes,ST/SG/SER.E/1242,,in orbit,,Spacecraft engaged in practical applications and uses of space technology such as weather or communications,------,,2024
2024-220F,,Starlink-11345 ,USA,11/25/2024,,Yes,ST/SG/SER.E/1242,,in orbit,,Spacecraft engaged in practical applications and uses of space technology such as weather or communications,------,,2024
2024-220B,,Starlink-11379 ,USA,11/25/2024,,Yes,ST/SG/SER.E/1242,,in orbit,,Spacecraft engaged in practical applications and uses of space technology such as weather or communications,------,,2024
2024-220K,,Starlink-11367 ,USA,11/25/2024,,Yes,ST/SG/SER.E/1242,,in orbit,,Spacecraft engaged in practical applications and uses of space technology such as weather or communications,------,,2024
2024-220R,,Starlink-33544 ,USA,11/25/2024,,Yes,ST/SG/SER.E/1242,,in orbit,,Spacecraft engaged in practical applications and uses of space technology such as weather or communications,------,,2024
2024-220V,,Starlink-33559 ,USA,11/25/2024,,Yes,ST/SG/SER.E/1242,,in orbit,,Spacecraft engaged in practical applications and uses of space technology such as weather or communications,------,,2024
2024-220Y,,Starlink-33551 ,USA,11/25/2024,,Yes,ST/SG/SER.E/1242,,in orbit,,Spacecraft engaged in practical applications and uses of space technology such as weather or communications,------,,2024
2024-220X,,Starlink-33556 ,USA,11/25/2024,,Yes,ST/SG/SER.E/1242,,in orbit,,Spacecraft engaged in practical applications and uses of space technology such as weather or communications,------,,2024
2024-220U,,Starlink-33557 ,USA,11/25/2024,,Yes,ST/SG/SER.E/1242,,in orbit,,Spacecraft engaged in practical applications and uses of space technology such as weather or communications,------,,2024
2024-220W,,Starlink-33553 ,USA,11/25/2024,,Yes,ST/SG/SER.E/1242,,in orbit,,Spacecraft engaged in practical applications and uses of space technology such as weather or communications,------,,2024
2024-220S,,Starlink-33555 ,USA,11/25/2024,,Yes,ST/SG/SER.E/1242,,in orbit,,Spacecraft engaged in practical applications and uses of space technology such as weather or communications,------,,2024
2024-220H,,Starlink-11369 ,USA,11/25/2024,,Yes,ST/SG/SER.E/1242,,in orbit,,Spacecraft engaged in practical applications and uses of space technology such as weather or communications,------,,2024
2024-220L,,Starlink-11386 ,USA,11/25/2024,,Yes,ST/SG/SER.E/1242,,in orbit,,Spacecraft engaged in practical applications and uses of space technology such as weather or communications,------,,2024
2024-220N,,Starlink-33566 ,USA,11/25/2024,,Yes,ST/SG/SER.E/1242,,in orbit,,Spacecraft engaged in practical applications and uses of space technology such as weather or communications,------,,2024
2024-220J,,Starlink-11303 ,USA,11/25/2024,,Yes,ST/SG/SER.E/1242,,in orbit,,Spacecraft engaged in practical applications and uses of space technology such as weather or communications,------,,2024
2024-220M,,Starlink-11380 ,USA,11/25/2024,,Yes,ST/SG/SER.E/1242,,in orbit,,Spacecraft engaged in practical applications and uses of space technology such as weather or communications,------,,2024
2024-220G,,Starlink-11381 ,USA,11/25/2024,,Yes,ST/SG/SER.E/1242,,in orbit,,Spacecraft engaged in practical applications and uses of space technology such as weather or communications,------,,2024
2024-220Q,,Starlink-33562 ,USA,11/25/2024,,Yes,ST/SG/SER.E/1242,,in orbit,,Spacecraft engaged in practical applications and uses of space technology such as weather or communications,------,,2024
2024-220P,,Starlink-33545 ,USA,11/25/2024,,Yes,ST/SG/SER.E/1242,,in orbit,,Spacecraft engaged in practical applications and uses of space technology such as weather or communications,------,,2024
2024-220T,,Starlink-33542 ,USA,11/25/2024,,Yes,ST/SG/SER.E/1242,,[deorbited],[2025-08-16],Spacecraft engaged in practical applications and uses of space technology such as weather or communications,------,,2024
[2024-218C],, [SIWEI GAOJING-2 04 (SUPERVIEW NEO-2 04)],[China],[2024-11-24],,No,,,[in orbit],,------,Not registered with the United Nations.,,2024
[2024-218B],, [SIWEI GAOJING-2 03 (SUPERVIEW NEO-2 03)],[China],[2024-11-24],,No,,,[in orbit],,------,Not registered with the United Nations.,,2024
2024-217A,,Starlink-11465 ,USA,11/24/2024,,Yes,ST/SG/SER.E/1242,,in orbit,,Spacecraft engaged in practical applications and uses of space technology such as weather or communications,------,,2024
2024-217M,,Starlink-11467 ,USA,11/24/2024,,Yes,ST/SG/SER.E/1242,,in orbit,,Spacecraft engaged in practical applications and uses of space technology such as weather or communications,------,,2024
2024-217N,,Starlink-11460 ,USA,11/24/2024,,Yes,ST/SG/SER.E/1242,,in orbit,,Spacecraft engaged in practical applications and uses of space technology such as weather or communications,------,,2024
2024-217L,,Starlink-11472 ,USA,11/24/2024,,Yes,ST/SG/SER.E/1242,,in orbit,,Spacecraft engaged in practical applications and uses of space technology such as weather or communications,------,,2024
2024-217P,,Starlink-32604 ,USA,11/24/2024,,Yes,ST/SG/SER.E/1242,,in orbit,,Spacecraft engaged in practical applications and uses of space technology such as weather or communications,------,,2024
2024-217T,,Starlink-32619 ,USA,11/24/2024,,Yes,ST/SG/SER.E/1242,,in orbit,,Spacecraft engaged in practical applications and uses of space technology such as weather or communications,------,,2024
2024-217S,,Starlink-32444 ,USA,11/24/2024,,Yes,ST/SG/SER.E/1242,,in orbit,,Spacecraft engaged in practical applications and uses of space technology such as weather or communications,------,,2024
2024-217Q,,Starlink-32553 ,USA,11/24/2024,,Yes,ST/SG/SER.E/1242,,in orbit,,Spacecraft engaged in practical applications and uses of space technology such as weather or communications,------,,2024
2024-217R,,Starlink-32603 ,USA,11/24/2024,,Yes,ST/SG/SER.E/1242,,in orbit,,Spacecraft engaged in practical applications and uses of space technology such as weather or communications,------,,2024
2024-217U,,Starlink-32580 ,USA,11/24/2024,,Yes,ST/SG/SER.E/1242,,in orbit,,Spacecraft engaged in practical applications and uses of space technology such as weather or communications,------,,2024
2024-217K,,Starlink-11463 ,USA,11/24/2024,,Yes,ST/SG/SER.E/1242,,in orbit,,Spacecraft engaged in practical applications and uses of space technology such as weather or communications,------,,2024
2024-217E,,Starlink-11429 ,USA,11/24/2024,,Yes,ST/SG/SER.E/1242,,in orbit,,Spacecraft engaged in practical applications and uses of space technology such as weather or communications,------,,2024
2024-217B,,Starlink-11426 ,USA,11/24/2024,,Yes,ST/SG/SER.E/1242,,in orbit,,Spacecraft engaged in practical applications and uses of space technology such as weather or communications,------,,2024
2024-217G,,Starlink-11427 ,USA,11/24/2024,,Yes,ST/SG/SER.E/1242,,in orbit,,Spacecraft engaged in practical applications and uses of space technology such as weather or communications,------,,2024
2024-217H,,Starlink-11456 ,USA,11/24/2024,,Yes,ST/SG/SER.E/1242,,in orbit,,Spacecraft engaged in practical applications and uses of space technology such as weather or communications,------,,2024
2024-217D,,Starlink-11473 ,USA,11/24/2024,,Yes,ST/SG/SER.E/1242,,in orbit,,Spacecraft engaged in practical applications and uses of space technology such as weather or communications,------,,2024
2024-217C,,Starlink-11454 ,USA,11/24/2024,,Yes,ST/SG/SER.E/1242,,in orbit,,Spacecraft engaged in practical applications and uses of space technology such as weather or communications,------,,2024
2024-217F,,Starlink-11470 ,USA,11/24/2024,,Yes,ST/SG/SER.E/1242,,in orbit,,Spacecraft engaged in practical applications and uses of space technology such as weather or communications,------,,2024
2024-217J,,Starlink-11474 ,USA,11/24/2024,,Yes,ST/SG/SER.E/1242,,in orbit,,Spacecraft engaged in practical applications and uses of space technology such as weather or communications,------,,2024
2024-217V,,Starlink-32617 ,USA,11/24/2024,,Yes,ST/SG/SER.E/1242,,in orbit,,Spacecraft engaged in practical applications and uses of space technology such as weather or communications,------,,2024
2024-216P,,Starlink-32618 ,USA,11/21/2024,,Yes,ST/SG/SER.E/1242,,in orbit,,Spacecraft engaged in practical applications and uses of space technology such as weather or communications,------,,2024
2024-216K,,Starlink-32456 ,USA,11/21/2024,,Yes,ST/SG/SER.E/1242,,in orbit,,Spacecraft engaged in practical applications and uses of space technology such as weather or communications,------,,2024
2024-216J,,Starlink-32510 ,USA,11/21/2024,,Yes,ST/SG/SER.E/1242,,in orbit,,Spacecraft engaged in practical applications and uses of space technology such as weather or communications,------,,2024
2024-216R,,Starlink-32630 ,USA,11/21/2024,,Yes,ST/SG/SER.E/1242,,in orbit,,Spacecraft engaged in practical applications and uses of space technology such as weather or communications,------,,2024
2024-216M,,Starlink-32491 ,USA,11/21/2024,,Yes,ST/SG/SER.E/1242,,in orbit,,Spacecraft engaged in practical applications and uses of space technology such as weather or communications,------,,2024
2024-216N,,Starlink-32577 ,USA,11/21/2024,,Yes,ST/SG/SER.E/1242,,in orbit,,Spacecraft engaged in practical applications and uses of space technology such as weather or communications,------,,2024
2024-216S,,Starlink-32599 ,USA,11/21/2024,,Yes,ST/SG/SER.E/1242,,in orbit,,Spacecraft engaged in practical applications and uses of space technology such as weather or communications,------,,2024
2024-216Q,,Starlink-32598 ,USA,11/21/2024,,Yes,ST/SG/SER.E/1242,,in orbit,,Spacecraft engaged in practical applications and uses of space technology such as weather or communications,------,,2024
2024-216L,,Starlink-32509 ,USA,11/21/2024,,Yes,ST/SG/SER.E/1242,,in orbit,,Spacecraft engaged in practical applications and uses of space technology such as weather or communications,------,,2024
2024-216B,,Starlink-32582 ,USA,11/21/2024,,Yes,ST/SG/SER.E/1242,,in orbit,,Spacecraft engaged in practical applications and uses of space technology such as weather or communications,------,,2024
2024-216C,,Starlink-32615 ,USA,11/21/2024,,Yes,ST/SG/SER.E/1242,,in orbit,,Spacecraft engaged in practical applications and uses of space technology such as weather or communications,------,,2024
2024-216D,,Starlink-32592 ,USA,11/21/2024,,Yes,ST/SG/SER.E/1242,,in orbit,,Spacecraft engaged in practical applications and uses of space technology such as weather or communications,------,,2024
2024-216E,,Starlink-32225 ,USA,11/21/2024,,Yes,ST/SG/SER.E/1242,,in orbit,,Spacecraft engaged in practical applications and uses of space technology such as weather or communications,------,,2024
2024-216F,,Starlink-32595 ,USA,11/21/2024,,Yes,ST/SG/SER.E/1242,,in orbit,,Spacecraft engaged in practical applications and uses of space technology such as weather or communications,------,,2024
2024-216A,,Starlink-32637 ,USA,11/21/2024,,Yes,ST/SG/SER.E/1242,,in orbit,,Spacecraft engaged in practical applications and uses of space technology such as weather or communications,------,,2024
2024-216G,,Starlink-32477 ,USA,11/21/2024,,Yes,ST/SG/SER.E/1242,,in orbit,,Spacecraft engaged in practical applications and uses of space technology such as weather or communications,------,,2024
2024-216H,,Starlink-32480 ,USA,11/21/2024,,Yes,ST/SG/SER.E/1242,,in orbit,,Spacecraft engaged in practical applications and uses of space technology such as weather or communications,------,,2024
2024-216U,,Starlink-32492 ,USA,11/21/2024,,Yes,ST/SG/SER.E/1242,,in orbit,,Spacecraft engaged in practical applications and uses of space technology such as weather or communications,------,,2024
2024-216X,,Starlink-32494 ,USA,11/21/2024,,Yes,ST/SG/SER.E/1242,,in orbit,,Spacecraft engaged in practical applications and uses of space technology such as weather or communications,------,,2024
2024-216V,,Starlink-32496 ,USA,11/21/2024,,Yes,ST/SG/SER.E/1242,,in orbit,,Spacecraft engaged in practical applications and uses of space technology such as weather or communications,------,,2024
2024-216Y,,Starlink-32408 ,USA,11/21/2024,,Yes,ST/SG/SER.E/1242,,in orbit,,Spacecraft engaged in practical applications and uses of space technology such as weather or communications,------,,2024
2024-216W,,Starlink-32495 ,USA,11/21/2024,,Yes,ST/SG/SER.E/1242,,in orbit,,Spacecraft engaged in practical applications and uses of space technology such as weather or communications,------,,2024
2024-216Z,,Starlink-32571 ,USA,11/21/2024,,Yes,ST/SG/SER.E/1242,,in orbit,,Spacecraft engaged in practical applications and uses of space technology such as weather or communications,------,,2024
2024-216T,,Starlink-32473 ,USA,11/21/2024,,Yes,ST/SG/SER.E/1242,,in orbit,,Spacecraft engaged in practical applications and uses of space technology such as weather or communications,------,,2024
[2024-215A],3790-2024-14,Progress MS-29 ,Russian Federation,11/21/2024,,Yes,ST/SG/SER.E/1238,ST/SG/SER.E/1301,deorbited,7/2/2025,"Delivery to the International Space Station of fuel, water, oxygen, air, food, scientific equipment and other consumable materials required for the crew, scientific experiments and operation of the Station",------,,2024
2024-213K,,Starlink-11343 ,USA,11/18/2024,,Yes,ST/SG/SER.E/1242,,in orbit,,Spacecraft engaged in practical applications and uses of space technology such as weather or communications,Date of launch is 2024-11-18 using UTC.,,2024
2024-213C,,Starlink-11326 ,USA,11/18/2024,,Yes,ST/SG/SER.E/1242,,in orbit,,Spacecraft engaged in practical applications and uses of space technology such as weather or communications,Date of launch is 2024-11-18 using UTC.,,2024
2024-213G,,Starlink-11385 ,USA,11/18/2024,,Yes,ST/SG/SER.E/1242,,in orbit,,Spacecraft engaged in practical applications and uses of space technology such as weather or communications,Date of launch is 2024-11-18 using UTC.,,2024
2024-213H,,Starlink-11396 ,USA,11/18/2024,,Yes,ST/SG/SER.E/1242,,in orbit,,Spacecraft engaged in practical applications and uses of space technology such as weather or communications,Date of launch is 2024-11-18 using UTC.,,2024
2024-213F,,Starlink-11377 ,USA,11/18/2024,,Yes,ST/SG/SER.E/1242,,in orbit,,Spacecraft engaged in practical applications and uses of space technology such as weather or communications,Date of launch is 2024-11-18 using UTC.,,2024
2024-213L,,Starlink-11411 ,USA,11/18/2024,,Yes,ST/SG/SER.E/1242,,in orbit,,Spacecraft engaged in practical applications and uses of space technology such as weather or communications,Date of launch is 2024-11-18 using UTC.,,2024
2024-213D,,Starlink-11330 ,USA,11/18/2024,,Yes,ST/SG/SER.E/1242,,in orbit,,Spacecraft engaged in practical applications and uses of space technology such as weather or communications,Date of launch is 2024-11-18 using UTC.,,2024
2024-213J,,Starlink-11393 ,USA,11/18/2024,,Yes,ST/SG/SER.E/1242,,in orbit,,Spacecraft engaged in practical applications and uses of space technology such as weather or communications,Date of launch is 2024-11-18 using UTC.,,2024
2024-213E,,Starlink-11363 ,USA,11/18/2024,,Yes,ST/SG/SER.E/1242,,in orbit,,Spacecraft engaged in practical applications and uses of space technology such as weather or communications,Date of launch is 2024-11-18 using UTC.,,2024
2024-213A,,Starlink-11433 ,USA,11/18/2024,,Yes,ST/SG/SER.E/1242,,in orbit,,Spacecraft engaged in practical applications and uses of space technology such as weather or communications,Date of launch is 2024-11-18 using UTC.,,2024
2024-213B,,Starlink-11262 ,USA,11/18/2024,,Yes,ST/SG/SER.E/1242,,in orbit,,Spacecraft engaged in practical applications and uses of space technology such as weather or communications,Date of launch is 2024-11-18 using UTC.,,2024
2024-213P,,Starlink-32520 ,USA,11/18/2024,,Yes,ST/SG/SER.E/1242,,in orbit,,Spacecraft engaged in practical applications and uses of space technology such as weather or communications,Date of launch is 2024-11-18 using UTC.,,2024
2024-213N,,Starlink-11378 ,USA,11/18/2024,,Yes,ST/SG/SER.E/1242,,in orbit,,Spacecraft engaged in practical applications and uses of space technology such as weather or communications,Date of launch is 2024-11-18 using UTC.,,2024
2024-213R,,Starlink-32334 ,USA,11/18/2024,,Yes,ST/SG/SER.E/1242,,in orbit,,Spacecraft engaged in practical applications and uses of space technology such as weather or communications,Date of launch is 2024-11-18 using UTC.,,2024
2024-213V,,Starlink-32512 ,USA,11/18/2024,,Yes,ST/SG/SER.E/1242,,in orbit,,Spacecraft engaged in practical applications and uses of space technology such as weather or communications,Date of launch is 2024-11-18 using UTC.,,2024
2024-213S,,Starlink-32504 ,USA,11/18/2024,,Yes,ST/SG/SER.E/1242,,in orbit,,Spacecraft engaged in practical applications and uses of space technology such as weather or communications,Date of launch is 2024-11-18 using UTC.,,2024
2024-213T,,Starlink-32493 ,USA,11/18/2024,,Yes,ST/SG/SER.E/1242,,in orbit,,Spacecraft engaged in practical applications and uses of space technology such as weather or communications,Date of launch is 2024-11-18 using UTC.,,2024
2024-213U,,Starlink-32561 ,USA,11/18/2024,,Yes,ST/SG/SER.E/1242,,in orbit,,Spacecraft engaged in practical applications and uses of space technology such as weather or communications,Date of launch is 2024-11-18 using UTC.,,2024
2024-213M,,Starlink-11404 ,USA,11/18/2024,,Yes,ST/SG/SER.E/1242,,in orbit,,Spacecraft engaged in practical applications and uses of space technology such as weather or communications,Date of launch is 2024-11-18 using UTC.,,2024
2024-213Q,,Starlink-32539 ,USA,11/18/2024,,Yes,ST/SG/SER.E/1242,,in orbit,,Spacecraft engaged in practical applications and uses of space technology such as weather or communications,Date of launch is 2024-11-18 using UTC.,,2024
2024-214A,,GSAT N2 ,India,11/18/2024,,Yes,ST/SG/SER.E/1323,,in GSO,,Communication satellite,The registration submission for this space object is presently being processed by the United Nations Secretariat.,,2024
2024-212A,Jul-24,ADS-01 [OPTUS X (TD7)],Australia,11/17/2024,+095 degrees East,Yes,ST/SG/SER.E/1275,,in GSO,,The satellite shall provide the Commonwealth of Australia (CoA) multiband communications over the Indo-Pacific region. The satellite is used for defence communications purposes.,------,,2024
[2024-211A],, [TIANZHOU 8],[China],[2024-11-15],,No,,,[in orbit],,------,Not registered with the United Nations.,,2024
2024-210B,,Starlink-32372 ,USA,11/14/2024,,Yes,ST/SG/SER.E/1242,,in orbit,,Spacecraft engaged in practical applications and uses of space technology such as weather or communications,------,,2024
2024-210C,,Starlink-32542 ,USA,11/14/2024,,Yes,ST/SG/SER.E/1242,,in orbit,,Spacecraft engaged in practical applications and uses of space technology such as weather or communications,------,,2024
2024-210D,,Starlink-32458 ,USA,11/14/2024,,Yes,ST/SG/SER.E/1242,,in orbit,,Spacecraft engaged in practical applications and uses of space technology such as weather or communications,------,,2024
2024-210F,,Starlink-32513 ,USA,11/14/2024,,Yes,ST/SG/SER.E/1242,,in orbit,,Spacecraft engaged in practical applications and uses of space technology such as weather or communications,------,,2024
2024-210G,,Starlink-32514 ,USA,11/14/2024,,Yes,ST/SG/SER.E/1242,,in orbit,,Spacecraft engaged in practical applications and uses of space technology such as weather or communications,------,,2024
2024-210A,,Starlink-32499 ,USA,11/14/2024,,Yes,ST/SG/SER.E/1242,,in orbit,,Spacecraft engaged in practical applications and uses of space technology such as weather or communications,------,,2024
2024-210E,,Starlink-32487 ,USA,11/14/2024,,Yes,ST/SG/SER.E/1242,,in orbit,,Spacecraft engaged in practical applications and uses of space technology such as weather or communications,------,,2024
2024-209U,,Starlink-32359 ,USA,11/14/2024,,Yes,ST/SG/SER.E/1242,,in orbit,,Spacecraft engaged in practical applications and uses of space technology such as weather or communications,------,,2024
2024-209V,,Starlink-32566 ,USA,11/14/2024,,Yes,ST/SG/SER.E/1242,,in orbit,,Spacecraft engaged in practical applications and uses of space technology such as weather or communications,------,,2024
2024-209M,,Starlink-11423 ,USA,11/14/2024,,Yes,ST/SG/SER.E/1242,,in orbit,,Spacecraft engaged in practical applications and uses of space technology such as weather or communications,------,,2024
2024-209S,,Starlink-32583 ,USA,11/14/2024,,Yes,ST/SG/SER.E/1242,,in orbit,,Spacecraft engaged in practical applications and uses of space technology such as weather or communications,------,,2024
2024-209Q,,Starlink-32585 ,USA,11/14/2024,,Yes,ST/SG/SER.E/1242,,in orbit,,Spacecraft engaged in practical applications and uses of space technology such as weather or communications,------,,2024
2024-209K,,Starlink-11414 ,USA,11/14/2024,,Yes,ST/SG/SER.E/1242,,in orbit,,Spacecraft engaged in practical applications and uses of space technology such as weather or communications,------,,2024
2024-209T,,Starlink-32273 ,USA,11/14/2024,,Yes,ST/SG/SER.E/1242,,in orbit,,Spacecraft engaged in practical applications and uses of space technology such as weather or communications,------,,2024
2024-209N,,Starlink-11395 ,USA,11/14/2024,,Yes,ST/SG/SER.E/1242,,in orbit,,Spacecraft engaged in practical applications and uses of space technology such as weather or communications,------,,2024
2024-209P,,Starlink-32572 ,USA,11/14/2024,,Yes,ST/SG/SER.E/1242,,in orbit,,Spacecraft engaged in practical applications and uses of space technology such as weather or communications,------,,2024
2024-209R,,Starlink-32574 ,USA,11/14/2024,,Yes,ST/SG/SER.E/1242,,in orbit,,Spacecraft engaged in practical applications and uses of space technology such as weather or communications,------,,2024
2024-209L,,Starlink-11424 ,USA,11/14/2024,,Yes,ST/SG/SER.E/1242,,in orbit,,Spacecraft engaged in practical applications and uses of space technology such as weather or communications,------,,2024
2024-209E,,Starlink-11425 ,USA,11/14/2024,,Yes,ST/SG/SER.E/1242,,in orbit,,Spacecraft engaged in practical applications and uses of space technology such as weather or communications,------,,2024
2024-209B,,Starlink-11337 ,USA,11/14/2024,,Yes,ST/SG/SER.E/1242,,in orbit,,Spacecraft engaged in practical applications and uses of space technology such as weather or communications,------,,2024
2024-209D,,Starlink-11320 ,USA,11/14/2024,,Yes,ST/SG/SER.E/1242,,in orbit,,Spacecraft engaged in practical applications and uses of space technology such as weather or communications,------,,2024
2024-209G,,Starlink-11421 ,USA,11/14/2024,,Yes,ST/SG/SER.E/1242,,in orbit,,Spacecraft engaged in practical applications and uses of space technology such as weather or communications,------,,2024
2024-209J,,Starlink-11390 ,USA,11/14/2024,,Yes,ST/SG/SER.E/1242,,in orbit,,Spacecraft engaged in practical applications and uses of space technology such as weather or communications,------,,2024
2024-209C,,Starlink-11353 ,USA,11/14/2024,,Yes,ST/SG/SER.E/1242,,in orbit,,Spacecraft engaged in practical applications and uses of space technology such as weather or communications,------,,2024
2024-209F,,Starlink-11422 ,USA,11/14/2024,,Yes,ST/SG/SER.E/1242,,in orbit,,Spacecraft engaged in practical applications and uses of space technology such as weather or communications,------,,2024
2024-209H,,Starlink-11410 ,USA,11/14/2024,,Yes,ST/SG/SER.E/1242,,in orbit,,Spacecraft engaged in practical applications and uses of space technology such as weather or communications,------,,2024
2024-209A,,Starlink-11407 ,USA,11/14/2024,,Yes,ST/SG/SER.E/1242,,in orbit,,Spacecraft engaged in practical applications and uses of space technology such as weather or communications,------,,2024
2024-210X,,Starlink-32517 ,USA,11/14/2024,,Yes,ST/SG/SER.E/1242,,in orbit,,Spacecraft engaged in practical applications and uses of space technology such as weather or communications,------,,2024
2024-210S,,Starlink-32586 ,USA,11/14/2024,,Yes,ST/SG/SER.E/1242,,in orbit,,Spacecraft engaged in practical applications and uses of space technology such as weather or communications,------,,2024
2024-210T,,Starlink-32611 ,USA,11/14/2024,,Yes,ST/SG/SER.E/1242,,in orbit,,Spacecraft engaged in practical applications and uses of space technology such as weather or communications,------,,2024
2024-210V,,Starlink-32606 ,USA,11/14/2024,,Yes,ST/SG/SER.E/1242,,in orbit,,Spacecraft engaged in practical applications and uses of space technology such as weather or communications,------,,2024
2024-210Z,,Starlink-32560 ,USA,11/14/2024,,Yes,ST/SG/SER.E/1242,,in orbit,,Spacecraft engaged in practical applications and uses of space technology such as weather or communications,------,,2024
2024-210U,,Starlink-32607 ,USA,11/14/2024,,Yes,ST/SG/SER.E/1242,,in orbit,,Spacecraft engaged in practical applications and uses of space technology such as weather or communications,------,,2024
2024-210Y,,Starlink-32522 ,USA,11/14/2024,,Yes,ST/SG/SER.E/1242,,in orbit,,Spacecraft engaged in practical applications and uses of space technology such as weather or communications,------,,2024
2024-210W,,Starlink-32578 ,USA,11/14/2024,,Yes,ST/SG/SER.E/1242,,in orbit,,Spacecraft engaged in practical applications and uses of space technology such as weather or communications,------,,2024
2024-210M,,Starlink-32613 ,USA,11/14/2024,,Yes,ST/SG/SER.E/1242,,in orbit,,Spacecraft engaged in practical applications and uses of space technology such as weather or communications,------,,2024
2024-210L,,Starlink-32450 ,USA,11/14/2024,,Yes,ST/SG/SER.E/1242,,in orbit,,Spacecraft engaged in practical applications and uses of space technology such as weather or communications,------,,2024
2024-210R,,Starlink-32593 ,USA,11/14/2024,,Yes,ST/SG/SER.E/1242,,in orbit,,Spacecraft engaged in practical applications and uses of space technology such as weather or communications,------,,2024
2024-210N,,Starlink-32610 ,USA,11/14/2024,,Yes,ST/SG/SER.E/1242,,in orbit,,Spacecraft engaged in practical applications and uses of space technology such as weather or communications,------,,2024
2024-210H,,Starlink-32498 ,USA,11/14/2024,,Yes,ST/SG/SER.E/1242,,in orbit,,Spacecraft engaged in practical applications and uses of space technology such as weather or communications,------,,2024
2024-210J,,Starlink-32518 ,USA,11/14/2024,,Yes,ST/SG/SER.E/1242,,in orbit,,Spacecraft engaged in practical applications and uses of space technology such as weather or communications,------,,2024
2024-210K,,Starlink-32471 ,USA,11/14/2024,,Yes,ST/SG/SER.E/1242,,in orbit,,Spacecraft engaged in practical applications and uses of space technology such as weather or communications,------,,2024
2024-210Q,,Starlink-32601 ,USA,11/14/2024,,Yes,ST/SG/SER.E/1242,,in orbit,,Spacecraft engaged in practical applications and uses of space technology such as weather or communications,------,,2024
2024-210P,,Starlink-32612 ,USA,11/14/2024,,Yes,ST/SG/SER.E/1242,,in orbit,,Spacecraft engaged in practical applications and uses of space technology such as weather or communications,------,,2024
[2024-208A],, [HAIYANG 4A],[China],[2024-11-13],,No,,,[in orbit],,------,Not registered with the United Nations. Date of launch is 2024-11-13 using UTC.,,2024
[2024-205*],, [JILIN 1 GAOFEN],[China],[2024-11-11],,No,,,[in orbit],,------,Not registered with the United Nations. International Designator pending assignment.,,2024
[2024-206A],,KOREASAT 6A ,Republic of Korea,11/11/2024,+116.0 degrees East,Yes,ST/SG/SER.E/1248,,in GSO,,"Broadcasting, satellite communications and radionavigation services",------,,2024
2024-207U,,Starlink-32567 ,USA,11/11/2024,,Yes,ST/SG/SER.E/1242,,in orbit,,Spacecraft engaged in practical applications and uses of space technology such as weather or communications,------,,2024
2024-207P,,Starlink-32536 ,USA,11/11/2024,,Yes,ST/SG/SER.E/1242,,in orbit,,Spacecraft engaged in practical applications and uses of space technology such as weather or communications,------,,2024
2024-207Q,,Starlink-32624 ,USA,11/11/2024,,Yes,ST/SG/SER.E/1242,,in orbit,,Spacecraft engaged in practical applications and uses of space technology such as weather or communications,------,,2024
2024-207S,,Starlink-32620 ,USA,11/11/2024,,Yes,ST/SG/SER.E/1242,,in orbit,,Spacecraft engaged in practical applications and uses of space technology such as weather or communications,------,,2024
2024-207L,,Starlink-32579 ,USA,11/11/2024,,Yes,ST/SG/SER.E/1242,,in orbit,,Spacecraft engaged in practical applications and uses of space technology such as weather or communications,------,,2024
2024-207N,,Starlink-32564 ,USA,11/11/2024,,Yes,ST/SG/SER.E/1242,,in orbit,,Spacecraft engaged in practical applications and uses of space technology such as weather or communications,------,,2024
2024-207T,,Starlink-32609 ,USA,11/11/2024,,Yes,ST/SG/SER.E/1242,,in orbit,,Spacecraft engaged in practical applications and uses of space technology such as weather or communications,------,,2024
2024-207R,,Starlink-32622 ,USA,11/11/2024,,Yes,ST/SG/SER.E/1242,,in orbit,,Spacecraft engaged in practical applications and uses of space technology such as weather or communications,------,,2024
2024-207M,,Starlink-32537 ,USA,11/11/2024,,Yes,ST/SG/SER.E/1242,,in orbit,,Spacecraft engaged in practical applications and uses of space technology such as weather or communications,------,,2024
2024-207B,,Starlink-32434 ,USA,11/11/2024,,Yes,ST/SG/SER.E/1242,,in orbit,,Spacecraft engaged in practical applications and uses of space technology such as weather or communications,------,,2024
2024-207K,,Starlink-32605 ,USA,11/11/2024,,Yes,ST/SG/SER.E/1242,,in orbit,,Spacecraft engaged in practical applications and uses of space technology such as weather or communications,------,,2024
2024-207D,,Starlink-32559 ,USA,11/11/2024,,Yes,ST/SG/SER.E/1242,,in orbit,,Spacecraft engaged in practical applications and uses of space technology such as weather or communications,------,,2024
2024-207J,,Starlink-32616 ,USA,11/11/2024,,Yes,ST/SG/SER.E/1242,,in orbit,,Spacecraft engaged in practical applications and uses of space technology such as weather or communications,------,,2024
2024-207C,,Starlink-32460 ,USA,11/11/2024,,Yes,ST/SG/SER.E/1242,,in orbit,,Spacecraft engaged in practical applications and uses of space technology such as weather or communications,------,,2024
2024-207F,,Starlink-32544 ,USA,11/11/2024,,Yes,ST/SG/SER.E/1242,,in orbit,,Spacecraft engaged in practical applications and uses of space technology such as weather or communications,------,,2024
2024-207H,,Starlink-32547 ,USA,11/11/2024,,Yes,ST/SG/SER.E/1242,,in orbit,,Spacecraft engaged in practical applications and uses of space technology such as weather or communications,------,,2024
2024-207E,,Starlink-32541 ,USA,11/11/2024,,Yes,ST/SG/SER.E/1242,,in orbit,,Spacecraft engaged in practical applications and uses of space technology such as weather or communications,------,,2024
2024-207G,,Starlink-32555 ,USA,11/11/2024,,Yes,ST/SG/SER.E/1242,,in orbit,,Spacecraft engaged in practical applications and uses of space technology such as weather or communications,------,,2024
2024-207A,,Starlink-32303 ,USA,11/11/2024,,Yes,ST/SG/SER.E/1242,,in orbit,,Spacecraft engaged in practical applications and uses of space technology such as weather or communications,------,,2024
2024-207W,,Starlink-32354 ,USA,11/11/2024,,Yes,ST/SG/SER.E/1242,,in orbit,,Spacecraft engaged in practical applications and uses of space technology such as weather or communications,------,,2024
2024-207V,,Starlink-32420 ,USA,11/11/2024,,Yes,ST/SG/SER.E/1242,,in orbit,,Spacecraft engaged in practical applications and uses of space technology such as weather or communications,------,,2024
2024-207Z,,Starlink-32500 ,USA,11/11/2024,,Yes,ST/SG/SER.E/1242,,in orbit,,Spacecraft engaged in practical applications and uses of space technology such as weather or communications,------,,2024
2024-207X,,Starlink-32361 ,USA,11/11/2024,,Yes,ST/SG/SER.E/1242,,in orbit,,Spacecraft engaged in practical applications and uses of space technology such as weather or communications,------,,2024
2024-207Y,,Starlink-32563 ,USA,11/11/2024,,Yes,ST/SG/SER.E/1242,ST/SG/SER.E/1302,[deorbited],6/3/2025,Spacecraft engaged in practical applications and uses of space technology such as weather or communications,------,,2024
[2024-013E],, [CHINA],[China],[2024-11-10],,No,,,[deorbited],[2025-03-18],------,Not registered with the United Nations. Date of launch is date of deployment from TIANZHOU 7 (international designator 2024-013A),,2024
[2024-203*],, [PIESAT 2],[China],[2024-11-09],,No,,,[in orbit],,------,Not registered with the United Nations. International Designator pending assignment.,,2024
2024-204D,,Starlink-11321 ,USA,11/9/2024,,Yes,ST/SG/SER.E/1242,,in orbit,,Spacecraft engaged in practical applications and uses of space technology such as weather or communications,------,,2024
2024-204G,,Starlink-11328 ,USA,11/9/2024,,Yes,ST/SG/SER.E/1242,,in orbit,,Spacecraft engaged in practical applications and uses of space technology such as weather or communications,------,,2024
2024-204J,,Starlink-11398 ,USA,11/9/2024,,Yes,ST/SG/SER.E/1242,,in orbit,,Spacecraft engaged in practical applications and uses of space technology such as weather or communications,------,,2024
2024-204A,,Starlink-11402 ,USA,11/9/2024,,Yes,ST/SG/SER.E/1242,,in orbit,,Spacecraft engaged in practical applications and uses of space technology such as weather or communications,------,,2024
2024-204E,,Starlink-11314 ,USA,11/9/2024,,Yes,ST/SG/SER.E/1242,,in orbit,,Spacecraft engaged in practical applications and uses of space technology such as weather or communications,------,,2024
2024-204C,,Starlink-11401 ,USA,11/9/2024,,Yes,ST/SG/SER.E/1242,,in orbit,,Spacecraft engaged in practical applications and uses of space technology such as weather or communications,------,,2024
2024-204F,,Starlink-11324 ,USA,11/9/2024,,Yes,ST/SG/SER.E/1242,,in orbit,,Spacecraft engaged in practical applications and uses of space technology such as weather or communications,------,,2024
2024-204H,,Starlink-11329 ,USA,11/9/2024,,Yes,ST/SG/SER.E/1242,,in orbit,,Spacecraft engaged in practical applications and uses of space technology such as weather or communications,------,,2024
2024-204B,,Starlink-11316 ,USA,11/9/2024,,Yes,ST/SG/SER.E/1242,,in orbit,,Spacecraft engaged in practical applications and uses of space technology such as weather or communications,------,,2024
2024-204L,,Starlink-11359 ,USA,11/9/2024,,Yes,ST/SG/SER.E/1242,,in orbit,,Spacecraft engaged in practical applications and uses of space technology such as weather or communications,------,,2024
2024-204N,,Starlink-11351 ,USA,11/9/2024,,Yes,ST/SG/SER.E/1242,,in orbit,,Spacecraft engaged in practical applications and uses of space technology such as weather or communications,------,,2024
2024-204P,,Starlink-32410 ,USA,11/9/2024,,Yes,ST/SG/SER.E/1242,,in orbit,,Spacecraft engaged in practical applications and uses of space technology such as weather or communications,------,,2024
2024-204Q,,Starlink-32377 ,USA,11/9/2024,,Yes,ST/SG/SER.E/1242,,in orbit,,Spacecraft engaged in practical applications and uses of space technology such as weather or communications,------,,2024
2024-204K,,Starlink-11383 ,USA,11/9/2024,,Yes,ST/SG/SER.E/1242,,in orbit,,Spacecraft engaged in practical applications and uses of space technology such as weather or communications,------,,2024
2024-204M,,Starlink-11301 ,USA,11/9/2024,,Yes,ST/SG/SER.E/1242,,in orbit,,Spacecraft engaged in practical applications and uses of space technology such as weather or communications,------,,2024
2024-204S,,Starlink-32501 ,USA,11/9/2024,,Yes,ST/SG/SER.E/1242,,in orbit,,Spacecraft engaged in practical applications and uses of space technology such as weather or communications,------,,2024
2024-204R,,Starlink-32292 ,USA,11/9/2024,,Yes,ST/SG/SER.E/1242,,in orbit,,Spacecraft engaged in practical applications and uses of space technology such as weather or communications,------,,2024
2024-204V,,Starlink-32489 ,USA,11/9/2024,,Yes,ST/SG/SER.E/1242,,in orbit,,Spacecraft engaged in practical applications and uses of space technology such as weather or communications,------,,2024
2024-204T,,Starlink-32383 ,USA,11/9/2024,,Yes,ST/SG/SER.E/1242,,in orbit,,Spacecraft engaged in practical applications and uses of space technology such as weather or communications,------,,2024
2024-204U,,Starlink-32239 ,USA,11/9/2024,,Yes,ST/SG/SER.E/1242,,in orbit,,Spacecraft engaged in practical applications and uses of space technology such as weather or communications,------,,2024
2024-202H,,Starlink-32433 ,USA,11/7/2024,,Yes,ST/SG/SER.E/1242,,in orbit,,Spacecraft engaged in practical applications and uses of space technology such as weather or communications,------,,2024
2024-202J,,Starlink-32394 ,USA,11/7/2024,,Yes,ST/SG/SER.E/1242,,in orbit,,Spacecraft engaged in practical applications and uses of space technology such as weather or communications,------,,2024
2024-202F,,Starlink-32330 ,USA,11/7/2024,,Yes,ST/SG/SER.E/1242,,in orbit,,Spacecraft engaged in practical applications and uses of space technology such as weather or communications,------,,2024
2024-202K,,Starlink-32486 ,USA,11/7/2024,,Yes,ST/SG/SER.E/1242,,in orbit,,Spacecraft engaged in practical applications and uses of space technology such as weather or communications,------,,2024
2024-202N,,Starlink-32451 ,USA,11/7/2024,,Yes,ST/SG/SER.E/1242,,in orbit,,Spacecraft engaged in practical applications and uses of space technology such as weather or communications,------,,2024
2024-202P,,Starlink-32556 ,USA,11/7/2024,,Yes,ST/SG/SER.E/1242,,in orbit,,Spacecraft engaged in practical applications and uses of space technology such as weather or communications,------,,2024
2024-202G,,Starlink-32379 ,USA,11/7/2024,,Yes,ST/SG/SER.E/1242,,in orbit,,Spacecraft engaged in practical applications and uses of space technology such as weather or communications,------,,2024
2024-202M,,Starlink-32483 ,USA,11/7/2024,,Yes,ST/SG/SER.E/1242,,in orbit,,Spacecraft engaged in practical applications and uses of space technology such as weather or communications,------,,2024
2024-202L,,Starlink-32391 ,USA,11/7/2024,,Yes,ST/SG/SER.E/1242,,in orbit,,Spacecraft engaged in practical applications and uses of space technology such as weather or communications,------,,2024
2024-202C,,Starlink-32352 ,USA,11/7/2024,,Yes,ST/SG/SER.E/1242,,in orbit,,Spacecraft engaged in practical applications and uses of space technology such as weather or communications,------,,2024
2024-202B,,Starlink-32472 ,USA,11/7/2024,,Yes,ST/SG/SER.E/1242,,in orbit,,Spacecraft engaged in practical applications and uses of space technology such as weather or communications,------,,2024
2024-202A,,Starlink-32362 ,USA,11/7/2024,,Yes,ST/SG/SER.E/1242,,in orbit,,Spacecraft engaged in practical applications and uses of space technology such as weather or communications,------,,2024
2024-202D,,Starlink-32427 ,USA,11/7/2024,,Yes,ST/SG/SER.E/1242,,in orbit,,Spacecraft engaged in practical applications and uses of space technology such as weather or communications,------,,2024
2024-202E,,Starlink-32346 ,USA,11/7/2024,,Yes,ST/SG/SER.E/1242,,in orbit,,Spacecraft engaged in practical applications and uses of space technology such as weather or communications,------,,2024
2024-202V,,Starlink-32318 ,USA,11/7/2024,,Yes,ST/SG/SER.E/1242,,in orbit,,Spacecraft engaged in practical applications and uses of space technology such as weather or communications,------,,2024
2024-202S,,Starlink-32415 ,USA,11/7/2024,,Yes,ST/SG/SER.E/1242,,in orbit,,Spacecraft engaged in practical applications and uses of space technology such as weather or communications,------,,2024
2024-202R,,Starlink-32316 ,USA,11/7/2024,,Yes,ST/SG/SER.E/1242,,in orbit,,Spacecraft engaged in practical applications and uses of space technology such as weather or communications,------,,2024
2024-202W,,Starlink-32401 ,USA,11/7/2024,,Yes,ST/SG/SER.E/1242,,in orbit,,Spacecraft engaged in practical applications and uses of space technology such as weather or communications,------,,2024
2024-202U,,Starlink-32324 ,USA,11/7/2024,,Yes,ST/SG/SER.E/1242,,in orbit,,Spacecraft engaged in practical applications and uses of space technology such as weather or communications,------,,2024
2024-202Y,,Starlink-32569 ,USA,11/7/2024,,Yes,ST/SG/SER.E/1242,,in orbit,,Spacecraft engaged in practical applications and uses of space technology such as weather or communications,------,,2024
2024-202Q,,Starlink-32466 ,USA,11/7/2024,,Yes,ST/SG/SER.E/1242,,in orbit,,Spacecraft engaged in practical applications and uses of space technology such as weather or communications,------,,2024
2024-202T,,Starlink-32393 ,USA,11/7/2024,,Yes,ST/SG/SER.E/1242,,in orbit,,Spacecraft engaged in practical applications and uses of space technology such as weather or communications,------,,2024
2024-202X,,Starlink-32588 ,USA,11/7/2024,,Yes,ST/SG/SER.E/1242,,in orbit,,Spacecraft engaged in practical applications and uses of space technology such as weather or communications,------,,2024
[2024-201B],, [PROTOSAT 1],[(for Rwanda)],[2024-11-05],,No,,ST/SG/SER.E/1245,[in orbit],,------,Not registered with the United Nations. Mentioned by New Zealand in ST/SG/SER.E/1245.,,2024
2024-200A,,Dragon CRS-31 ,USA,11/5/2024,,Yes,ST/SG/SER.E/1242,ST/SG/SER.E/1249,[recovered],12/17/2024,Reusable space transportation systems,Date of launch is 2024-11-05 using UTC.,,2024
[2024-199*],3740-2024-13,SITRO-AIS-17 ,Russian Federation,11/5/2024,,Yes,ST/SG/SER.E/1238,,in orbit,,Technological applications,International Designator pending assignment. Date of launch is 2024-11-04 using UTC.,,2024
[2024-199A],3738-2024-13,Ionosfera-M No.1 ,Russian Federation,11/5/2024,,Yes,ST/SG/SER.E/1238,,in orbit,,Monitoring of heliogeophysical conditions,Date of launch is 2024-11-04 using UTC.,,2024
[2024-199B],3739-2024-13,Ionosfera-M No.2 ,Russian Federation,11/5/2024,,Yes,ST/SG/SER.E/1238,,in orbit,,Monitoring of heliogeophysical conditions,Date of launch is 2024-11-04 using UTC.,,2024
[2024-199L],3766-2024-13,Polytech Universe-5 ,Russian Federation,11/5/2024,,Yes,ST/SG/SER.E/1238,,in orbit,,Technological applications,Date of launch is 2024-11-04 using UTC.,,2024
[2024-199N],3786-2024-13,Polytech Universe 4 ,Russian Federation,11/5/2024,,Yes,ST/SG/SER.E/1238,,in orbit,,Technological applications,Date of launch is 2024-11-04 using UTC.,,2024
[2024-199M],3788-2024-13,Colibri-S ,Russian Federation,11/5/2024,,Yes,ST/SG/SER.E/1238,,in orbit,,Earth remote sensing,Date of launch is 2024-11-04 using UTC.,,2024
[2024-199AG],3778-2024-13,Mordovia ,Russian Federation,11/5/2024,,Yes,ST/SG/SER.E/1238,,in orbit,,Technological applications,International Designator pending assignment. Date of launch is 2024-11-04 using UTC.,,2024
[2024-199Y],3784-2024-13,Gorizont [HORIZON GORIZONT],Russian Federation,11/5/2024,,Yes,ST/SG/SER.E/1238,,in orbit,,Scientific applications,International Designator pending assignment. Date of launch is 2024-11-04 using UTC.,,2024
[2024-199AP],3769-2024-13,SXC6-2362 HyperView-1G ,Russian Federation,11/5/2024,,Yes,ST/SG/SER.E/1238,,in orbit,,Earth remote sensing,International Designator pending assignment. Date of launch is 2024-11-04 using UTC.,,2024
[2024-199AD],3780-2024-13,SXC3-2361 ArcticSat-1 ,Russian Federation,11/5/2024,,Yes,ST/SG/SER.E/1238,,in orbit,,Scientific applications,Date of launch is 2024-11-04 using UTC.,,2024
2024-199AJ,3774-2024-13,Nokhcho (Akhmat-2) ,Russian Federation,11/5/2024,,Yes,ST/SG/SER.E/1238,ST/SG/SER.E/1321,decayed,12/29/2025,Technological applications,Additional name of space object provided by State of registry in ST/SG/SER.E/1321. Date of launch is 2024-11-04 using UTC.,,2024
[2024-198A],, [DSN 3 (KIRAMEKI 3)],[Japan],[2024-11-04],,No,,,[in GSO],,------,Not registered with the United Nations.,,2024
[2024-078F],, [SZ-18 MODULE],[China],[2024-11-03],,No,,,[in orbit],,------,Not registered with the United Nations. Date of launch is date of separation from SHENZHOU 18 (international designator 22024-078A),,2024
[2024-197A],3737-2024-012,Cosmos-2579 ,Russian Federation,10/31/2024,,Yes,ST/SG/SER.E/1231,,in orbit,,Space object intended for assignments on behalf of the Ministry of Defence of the Russian Federation,------,,2024
2024-195U,,Starlink-32515 ,USA,10/30/2024,,Yes,ST/SG/SER.E/1239,,in orbit,,Spacecraft engaged in practical applications and uses of space technology such as weather or communications,-----,,2024
2024-195V,,Starlink-32533 ,USA,10/30/2024,,Yes,ST/SG/SER.E/1239,,in orbit,,Spacecraft engaged in practical applications and uses of space technology such as weather or communications,-----,,2024
2024-195Q,,Starlink-32461 ,USA,10/30/2024,,Yes,ST/SG/SER.E/1239,,in orbit,,Spacecraft engaged in practical applications and uses of space technology such as weather or communications,-----,,2024
2024-195P,,Starlink-32349 ,USA,10/30/2024,,Yes,ST/SG/SER.E/1239,,in orbit,,Spacecraft engaged in practical applications and uses of space technology such as weather or communications,-----,,2024
2024-195S,,Starlink-32335 ,USA,10/30/2024,,Yes,ST/SG/SER.E/1239,,in orbit,,Spacecraft engaged in practical applications and uses of space technology such as weather or communications,-----,,2024
2024-195T,,Starlink-32387 ,USA,10/30/2024,,Yes,ST/SG/SER.E/1239,,in orbit,,Spacecraft engaged in practical applications and uses of space technology such as weather or communications,-----,,2024
2024-196B,,Starlink-32402 ,USA,10/30/2024,,Yes,ST/SG/SER.E/1239,,in orbit,,Spacecraft engaged in practical applications and uses of space technology such as weather or communications,-----,,2024
2024-196A,,Starlink-32376 ,USA,10/30/2024,,Yes,ST/SG/SER.E/1239,,in orbit,,Spacecraft engaged in practical applications and uses of space technology such as weather or communications,-----,,2024
2024-196L,,Starlink-32457 ,USA,10/30/2024,,Yes,ST/SG/SER.E/1239,,in orbit,,Spacecraft engaged in practical applications and uses of space technology such as weather or communications,-----,,2024
2024-196D,,Starlink-32404 ,USA,10/30/2024,,Yes,ST/SG/SER.E/1239,,in orbit,,Spacecraft engaged in practical applications and uses of space technology such as weather or communications,-----,,2024
2024-196H,,Starlink-32440 ,USA,10/30/2024,,Yes,ST/SG/SER.E/1239,,in orbit,,Spacecraft engaged in practical applications and uses of space technology such as weather or communications,-----,,2024
2024-195B,,Starlink-11344 ,USA,10/30/2024,,Yes,ST/SG/SER.E/1239,,in orbit,,Spacecraft engaged in practical applications and uses of space technology such as weather or communications,-----,,2024
2024-195M,,Starlink-11336 ,USA,10/30/2024,,Yes,ST/SG/SER.E/1239,,in orbit,,Spacecraft engaged in practical applications and uses of space technology such as weather or communications,-----,,2024
2024-195F,,Starlink-11315 ,USA,10/30/2024,,Yes,ST/SG/SER.E/1239,,in orbit,,Spacecraft engaged in practical applications and uses of space technology such as weather or communications,-----,,2024
2024-195L,,Starlink-11346 ,USA,10/30/2024,,Yes,ST/SG/SER.E/1239,,in orbit,,Spacecraft engaged in practical applications and uses of space technology such as weather or communications,-----,,2024
2024-195A,,Starlink-11335 ,USA,10/30/2024,,Yes,ST/SG/SER.E/1239,,in orbit,,Spacecraft engaged in practical applications and uses of space technology such as weather or communications,-----,,2024
2024-195E,,Starlink-11339 ,USA,10/30/2024,,Yes,ST/SG/SER.E/1239,,in orbit,,Spacecraft engaged in practical applications and uses of space technology such as weather or communications,-----,,2024
2024-195H,,Starlink-11348 ,USA,10/30/2024,,Yes,ST/SG/SER.E/1239,,in orbit,,Spacecraft engaged in practical applications and uses of space technology such as weather or communications,-----,,2024
2024-195G,,Starlink-11366 ,USA,10/30/2024,,Yes,ST/SG/SER.E/1239,,in orbit,,Spacecraft engaged in practical applications and uses of space technology such as weather or communications,-----,,2024
2024-195C,,Starlink-11312 ,USA,10/30/2024,,Yes,ST/SG/SER.E/1239,,in orbit,,Spacecraft engaged in practical applications and uses of space technology such as weather or communications,-----,,2024
2024-195D,,Starlink-11340 ,USA,10/30/2024,,Yes,ST/SG/SER.E/1239,,in orbit,,Spacecraft engaged in practical applications and uses of space technology such as weather or communications,-----,,2024
2024-196N,,Starlink-32344 ,USA,10/30/2024,,Yes,ST/SG/SER.E/1239,,in orbit,,Spacecraft engaged in practical applications and uses of space technology such as weather or communications,-----,,2024
2024-196F,,Starlink-32343 ,USA,10/30/2024,,Yes,ST/SG/SER.E/1239,,in orbit,,Spacecraft engaged in practical applications and uses of space technology such as weather or communications,-----,,2024
2024-196S,,Starlink-32540 ,USA,10/30/2024,,Yes,ST/SG/SER.E/1239,,in orbit,,Spacecraft engaged in practical applications and uses of space technology such as weather or communications,-----,,2024
2024-196X,,Starlink-32475 ,USA,10/30/2024,,Yes,ST/SG/SER.E/1239,,in orbit,,Spacecraft engaged in practical applications and uses of space technology such as weather or communications,-----,,2024
2024-196M,,Starlink-32591 ,USA,10/30/2024,,Yes,ST/SG/SER.E/1239,,in orbit,,Spacecraft engaged in practical applications and uses of space technology such as weather or communications,-----,,2024
2024-196P,,Starlink-32322 ,USA,10/30/2024,,Yes,ST/SG/SER.E/1239,,in orbit,,Spacecraft engaged in practical applications and uses of space technology such as weather or communications,-----,,2024
2024-196W,,Starlink-32511 ,USA,10/30/2024,,Yes,ST/SG/SER.E/1239,,in orbit,,Spacecraft engaged in practical applications and uses of space technology such as weather or communications,-----,,2024
2024-196Y,,Starlink-32422 ,USA,10/30/2024,,Yes,ST/SG/SER.E/1239,,in orbit,,Spacecraft engaged in practical applications and uses of space technology such as weather or communications,-----,,2024
2024-196U,,Starlink-32573 ,USA,10/30/2024,,Yes,ST/SG/SER.E/1239,,in orbit,,Spacecraft engaged in practical applications and uses of space technology such as weather or communications,-----,,2024
2024-196G,,Starlink-32467 ,USA,10/30/2024,,Yes,ST/SG/SER.E/1239,,in orbit,,Spacecraft engaged in practical applications and uses of space technology such as weather or communications,-----,,2024
2024-196R,,Starlink-32438 ,USA,10/30/2024,,Yes,ST/SG/SER.E/1239,,in orbit,,Spacecraft engaged in practical applications and uses of space technology such as weather or communications,-----,,2024
2024-196T,,Starlink-32528 ,USA,10/30/2024,,Yes,ST/SG/SER.E/1239,,in orbit,,Spacecraft engaged in practical applications and uses of space technology such as weather or communications,-----,,2024
2024-196C,,Starlink-32314 ,USA,10/30/2024,,Yes,ST/SG/SER.E/1239,,in orbit,,Spacecraft engaged in practical applications and uses of space technology such as weather or communications,-----,,2024
2024-196J,,Starlink-32459 ,USA,10/30/2024,,Yes,ST/SG/SER.E/1239,,in orbit,,Spacecraft engaged in practical applications and uses of space technology such as weather or communications,-----,,2024
2024-196V,,Starlink-32478 ,USA,10/30/2024,,Yes,ST/SG/SER.E/1239,,in orbit,,Spacecraft engaged in practical applications and uses of space technology such as weather or communications,-----,,2024
2024-196E,,Starlink-32312 ,USA,10/30/2024,,Yes,ST/SG/SER.E/1239,,in orbit,,Spacecraft engaged in practical applications and uses of space technology such as weather or communications,-----,,2024
2024-196K,,Starlink-32465 ,USA,10/30/2024,,Yes,ST/SG/SER.E/1239,,in orbit,,Spacecraft engaged in practical applications and uses of space technology such as weather or communications,-----,,2024
2024-196Q,,Starlink-32469 ,USA,10/30/2024,,Yes,ST/SG/SER.E/1239,,in orbit,,Spacecraft engaged in practical applications and uses of space technology such as weather or communications,-----,,2024
2024-195N,,Starlink-11296 ,USA,10/30/2024,,Yes,ST/SG/SER.E/1239,,in orbit,,Spacecraft engaged in practical applications and uses of space technology such as weather or communications,-----,,2024
2024-195J,,Starlink-11327 ,USA,10/30/2024,,Yes,ST/SG/SER.E/1239,,in orbit,,Spacecraft engaged in practical applications and uses of space technology such as weather or communications,-----,,2024
2024-195K,,Starlink-11341 ,USA,10/30/2024,,Yes,ST/SG/SER.E/1239,,in orbit,,Spacecraft engaged in practical applications and uses of space technology such as weather or communications,-----,,2024
2024-195R,,Starlink-32299 ,USA,10/30/2024,,Yes,ST/SG/SER.E/1239,,in orbit,,Spacecraft engaged in practical applications and uses of space technology such as weather or communications,-----,,2024
[2024-194A],, [SHENZHOU 19 (SZ 19)],[China],[2024-10-29],,No,,,[recovered],[2025-04-30],------,Not registered with the United Nations. Date of launch is 2024-10-29 using UTC.,,2024
2024-193J,,Starlink-32400 ,USA,10/26/2024,,Yes,ST/SG/SER.E/1239,,in orbit,,Spacecraft engaged in practical applications and uses of space technology such as weather or communications,-----,,2024
2024-193K,,Starlink-32449 ,USA,10/26/2024,,Yes,ST/SG/SER.E/1239,,in orbit,,Spacecraft engaged in practical applications and uses of space technology such as weather or communications,-----,,2024
2024-193F,,Starlink-32428 ,USA,10/26/2024,,Yes,ST/SG/SER.E/1239,,in orbit,,Spacecraft engaged in practical applications and uses of space technology such as weather or communications,-----,,2024
2024-193H,,Starlink-32414 ,USA,10/26/2024,,Yes,ST/SG/SER.E/1239,,in orbit,,Spacecraft engaged in practical applications and uses of space technology such as weather or communications,-----,,2024
2024-193D,,Starlink-32301 ,USA,10/26/2024,,Yes,ST/SG/SER.E/1239,,in orbit,,Spacecraft engaged in practical applications and uses of space technology such as weather or communications,-----,,2024
2024-193S,,Starlink-32323 ,USA,10/26/2024,,Yes,ST/SG/SER.E/1239,,in orbit,,Spacecraft engaged in practical applications and uses of space technology such as weather or communications,-----,,2024
2024-193E,,Starlink-32439 ,USA,10/26/2024,,Yes,ST/SG/SER.E/1239,,in orbit,,Spacecraft engaged in practical applications and uses of space technology such as weather or communications,-----,,2024
2024-193T,,Starlink-32363 ,USA,10/26/2024,,Yes,ST/SG/SER.E/1239,,in orbit,,Spacecraft engaged in practical applications and uses of space technology such as weather or communications,-----,,2024
2024-193U,,Starlink-32395 ,USA,10/26/2024,,Yes,ST/SG/SER.E/1239,,in orbit,,Spacecraft engaged in practical applications and uses of space technology such as weather or communications,-----,,2024
2024-193N,,Starlink-32417 ,USA,10/26/2024,,Yes,ST/SG/SER.E/1239,,in orbit,,Spacecraft engaged in practical applications and uses of space technology such as weather or communications,-----,,2024
2024-193P,,Starlink-32326 ,USA,10/26/2024,,Yes,ST/SG/SER.E/1239,,in orbit,,Spacecraft engaged in practical applications and uses of space technology such as weather or communications,-----,,2024
2024-193L,,Starlink-32453 ,USA,10/26/2024,,Yes,ST/SG/SER.E/1239,,in orbit,,Spacecraft engaged in practical applications and uses of space technology such as weather or communications,-----,,2024
2024-193Q,,Starlink-32294 ,USA,10/26/2024,,Yes,ST/SG/SER.E/1239,,in orbit,,Spacecraft engaged in practical applications and uses of space technology such as weather or communications,-----,,2024
2024-193R,,Starlink-322309 ,USA,10/26/2024,,Yes,ST/SG/SER.E/1239,,in orbit,,Spacecraft engaged in practical applications and uses of space technology such as weather or communications,-----,,2024
2024-193V,,Starlink-32412 ,USA,10/26/2024,,Yes,ST/SG/SER.E/1239,,in orbit,,Spacecraft engaged in practical applications and uses of space technology such as weather or communications,-----,,2024
2024-193A,,Starlink-32238 ,USA,10/26/2024,,Yes,ST/SG/SER.E/1239,,in orbit,,Spacecraft engaged in practical applications and uses of space technology such as weather or communications,-----,,2024
2024-193C,,Starlink-32308 ,USA,10/26/2024,,Yes,ST/SG/SER.E/1239,,in orbit,,Spacecraft engaged in practical applications and uses of space technology such as weather or communications,-----,,2024
2024-193G,,Starlink-32414 ,USA,10/26/2024,,Yes,ST/SG/SER.E/1239,,in orbit,,Spacecraft engaged in practical applications and uses of space technology such as weather or communications,-----,,2024
2024-193X,,Starlink-32429 ,USA,10/26/2024,,Yes,ST/SG/SER.E/1239,,in orbit,,Spacecraft engaged in practical applications and uses of space technology such as weather or communications,-----,,2024
2024-193W,,Starlink-32426 ,USA,10/26/2024,,Yes,ST/SG/SER.E/1239,,in orbit,,Spacecraft engaged in practical applications and uses of space technology such as weather or communications,-----,,2024
2024-193B,,Starlink-32310 ,USA,10/26/2024,,Yes,ST/SG/SER.E/1239,,in orbit,,Spacecraft engaged in practical applications and uses of space technology such as weather or communications,-----,,2024
2024-193M,,Starlink-32443 ,USA,10/26/2024,,Yes,ST/SG/SER.E/1239,,in orbit,,Spacecraft engaged in practical applications and uses of space technology such as weather or communications,-----,,2024
2024-192M,,USA 432 ,USA,10/24/2024,,Yes,ST/SG/SER.E/1239,,in orbit,,Spacecraft engaged in practical applications and uses of space technology such as weather or communications,-----,,2024
2024-192K,,USA 430 ,USA,10/24/2024,,Yes,ST/SG/SER.E/1239,,in orbit,,Spacecraft engaged in practical applications and uses of space technology such as weather or communications,-----,,2024
2024-192L,,USA 431 ,USA,10/24/2024,,Yes,ST/SG/SER.E/1239,,in orbit,,Spacecraft engaged in practical applications and uses of space technology such as weather or communications,-----,,2024
2024-192N,,USA 433 ,USA,10/24/2024,,Yes,ST/SG/SER.E/1239,,in orbit,,Spacecraft engaged in practical applications and uses of space technology such as weather or communications,-----,,2024
2024-192Q,,USA 435 ,USA,10/24/2024,,Yes,ST/SG/SER.E/1239,,in orbit,,Spacecraft engaged in practical applications and uses of space technology such as weather or communications,-----,,2024
2024-192P,,USA 434 ,USA,10/24/2024,,Yes,ST/SG/SER.E/1239,,in orbit,,Spacecraft engaged in practical applications and uses of space technology such as weather or communications,-----,,2024
2024-192G,,USA 427 ,USA,10/24/2024,,Yes,ST/SG/SER.E/1239,,in orbit,,Spacecraft engaged in practical applications and uses of space technology such as weather or communications,-----,,2024
2024-192H,,USA 428 ,USA,10/24/2024,,Yes,ST/SG/SER.E/1239,,in orbit,,Spacecraft engaged in practical applications and uses of space technology such as weather or communications,-----,,2024
2024-192J,,USA 429 ,USA,10/24/2024,,Yes,ST/SG/SER.E/1239,,in orbit,,Spacecraft engaged in practical applications and uses of space technology such as weather or communications,-----,,2024
2024-192B,,USA 422 ,USA,10/24/2024,,Yes,ST/SG/SER.E/1239,,in orbit,,Spacecraft engaged in practical applications and uses of space technology such as weather or communications,-----,,2024
2024-192E,,USA 425 ,USA,10/24/2024,,Yes,ST/SG/SER.E/1239,,in orbit,,Spacecraft engaged in practical applications and uses of space technology such as weather or communications,-----,,2024
2024-192C,,USA 423 ,USA,10/24/2024,,Yes,ST/SG/SER.E/1239,,in orbit,,Spacecraft engaged in practical applications and uses of space technology such as weather or communications,-----,,2024
2024-192D,,USA 424 ,USA,10/24/2024,,Yes,ST/SG/SER.E/1239,,in orbit,,Spacecraft engaged in practical applications and uses of space technology such as weather or communications,-----,,2024
2024-192A,,USA 421 ,USA,10/24/2024,,Yes,ST/SG/SER.E/1239,,in orbit,,Spacecraft engaged in practical applications and uses of space technology such as weather or communications,-----,,2024
2024-192F,,USA 426 ,USA,10/24/2024,,Yes,ST/SG/SER.E/1239,,in orbit,,Spacecraft engaged in practical applications and uses of space technology such as weather or communications,-----,,2024
2024-192S,,USA 437 ,USA,10/24/2024,,Yes,ST/SG/SER.E/1239,,in orbit,,Spacecraft engaged in practical applications and uses of space technology such as weather or communications,-----,,2024
2024-192R,,USA 436 ,USA,10/24/2024,,Yes,ST/SG/SER.E/1239,,in orbit,,Spacecraft engaged in practical applications and uses of space technology such as weather or communications,-----,,2024
[2024-190*],, [YAOGAN 43-03],[China],[2024-10-23],,No,,,[in orbit],,------,Not registered with the United Nations. International Designator pending assignment.,,2024
2024-191T,,Starlink-32320 ,USA,10/23/2024,,Yes,ST/SG/SER.E/1239,,in orbit,,Spacecraft engaged in practical applications and uses of space technology such as weather or communications,-----,,2024
2024-191Y,,Starlink-32337 ,USA,10/23/2024,,Yes,ST/SG/SER.E/1239,,in orbit,,Spacecraft engaged in practical applications and uses of space technology such as weather or communications,-----,,2024
2024-191X,,Starlink-32264 ,USA,10/23/2024,,Yes,ST/SG/SER.E/1239,,in orbit,,Spacecraft engaged in practical applications and uses of space technology such as weather or communications,-----,,2024
2024-191S,,Starlink-32419 ,USA,10/23/2024,,Yes,ST/SG/SER.E/1239,,in orbit,,Spacecraft engaged in practical applications and uses of space technology such as weather or communications,-----,,2024
2024-191V,,Starlink-32339 ,USA,10/23/2024,,Yes,ST/SG/SER.E/1239,,in orbit,,Spacecraft engaged in practical applications and uses of space technology such as weather or communications,-----,,2024
2024-191W,,Starlink-32327 ,USA,10/23/2024,,Yes,ST/SG/SER.E/1239,,in orbit,,Spacecraft engaged in practical applications and uses of space technology such as weather or communications,-----,,2024
2024-191U,,Starlink-32341 ,USA,10/23/2024,,Yes,ST/SG/SER.E/1239,,in orbit,,Spacecraft engaged in practical applications and uses of space technology such as weather or communications,-----,,2024
2024-191B,,Starlink-32364 ,USA,10/23/2024,,Yes,ST/SG/SER.E/1239,,in orbit,,Spacecraft engaged in practical applications and uses of space technology such as weather or communications,-----,,2024
2024-191L,,Starlink-32348 ,USA,10/23/2024,,Yes,ST/SG/SER.E/1239,,in orbit,,Spacecraft engaged in practical applications and uses of space technology such as weather or communications,-----,,2024
2024-191M,,Starlink-32455 ,USA,10/23/2024,,Yes,ST/SG/SER.E/1239,,in orbit,,Spacecraft engaged in practical applications and uses of space technology such as weather or communications,-----,,2024
2024-191Q,,Starlink-32370 ,USA,10/23/2024,,Yes,ST/SG/SER.E/1239,,in orbit,,Spacecraft engaged in practical applications and uses of space technology such as weather or communications,-----,,2024
2024-191K,,Starlink-32390 ,USA,10/23/2024,,Yes,ST/SG/SER.E/1239,,in orbit,,Spacecraft engaged in practical applications and uses of space technology such as weather or communications,,,2024
[2025-315C],,?[SHIJIAN 29B (SJ 29B)],[China],[2025-12-30],,No,,,[in orbit],,------,Not registered with the United Nations. Date of launch is 2025-12-30 using UTC.,,2025
[2025-315A],,?[SHIJIAN 29A (SJ 29A)],[China],[2025-12-30],,No,,,[in orbit],,------,Not registered with the United Nations. Date of launch is 2025-12-30 using UTC.,,2025
[2025-314A],,?[TIANHUI 7],[China],[2025-12-30],,No,,,[in orbit],,------,Not registered with the United Nations.,,2025
[2025-313*],,NASBSat-2?,Belarus,12/28/2025,,Yes,ST/SG/SER.E/1317,ST/SG/SER.E/1321,in orbit,,"?????? ???????? ??????????? ????? ? ???????, ?????????????? ?? ? ?????????????? ?? ???????????? ?????????? ? ????????? ???????? ????????",The registration submission for this space object is presently being processed by the United Nations Secretariat. Mentioned by the Russian Federation in ST/SG/SER.E/1321. International Designator pending assignment.,,2025
[2025-312A],,?[FENGYUNG 4C],[China],[2025-12-26],,No,,,[in GSO],[133 degrees East],------,Not registered with the United Nations. Date of launch is 2025-12-26 using UTC.,,2025
[2025-311A],,?[HULIANWANG DIGUI-128],[China],[2025-12-25],,No,,,[in orbit],,------,Not registered with the United Nations. Date of launch is 2025-12-25 using UTC.,,2025
[2025-311B],,?[HULIANWANG DIGUI-129],[China],[2025-12-25],,No,,,[in orbit],,------,Not registered with the United Nations. Date of launch is 2025-12-25 using UTC.,,2025
[2025-311C],,?[HULIANWANG DIGUI-130],[China],[2025-12-25],,No,,,[in orbit],,------,Not registered with the United Nations. Date of launch is 2025-12-25 using UTC.,,2025
[2025-311D],,?[HULIANWANG DIGUI-131],[China],[2025-12-25],,No,,,[in orbit],,------,Not registered with the United Nations. Date of launch is 2025-12-25 using UTC.,,2025
[2025-311E],,?[HULIANWANG DIGUI-132],[China],[2025-12-25],,No,,,[in orbit],,------,Not registered with the United Nations. Date of launch is 2025-12-25 using UTC.,,2025
[2025-311F],,?[HULIANWANG DIGUI-133],[China],[2025-12-25],,No,,,[in orbit],,------,Not registered with the United Nations. Date of launch is 2025-12-25 using UTC.,,2025
[2025-311G],,?[HULIANWANG DIGUI-134],[China],[2025-12-25],,No,,,[in orbit],,------,Not registered with the United Nations. Date of launch is 2025-12-25 using UTC.,,2025
[2025-311H],,?[HULIANWANG DIGUI-135],[China],[2025-12-25],,No,,,[in orbit],,------,Not registered with the United Nations. Date of launch is 2025-12-25 using UTC.,,2025
[2025-311J],,?[HULIANWANG DIGUI-136],[China],[2025-12-25],,No,,,[in orbit],,------,Not registered with the United Nations. Date of launch is 2025-12-25 using UTC.,,2025
[2025-310*],3838-2025-017,?????-? No 1?,Russian Federation,12/25/2025,,Yes,ST/SG/SER.E/1321,,in orbit,,???,The registration submission for this space object is presently being processed by the United Nations Secretariat. International Designator pending assignment.,,2025
[2025-309A],,?[SPACEMOBILE 006],[(for USA)],[2025-12-24],,No,,,[in GSO],,------,Not registered with the United Nations.,,2025
[2025-308A],,?[DUMMY SATELLITE/LONG MARCH 12 R/B],[China],[2025-12-23],,No,,,[decayed],[2025-12-28],------,Not registered with the United Nations.,,2025
[2025-307A],,?[QPS-SAR-15 SUKUNAMI-I],[(for Japan)],[2025-12-21],,No,,,[in orbit],,------,Not registered with the United Nations.,,2025
[2025-306A],,?[SHIYAN-23 (TJS 23)],[China],[2025-12-20],,No,,,[in GSO],,------,Not registered with the United Nations.,,2025
[2025-305C],,?[DISKSAT D],[USA],[2025-12-18],,No,,,[in orbit],,------,Not registered with the United Nations.,,2025
[2025-305A],,?[DISKSAT C],[USA],[2025-12-18],,No,,,[in orbit],,------,Not registered with the United Nations.,,2025
[2025-305B],,?[DISKSAT B],[USA],[2025-12-18],,No,,,[in orbit],,------,Not registered with the United Nations.,,2025
[2025-305D],,?[DISKSAT A],[USA],[2025-12-18],,No,,,[in orbit],,------,Not registered with the United Nations.,,2025
[2025-303A],,?[STARLINK 35755],[USA],[2025-12-17],,No,,,[in orbit],,------,Not registered with the United Nations.,,2025
[2025-303B],,?[STARLINK 36201],[USA],[2025-12-17],,No,,,[in orbit],,------,Not registered with the United Nations.,,2025
[2025-303J],,?[STARLINK 35771],[USA],[2025-12-17],,No,,,[in orbit],,------,Not registered with the United Nations.,,2025
[2025-303G],,?[STARLINK 35839],[USA],[2025-12-17],,No,,,[in orbit],,------,Not registered with the United Nations.,,2025
[2025-303C],,?[STARLINK 36186],[USA],[2025-12-17],,No,,,[in orbit],,------,Not registered with the United Nations.,,2025
[2025-303D],,?[STARLINK 36174],[USA],[2025-12-17],,No,,,[in orbit],,------,Not registered with the United Nations.,,2025
[2025-303E],,?[STARLINK 36198],[USA],[2025-12-17],,No,,,[in orbit],,------,Not registered with the United Nations.,,2025
[2025-303F],,?[STARLINK 35903],[USA],[2025-12-17],,No,,,[in orbit],,------,Not registered with the United Nations.,,2025
[2025-303H],,?[STARLINK 35863],[USA],[2025-12-17],,No,,,[in orbit],,------,Not registered with the United Nations.,,2025
[2025-303K],,?[STARLINK 35762],[USA],[2025-12-17],,No,,,[in orbit],,------,Not registered with the United Nations.,,2025
[2025-303L],,?[STARLINK 36183],[USA],[2025-12-17],,No,,,[in orbit],,------,Not registered with the United Nations.,,2025
[2025-303M],,?[STARLINK 36210],[USA],[2025-12-17],,No,,,[in orbit],,------,Not registered with the United Nations.,,2025
[2025-303N],,?[STARLINK 35756],[USA],[2025-12-17],,No,,,[in orbit],,------,Not registered with the United Nations.,,2025
[2025-303P],,?[STARLINK 35785],[USA],[2025-12-17],,No,,,[in orbit],,------,Not registered with the United Nations.,,2025
[2025-303R],,?[STARLINK 35878],[USA],[2025-12-17],,No,,,[in orbit],,------,Not registered with the United Nations.,,2025
[2025-303Q],,?[STARLINK 35853],[USA],[2025-12-17],,No,,,[in orbit],,------,Not registered with the United Nations.,,2025
[2025-303S],,?[STARLINK 35793],[USA],[2025-12-17],,No,,,[in orbit],,------,Not registered with the United Nations.,,2025
[2025-303T],,?[STARLINK 35876],[USA],[2025-12-17],,No,,,[in orbit],,------,Not registered with the United Nations.,,2025
[2025-303U],,?[STARLINK 35766],[USA],[2025-12-17],,No,,,[in orbit],,------,Not registered with the United Nations.,,2025
[2025-303AA],,?[STARLINK 35880],[USA],[2025-12-17],,No,,,[in orbit],,------,Not registered with the United Nations.,,2025
[2025-303V],,?[STARLINK 35782],[USA],[2025-12-17],,No,,,[in orbit],,------,Not registered with the United Nations.,,2025
[2025-303W],,?[STARLINK 35719],[USA],[2025-12-17],,No,,,[in orbit],,------,Not registered with the United Nations.,,2025
[2025-303X],,?[STARLINK 35910],[USA],[2025-12-17],,No,,,[in orbit],,------,Not registered with the United Nations.,,2025
[2025-303Z],,?[STARLINK 35857],[USA],[2025-12-17],,No,,,[in orbit],,------,Not registered with the United Nations.,,2025
[2025-303Y],,?[STARLINK 35859],[USA],[2025-12-17],,No,,,[in orbit],,------,Not registered with the United Nations.,,2025
[2025-303AC],,?[STARLINK 35889],[USA],[2025-12-17],,No,,,[in orbit],,------,Not registered with the United Nations.,,2025
[2025-303AB],,?[STARLINK 35675],[USA],[2025-12-17],,No,,,[in orbit],,------,Not registered with the United Nations.,,2025
[2025-303AD],,?[STARLINK 35888],[USA],[2025-12-17],,No,,,[in orbit],,------,Not registered with the United Nations.,,2025
[2025-303AE],,?[STARLINK 35716],[USA],[2025-12-17],,No,,,[in orbit],,------,Not registered with the United Nations.,,2025
[2025-304A],,?[STARLINK 36182],[USA],[2025-12-17],,No,,,[in orbit],,------,Not registered with the United Nations.,,2025
[2025-304B],,?[STARLINK 36279],[USA],[2025-12-17],,No,,,[in orbit],,------,Not registered with the United Nations.,,2025
[2025-304C],,?[STARLINK 36284],[USA],[2025-12-17],,No,,,[in orbit],,------,Not registered with the United Nations.,,2025
[2025-304D],,?[STARLINK 36291],[USA],[2025-12-17],,No,,,[in orbit],,------,Not registered with the United Nations.,,2025
[2025-304E],,?[STARLINK 36239],[USA],[2025-12-17],,No,,,[in orbit],,------,Not registered with the United Nations.,,2025
[2025-304F],,?[STARLINK 36283],[USA],[2025-12-17],,No,,,[in orbit],,------,Not registered with the United Nations.,,2025
[2025-304G],,?[STARLINK 36267],[USA],[2025-12-17],,No,,,[in orbit],,------,Not registered with the United Nations.,,2025
[2025-304H],,?[STARLINK 36268],[USA],[2025-12-17],,No,,,[in orbit],,------,Not registered with the United Nations.,,2025
[2025-304J],,?[STARLINK 36270],[USA],[2025-12-17],,No,,,[in orbit],,------,Not registered with the United Nations.,,2025
[2025-304K],,?[STARLINK 36262],[USA],[2025-12-17],,No,,,[in orbit],,------,Not registered with the United Nations.,,2025
[2025-304L],,?[STARLINK 36263],[USA],[2025-12-17],,No,,,[in orbit],,------,Not registered with the United Nations.,,2025
[2025-304M],,?[STARLINK 36224],[USA],[2025-12-17],,No,,,[in orbit],,------,Not registered with the United Nations.,,2025
[2025-304P],,?[STARLINK 36197],[USA],[2025-12-17],,No,,,[in orbit],,------,Not registered with the United Nations.,,2025
[2025-304Q],,?[STARLINK 36056],[USA],[2025-12-17],,No,,,[in orbit],,------,Not registered with the United Nations.,,2025
[2025-304S],,?[STARLINK 36265],[USA],[2025-12-17],,No,,,[in orbit],,------,Not registered with the United Nations.,,2025
[2025-304T],,?[STARLINK 36226],[USA],[2025-12-17],,No,,,[in orbit],,------,Not registered with the United Nations.,,2025
[2025-304U],,?[STARLINK 36173],[USA],[2025-12-17],,No,,,[in orbit],,------,Not registered with the United Nations.,,2025
[2025-304R],,?[STARLINK 36225],[USA],[2025-12-17],,No,,,[in orbit],,------,Not registered with the United Nations.,,2025
[2025-304AC],,?[STARLINK 36211],[USA],[2025-12-17],,No,,,[in orbit],,------,Not registered with the United Nations.,,2025
[2025-304AA],,?[STARLINK 36212],[USA],[2025-12-17],,No,,,[in orbit],,------,Not registered with the United Nations.,,2025
[2025-304AB],,?[STARLINK 36216],[USA],[2025-12-17],,No,,,[in orbit],,------,Not registered with the United Nations.,,2025
[2025-304N],,?[STARLINK 36185],[USA],[2025-12-17],,No,,,[in orbit],,------,Not registered with the United Nations.,,2025
[2025-304W],,?[STARLINK 36213],[USA],[2025-12-17],,No,,,[in orbit],,------,Not registered with the United Nations.,,2025
[2025-304X],,?[STARLINK 36199],[USA],[2025-12-17],,No,,,[in orbit],,------,Not registered with the United Nations.,,2025
[2025-304V],,?[STARLINK 36280],[USA],[2025-12-17],,No,,,[in orbit],,------,Not registered with the United Nations.,,2025
[2025-304Y],,?[STARLINK 36203],[USA],[2025-12-17],,No,,,[in orbit],,------,Not registered with the United Nations.,,2025
[2025-304Z],,?[STARLINK 36221],[USA],[2025-12-17],,No,,,[in orbit],,------,Not registered with the United Nations.,,2025
[2025-302C],,?[GALILEO 34 (139)],[(for European Union)],[2025-12-17],,No,,,[in orbit],,------,Not registered with the United Nations.,,2025
[2025-302A],,?[GALILEO 33 (138)],[(for European Union)],[2025-12-17],,No,,,[in orbit],,------,Not registered with the United Nations.,,2025
[2025-300A],,?[ZIYUAN III-04 (ZY 3-04) ],[China],[2025-12-16],,No,,,[in orbit],,------,Not registered with the United Nations.,,2025
[2025-296B],,?[DEAR 5],[China],[2025-12-16],,No,,,[in orbit],,------,Not registered with the United Nations.,,2025
[2025-299S],,?[STARLINK 35701],[USA],[2025-12-15],,No,,,[in orbit],,------,Not registered with the United Nations.,,2025
[2025-299T],,?[STARLINK 36179],[USA],[2025-12-15],,No,,,[in orbit],,------,Not registered with the United Nations.,,2025
[2025-299U],,?[STARLINK 36217],[USA],[2025-12-15],,No,,,[in orbit],,------,Not registered with the United Nations.,,2025
[2025-299V],,?[STARLINK 36124],[USA],[2025-12-15],,No,,,[in orbit],,------,Not registered with the United Nations.,,2025
[2025-299W],,?[STARLINK 36188],[USA],[2025-12-15],,No,,,[in orbit],,------,Not registered with the United Nations.,,2025
[2025-299X],,?[STARLINK 36151],[USA],[2025-12-15],,No,,,[in orbit],,------,Not registered with the United Nations.,,2025
[2025-299Y],,?[STARLINK 36195],[USA],[2025-12-15],,No,,,[in orbit],,------,Not registered with the United Nations.,,2025
[2025-299Z],,?[STARLINK 36219],[USA],[2025-12-15],,No,,,[in orbit],,------,Not registered with the United Nations.,,2025
[2025-299G],,?[STARLINK 36208],[USA],[2025-12-15],,No,,,[in orbit],,------,Not registered with the United Nations.,,2025
[2025-299B],,?[STARLINK 36256],[USA],[2025-12-15],,No,,,[in orbit],,------,Not registered with the United Nations.,,2025
[2025-299C],,?[STARLINK 36258],[USA],[2025-12-15],,No,,,[in orbit],,------,Not registered with the United Nations.,,2025
[2025-299D],,?[STARLINK 36261],[USA],[2025-12-15],,No,,,[in orbit],,------,Not registered with the United Nations.,,2025
[2025-299E],,?[STARLINK 36259],[USA],[2025-12-15],,No,,,[in orbit],,------,Not registered with the United Nations.,,2025
[2025-299F],,?[STARLINK 36196],[USA],[2025-12-15],,No,,,[in orbit],,------,Not registered with the United Nations.,,2025
[2025-299A],,?[STARLINK 36255],[USA],[2025-12-15],,No,,,[in orbit],,------,Not registered with the United Nations.,,2025
[2025-299M],,?[STARLINK 35789],[USA],[2025-12-15],,No,,,[in orbit],,------,Not registered with the United Nations.,,2025
[2025-299L],,?[STARLINK 35906],[USA],[2025-12-15],,No,,,[in orbit],,------,Not registered with the United Nations.,,2025
[2025-299N],,?[STARLINK 36180],[USA],[2025-12-15],,No,,,[in orbit],,------,Not registered with the United Nations.,,2025
[2025-299K],,?[STARLINK 35875],[USA],[2025-12-15],,No,,,[in orbit],,------,Not registered with the United Nations.,,2025
[2025-299P],,?[STARLINK 35892],[USA],[2025-12-15],,No,,,[in orbit],,------,Not registered with the United Nations.,,2025
[2025-299H],,?[STARLINK 35764],[USA],[2025-12-15],,No,,,[in orbit],,------,Not registered with the United Nations.,,2025
[2025-299J],,?[STARLINK 35781],[USA],[2025-12-15],,No,,,[in orbit],,------,Not registered with the United Nations.,,2025
[2025-299Q],,?[STARLINK 35738],[USA],[2025-12-15],,No,,,[in orbit],,------,Not registered with the United Nations.,,2025
[2025-299R],,?[STARLINK 35674],[USA],[2025-12-15],,No,,,[in orbit],,------,Not registered with the United Nations.,,2025
[2025-299AC],,?[STARLINK 35685],[USA],[2025-12-15],,No,,,[in orbit],,------,Not registered with the United Nations.,,2025
[2025-299AB],,?[STARLINK 36164],[USA],[2025-12-15],,No,,,[in orbit],,------,Not registered with the United Nations.,,2025
[2025-299AA],,?[STARLINK 36223],[USA],[2025-12-15],,No,,,[in orbit],,------,Not registered with the United Nations.,,2025
[2025-299AD],,?[STARLINK 36214],[USA],[2025-12-15],,No,,,[in orbit],,------,Not registered with the United Nations.,,2025
[2025-299AE],,?[STARLINK 36194],[USA],[2025-12-15],,No,,,[in orbit],,------,Not registered with the United Nations.,,2025
[2025-301B],,?[KUIPER-00164],[USA],[2025-12-15],,No,,,[in orbit],,,Not registered with the United Nations.,,2025
[2025-301A],,?[KUIPER-00144],[USA],[2025-12-15],,No,,,[in orbit],,,Not registered with the United Nations.,,2025
[2025-301AA],,?[KUIPER-00252],[USA],[2025-12-15],,No,,,[in orbit],,,Not registered with the United Nations.,,2025
[2025-301AB],,?[KUIPER-00261],[USA],[2025-12-15],,No,,,[in orbit],,,Not registered with the United Nations.,,2025
[2025-301AC],,?[KUIPER-00265],[USA],[2025-12-15],,No,,,[in orbit],,,Not registered with the United Nations.,,2025
[2025-301W],,?[KUIPER-00248],[USA],[2025-12-15],,No,,,[in orbit],,,Not registered with the United Nations.,,2025
[2025-301X],,?[KUIPER-00249],[USA],[2025-12-15],,No,,,[in orbit],,,Not registered with the United Nations.,,2025
[2025-301Y],,?[KUIPER-00250],[USA],[2025-12-15],,No,,,[in orbit],,,Not registered with the United Nations.,,2025
[2025-301Z],,?[KUIPER-00251],[USA],[2025-12-15],,No,,,[in orbit],,,Not registered with the United Nations.,,2025
[2025-301S],,?[KUIPER-00241],[USA],[2025-12-15],,No,,,[in orbit],,,Not registered with the United Nations.,,2025
[2025-301M],,?[KUIPER-00196],[USA],[2025-12-15],,No,,,[in orbit],,,Not registered with the United Nations.,,2025
[2025-301N],,?[KUIPER-00204],[USA],[2025-12-15],,No,,,[in orbit],,,Not registered with the United Nations.,,2025
[2025-301P],,?[KUIPER-00210],[USA],[2025-12-15],,No,,,[in orbit],,,Not registered with the United Nations.,,2025
[2025-301Q],,?[KUIPER-00221],[USA],[2025-12-15],,No,,,[in orbit],,,Not registered with the United Nations.,,2025
[2025-301R],,?[KUIPER-00232],[USA],[2025-12-15],,No,,,[in orbit],,,Not registered with the United Nations.,,2025
[2025-301T],,?[KUIPER-00245],[USA],[2025-12-15],,No,,,[in orbit],,,Not registered with the United Nations.,,2025
[2025-301U],,?[KUIPER-00246],[USA],[2025-12-15],,No,,,[in orbit],,,Not registered with the United Nations.,,2025
[2025-301V],,?[KUIPER-00247],[USA],[2025-12-15],,No,,,[in orbit],,,Not registered with the United Nations.,,2025
[2025-301J],,?[KUIPER-00187],[USA],[2025-12-15],,No,,,[in orbit],,,Not registered with the United Nations.,,2025
[2025-301C],,?[KUIPER-00175],[USA],[2025-12-15],,No,,,[in orbit],,,Not registered with the United Nations.,,2025
[2025-301D],,?[KUIPER-00179],[USA],[2025-12-15],,No,,,[in orbit],,,Not registered with the United Nations.,,2025
[2025-301F],,?[KUIPER-00183],[USA],[2025-12-15],,No,,,[in orbit],,,Not registered with the United Nations.,,2025
[2025-301G],,?[KUIPER-00184],[USA],[2025-12-15],,No,,,[in orbit],,,Not registered with the United Nations.,,2025
[2025-301H],,?[KUIPER-00186],[USA],[2025-12-15],,No,,,[in orbit],,,Not registered with the United Nations.,,2025
[2025-301K],,?[KUIPER-00188],[USA],[2025-12-15],,No,,,[in orbit],,,Not registered with the United Nations.,,2025
[2025-301E],,?[KUIPER-00181],[USA],[2025-12-15],,No,,,[in orbit],,,Not registered with the United Nations.,,2025
[2025-301L],,?[KUIPER-00191],[USA],[2025-12-15],,No,,,[in orbit],,,Not registered with the United Nations.,,2025
[2025-298AA],,?[STARLINK 36193],[USA],[2025-12-14],,No,,,[in orbit],,------,Not registered with the United Nations. Date of launch is 2025-12-14 using UTC.,,2025
[2025-298T],,?[STARLINK 35792],[USA],[2025-12-14],,No,,,[in orbit],,------,Not registered with the United Nations. Date of launch is 2025-12-14 using UTC.,,2025
[2025-298Z],,?[STARLINK 36205],[USA],[2025-12-14],,No,,,[in orbit],,------,Not registered with the United Nations. Date of launch is 2025-12-14 using UTC.,,2025
[2025-298S],,?[STARLINK 36097],[USA],[2025-12-14],,No,,,[in orbit],,------,Not registered with the United Nations. Date of launch is 2025-12-14 using UTC.,,2025
[2025-298U],,?[STARLINK 35784],[USA],[2025-12-14],,No,,,[in orbit],,------,Not registered with the United Nations. Date of launch is 2025-12-14 using UTC.,,2025
[2025-298V],,?[STARLINK 36202],[USA],[2025-12-14],,No,,,[in orbit],,------,Not registered with the United Nations. Date of launch is 2025-12-14 using UTC.,,2025
[2025-298W],,?[STARLINK 36227],[USA],[2025-12-14],,No,,,[in orbit],,------,Not registered with the United Nations. Date of launch is 2025-12-14 using UTC.,,2025
[2025-298X],,?[STARLINK 36228],[USA],[2025-12-14],,No,,,[in orbit],,------,Not registered with the United Nations. Date of launch is 2025-12-14 using UTC.,,2025
[2025-298Y],,?[STARLINK 36222],[USA],[2025-12-14],,No,,,[in orbit],,------,Not registered with the United Nations. Date of launch is 2025-12-14 using UTC.,,2025
[2025-298AB],,?[STARLINK 36215],[USA],[2025-12-14],,No,,,[in orbit],,------,Not registered with the United Nations. Date of launch is 2025-12-14 using UTC.,,2025
[2025-298AC],,?[STARLINK 36200],[USA],[2025-12-14],,No,,,[in orbit],,------,Not registered with the United Nations. Date of launch is 2025-12-14 using UTC.,,2025
[2025-298A],,?[STARLINK 36230],[USA],[2025-12-14],,No,,,[in orbit],,------,Not registered with the United Nations. Date of launch is 2025-12-14 using UTC.,,2025
[2025-298B],,?[STARLINK 36240],[USA],[2025-12-14],,No,,,[in orbit],,------,Not registered with the United Nations. Date of launch is 2025-12-14 using UTC.,,2025
[2025-298C],,?[STARLINK 36243],[USA],[2025-12-14],,No,,,[in orbit],,------,Not registered with the United Nations. Date of launch is 2025-12-14 using UTC.,,2025
[2025-298D],,?[STARLINK 36236],[USA],[2025-12-14],,No,,,[in orbit],,------,Not registered with the United Nations. Date of launch is 2025-12-14 using UTC.,,2025
[2025-298E],,?[STARLINK 36159],[USA],[2025-12-14],,No,,,[in orbit],,------,Not registered with the United Nations. Date of launch is 2025-12-14 using UTC.,,2025
[2025-298F],,?[STARLINK 36158],[USA],[2025-12-14],,No,,,[in orbit],,------,Not registered with the United Nations. Date of launch is 2025-12-14 using UTC.,,2025
[2025-298G],,?[STARLINK 35864],[USA],[2025-12-14],,No,,,[in orbit],,------,Not registered with the United Nations. Date of launch is 2025-12-14 using UTC.,,2025
[2025-298N],,?[STARLINK 35842],[USA],[2025-12-14],,No,,,[in orbit],,------,Not registered with the United Nations. Date of launch is 2025-12-14 using UTC.,,2025
[2025-298M],,?[STARLINK 35841],[USA],[2025-12-14],,No,,,[in orbit],,------,Not registered with the United Nations. Date of launch is 2025-12-14 using UTC.,,2025
[2025-298H],,?[STARLINK 36035],[USA],[2025-12-14],,No,,,[in orbit],,------,Not registered with the United Nations. Date of launch is 2025-12-14 using UTC.,,2025
[2025-298J],,?[STARLINK 36170],[USA],[2025-12-14],,No,,,[in orbit],,------,Not registered with the United Nations. Date of launch is 2025-12-14 using UTC.,,2025
[2025-298K],,?[STARLINK 36166],[USA],[2025-12-14],,No,,,[in orbit],,------,Not registered with the United Nations. Date of launch is 2025-12-14 using UTC.,,2025
[2025-298L],,?[STARLINK 35794],[USA],[2025-12-14],,No,,,[in orbit],,------,Not registered with the United Nations. Date of launch is 2025-12-14 using UTC.,,2025
[2025-298P],,?[STARLINK 35882],[USA],[2025-12-14],,No,,,[in orbit],,------,Not registered with the United Nations. Date of launch is 2025-12-14 using UTC.,,2025
[2025-298Q],,?[STARLINK 35763],[USA],[2025-12-14],,No,,,[in orbit],,------,Not registered with the United Nations. Date of launch is 2025-12-14 using UTC.,,2025
[2025-298R],,?[STARLINK 36060],[USA],[2025-12-14],,No,,,[in orbit],,------,Not registered with the United Nations. Date of launch is 2025-12-14 using UTC.,,2025
[2025-297B],,?[RAISE 4],[(for Japan)],[2025-12-14],,No,,,[in orbit],,------,Not registered with the United Nations.,,2025
[2025-296A],,?[XIWANG 5-02],[China],[2025-12-13],,No,,,[in orbit],,------,Not registered with the United Nations.,,2025
[2025-295A],,?[HULIANWANG DIGUI-119],[China],[2025-12-11],,No,,,[in orbit],,------,Not registered with the United Nations. Date of launch is 2025-12-11 using UTC.,,2025
[2025-295F],,?[HULIANWANG DIGUI-124],[China],[2025-12-11],,No,,,[in orbit],,------,Not registered with the United Nations. Date of launch is 2025-12-11 using UTC.,,2025
[2025-295G],,?[HULIANWANG DIGUI-125],[China],[2025-12-11],,No,,,[in orbit],,------,Not registered with the United Nations. Date of launch is 2025-12-11 using UTC.,,2025
[2025-295H],,?[HULIANWANG DIGUI-126],[China],[2025-12-11],,No,,,[in orbit],,------,Not registered with the United Nations. Date of launch is 2025-12-11 using UTC.,,2025
[2025-295J],,?[HULIANWANG DIGUI-127],[China],[2025-12-11],,No,,,[in orbit],,------,Not registered with the United Nations. Date of launch is 2025-12-11 using UTC.,,2025
[2025-295E],,?[HULIANWANG DIGUI-123],[China],[2025-12-11],,No,,,[in orbit],,------,Not registered with the United Nations. Date of launch is 2025-12-11 using UTC.,,2025
[2025-295B],,?[HULIANWANG DIGUI-120],[China],[2025-12-11],,No,,,[in orbit],,------,Not registered with the United Nations. Date of launch is 2025-12-11 using UTC.,,2025
[2025-295C],,?[HULIANWANG DIGUI-121],[China],[2025-12-11],,No,,,[in orbit],,------,Not registered with the United Nations. Date of launch is 2025-12-11 using UTC.,,2025
[2025-295D],,?[HULIANWANG DIGUI-122],[China],[2025-12-11],,No,,,[in orbit],,------,Not registered with the United Nations. Date of launch is 2025-12-11 using UTC.,,2025
[2025-294E],,?[STARLINK 36140],[USA],[2025-12-11],,No,,,[in orbit],,------,Not registered with the United Nations.,,2025
[2025-294F],,?[STARLINK 36085],[USA],[2025-12-11],,No,,,[in orbit],,------,Not registered with the United Nations.,,2025
[2025-294G],,?[STARLINK 36125],[USA],[2025-12-11],,No,,,[in orbit],,------,Not registered with the United Nations.,,2025
[2025-294H],,?[STARLINK 35732],[USA],[2025-12-11],,No,,,[in orbit],,------,Not registered with the United Nations.,,2025
[2025-294J],,?[STARLINK 35775],[USA],[2025-12-11],,No,,,[in orbit],,------,Not registered with the United Nations.,,2025
[2025-294K],,?[STARLINK 35705],[USA],[2025-12-11],,No,,,[in orbit],,------,Not registered with the United Nations.,,2025
[2025-294L],,?[STARLINK 35786],[USA],[2025-12-11],,No,,,[in orbit],,------,Not registered with the United Nations.,,2025
[2025-294M],,?[STARLINK 35765],[USA],[2025-12-11],,No,,,[in orbit],,------,Not registered with the United Nations.,,2025
[2025-294N],,?[STARLINK 35773],[USA],[2025-12-11],,No,,,[in orbit],,------,Not registered with the United Nations.,,2025
[2025-294Y],,?[STARLINK 35720],[USA],[2025-12-11],,No,,,[in orbit],,------,Not registered with the United Nations.,,2025
[2025-294Z],,?[STARLINK 35739],[USA],[2025-12-11],,No,,,[in orbit],,------,Not registered with the United Nations.,,2025
[2025-294U],,?[STARLINK 35905],[USA],[2025-12-11],,No,,,[in orbit],,------,Not registered with the United Nations.,,2025
[2025-294P],,?[STARLINK 35901],[USA],[2025-12-11],,No,,,[in orbit],,------,Not registered with the United Nations.,,2025
[2025-294Q],,?[STARLINK 35884],[USA],[2025-12-11],,No,,,[in orbit],,------,Not registered with the United Nations.,,2025
[2025-294S],,?[STARLINK 35721],[USA],[2025-12-11],,No,,,[in orbit],,------,Not registered with the United Nations.,,2025
[2025-294T],,?[STARLINK 35779],[USA],[2025-12-11],,No,,,[in orbit],,------,Not registered with the United Nations.,,2025
[2025-294V],,?[STARLINK 35877],[USA],[2025-12-11],,No,,,[in orbit],,------,Not registered with the United Nations.,,2025
[2025-294W],,?[STARLINK 36078],[USA],[2025-12-11],,No,,,[in orbit],,------,Not registered with the United Nations.,,2025
[2025-294X],,?[STARLINK 35706],[USA],[2025-12-11],,No,,,[in orbit],,------,Not registered with the United Nations.,,2025
[2025-294R],,?[STARLINK 35891],[USA],[2025-12-11],,No,,,[in orbit],,------,Not registered with the United Nations.,,2025
[2025-294A],,?[STARLINK 36138],[USA],[2025-12-11],,No,,,[in orbit],,------,Not registered with the United Nations.,,2025
[2025-294B],,?[STARLINK 36150],[USA],[2025-12-11],,No,,,[in orbit],,------,Not registered with the United Nations.,,2025
[2025-294C],,?[STARLINK 36131],[USA],[2025-12-11],,No,,,[in orbit],,------,Not registered with the United Nations.,,2025
[2025-294D],,?[STARLINK 36137],[USA],[2025-12-11],,No,,,[in orbit],,------,Not registered with the United Nations.,,2025
[2025-294AD],,?[STARLINK 36141],[USA],[2025-12-11],,No,,,[in orbit],,------,Not registered with the United Nations.,,2025
[2025-294AE],,?[STARLINK 35767],[USA],[2025-12-11],,No,,,[in orbit],,------,Not registered with the United Nations.,,2025
[2025-294AA],,?[STARLINK 35754],[USA],[2025-12-11],,No,,,[in orbit],,------,Not registered with the United Nations.,,2025
[2025-294AB],,?[STARLINK 35790],[USA],[2025-12-11],,No,,,[in orbit],,------,Not registered with the United Nations.,,2025
[2025-294AC],,?[STARLINK 36143],[USA],[2025-12-11],,No,,,[in orbit],,------,Not registered with the United Nations.,,2025
[2025-293A],,?[STARLINK 35660],[USA],[2025-12-10],,No,,,[in orbit],,------,Not registered with the United Nations.,,2025
[2025-293B],,?[STARLINK 35913],[USA],[2025-12-10],,No,,,[in orbit],,------,Not registered with the United Nations.,,2025
[2025-293C],,?[STARLINK 36148],[USA],[2025-12-10],,No,,,[in orbit],,------,Not registered with the United Nations.,,2025
[2025-293D],,?[STARLINK 36156],[USA],[2025-12-10],,No,,,[in orbit],,------,Not registered with the United Nations.,,2025
[2025-293J],,?[STARLINK 36167],[USA],[2025-12-10],,No,,,[in orbit],,------,Not registered with the United Nations.,,2025
[2025-293L],,?[STARLINK 35856],[USA],[2025-12-10],,No,,,[in orbit],,------,Not registered with the United Nations.,,2025
[2025-293E],,?[STARLINK 36123],[USA],[2025-12-10],,No,,,[in orbit],,------,Not registered with the United Nations.,,2025
[2025-293F],,?[STARLINK 36163],[USA],[2025-12-10],,No,,,[in orbit],,------,Not registered with the United Nations.,,2025
[2025-293G],,?[STARLINK 36118],[USA],[2025-12-10],,No,,,[in orbit],,------,Not registered with the United Nations.,,2025
[2025-293H],,?[STARLINK 36189],[USA],[2025-12-10],,No,,,[in orbit],,------,Not registered with the United Nations.,,2025
[2025-293K],,?[STARLINK 36175],[USA],[2025-12-10],,No,,,[in orbit],,------,Not registered with the United Nations.,,2025
[2025-293M],,?[STARLINK 36207],[USA],[2025-12-10],,No,,,[in orbit],,------,Not registered with the United Nations.,,2025
[2025-293N],,?[STARLINK 36093],[USA],[2025-12-10],,No,,,[in orbit],,------,Not registered with the United Nations.,,2025
[2025-293AA],,?[STARLINK 36171],[USA],[2025-12-10],,No,,,[in orbit],,------,Not registered with the United Nations.,,2025
[2025-293AB],,?[STARLINK 36132],[USA],[2025-12-10],,No,,,[in orbit],,------,Not registered with the United Nations.,,2025
[2025-293AC],,?[STARLINK 36190],[USA],[2025-12-10],,No,,,[in orbit],,------,Not registered with the United Nations.,,2025
[2025-293Y],,?[STARLINK 36178],[USA],[2025-12-10],,No,,,[in orbit],,------,Not registered with the United Nations.,,2025
[2025-293Z],,?[STARLINK 36176],[USA],[2025-12-10],,No,,,[in orbit],,------,Not registered with the United Nations.,,2025
[2025-293Q],,?[STARLINK 35498],[USA],[2025-12-10],,No,,,[in orbit],,------,Not registered with the United Nations.,,2025
[2025-293S],,?[STARLINK 35688],[USA],[2025-12-10],,No,,,[in orbit],,------,Not registered with the United Nations.,,2025
[2025-293T],,?[STARLINK 36172],[USA],[2025-12-10],,No,,,[in orbit],,------,Not registered with the United Nations.,,2025
[2025-293U],,?[STARLINK 36184],[USA],[2025-12-10],,No,,,[in orbit],,------,Not registered with the United Nations.,,2025
[2025-293V],,?[STARLINK 36209],[USA],[2025-12-10],,No,,,[in orbit],,------,Not registered with the United Nations.,,2025
[2025-293W],,?[STARLINK 36191],[USA],[2025-12-10],,No,,,[in orbit],,------,Not registered with the United Nations.,,2025
[2025-293X],,?[STARLINK 36192],[USA],[2025-12-10],,No,,,[in orbit],,------,Not registered with the United Nations.,,2025
[2025-293P],,?[STARLINK 36120],[USA],[2025-12-10],,No,,,[in orbit],,------,Not registered with the United Nations.,,2025
[2025-293R],,?[STARLINK 36106],[USA],[2025-12-10],,No,,,[in orbit],,------,Not registered with the United Nations.,,2025
[2025-292*],,?[JILIN-1 GAOFEN 07D01],[China],[2025-12-10],,No,,,[in orbit],,------,Not registered with the United Nations. International Designator pending assignment.,,2025
[2025-292B],,?[ARAB SATELLITE 813],[(for United Arab Emirates)],[2025-12-10],,No,,,[in orbit],,------,Not registered with the United Nations..,,2025
[2025-291A],,?[USA 570],[USA],[2025-12-09],,No,,,[in orbit],,------,Not registered with the United Nations.,,2025
[2025-289A],,?[YAOGAN 47],[China],[2025-12-09],,No,,,[in orbit],,------,Not registered with the United Nations.,,2025
[2025-290A],,?[SHIYAN 22],[China],[2025-12-09],,No,,,[in orbit],,------,Not registered with the United Nations.,,2025
[2025-287A],,?[HULIANWANG DIGUI-114],[China],[2025-12-08],,No,,,[in orbit],,------,Not registered with the United Nations. Date of launch is 2025-12-08 using UTC.,,2025
[2025-287B],,?[HULIANWANG DIGUI-115],[China],[2025-12-08],,No,,,[in orbit],,------,Not registered with the United Nations. Date of launch is 2025-12-08 using UTC.,,2025
[2025-287C],,?[HULIANWANG DIGUI-116],[China],[2025-12-08],,No,,,[in orbit],,------,Not registered with the United Nations. Date of launch is 2025-12-08 using UTC.,,2025
[2025-287D],,?[HULIANWANG DIGUI-117],[China],[2025-12-08],,No,,,[in orbit],,------,Not registered with the United Nations. Date of launch is 2025-12-08 using UTC.,,2025
[2025-287E],,?[HULIANWANG DIGUI-118],[China],[2025-12-08],,No,,,[in orbit],,------,Not registered with the United Nations. Date of launch is 2025-12-08 using UTC.,,2025
[2025-288AA],,?[STARLINK 36145],[USA],[2025-12-08],,No,,,[in orbit],,------,Not registered with the United Nations.,,2025
[2025-288AB],,?[STARLINK 35591],[USA],[2025-12-08],,No,,,[in orbit],,------,Not registered with the United Nations.,,2025
[2025-288AC],,?[STARLINK 36103],[USA],[2025-12-08],,No,,,[in orbit],,------,Not registered with the United Nations.,,2025
[2025-288AD],,?[STARLINK 36135],[USA],[2025-12-08],,No,,,[in orbit],,------,Not registered with the United Nations.,,2025
[2025-288AE],,?[STARLINK 36147],[USA],[2025-12-08],,No,,,[in orbit],,------,Not registered with the United Nations.,,2025
[2025-288C],,?[STARLINK 35761],[USA],[2025-12-08],,No,,,[in orbit],,------,Not registered with the United Nations.,,2025
[2025-288A],,?[STARLINK 35887],[USA],[2025-12-08],,No,,,[in orbit],,------,Not registered with the United Nations.,,2025
[2025-288B],,?[STARLINK 35879],[USA],[2025-12-08],,No,,,[in orbit],,------,Not registered with the United Nations.,,2025
[2025-288D],,?[STARLINK 35874],[USA],[2025-12-08],,No,,,[in orbit],,------,Not registered with the United Nations.,,2025
[2025-288E],,?[STARLINK 36133],[USA],[2025-12-08],,No,,,[in orbit],,------,Not registered with the United Nations.,,2025
[2025-288F],,?[STARLINK 36104],[USA],[2025-12-08],,No,,,[in orbit],,------,Not registered with the United Nations.,,2025
[2025-288S],,?[STARLINK 35777],[USA],[2025-12-08],,No,,,[in orbit],,------,Not registered with the United Nations.,,2025
[2025-288T],,?[STARLINK 35772],[USA],[2025-12-08],,No,,,[in orbit],,------,Not registered with the United Nations.,,2025
[2025-288U],,?[STARLINK 35770],[USA],[2025-12-08],,No,,,[in orbit],,------,Not registered with the United Nations.,,2025
[2025-288V],,?[STARLINK 35787],[USA],[2025-12-08],,No,,,[in orbit],,------,Not registered with the United Nations.,,2025
[2025-288W],,?[STARLINK 36107],[USA],[2025-12-08],,No,,,[in orbit],,------,Not registered with the United Nations.,,2025
[2025-288X],,?[STARLINK 36086],[USA],[2025-12-08],,No,,,[in orbit],,------,Not registered with the United Nations.,,2025
[2025-288Y],,?[STARLINK 36142],[USA],[2025-12-08],,No,,,[in orbit],,------,Not registered with the United Nations.,,2025
[2025-288Z],,?[STARLINK 36113],[USA],[2025-12-08],,No,,,[in orbit],,------,Not registered with the United Nations.,,2025
[2025-288R],,?[STARLINK 35780],[USA],[2025-12-08],,No,,,[in orbit],,------,Not registered with the United Nations.,,2025
[2025-288G],,?[STARLINK 36067],[USA],[2025-12-08],,No,,,[in orbit],,------,Not registered with the United Nations.,,2025
[2025-288H],,?[STARLINK 36139],[USA],[2025-12-08],,No,,,[in orbit],,------,Not registered with the United Nations.,,2025
[2025-288J],,?[STARLINK 36136],[USA],[2025-12-08],,No,,,[in orbit],,------,Not registered with the United Nations.,,2025
[2025-288K],,?[STARLINK 36152],[USA],[2025-12-08],,No,,,[in orbit],,------,Not registered with the United Nations.,,2025
[2025-288L],,?[STARLINK 36149],[USA],[2025-12-08],,No,,,[in orbit],,------,Not registered with the United Nations.,,2025
[2025-288M],,?[STARLINK 35703],[USA],[2025-12-08],,No,,,[in orbit],,------,Not registered with the United Nations.,,2025
[2025-288N],,?[STARLINK 35678],[USA],[2025-12-08],,No,,,[in orbit],,------,Not registered with the United Nations.,,2025
[2025-288P],,?[STARLINK 34846],[USA],[2025-12-08],,No,,,[in orbit],,------,Not registered with the United Nations.,,2025
[2025-288Q],,?[STARLINK 35778],[USA],[2025-12-08],,No,,,[in orbit],,------,Not registered with the United Nations.,,2025
[2025-286C],,?[STARLINK 35943],[USA],[2025-12-07],,No,,,[in orbit],,------,Not registered with the United Nations.,,2025
[2025-286A],,?[STARLINK 35887],[USA],[2025-12-07],,No,,,[in orbit],,------,Not registered with the United Nations.,,2025
[2025-286B],,?[STARLINK 35942],[USA],[2025-12-07],,No,,,[in orbit],,------,Not registered with the United Nations.,,2025
[2025-286D],,?[STARLINK 35944],[USA],[2025-12-07],,No,,,[in orbit],,------,Not registered with the United Nations.,,2025
[2025-286E],,?[STARLINK 36169],[USA],[2025-12-07],,No,,,[in orbit],,------,Not registered with the United Nations.,,2025
[2025-286G],,?[STARLINK 36130],[USA],[2025-12-07],,No,,,[in orbit],,------,Not registered with the United Nations.,,2025
[2025-286F],,?[STARLINK 36206],[USA],[2025-12-07],,No,,,[in orbit],,------,Not registered with the United Nations.,,2025
[2025-286AB],,?[STARLINK 36111],[USA],[2025-12-07],,No,,,[in orbit],,------,Not registered with the United Nations.,,2025
[2025-286AC],,?[STARLINK 35999],[USA],[2025-12-07],,No,,,[in orbit],,------,Not registered with the United Nations.,,2025
[2025-286AD],,?[STARLINK 36122],[USA],[2025-12-07],,No,,,[in orbit],,------,Not registered with the United Nations.,,2025
[2025-286Q],,?[STARLINK 36154],[USA],[2025-12-07],,No,,,[in orbit],,------,Not registered with the United Nations.,,2025
[2025-286H],,?[STARLINK 36177],[USA],[2025-12-07],,No,,,[in orbit],,------,Not registered with the United Nations.,,2025
[2025-286J],,?[STARLINK 36157],[USA],[2025-12-07],,No,,,[in orbit],,------,Not registered with the United Nations.,,2025
[2025-286K],,?[STARLINK 36153],[USA],[2025-12-07],,No,,,[in orbit],,------,Not registered with the United Nations.,,2025
[2025-286L],,?[STARLINK 36127],[USA],[2025-12-07],,No,,,[in orbit],,------,Not registered with the United Nations.,,2025
[2025-286M],,?[STARLINK 36160],[USA],[2025-12-07],,No,,,[in orbit],,------,Not registered with the United Nations.,,2025
[2025-286N],,?[STARLINK 36165],[USA],[2025-12-07],,No,,,[in orbit],,------,Not registered with the United Nations.,,2025
[2025-286P],,?[STARLINK 36155],[USA],[2025-12-07],,No,,,[in orbit],,------,Not registered with the United Nations.,,2025
[2025-286R],,?[STARLINK 36121],[USA],[2025-12-07],,No,,,[in orbit],,------,Not registered with the United Nations.,,2025
[2025-286AA],,?[STARLINK 36096],[USA],[2025-12-07],,No,,,[in orbit],,------,Not registered with the United Nations.,,2025
[2025-286X],,?[STARLINK 36115],[USA],[2025-12-07],,No,,,[in orbit],,------,Not registered with the United Nations.,,2025
[2025-286S],,?[STARLINK 36088],[USA],[2025-12-07],,No,,,[in orbit],,------,Not registered with the United Nations.,,2025
[2025-286T],,?[STARLINK 36100],[USA],[2025-12-07],,No,,,[in orbit],,------,Not registered with the United Nations.,,2025
[2025-286U],,?[STARLINK 36109],[USA],[2025-12-07],,No,,,[in orbit],,------,Not registered with the United Nations.,,2025
[2025-286V],,?[STARLINK 36112],[USA],[2025-12-07],,No,,,[in orbit],,------,Not registered with the United Nations.,,2025
[2025-286W],,?[STARLINK 36110],[USA],[2025-12-07],,No,,,[in orbit],,------,Not registered with the United Nations.,,2025
[2025-286Y],,?[STARLINK 36089],[USA],[2025-12-07],,No,,,[in orbit],,------,Not registered with the United Nations.,,2025
[2025-286Z],,?[STARLINK 36116],[USA],[2025-12-07],,No,,,[in orbit],,------,Not registered with the United Nations.,,2025
[2025-285B],,?[HULIANWANG DIGUI-106],[China],[2025-12-06],,No,,,[in orbit],,------,Not registered with the United Nations.,,2025
[2025-285C],,?[HULIANWANG DIGUI-107],[China],[2025-12-06],,No,,,[in orbit],,------,Not registered with the United Nations.,,2025
[2025-285D],,?[HULIANWANG DIGUI-108],[China],[2025-12-06],,No,,,[in orbit],,------,Not registered with the United Nations.,,2025
[2025-285E],,?[HULIANWANG DIGUI-109],[China],[2025-12-06],,No,,,[in orbit],,------,Not registered with the United Nations.,,2025
[2025-285F],,?[HULIANWANG DIGUI-110],[China],[2025-12-06],,No,,,[in orbit],,------,Not registered with the United Nations.,,2025
[2025-285G],,?[HULIANWANG DIGUI-111],[China],[2025-12-06],,No,,,[in orbit],,------,Not registered with the United Nations.,,2025
[2025-285H],,?[HULIANWANG DIGUI-112],[China],[2025-12-06],,No,,,[in orbit],,------,Not registered with the United Nations.,,2025
[2025-285J],,?[HULIANWANG DIGUI-113],[China],[2025-12-06],,No,,,[in orbit],,------,Not registered with the United Nations.,,2025
[2025-285A],,?[HULIANWANG DIGUI-105],[China],[2025-12-06],,No,,,[in orbit],,------,Not registered with the United Nations.,,2025
[2025-276*],,?[FRG 10D1],[(for T?rkiye)],[2025-12-06],,No,,,[in orbit],,------,Not registered with the United Nations. International Designator pending assignment. Date of launch is date of deployment from FGN-TUG-S01.,,2025
[2025-284*],,?[VHF DATA EXCHANGE SYSTEM (VDES)],[China],[2025-12-05],,No,,,[in orbit],,------,Not registered with the United Nations. International Designator pending assignment.,,2025
[2025-283K],,?[STARLINK 35925],[USA],[2025-12-04],,No,,,[in orbit],,------,Not registered with the United Nations.,,2025
[2025-283J],,?[STARLINK 35900],[USA],[2025-12-04],,No,,,[in orbit],,------,Not registered with the United Nations.,,2025
[2025-283L],,?[STARLINK 35919],[USA],[2025-12-04],,No,,,[in orbit],,------,Not registered with the United Nations.,,2025
[2025-283M],,?[STARLINK 35852],[USA],[2025-12-04],,No,,,[in orbit],,------,Not registered with the United Nations.,,2025
[2025-283N],,?[STARLINK 35885],[USA],[2025-12-04],,No,,,[in orbit],,------,Not registered with the United Nations.,,2025
[2025-283P],,?[STARLINK 35855],[USA],[2025-12-04],,No,,,[in orbit],,------,Not registered with the United Nations.,,2025
[2025-283Q],,?[STARLINK 35883],[USA],[2025-12-04],,No,,,[in orbit],,------,Not registered with the United Nations.,,2025
[2025-283S],,?[STARLINK 35718],[USA],[2025-12-04],,No,,,[in orbit],,------,Not registered with the United Nations.,,2025
[2025-283R],,?[STARLINK 36033],[USA],[2025-12-04],,No,,,[in orbit],,------,Not registered with the United Nations.,,2025
[2025-283AC],,?[STARLINK 36059],[USA],[2025-12-04],,No,,,[in orbit],,------,Not registered with the United Nations.,,2025
[2025-283AD],,?[STARLINK 36075],[USA],[2025-12-04],,No,,,[in orbit],,------,Not registered with the United Nations.,,2025
[2025-283AA],,?[STARLINK 35983],[USA],[2025-12-04],,No,,,[in orbit],,------,Not registered with the United Nations.,,2025
[2025-283AB],,?[STARLINK 36077],[USA],[2025-12-04],,No,,,[in orbit],,------,Not registered with the United Nations.,,2025
[2025-283T],,?[STARLINK 35971],[USA],[2025-12-04],,No,,,[in orbit],,------,Not registered with the United Nations.,,2025
[2025-283U],,?[STARLINK 35791],[USA],[2025-12-04],,No,,,[in orbit],,------,Not registered with the United Nations.,,2025
[2025-283V],,?[STARLINK 36079],[USA],[2025-12-04],,No,,,[in orbit],,------,Not registered with the United Nations.,,2025
[2025-283W],,?[STARLINK 36065],[USA],[2025-12-04],,No,,,[in orbit],,------,Not registered with the United Nations.,,2025
[2025-283X],,?[STARLINK 36064],[USA],[2025-12-04],,No,,,[in orbit],,------,Not registered with the United Nations.,,2025
[2025-283Y],,?[STARLINK 36074],[USA],[2025-12-04],,No,,,[in orbit],,------,Not registered with the United Nations.,,2025
[2025-283Z],,?[STARLINK 36043],[USA],[2025-12-04],,No,,,[in orbit],,------,Not registered with the United Nations.,,2025
[2025-283A],,?[STARLINK 35866],[USA],[2025-12-04],,No,,,[in orbit],,------,Not registered with the United Nations.,,2025
[2025-283B],,?[STARLINK 35749],[USA],[2025-12-04],,No,,,[in orbit],,------,Not registered with the United Nations.,,2025
[2025-283C],,?[STARLINK 35844],[USA],[2025-12-04],,No,,,[in orbit],,------,Not registered with the United Nations.,,2025
[2025-283D],,?[STARLINK 35860],[USA],[2025-12-04],,No,,,[in orbit],,------,Not registered with the United Nations.,,2025
[2025-283E],,?[STARLINK 35912],[USA],[2025-12-04],,No,,,[in orbit],,------,Not registered with the United Nations.,,2025
[2025-283F],,?[STARLINK 35947],[USA],[2025-12-04],,No,,,[in orbit],,------,Not registered with the United Nations.,,2025
[2025-283G],,?[STARLINK 36057],[USA],[2025-12-04],,No,,,[in orbit],,------,Not registered with the United Nations.,,2025
[2025-283H],,?[STARLINK 35954],[USA],[2025-12-04],,No,,,[in orbit],,------,Not registered with the United Nations.,,2025
[2025-282A],,?[DUMMY SATELLITE/ ZQ-3 R/B],[China],[2025-12-03],,No,,,[decayed],[2026-01-30],------,Not registered with the United Nations.,,2025
[2025-280A],,?[STARLINK 35966],[USA],[2025-12-02],,No,,,[in orbit],,------,Not registered with the United Nations. Date of launch is 2025-12-02 using UTC.,,2025
[2025-281L],,?[STARLINK 35118],[USA],[2025-12-02],,No,,,[in orbit],,------,Not registered with the United Nations.,,2025
[2025-281M],,?[STARLINK 35646],[USA],[2025-12-02],,No,,,[in orbit],,------,Not registered with the United Nations.,,2025
[2025-281N],,?[STARLINK 35987],[USA],[2025-12-02],,No,,,[in orbit],,------,Not registered with the United Nations.,,2025
[2025-281P],,?[STARLINK 35991],[USA],[2025-12-02],,No,,,[in orbit],,------,Not registered with the United Nations.,,2025
[2025-281Q],,?[STARLINK 35974],[USA],[2025-12-02],,No,,,[in orbit],,------,Not registered with the United Nations.,,2025
[2025-281S],,?[STARLINK 36070],[USA],[2025-12-02],,No,,,[in orbit],,------,Not registered with the United Nations.,,2025
[2025-281T],,?[STARLINK 36117],[USA],[2025-12-02],,No,,,[in orbit],,------,Not registered with the United Nations.,,2025
[2025-281U],,?[STARLINK 36126],[USA],[2025-12-02],,No,,,[in orbit],,------,Not registered with the United Nations.,,2025
[2025-281R],,?[STARLINK 36134],[USA],[2025-12-02],,No,,,[in orbit],,------,Not registered with the United Nations.,,2025
[2025-281D],,?[STARLINK 36094],[USA],[2025-12-02],,No,,,[in orbit],,------,Not registered with the United Nations.,,2025
[2025-281C],,?[STARLINK 36105],[USA],[2025-12-02],,No,,,[in orbit],,------,Not registered with the United Nations.,,2025
[2025-281E],,?[STARLINK 35992],[USA],[2025-12-02],,No,,,[in orbit],,------,Not registered with the United Nations.,,2025
[2025-281F],,?[STARLINK 35986],[USA],[2025-12-02],,No,,,[in orbit],,------,Not registered with the United Nations.,,2025
[2025-281G],,?[STARLINK 36087],[USA],[2025-12-02],,No,,,[in orbit],,------,Not registered with the United Nations.,,2025
[2025-281H],,?[STARLINK 36090],[USA],[2025-12-02],,No,,,[in orbit],,------,Not registered with the United Nations.,,2025
[2025-281J],,?[STARLINK 36072],[USA],[2025-12-02],,No,,,[in orbit],,------,Not registered with the United Nations.,,2025
[2025-281K],,?[STARLINK 36083],[USA],[2025-12-02],,No,,,[in orbit],,------,Not registered with the United Nations.,,2025
[2025-281B],,?[STARLINK 36102],[USA],[2025-12-02],,No,,,[in orbit],,------,Not registered with the United Nations.,,2025
[2025-280L],,?[STARLINK 35788],[USA],[2025-12-02],,No,,,[in orbit],,------,Not registered with the United Nations. Date of launch is 2025-12-02 using UTC.,,2025
[2025-280M],,?[STARLINK 35768],[USA],[2025-12-02],,No,,,[in orbit],,------,Not registered with the United Nations. Date of launch is 2025-12-02 using UTC.,,2025
[2025-280N],,?[STARLINK 35858],[USA],[2025-12-02],,No,,,[in orbit],,------,Not registered with the United Nations. Date of launch is 2025-12-02 using UTC.,,2025
[2025-280P],,?[STARLINK 35840],[USA],[2025-12-02],,No,,,[in orbit],,------,Not registered with the United Nations. Date of launch is 2025-12-02 using UTC.,,2025
[2025-280Q],,?[STARLINK 35890],[USA],[2025-12-02],,No,,,[in orbit],,------,Not registered with the United Nations. Date of launch is 2025-12-02 using UTC.,,2025
[2025-280R],,?[STARLINK 35838],[USA],[2025-12-02],,No,,,[in orbit],,------,Not registered with the United Nations. Date of launch is 2025-12-02 using UTC.,,2025
[2025-280S],,?[STARLINK 35729],[USA],[2025-12-02],,No,,,[in orbit],,------,Not registered with the United Nations. Date of launch is 2025-12-02 using UTC.,,2025
[2025-280T],,?[STARLINK 35886],[USA],[2025-12-02],,No,,,[in orbit],,------,Not registered with the United Nations. Date of launch is 2025-12-02 using UTC.,,2025
[2025-280U],,?[STARLINK 35717],[USA],[2025-12-02],,No,,,[in orbit],,------,Not registered with the United Nations. Date of launch is 2025-12-02 using UTC.,,2025
[2025-281AE],,?[STARLINK 35702],[USA],[2025-12-02],,No,,,[in orbit],,------,Not registered with the United Nations.,,2025
[2025-280AA],,?[STARLINK 36068],[USA],[2025-12-02],,No,,,[in orbit],,------,Not registered with the United Nations. Date of launch is 2025-12-02 using UTC.,,2025
[2025-280AB],,?[STARLINK 36055],[USA],[2025-12-02],,No,,,[in orbit],,------,Not registered with the United Nations. Date of launch is 2025-12-02 using UTC.,,2025
[2025-280AC],,?[STARLINK 36061],[USA],[2025-12-02],,No,,,[in orbit],,------,Not registered with the United Nations. Date of launch is 2025-12-02 using UTC.,,2025
[2025-280V],,?[STARLINK 35837],[USA],[2025-12-02],,No,,,[in orbit],,------,Not registered with the United Nations. Date of launch is 2025-12-02 using UTC.,,2025
[2025-280W],,?[STARLINK 35715],[USA],[2025-12-02],,No,,,[in orbit],,------,Not registered with the United Nations. Date of launch is 2025-12-02 using UTC.,,2025
[2025-280X],,?[STARLINK 35769],[USA],[2025-12-02],,No,,,[in orbit],,------,Not registered with the United Nations. Date of launch is 2025-12-02 using UTC.,,2025
[2025-280Y],,?[STARLINK 35997],[USA],[2025-12-02],,No,,,[in orbit],,------,Not registered with the United Nations. Date of launch is 2025-12-02 using UTC.,,2025
[2025-280Z],,?[STARLINK 36073],[USA],[2025-12-02],,No,,,[in orbit],,------,Not registered with the United Nations. Date of launch is 2025-12-02 using UTC.,,2025
[2025-281A],,?[STARLINK 36091],[USA],[2025-12-02],,No,,,[in orbit],,------,Not registered with the United Nations.,,2025
[2025-281AA],,?[STARLINK 36082],[USA],[2025-12-02],,No,,,[in orbit],,------,Not registered with the United Nations.,,2025
[2025-281AB],,?[STARLINK 36128],[USA],[2025-12-02],,No,,,[in orbit],,------,Not registered with the United Nations.,,2025
[2025-281AC],,?[STARLINK 36129],[USA],[2025-12-02],,No,,,[in orbit],,------,Not registered with the United Nations.,,2025
[2025-281AD],,?[STARLINK 36053],[USA],[2025-12-02],,No,,,[in orbit],,------,Not registered with the United Nations.,,2025
[2025-281Z],,?[STARLINK 36095],[USA],[2025-12-02],,No,,,[in orbit],,------,Not registered with the United Nations.,,2025
[2025-281V],,?[STARLINK 36101],[USA],[2025-12-02],,No,,,[in orbit],,------,Not registered with the United Nations.,,2025
[2025-281W],,?[STARLINK 36108],[USA],[2025-12-02],,No,,,[in orbit],,------,Not registered with the United Nations.,,2025
[2025-281X],,?[STARLINK 36092],[USA],[2025-12-02],,No,,,[in orbit],,------,Not registered with the United Nations.,,2025
[2025-281Y],,?[STARLINK 36114],[USA],[2025-12-02],,No,,,[in orbit],,------,Not registered with the United Nations.,,2025
[2025-280G],,?[STARLINK 35959],[USA],[2025-12-02],,No,,,[in orbit],,------,Not registered with the United Nations. Date of launch is 2025-12-02 using UTC.,,2025
[2025-280K],,?[STARLINK 35881],[USA],[2025-12-02],,No,,,[in orbit],,------,Not registered with the United Nations. Date of launch is 2025-12-02 using UTC.,,2025
[2025-280B],,?[STARLINK 35958],[USA],[2025-12-02],,No,,,[in orbit],,------,Not registered with the United Nations. Date of launch is 2025-12-02 using UTC.,,2025
[2025-280C],,?[STARLINK 35957],[USA],[2025-12-02],,No,,,[in orbit],,------,Not registered with the United Nations. Date of launch is 2025-12-02 using UTC.,,2025
[2025-280D],,?[STARLINK 35896],[USA],[2025-12-02],,No,,,[in orbit],,------,Not registered with the United Nations. Date of launch is 2025-12-02 using UTC.,,2025
[2025-280E],,?[STARLINK 35476],[USA],[2025-12-02],,No,,,[in orbit],,------,Not registered with the United Nations. Date of launch is 2025-12-02 using UTC.,,2025
[2025-280F],,?[STARLINK 35898],[USA],[2025-12-02],,No,,,[in orbit],,------,Not registered with the United Nations. Date of launch is 2025-12-02 using UTC.,,2025
[2025-280H],,?[STARLINK 35982],[USA],[2025-12-02],,No,,,[in orbit],,------,Not registered with the United Nations. Date of launch is 2025-12-02 using UTC.,,2025
[2025-280J],,?[STARLINK 36084],[USA],[2025-12-02],,No,,,[in orbit],,------,Not registered with the United Nations. Date of launch is 2025-12-02 using UTC.,,2025
[1998-067X*],,?[FORAS PROMINEO],[(for USA)],[2025-12-02],,No,,,[in orbit],,------,Not registered with the United Nations. International Designator pending assignment. Date of launch is date of deployment from the ISS.,,2025
[1998-067XS],,?[DUPLEX],[(for USA)],[2025-12-02],,No,,,[in orbit],,------,Not registered with the United Nations. Date of launch is date of deployment from the ISS.,,2025
[1998-067XV],,?[SILVERSAT],[(for USA)],[2025-12-02],,No,,,[in orbit],,------,Not registered with the United Nations. Date of launch is date of deployment from the ISS.,,2025
[2025-278AB],,?[STARLINK 36098],[USA],[2025-12-01],,No,,,[in orbit],,------,Not registered with the United Nations.,,2025
[2025-278AD],,?[STARLINK 35994],[USA],[2025-12-01],,No,,,[in orbit],,------,Not registered with the United Nations.,,2025
[2025-278AA],,?[STARLINK 35985],[USA],[2025-12-01],,No,,,[in orbit],,------,Not registered with the United Nations.,,2025
[2025-278AC],,?[STARLINK 35995],[USA],[2025-12-01],,No,,,[in orbit],,------,Not registered with the United Nations.,,2025
[2025-278AE],,?[STARLINK 35989],[USA],[2025-12-01],,No,,,[in orbit],,------,Not registered with the United Nations.,,2025
[2025-278X],,?[STARLINK 36054],[USA],[2025-12-01],,No,,,[in orbit],,------,Not registered with the United Nations.,,2025
[2025-278Y],,?[STARLINK 36042],[USA],[2025-12-01],,No,,,[in orbit],,------,Not registered with the United Nations.,,2025
[2025-278Z],,?[STARLINK 35984],[USA],[2025-12-01],,No,,,[in orbit],,------,Not registered with the United Nations.,,2025
[2025-278N],,?[STARLINK 35565],[USA],[2025-12-01],,No,,,[in orbit],,------,Not registered with the United Nations.,,2025
[2025-278P],,?[STARLINK 36038],[USA],[2025-12-01],,No,,,[in orbit],,------,Not registered with the United Nations.,,2025
[2025-278Q],,?[STARLINK 36049],[USA],[2025-12-01],,No,,,[in orbit],,------,Not registered with the United Nations.,,2025
[2025-278S],,?[STARLINK 36000],[USA],[2025-12-01],,No,,,[in orbit],,------,Not registered with the United Nations.,,2025
[2025-278T],,?[STARLINK 36071],[USA],[2025-12-01],,No,,,[in orbit],,------,Not registered with the United Nations.,,2025
[2025-278U],,?[STARLINK 35979],[USA],[2025-12-01],,No,,,[in orbit],,------,Not registered with the United Nations.,,2025
[2025-278V],,?[STARLINK 36046],[USA],[2025-12-01],,No,,,[in orbit],,------,Not registered with the United Nations.,,2025
[2025-278W],,?[STARLINK 36045],[USA],[2025-12-01],,No,,,[in orbit],,------,Not registered with the United Nations.,,2025
[2025-278R],,?[STARLINK 36069],[USA],[2025-12-01],,No,,,[in orbit],,------,Not registered with the United Nations.,,2025
[2025-278D],,?[STARLINK 36062],[USA],[2025-12-01],,No,,,[in orbit],,------,Not registered with the United Nations.,,2025
[2025-278E],,?[STARLINK 36047],[USA],[2025-12-01],,No,,,[in orbit],,------,Not registered with the United Nations.,,2025
[2025-278F],,?[STARLINK 35964],[USA],[2025-12-01],,No,,,[in orbit],,------,Not registered with the United Nations.,,2025
[2025-278G],,?[STARLINK 36099],[USA],[2025-12-01],,No,,,[in orbit],,------,Not registered with the United Nations.,,2025
[2025-278H],,?[STARLINK 36041],[USA],[2025-12-01],,No,,,[in orbit],,------,Not registered with the United Nations.,,2025
[2025-278J],,?[STARLINK 36044],[USA],[2025-12-01],,No,,,[in orbit],,------,Not registered with the United Nations.,,2025
[2025-278K],,?[STARLINK 35996],[USA],[2025-12-01],,No,,,[in orbit],,------,Not registered with the United Nations.,,2025
[2025-278L],,?[STARLINK 36080],[USA],[2025-12-01],,No,,,[in orbit],,------,Not registered with the United Nations.,,2025
[2025-278M],,?[STARLINK 35604],[USA],[2025-12-01],,No,,,[in orbit],,------,Not registered with the United Nations.,,2025
[2025-278A],,?[STARLINK 35867],[USA],[2025-12-01],,No,,,[in orbit],,------,Not registered with the United Nations.,,2025
[2025-278B],,?[STARLINK 35990],[USA],[2025-12-01],,No,,,[in orbit],,------,Not registered with the United Nations.,,2025
[2025-278C],,?[STARLINK 36051],[USA],[2025-12-01],,No,,,[in orbit],,------,Not registered with the United Nations.,,2025
[2025-279A],,?[KOMPSAT 7],[(for Republic of Korea)],[2025-12-01],,No,,,[in orbit],,------,Not registered with the United Nations.,,2025
[2025-277A],,?[SHI JIAN 28 (SJ 28)],[China],[2025-11-30],,No,,,[in GSO],,------,Not registered with the United Nations.,,2025
2025-276CH,,AC1-002?,United Kingdom,11/28/2025,,Yes,ST/SG/SER.E/1319,,in orbit,,Data collection,The registration submission for this space object is presently being processed by the United Nations Secretariat. International Designator provided by State of registry.,,2025
2025-276CG,,AC1-001?,United Kingdom,11/28/2025,,Yes,ST/SG/SER.E/1319,,in orbit,,Data collection,The registration submission for this space object is presently being processed by the United Nations Secretariat. International Designator provided by State of registry.,,2025
2025-276Z,,AC1-003?,United Kingdom,11/28/2025,,Yes,ST/SG/SER.E/1319,,in orbit,,Data collection,The registration submission for this space object is presently being processed by the United Nations Secretariat. International Designator provided by State of registry.,,2025
[2025-276W],,?[LEMUR 2-STAS-GORBUK],[USA],[2025-11-28],,No,,,[in orbit],,------,Not registered with the United Nations.,,2025
[2025-276DE],,?[T MICROSAT-1],[(for Taiwan Province of China)],[2025-11-28],,No,,,[in orbit],,------,Not registered with the United Nations.,,2025
[2025-276DJ],,?[LILIUM 3],[(for Taiwan Province of China)],[2025-11-28],,No,,,[in orbit],,------,Not registered with the United Nations.,,2025
[2025-276DQ],,?[LEMUR-2 LAILA],[USA],[2025-11-28],,No,,,[in orbit],,------,Not registered with the United Nations.,,2025
[2025-276CP],,?[ICEYE X58],[(for Finland)],[2025-11-28],,No,,,[in orbit],,------,Not registered with the United Nations.,,2025
[2025-276DR],,?[LUNA 1],[(for T?rkiye)],[2025-11-28],,No,,,[in orbit],,------,Not registered with the United Nations.,,2025
[2025-276E],,?[HUNITY 1],[(for Hungary)],[2025-11-28],,No,,,[in orbit],,------,Not registered with the United Nations.,,2025
[2025-276P],,?[LILIUM 2],[(for Taiwan Province of China)],[2025-11-28],,No,,,[in orbit],,------,Not registered with the United Nations.,,2025
[2025-276CR],,?[ICEYE X60],[(for Finland)],[2025-11-28],,No,,,[in orbit],,------,Not registered with the United Nations.,,2025
[2025-276CS],,?[ICEYE X61],[(for Finland)],[2025-11-28],,No,,,[in orbit],,------,Not registered with the United Nations.,,2025
[2025-276CT],,?[ICEYE X62],[(for Finland)],[2025-11-28],,No,,,[in orbit],,------,Not registered with the United Nations.,,2025
[2025-276DN],,?[GENA OT-1],[(for Germany)],[2025-11-28],,No,,,[in orbit],,------,Not registered with the United Nations.,,2025
[2025-276CK],,?[W SERIES 5],[USA],[2025-11-28],,No,,,[in orbit],,------,Not registered with the United Nations.,,2025
[2025-276DL],,?[IHI SAT-2],[(for Japan)],[2025-11-28],,No,,,[in orbit],,------,Not registered with the United Nations.,,2025
[2025-276AS],,?[FLOCK 4H 3],[USA],[2025-11-28],,No,,,[in orbit],,------,Not registered with the United Nations.,,2025
[2025-276AM],,?[IRIDE FM7],[(for Italy)],[2025-11-28],,No,,,[in orbit],,------,Not registered with the United Nations.,,2025
[2025-276AN],,?[IRIDE FM8],[(for Italy)],[2025-11-28],,No,,,[in orbit],,------,Not registered with the United Nations.,,2025
[2025-276AQ],,?[FLOCK 4H 1],[USA],[2025-11-28],,No,,,[in orbit],,------,Not registered with the United Nations.,,2025
[2025-276AR],,?[FLOCK 4H 2],[USA],[2025-11-28],,No,,,[in orbit],,------,Not registered with the United Nations.,,2025
[2025-276AT],,?[FLOCK 4H 4],[USA],[2025-11-28],,No,,,[in orbit],,------,Not registered with the United Nations.,,2025
[2025-276AU],,?[FLOCK 4H 5],[USA],[2025-11-28],,No,,,[in orbit],,------,Not registered with the United Nations.,,2025
[2025-276AV],,?[FLOCK 4H 6],[USA],[2025-11-28],,No,,,[in orbit],,------,Not registered with the United Nations.,,2025
[2025-276AP],,?[PELICAN 6],[USA],[2025-11-28],,No,,,[in orbit],,------,Not registered with the United Nations.,,2025
[2025-276AE],,?[YAM 9],[USA],[2025-11-28],,No,,,[in orbit],,------,Not registered with the United Nations.,,2025
[2025-276A],,?[FORMOSAT 8A],[(for Taiwan Province of China)],[2025-11-28],,No,,,[in orbit],,------,Not registered with the United Nations.,,2025
[2025-276AF],,?[IRIDE FM1],[(for Italy)],[2025-11-28],,No,,,[in orbit],,------,Not registered with the United Nations.,,2025
[2025-276AG],,?[IRIDE FM2],[(for Italy)],[2025-11-28],,No,,,[in orbit],,------,Not registered with the United Nations.,,2025
[2025-276CE],,?[MERCURY ONE (M1)],[USA],[2025-11-28],,No,,,[in orbit],,------,Not registered with the United Nations.,,2025
[2025-276BY],,?[FLOCK 4H 33],[USA],[2025-11-28],,No,,,[in orbit],,------,Not registered with the United Nations.,,2025
[2025-276BZ],,?[FLOCK 4H 34],[USA],[2025-11-28],,No,,,[in orbit],,------,Not registered with the United Nations.,,2025
[2025-276AK],,?[IRIDE FM5],[(for Italy)],[2025-11-28],,No,,,[in orbit],,------,Not registered with the United Nations.,,2025
[2025-276AL],,?[IRIDE FM6],[(for Italy)],[2025-11-28],,No,,,[in orbit],,------,Not registered with the United Nations.,,2025
[2025-276AZ],,?[FLOCK 4H 10],[USA],[2025-11-28],,No,,,[in orbit],,------,Not registered with the United Nations.,,2025
[2025-276BA],,?[FLOCK 4H 11],[USA],[2025-11-28],,No,,,[in orbit],,------,Not registered with the United Nations.,,2025
[2025-276BB],,?[FLOCK 4H 12],[USA],[2025-11-28],,No,,,[in orbit],,------,Not registered with the United Nations.,,2025
[2025-276BD],,?[FLOCK 4H 14],[USA],[2025-11-28],,No,,,[in orbit],,------,Not registered with the United Nations.,,2025
[2025-276BC],,?[FLOCK 4H 13],[USA],[2025-11-28],,No,,,[in orbit],,------,Not registered with the United Nations.,,2025
[2025-276AW],,?[FLOCK 4H 7],[USA],[2025-11-28],,No,,,[in orbit],,------,Not registered with the United Nations.,,2025
[2025-276AX],,?[FLOCK 4H 8],[USA],[2025-11-28],,No,,,[in orbit],,------,Not registered with the United Nations.,,2025
[2025-276AY],,?[FLOCK 4H 9],[USA],[2025-11-28],,No,,,[in orbit],,------,Not registered with the United Nations.,,2025
[2025-276AJ],,?[IRIDE FM4],[(for Italy)],[2025-11-28],,No,,,[in orbit],,------,Not registered with the United Nations.,,2025
[2025-276BE],,?[FLOCK 4H 15],[USA],[2025-11-28],,No,,,[in orbit],,------,Not registered with the United Nations.,,2025
[2025-276BG],,?[FLOCK 4H 17],[USA],[2025-11-28],,No,,,[in orbit],,------,Not registered with the United Nations.,,2025
[2025-276BH],,?[FLOCK 4H 18],[USA],[2025-11-28],,No,,,[in orbit],,------,Not registered with the United Nations.,,2025
[2025-276BJ],,?[FLOCK 4H 19],[USA],[2025-11-28],,No,,,[in orbit],,------,Not registered with the United Nations.,,2025
[2025-276BK],,?[FLOCK 4H 20],[USA],[2025-11-28],,No,,,[in orbit],,------,Not registered with the United Nations.,,2025
[2025-276BL],,?[FLOCK 4H 21],[USA],[2025-11-28],,No,,,[in orbit],,------,Not registered with the United Nations.,,2025
[2025-276BM],,?[FLOCK 4H 22],[USA],[2025-11-28],,No,,,[in orbit],,------,Not registered with the United Nations.,,2025
[2025-276BN],,?[FLOCK 4H 23],[USA],[2025-11-28],,No,,,[in orbit],,------,Not registered with the United Nations.,,2025
[2025-276BF],,?[FLOCK 4H 16],[USA],[2025-11-28],,No,,,[in orbit],,------,Not registered with the United Nations.,,2025
[2025-276AH],,?[IRIDE FM3],[(for Italy)],[2025-11-28],,No,,,[in orbit],,------,Not registered with the United Nations.,,2025
[2025-276BP],,?[FLOCK 4H 24],[USA],[2025-11-28],,No,,,[in orbit],,------,Not registered with the United Nations.,,2025
[2025-276BQ],,?[FLOCK 4H 25],[USA],[2025-11-28],,No,,,[in orbit],,------,Not registered with the United Nations.,,2025
[2025-276BR],,?[FLOCK 4H 26],[USA],[2025-11-28],,No,,,[in orbit],,------,Not registered with the United Nations.,,2025
[2025-276BS],,?[FLOCK 4H 27],[USA],[2025-11-28],,No,,,[in orbit],,------,Not registered with the United Nations.,,2025
