,,,,,,,,,,,,,
International Designator,National Designator,Name of Space Object,State/Organization,Date of Launch,GSO Location,UN Registered,Registration Document,Other Documents,Status,Date of Decay or Change,Function of Space Object,Secretariat`s Remarks,External website
2020-104A,,CSO 2 ,France,12/29/2020,,Yes,ST/SG/SER.E/982,,in orbit,,Earth observation,------,
2020-103A,,Yaogan 33 ,China,12/27/2020,,Yes,ST/SG/SER.E/1033,,in orbit,,Remote sensing satellite,------,
2020-103B,,Weina 2 ,China,12/27/2020,,Yes,ST/SG/SER.E/1033,,in orbit,,Remote sensing satellite,------,
2020-102B,,Haisi 1 ,China,12/22/2020,,Yes,ST/SG/SER.E/1033,,in orbit,,Used for space science experiments and technological verification,------,
2020-102E,,SMART01 A [ET SMART-RSS],China,12/22/2020,,Yes,ST/SG/SER.E/1033,,[decayed],[2023-10-21],Earth observation satellite,------,
2020-102D,,Tianqi 8 ,China,12/22/2020,[------],Yes,ST/SG/SER.E/1033,,[decayed],[2024-06-14],Communications satellite,------,
2020-102A,,Yuanguang ,China,12/22/2020,[------],Yes,ST/SG/SER.E/1033,,[decayed],[2024-06-15],Used for space science experiments and technological verification,------,
2020-101A,,USA 312 ,USA,12/19/2020,,Yes,ST/SG/SER.E/971,,in orbit,,Spacecraft engaged in practical applications and uses of space technology such as weather or communications,------,
2020-101B,,USA 313 ,USA,12/19/2020,,Yes,ST/SG/SER.E/971,,in orbit,,Spacecraft engaged in practical applications and uses of space technology such as weather or communications,------,
2020-100F,47263,OWLID00080 (SL0117) [ONEWEB 0117],United Kingdom,12/18/2020,,Yes,ST/SG/SER.E/965,ST/SG/SER.E/968,in orbit,,Communications satellite,State of registry notes that given Basic Orbital Parameters are for the intended final orbit which should be achieved by 2021-04-30. Mentioned by the Russian Federation in ST/SG/SER.E/968.,Link
2020-100AF,47287,OWLID00104 (SL0141) [ONEWEB 0141],United Kingdom,12/18/2020,,Yes,ST/SG/SER.E/965,ST/SG/SER.E/968,in orbit,,Communications satellite,State of registry notes that given Basic Orbital Parameters are for the intended final orbit which should be achieved by 2021-04-30. Mentioned by the Russian Federation in ST/SG/SER.E/968.,Link
2020-100AH,47289,OWLID00106 (SL0143) [ONEWEB 0143],United Kingdom,12/18/2020,,Yes,ST/SG/SER.E/965,ST/SG/SER.E/968,in orbit,,Communications satellite,State of registry notes that given Basic Orbital Parameters are for the intended final orbit which should be achieved by 2021-04-30. Mentioned by the Russian Federation in ST/SG/SER.E/968.,Link
2020-100Z,47281,OWLID00098 (SL0135) [ONEWEB 0135],United Kingdom,12/18/2020,,Yes,ST/SG/SER.E/965,ST/SG/SER.E/968,in orbit,,Communications satellite,State of registry notes that given Basic Orbital Parameters are for the intended final orbit which should be achieved by 2021-04-30. Mentioned by the Russian Federation in ST/SG/SER.E/968.,Link
2020-100AB,47283,OWLID00100 (SL0137) [ONEWEB 0137],United Kingdom,12/18/2020,,Yes,ST/SG/SER.E/965,ST/SG/SER.E/968,in orbit,,Communications satellite,State of registry notes that given Basic Orbital Parameters are for the intended final orbit which should be achieved by 2021-04-30. Mentioned by the Russian Federation in ST/SG/SER.E/968.,Link
2020-100AC,47284,OWLID00101 (SL0138) [ONEWEB 0138],United Kingdom,12/18/2020,,Yes,ST/SG/SER.E/965,ST/SG/SER.E/968,in orbit,,Communications satellite,State of registry notes that given Basic Orbital Parameters are for the intended final orbit which should be achieved by 2021-04-30. Mentioned by the Russian Federation in ST/SG/SER.E/968.,Link
2020-100AD,47285,OWLID00102 (SL0139) [ONEWEB 0139],United Kingdom,12/18/2020,,Yes,ST/SG/SER.E/965,ST/SG/SER.E/968,in orbit,,Communications satellite,State of registry notes that given Basic Orbital Parameters are for the intended final orbit which should be achieved by 2021-04-30. Mentioned by the Russian Federation in ST/SG/SER.E/968.,Link
2020-100AE,47286,OWLID00103 (SL0140) [ONEWEB 0140],United Kingdom,12/18/2020,,Yes,ST/SG/SER.E/965,ST/SG/SER.E/968,in orbit,,Communications satellite,State of registry notes that given Basic Orbital Parameters are for the intended final orbit which should be achieved by 2021-04-30. Mentioned by the Russian Federation in ST/SG/SER.E/968.,Link
2020-100AG,47288,OWLID00105 (SL0142) [ONEWEB 0142],United Kingdom,12/18/2020,,Yes,ST/SG/SER.E/965,ST/SG/SER.E/968,in orbit,,Communications satellite,State of registry notes that given Basic Orbital Parameters are for the intended final orbit which should be achieved by 2021-04-30. Mentioned by the Russian Federation in ST/SG/SER.E/968.,Link
2020-100AA,47282,OWLID00099 (SL0136) [ONEWEB 0136],United Kingdom,12/18/2020,,Yes,ST/SG/SER.E/965,ST/SG/SER.E/968,in orbit,,Communications satellite,State of registry notes that given Basic Orbital Parameters are for the intended final orbit which should be achieved by 2021-04-30. Mentioned by the Russian Federation in ST/SG/SER.E/968.,Link
2020-100G,47264,OWLID00081 (SL0118) [ONEWEB 0118],United Kingdom,12/18/2020,,Yes,ST/SG/SER.E/965,ST/SG/SER.E/968,in orbit,,Communications satellite,State of registry notes that given Basic Orbital Parameters are for the intended final orbit which should be achieved by 2021-04-30. Mentioned by the Russian Federation in ST/SG/SER.E/968.,Link
2020-100W,47278,OWLID00095 (SL0132) [ONEWEB 0132],United Kingdom,12/18/2020,,Yes,ST/SG/SER.E/965,ST/SG/SER.E/968,in orbit,,Communications satellite,State of registry notes that given Basic Orbital Parameters are for the intended final orbit which should be achieved by 2021-04-30. Mentioned by the Russian Federation in ST/SG/SER.E/968.,Link
2020-100Q,47272,OWLID00089 (SL0126) [ONEWEB 0126],United Kingdom,12/18/2020,,Yes,ST/SG/SER.E/965,ST/SG/SER.E/968,in orbit,,Communications satellite,State of registry notes that given Basic Orbital Parameters are for the intended final orbit which should be achieved by 2021-04-30. Mentioned by the Russian Federation in ST/SG/SER.E/968.,Link
2020-100R,47273,OWLID00090 (SL0127) [ONEWEB 0127],United Kingdom,12/18/2020,,Yes,ST/SG/SER.E/965,ST/SG/SER.E/968,in orbit,,Communications satellite,State of registry notes that given Basic Orbital Parameters are for the intended final orbit which should be achieved by 2021-04-30. Mentioned by the Russian Federation in ST/SG/SER.E/968.,Link
2020-100S,47274,OWLID00091 (SL0128) [ONEWEB 0128],United Kingdom,12/18/2020,,Yes,ST/SG/SER.E/965,ST/SG/SER.E/968,in orbit,,Communications satellite,State of registry notes that given Basic Orbital Parameters are for the intended final orbit which should be achieved by 2021-04-30. Mentioned by the Russian Federation in ST/SG/SER.E/968.,Link
2020-100T,47275,OWLID00092 (SL0129) [ONEWEB 0129],United Kingdom,12/18/2020,,Yes,ST/SG/SER.E/965,ST/SG/SER.E/968,in orbit,,Communications satellite,State of registry notes that given Basic Orbital Parameters are for the intended final orbit which should be achieved by 2021-04-30. Mentioned by the Russian Federation in ST/SG/SER.E/968.,Link
2020-100U,47276,OWLID00093 (SL0130) [ONEWEB 0130],United Kingdom,12/18/2020,,Yes,ST/SG/SER.E/965,ST/SG/SER.E/968,in orbit,,Communications satellite,State of registry notes that given Basic Orbital Parameters are for the intended final orbit which should be achieved by 2021-04-30. Mentioned by the Russian Federation in ST/SG/SER.E/968.,Link
2020-100X,47279,OWLID00096 (SL0133) [ONEWEB 0133],United Kingdom,12/18/2020,,Yes,ST/SG/SER.E/965,ST/SG/SER.E/968,in orbit,,Communications satellite,State of registry notes that given Basic Orbital Parameters are for the intended final orbit which should be achieved by 2021-04-30. Mentioned by the Russian Federation in ST/SG/SER.E/968.,Link
2020-100V,47277,OWLID00094 (SL0131) [ONEWEB 0131],United Kingdom,12/18/2020,,Yes,ST/SG/SER.E/965,ST/SG/SER.E/968,in orbit,,Communications satellite,State of registry notes that given Basic Orbital Parameters are for the intended final orbit which should be achieved by 2021-04-30. Mentioned by the Russian Federation in ST/SG/SER.E/968.,Link
2020-100Y,47280,OWLID00097 (SL0134) [ONEWEB 0134],United Kingdom,12/18/2020,,Yes,ST/SG/SER.E/965,ST/SG/SER.E/968,in orbit,,Communications satellite,State of registry notes that given Basic Orbital Parameters are for the intended final orbit which should be achieved by 2021-04-30. Mentioned by the Russian Federation in ST/SG/SER.E/968.,Link
2020-100K,47267,OWLID00084 (SL0121) [ONEWEB 0121],United Kingdom,12/18/2020,,Yes,ST/SG/SER.E/965,ST/SG/SER.E/968,in orbit,,Communications satellite,State of registry notes that given Basic Orbital Parameters are for the intended final orbit which should be achieved by 2021-04-30. Mentioned by the Russian Federation in ST/SG/SER.E/968.,Link
2020-100L,47268,OWLID00085 (SL0122) [ONEWEB 0122],United Kingdom,12/18/2020,,Yes,ST/SG/SER.E/965,ST/SG/SER.E/968,in orbit,,Communications satellite,State of registry notes that given Basic Orbital Parameters are for the intended final orbit which should be achieved by 2021-04-30. Mentioned by the Russian Federation in ST/SG/SER.E/968.,Link
2020-100C,47260,OWLID00077 (SL0110) [ONEWEB 0110],United Kingdom,12/18/2020,,Yes,ST/SG/SER.E/965,ST/SG/SER.E/968,in orbit,,Communications satellite,State of registry notes that given Basic Orbital Parameters are for the intended final orbit which should be achieved by 2021-04-30. Mentioned by the Russian Federation in ST/SG/SER.E/968.,Link
2020-100D,47261,OWLID00078 (SL0111) [ONEWEB 0111],United Kingdom,12/18/2020,,Yes,ST/SG/SER.E/965,ST/SG/SER.E/968,in orbit,,Communications satellite,State of registry notes that given Basic Orbital Parameters are for the intended final orbit which should be achieved by 2021-04-30. Mentioned by the Russian Federation in ST/SG/SER.E/968.,Link
2020-100E,47262,OWLID00079 (SL0114) [ONEWEB 0114],United Kingdom,12/18/2020,,Yes,ST/SG/SER.E/965,ST/SG/SER.E/968,in orbit,,Communications satellite,State of registry notes that given Basic Orbital Parameters are for the intended final orbit which should be achieved by 2021-04-30. Mentioned by the Russian Federation in ST/SG/SER.E/968.,Link
2020-100N,47270,OWLID00087 (SL0124) [ONEWEB 0124],United Kingdom,12/18/2020,,Yes,ST/SG/SER.E/965,ST/SG/SER.E/968,in orbit,,Communications satellite,State of registry notes that given Basic Orbital Parameters are for the intended final orbit which should be achieved by 2021-04-30. Mentioned by the Russian Federation in ST/SG/SER.E/968.,Link
2020-100P,47271,OWLID00088 (SL0125) [ONEWEB 0125],United Kingdom,12/18/2020,,Yes,ST/SG/SER.E/965,ST/SG/SER.E/968,in orbit,,Communications satellite,State of registry notes that given Basic Orbital Parameters are for the intended final orbit which should be achieved by 2021-04-30. Mentioned by the Russian Federation in ST/SG/SER.E/968.,Link
2020-100B,47259,OWLID00076 (SL0109) [ONEWEB 0109],United Kingdom,12/18/2020,,Yes,ST/SG/SER.E/965,ST/SG/SER.E/968,in orbit,,Communications satellite,State of registry notes that given Basic Orbital Parameters are for the intended final orbit which should be achieved by 2021-04-30. Mentioned by the Russian Federation in ST/SG/SER.E/968.,Link
2020-100A,47258,OWLID00075 (SL0102) [ONEWEB 0102],United Kingdom,12/18/2020,,Yes,ST/SG/SER.E/965,ST/SG/SER.E/968,in orbit,,Communications satellite,State of registry notes that given Basic Orbital Parameters are for the intended final orbit which should be achieved by 2021-04-30. Mentioned by the Russian Federation in ST/SG/SER.E/968.,Link
2020-100M,47269,OWLID00086 (SL0123) [ONEWEB 0123],United Kingdom,12/18/2020,,Yes,ST/SG/SER.E/965,ST/SG/SER.E/968,in orbit,,Communications satellite,State of registry notes that given Basic Orbital Parameters are for the intended final orbit which should be achieved by 2021-04-30. Mentioned by the Russian Federation in ST/SG/SER.E/968.,Link
2020-100J,47266,OWLID00083 (SL0120) [ONEWEB 0120],United Kingdom,12/18/2020,,Yes,ST/SG/SER.E/965,ST/SG/SER.E/968,in orbit,,Communications satellite,State of registry notes that given Basic Orbital Parameters are for the intended final orbit which should be achieved by 2021-04-30. Mentioned by the Russian Federation in ST/SG/SER.E/968.,Link
2020-100AK,47291,OWLID00108 (SL0145) [ONEWEB 0145],United Kingdom,12/18/2020,,Yes,ST/SG/SER.E/965,ST/SG/SER.E/968,in orbit,,Communications satellite,State of registry notes that given Basic Orbital Parameters are for the intended final orbit which should be achieved by 2021-04-30. Mentioned by the Russian Federation in ST/SG/SER.E/968.,Link
2020-100AL,47292,OWLID00109 (SL0146) [ONEWEB 0146],United Kingdom,12/18/2020,,Yes,ST/SG/SER.E/965,ST/SG/SER.E/968,in orbit,,Communications satellite,State of registry notes that given Basic Orbital Parameters are for the intended final orbit which should be achieved by 2021-04-30. Mentioned by the Russian Federation in ST/SG/SER.E/968.,Link
2020-100AJ,47290,OWLID00107 (SL0144) [ONEWEB 0144],United Kingdom,12/18/2020,,Yes,ST/SG/SER.E/965,ST/SG/SER.E/968,in orbit,,Communications satellite,State of registry notes that given Basic Orbital Parameters are for the intended final orbit which should be achieved by 2021-04-30. Mentioned by the Russian Federation in ST/SG/SER.E/968.,Link
2020-100AM,47293,OWLID00110 (SL0147) [ONEWEB 0147],United Kingdom,12/18/2020,,Yes,ST/SG/SER.E/965,ST/SG/SER.E/968,in orbit,,Communications satellite,State of registry notes that given Basic Orbital Parameters are for the intended final orbit which should be achieved by 2021-04-30. Mentioned by the Russian Federation in ST/SG/SER.E/968.,Link
2020-100H,47265,OWLID00082 (SL0119) [ONEWEB 0119],United Kingdom,12/18/2020,,Yes,ST/SG/SER.E/965,ST/SG/SER.E/968,in orbit,,Communications satellite,State of registry notes that given Basic Orbital Parameters are for the intended final orbit which should be achieved by 2021-04-30. Mentioned by the Russian Federation in ST/SG/SER.E/968.,Link
2020-099A,,CMS 01 ,India,12/17/2020,[+83.0 degrees East],Yes,ST/SG/SER.E/1005,,in GSO,,Communications,------,
2020-098A,,StriX α [(STRIX ALPHA)],Japan,12/15/2020,,Yes,ST/SG/SER.E/1011,ST/SG/SER.E/1240,decayed,10/27/2023,"StriX-α is the first SAR (Synthetic Aperture Rader) satellite made by Synspective Inc. to test capability of the SAR imagery (remote sensing) technology, including the uplink and downlink functionality and antenna signal strength.",Mentioned by New Zealand in ST/SG/SER.E/976.,Link
,,,,,,,,ST/SG/SER.E/976,,,,,
[2020-097A],3560-2020-012,Full-scale model [IPM 2],Russian Federation,12/14/2020,,Yes,ST/SG/SER.E/968,,in GSO,,Full-scale model,------,
2020-096A,,XM 7 ,USA,12/13/2020,[-085.0 degrees East],Yes,ST/SG/SER.E/971,,in GSO,,Spacecraft engaged in practical applications and uses of space technology such as weather or communications,------,
2020-095A,,USA 311 ,USA,12/11/2020,,Yes,ST/SG/SER.E/971,,[in GSO],,Spacecraft engaged in practical applications and uses of space technology such as weather or communications,------,
2020-094A,,GECAM A ,China,12/9/2020,,Yes,ST/SG/SER.E/1033,,in orbit,,Monitoring high-energy electromagnetic counterparts from gravitational wave events,------,
2020-094B,,GECAM B ,China,12/9/2020,,Yes,ST/SG/SER.E/1033,,in orbit,,Monitoring high-energy electromagnetic counterparts from gravitational wave events,------,
2020-092A,,Gaofen 14 ,China,12/6/2020,,Yes,ST/SG/SER.E/1033,,in orbit,,Remote sensing satellite,------,
2020-093A,,Dragon CRS-21 ,USA,12/6/2020,,Yes,ST/SG/SER.E/971,ST/SG/SER.E/977,[recovered],1/14/2021,Reusable space transportation systems,------,
[2020-091D],3559-2020-011,Cosmos 2548 ,Russian Federation,12/3/2020,,Yes,ST/SG/SER.E/968,,in orbit,,Intended for assignments on behalf of the Ministry of Defence of the Russian Federation,------,
[2020-091B],3557-2020-011,Gonets M No.31  ,Russian Federation,12/3/2020,,Yes,ST/SG/SER.E/968,,in orbit,,Telecommunications,------,
[2020-091C],3558-2020-011,Gonets M No.32  ,Russian Federation,12/3/2020,,Yes,ST/SG/SER.E/968,,in orbit,,Telecommunications,------,
[2020-091A],3556-2020-011,Gonets M No.30  ,Russian Federation,12/3/2020,,Yes,ST/SG/SER.E/968,,in orbit,,Telecommunications,------,
2020-090A,,Falcon Eye 2 ,United Arab Emirates,12/2/2020,,Yes,ST/SG/SER.E/972,,in orbit,,Optical satellite for Earth observation on a Sun synchronous orbit,------,
2020-089A,2020-089A,Japanese Data Relay System (JDRS) [LUCAS (JDRS-1)],Japan,11/29/2020,,Yes,ST/SG/SER.E/1011,,in GSO,,Satellite conducting missions assigned by the Government of Japan,------,
2020-088J,,Starlink 1839 ,USA,11/25/2020,,Yes,ST/SG/SER.E/967,ST/SG/SER.E/1131,[deorbited],5/3/2023,Spacecraft engaged in practical applications and uses of space technology such as weather or communications,------,
2020-088AW,,Starlink 1881 ,USA,11/25/2020,,Yes,ST/SG/SER.E/967,ST/SG/SER.E/1116,[deorbited],2/28/2023,Spacecraft engaged in practical applications and uses of space technology such as weather or communications,------,
2020-088AJ,,Starlink 1868 ,USA,11/25/2020,,Yes,ST/SG/SER.E/967,ST/SG/SER.E/1179,[deorbited],10/1/2023,Spacecraft engaged in practical applications and uses of space technology such as weather or communications,------,
2020-088BM,,Starlink 1927 ,USA,11/25/2020,,Yes,ST/SG/SER.E/967,ST/SG/SER.E/1222,[deorbited],7/18/2024,Spacecraft engaged in practical applications and uses of space technology such as weather or communications,------,
2020-088AA,,Starlink 1859 ,USA,11/25/2020,,Yes,ST/SG/SER.E/967,ST/SG/SER.E/1071,decayed,4/3/2022,Spacecraft engaged in practical applications and uses of space technology such as weather or communications,------,
2020-088BG,,Starlink 1900 ,USA,11/25/2020,,Yes,ST/SG/SER.E/967,ST/SG/SER.E/1004,decayed,4/17/2021,Spacecraft engaged in practical applications and uses of space technology such as weather or communications,------,
2020-088X,,Starlink 1856 ,USA,11/25/2020,,Yes,ST/SG/SER.E/967,,in orbit,,Spacecraft engaged in practical applications and uses of space technology such as weather or communications,------,
2020-088T,,Starlink 1852 ,USA,11/25/2020,,Yes,ST/SG/SER.E/967,,in orbit,,Spacecraft engaged in practical applications and uses of space technology such as weather or communications,------,
2020-088V,,Starlink 1854 ,USA,11/25/2020,,Yes,ST/SG/SER.E/967,,in orbit,,Spacecraft engaged in practical applications and uses of space technology such as weather or communications,------,
2020-088AB,,Starlink 1860 ,USA,11/25/2020,,Yes,ST/SG/SER.E/967,,in orbit,,Spacecraft engaged in practical applications and uses of space technology such as weather or communications,------,
2020-088AC,,Starlink 1861 ,USA,11/25/2020,,Yes,ST/SG/SER.E/967,,in orbit,,Spacecraft engaged in practical applications and uses of space technology such as weather or communications,------,
2020-088AE,,Starlink 1863 ,USA,11/25/2020,,Yes,ST/SG/SER.E/967,,in orbit,,Spacecraft engaged in practical applications and uses of space technology such as weather or communications,------,
2020-088AF,,Starlink 1864 ,USA,11/25/2020,,Yes,ST/SG/SER.E/967,,in orbit,,Spacecraft engaged in practical applications and uses of space technology such as weather or communications,------,
2020-088AG,,Starlink 1866 ,USA,11/25/2020,,Yes,ST/SG/SER.E/967,,in orbit,,Spacecraft engaged in practical applications and uses of space technology such as weather or communications,------,
2020-088M,,Starlink 1843 ,USA,11/25/2020,,Yes,ST/SG/SER.E/967,,in orbit,,Spacecraft engaged in practical applications and uses of space technology such as weather or communications,------,
2020-088P,,Starlink 1845 ,USA,11/25/2020,,Yes,ST/SG/SER.E/967,,in orbit,,Spacecraft engaged in practical applications and uses of space technology such as weather or communications,------,
2020-088AM,,Starlink 1871 ,USA,11/25/2020,,Yes,ST/SG/SER.E/967,,in orbit,,Spacecraft engaged in practical applications and uses of space technology such as weather or communications,------,
2020-088AN,,Starlink 1873 ,USA,11/25/2020,,Yes,ST/SG/SER.E/967,,in orbit,,Spacecraft engaged in practical applications and uses of space technology such as weather or communications,------,
2020-088AR,,Starlink 1876 ,USA,11/25/2020,,Yes,ST/SG/SER.E/967,,in orbit,,Spacecraft engaged in practical applications and uses of space technology such as weather or communications,------,
2020-088BJ,,Starlink 1912 ,USA,11/25/2020,,Yes,ST/SG/SER.E/967,,in orbit,,Spacecraft engaged in practical applications and uses of space technology such as weather or communications,------,
2020-088BK,,Starlink 1913 ,USA,11/25/2020,,Yes,ST/SG/SER.E/967,,in orbit,,Spacecraft engaged in practical applications and uses of space technology such as weather or communications,------,
2020-088BB,,Starlink 1888 ,USA,11/25/2020,,Yes,ST/SG/SER.E/967,,in orbit,,Spacecraft engaged in practical applications and uses of space technology such as weather or communications,------,
2020-088BF,,Starlink 1895 ,USA,11/25/2020,,Yes,ST/SG/SER.E/967,,in orbit,,Spacecraft engaged in practical applications and uses of space technology such as weather or communications,------,
2020-088AV,,Starlink 1880  ,USA,11/25/2020,,Yes,ST/SG/SER.E/967,,in orbit,,Spacecraft engaged in practical applications and uses of space technology such as weather or communications,------,
2020-088A,,Starlink 1777 ,USA,11/25/2020,,Yes,ST/SG/SER.E/967,,in orbit,,Spacecraft engaged in practical applications and uses of space technology such as weather or communications,------,
2020-088C,,Starlink 1785 ,USA,11/25/2020,,Yes,ST/SG/SER.E/967,,in orbit,,Spacecraft engaged in practical applications and uses of space technology such as weather or communications,------,
2020-088E,,Starlink 1812 ,USA,11/25/2020,,Yes,ST/SG/SER.E/967,,in orbit,,Spacecraft engaged in practical applications and uses of space technology such as weather or communications,------,
2020-088K,,Starlink 1840 ,USA,11/25/2020,,Yes,ST/SG/SER.E/967,ST/SG/SER.E/1050,[deorbited],1/29/2022,Spacecraft engaged in practical applications and uses of space technology such as weather or communications,------,
2020-088U,,Starlink 1853 ,USA,11/25/2020,,Yes,ST/SG/SER.E/967,ST/SG/SER.E/1050,[deorbited],1/28/2022,Spacecraft engaged in practical applications and uses of space technology such as weather or communications,------,
2020-088AL,,Starlink 1870 ,USA,11/25/2020,,Yes,ST/SG/SER.E/967,ST/SG/SER.E/1071,[deorbited],4/24/2022,Spacecraft engaged in practical applications and uses of space technology such as weather or communications,------,
2020-088BC,,Starlink 1889 ,USA,11/25/2020,,Yes,ST/SG/SER.E/967,ST/SG/SER.E/1071,[deorbited],4/9/2022,Spacecraft engaged in practical applications and uses of space technology such as weather or communications,------,
2020-088AQ,,Starlink 1875 ,USA,11/25/2020,,Yes,ST/SG/SER.E/967,ST/SG/SER.E/1034,[deorbited],11/29/2021,Spacecraft engaged in practical applications and uses of space technology such as weather or communications,------,
2020-088AP,,Starlink 1874 ,USA,11/25/2020,,Yes,ST/SG/SER.E/967,ST/SG/SER.E/1076,[deorbited],6/28/2022,Spacecraft engaged in practical applications and uses of space technology such as weather or communications,------,
2020-088L,,Starlink 1842 ,USA,11/25/2020,,Yes,ST/SG/SER.E/967,ST/SG/SER.E/1024,[deorbited],7/5/2021,Spacecraft engaged in practical applications and uses of space technology such as weather or communications,------,
2020-088B,,Starlink 1779 ,USA,11/25/2020,,Yes,ST/SG/SER.E/967,ST/SG/SER.E/1031,[deorbited],8/26/2021,Spacecraft engaged in practical applications and uses of space technology such as weather or communications,------,
2020-088W,,Starlink 1855 ,USA,11/25/2020,,Yes,ST/SG/SER.E/967,ST/SG/SER.E/1031,[deorbited],9/11/2021,Spacecraft engaged in practical applications and uses of space technology such as weather or communications,------,
2020-088D,,Starlink 1787 ,USA,11/25/2020,,Yes,ST/SG/SER.E/967,ST/SG/SER.E/1031,[deorbited],9/13/2021,Spacecraft engaged in practical applications and uses of space technology such as weather or communications,------,
2020-088AZ,,Starlink 1886 ,USA,11/25/2020,,Yes,ST/SG/SER.E/967,ST/SG/SER.E/1031,[deorbited],10/22/2021,Spacecraft engaged in practical applications and uses of space technology such as weather or communications,------,
2020-088F,,Starlink 1836 ,USA,11/25/2020,,Yes,ST/SG/SER.E/967,ST/SG/SER.E/1031,[deorbited],10/3/2021,Spacecraft engaged in practical applications and uses of space technology such as weather or communications,------,
2020-088BL,,Starlink 1914 ,USA,11/25/2020,,Yes,ST/SG/SER.E/967,ST/SG/SER.E/1031,[deorbited],10/30/2021,Spacecraft engaged in practical applications and uses of space technology such as weather or communications,------,
2020-088AY,,Starlink 1885 ,USA,11/25/2020,,Yes,ST/SG/SER.E/967,ST/SG/SER.E/1080,[deorbited],8/14/2022,Spacecraft engaged in practical applications and uses of space technology such as weather or communications,------,
2020-088Z,,Starlink 1858 ,USA,11/25/2020,,Yes,ST/SG/SER.E/967,ST/SG/SER.E/1080,[deorbited],8/9/2022,Spacecraft engaged in practical applications and uses of space technology such as weather or communications,------,
2020-088N,,Starlink 1844 ,USA,11/25/2020,,Yes,ST/SG/SER.E/967,ST/SG/SER.E/1249,[deorbited],12/18/2024,Spacecraft engaged in practical applications and uses of space technology such as weather or communications,------,
2020-088G,,Starlink 1837 ,USA,11/25/2020,,Yes,ST/SG/SER.E/967,ST/SG/SER.E/1249,[deorbited],12/28/2024,Spacecraft engaged in practical applications and uses of space technology such as weather or communications,------,
2020-088H,,Starlink 1838 ,USA,11/25/2020,,Yes,ST/SG/SER.E/967,ST/SG/SER.E/1302,[deorbited],5/8/2025,Spacecraft engaged in practical applications and uses of space technology such as weather or communications,------,
2020-088AX,,Starlink 1884 ,USA,11/25/2020,,Yes,ST/SG/SER.E/967,ST/SG/SER.E/1270,[deorbited],1/14/2025,Spacecraft engaged in practical applications and uses of space technology such as weather or communications,------,
2020-088BD,,Starlink 1890 ,USA,11/25/2020,,Yes,ST/SG/SER.E/967,ST/SG/SER.E/1302,[deorbited],6/30/2025,Spacecraft engaged in practical applications and uses of space technology such as weather or communications,------,
2020-088AT,,Starlink 1878 ,USA,11/25/2020,,Yes,ST/SG/SER.E/967,ST/SG/SER.E/1270,[deorbited],1/23/2025,Spacecraft engaged in practical applications and uses of space technology such as weather or communications,------,
2020-088BE,,Starlink 1891 ,USA,11/25/2020,,Yes,ST/SG/SER.E/967,ST/SG/SER.E/1270,[deorbited],1/9/2025,Spacecraft engaged in practical applications and uses of space technology such as weather or communications,------,
2020-088Y,,Starlink 1857 ,USA,11/25/2020,,Yes,ST/SG/SER.E/967,ST/SG/SER.E/1287,[deorbited],2/22/2025,Spacecraft engaged in practical applications and uses of space technology such as weather or communications,------,
2020-088Q,,Starlink 1846 ,USA,11/25/2020,,Yes,ST/SG/SER.E/967,ST/SG/SER.E/1287,[deorbited],2/22/2025,Spacecraft engaged in practical applications and uses of space technology such as weather or communications,------,
2020-088AH,,Starlink 1867 ,USA,11/25/2020,,Yes,ST/SG/SER.E/967,ST/SG/SER.E/1290,[deorbited],4/1/2025,Spacecraft engaged in practical applications and uses of space technology such as weather or communications,------,
2020-088S,,Starlink 1850 ,USA,11/25/2020,,Yes,ST/SG/SER.E/967,ST/SG/SER.E/1290,[deorbited],3/19/2025,Spacecraft engaged in practical applications and uses of space technology such as weather or communications,------,
2020-088AU,,Starlink 1879 ,USA,11/25/2020,,Yes,ST/SG/SER.E/967,ST/SG/SER.E/1290,[deorbited],4/5/2025,Spacecraft engaged in practical applications and uses of space technology such as weather or communications,------,
2020-088AK,,Starlink 1869 ,USA,11/25/2020,,Yes,ST/SG/SER.E/967,ST/SG/SER.E/1290,[deorbited],3/11/2025,Spacecraft engaged in practical applications and uses of space technology such as weather or communications,------,
2020-088BH,,Starlink 1907 ,USA,11/25/2020,,Yes,ST/SG/SER.E/967,ST/SG/SER.E/1290,[deorbited],3/5/2025,Spacecraft engaged in practical applications and uses of space technology such as weather or communications,------,
2020-088BA,,Starlink 1887 ,USA,11/25/2020,,Yes,ST/SG/SER.E/967,ST/SG/SER.E/1270,[deorbited],1/28/2025,Spacecraft engaged in practical applications and uses of space technology such as weather or communications,------,
2020-088AD,,Starlink 1862 ,USA,11/25/2020,,Yes,ST/SG/SER.E/967,ST/SG/SER.E/1302,[deorbited],6/14/2025,Spacecraft engaged in practical applications and uses of space technology such as weather or communications,------,
2020-088AS,,Starlink 1877 ,USA,11/25/2020,,Yes,ST/SG/SER.E/967,ST/SG/SER.E/1302,[deorbited],6/21/2025,Spacecraft engaged in practical applications and uses of space technology such as weather or communications,------,
2020-088R,,Starlink 1849 ,USA,11/25/2020,,Yes,ST/SG/SER.E/967,ST/SG/SER.E/1302,[deorbited],6/4/2025,Spacecraft engaged in practical applications and uses of space technology such as weather or communications,------,
2020-087A,,Chang'E 5 [CHANG'E 5 ORBITER],China,11/23/2020,,Yes,ST/SG/SER.E/1033,,[in Sun L1],,Deep-space exploration,------,
[2020-087*],, [CHANG'E 5 LANDER],[China],[2020-11-23],,No,,,[on Moon],,------,Not registered with the United Nations. International Designator pending assignment.,
[2020-086A],, [S6 MICHAEL FREILICH],[(for ESA)],[2020-11-21],,No,,,[in orbit],,------,Not registered with the United Nations.,
2020-085AG,NZ-2020-33,SpaceBEENZ 1 ,New Zealand,11/20/2020,,Yes,ST/SG/SER.E/976,ST/SG/SER.E/1138,[decayed],3/7/2023,Technology demonstration/communications,------,Link
2020-085P,NZ-2020-38,SpaceBEENZ 6 ,New Zealand,11/20/2020,,Yes,ST/SG/SER.E/976,ST/SG/SER.E/1138,[decayed],4/12/2023,Technology demonstration/communications,------,Link
2020-085AE,NZ-2020-34,SpaceBEENZ 2 ,New Zealand,11/20/2020,,Yes,ST/SG/SER.E/976,ST/SG/SER.E/1138,[decayed],3/15/2023,Technology demonstration/communications,------,Link
2020-085K,NZ-2020-35,SpaceBEENZ 3 ,New Zealand,11/20/2020,,Yes,ST/SG/SER.E/976,ST/SG/SER.E/1138,[decayed],[2023-03-22],Technology demonstration/communications,------,Link
2020-085L,NZ-2020-36,SpaceBEENZ 4 ,New Zealand,11/20/2020,,Yes,ST/SG/SER.E/976,ST/SG/SER.E/1138,[decayed],3/28/2023,Technology demonstration/communications,------,Link
2020-085N,NZ-2020-37,SpaceBEENZ 5 ,New Zealand,11/20/2020,,Yes,ST/SG/SER.E/976,ST/SG/SER.E/1138,[decayed],4/5/2023,Technology demonstration/communications,------,Link
2020-085D,NZ-2020-27,APSS 1 QuakeTEC ,New Zealand,11/20/2020,,Yes,ST/SG/SER.E/1040,ST/SG/SER.E/1190,[decayed],1/30/2024,Payload - technology demonstration,------,
2020-085AA,,Spacebee 22 ,USA,11/20/2020,,Yes,ST/SG/SER.E/967,ST/SG/SER.E/1086,decayed,10/22/2022,Spacecraft engaged in practical applications and uses of space technology such as weather or communications,Mentioned by New Zealand in ST/SG/SER.E/976 and ST/SG/SER.E/1089.,
,,,,,,,,ST/SG/SER.E/976,,,,,
,,,,,,,,ST/SG/SER.E/1089,,,,,
2020-085G,,Spacebee 36 ,USA,11/20/2020,,Yes,ST/SG/SER.E/967,ST/SG/SER.E/1086,decayed,10/29/2022,Spacecraft engaged in practical applications and uses of space technology such as weather or communications,Mentioned by New Zealand in ST/SG/SER.E/976 and ST/SG/SER.E/1089.,
,,,,,,,,ST/SG/SER.E/976,,,,,
,,,,,,,,ST/SG/SER.E/1089,,,,,
2020-085AH,,Spacebee 23 ,USA,11/20/2020,,Yes,ST/SG/SER.E/967,ST/SG/SER.E/1086,decayed,10/28/2022,Spacecraft engaged in practical applications and uses of space technology such as weather or communications,Mentioned by New Zealand in ST/SG/SER.E/976 and ST/SG/SER.E/1089.,
,,,,,,,,ST/SG/SER.E/976,,,,,
,,,,,,,,ST/SG/SER.E/1089,,,,,
2020-085F,,Spacebee 35 ,USA,11/20/2020,,Yes,ST/SG/SER.E/967,ST/SG/SER.E/1086,decayed,10/22/2022,Spacecraft engaged in practical applications and uses of space technology such as weather or communications,Mentioned by New Zealand in ST/SG/SER.E/976 and ST/SG/SER.E/1089.,
,,,,,,,,ST/SG/SER.E/976,,,,,
,,,,,,,,ST/SG/SER.E/1089,,,,,
2020-085E,,Spacebee 34 ,USA,11/20/2020,,Yes,ST/SG/SER.E/967,ST/SG/SER.E/1086,decayed,10/12/2022,Spacecraft engaged in practical applications and uses of space technology such as weather or communications,Mentioned by New Zealand in ST/SG/SER.E/976 and ST/SG/SER.E/1089.,
,,,,,,,,ST/SG/SER.E/976,,,,,
,,,,,,,,ST/SG/SER.E/1089,,,,,
2020-085AF,,Spacebee 39 ,USA,11/20/2020,,Yes,ST/SG/SER.E/967,ST/SG/SER.E/1091,decayed,11/29/2022,Spacecraft engaged in practical applications and uses of space technology such as weather or communications,Mentioned by New Zealand in ST/SG/SER.E/976 and ST/SG/SER.E/1089.,
,,,,,,,,ST/SG/SER.E/976,,,,,
,,,,,,,,ST/SG/SER.E/1089,,,,,
2020-085J,,Spacebee 38 ,USA,11/20/2020,,Yes,ST/SG/SER.E/967,ST/SG/SER.E/1091,decayed,11/18/2022,Spacecraft engaged in practical applications and uses of space technology such as weather or communications,Mentioned by New Zealand in ST/SG/SER.E/976 and ST/SG/SER.E/1089.,
,,,,,,,,ST/SG/SER.E/976,,,,,
,,,,,,,,ST/SG/SER.E/1089,,,,,
2020-085H,,Spacebee 37 ,USA,11/20/2020,,Yes,ST/SG/SER.E/967,ST/SG/SER.E/1091,decayed,11/18/2022,Spacecraft engaged in practical applications and uses of space technology such as weather or communications,Mentioned by New Zealand in ST/SG/SER.E/976 and ST/SG/SER.E/1089.,
,,,,,,,,ST/SG/SER.E/976,,,,,
,,,,,,,,ST/SG/SER.E/1089,,,,,
2020-085AD,,Spacebee 26  ,USA,11/20/2020,,Yes,ST/SG/SER.E/967,ST/SG/SER.E/1091,decayed,11/16/2022,Spacecraft engaged in practical applications and uses of space technology such as weather or communications,Mentioned by New Zealand in ST/SG/SER.E/976 and ST/SG/SER.E/1089.,
,,,,,,,,ST/SG/SER.E/976,,,,,
,,,,,,,,ST/SG/SER.E/1089,,,,,
2020-085AB,,Dragracer 1 (Alchemy) ,USA,11/20/2020,,Yes,ST/SG/SER.E/967,ST/SG/SER.E/1024,decayed,7/19/2021,Spacecraft engaged in practical applications and uses of space technology such as weather or communications,Mentioned by New Zealand in ST/SG/SER.E/976 & ST/SG/SER.E/1040.,
,,,,,,,,ST/SG/SER.E/976,,,,,
,,,,,,,,ST/SG/SER.E/1040,,,,,
2020-085T,,SpaceBEE 32 ,USA,11/20/2020,,Yes,ST/SG/SER.E/967,ST/SG/SER.E/1096,decayed,12/14/2022,Spacecraft engaged in practical applications and uses of space technology such as weather or communications,Name of space object amended by State of registry in ST/SG/SER.E/1041. Mentioned by New Zealand in ST/SG/SER.E/976 and ST/SG/SER.E/1089.,
,,,,,,,,ST/SG/SER.E/1041,,,,,
,,,,,,,,ST/SG/SER.E/976,,,,,
,,,,,,,,ST/SG/SER.E/1089,,,,,
2020-085S,,SpaceBEE 29 ,USA,11/20/2020,,Yes,ST/SG/SER.E/967,ST/SG/SER.E/1091,decayed,11/24/2022,Spacecraft engaged in practical applications and uses of space technology such as weather or communications,Name of space object amended by State of registry in ST/SG/SER.E/1041. Mentioned by New Zealand in ST/SG/SER.E/976 and ST/SG/SER.E/1089.,
,,,,,,,,ST/SG/SER.E/1041,,,,,
,,,,,,,,ST/SG/SER.E/976,,,,,
,,,,,,,,ST/SG/SER.E/1089,,,,,
2020-085W,,SpaceBEE 30 ,USA,11/20/2020,,Yes,ST/SG/SER.E/967,ST/SG/SER.E/1091,decayed,11/29/2022,Spacecraft engaged in practical applications and uses of space technology such as weather or communications,Name of space object amended by State of registry in ST/SG/SER.E/1041. Mentioned by New Zealand in ST/SG/SER.E/976 and ST/SG/SER.E/1089.,
,,,,,,,,ST/SG/SER.E/1041,,,,,
,,,,,,,,ST/SG/SER.E/976,,,,,
,,,,,,,,ST/SG/SER.E/1089,,,,,
2020-085Y,,Spacebee 25 ,USA,11/20/2020,,Yes,ST/SG/SER.E/967,ST/SG/SER.E/1086,decayed,10/27/2022,Spacecraft engaged in practical applications and uses of space technology such as weather or communications,Mentioned by New Zealand in ST/SG/SER.E/976 and ST/SG/SER.E/1089.,
,,,,,,,,ST/SG/SER.E/976,,,,,
,,,,,,,,ST/SG/SER.E/1089,,,,,
2020-085U,,Spacebee 31 ,USA,11/20/2020,,Yes,ST/SG/SER.E/967,ST/SG/SER.E/1096,decayed,12/3/2022,Spacecraft engaged in practical applications and uses of space technology such as weather or communications,Mentioned by New Zealand in ST/SG/SER.E/976 and ST/SG/SER.E/1089.,
,,,,,,,,ST/SG/SER.E/976,,,,,
,,,,,,,,ST/SG/SER.E/1089,,,,,
2020-085X,,Spacebee 27 ,USA,11/20/2020,,Yes,ST/SG/SER.E/967,ST/SG/SER.E/1091,decayed,11/5/2022,Spacecraft engaged in practical applications and uses of space technology such as weather or communications,Mentioned by New Zealand in ST/SG/SER.E/976 and ST/SG/SER.E/1089.,
,,,,,,,,ST/SG/SER.E/976,,,,,
,,,,,,,,ST/SG/SER.E/1089,,,,,
2020-085V,,Spacebee 28 ,USA,11/20/2020,,Yes,ST/SG/SER.E/967,ST/SG/SER.E/1091,decayed,11/21/2022,Spacecraft engaged in practical applications and uses of space technology such as weather or communications,Mentioned by New Zealand in ST/SG/SER.E/976 and ST/SG/SER.E/1089.,
,,,,,,,,ST/SG/SER.E/976,,,,,
,,,,,,,,ST/SG/SER.E/1089,,,,,
2020-085Z,,Spacebee 24 ,USA,11/20/2020,,Yes,ST/SG/SER.E/967,ST/SG/SER.E/1091,decayed,11/16/2022,Spacecraft engaged in practical applications and uses of space technology such as weather or communications,Mentioned by New Zealand in ST/SG/SER.E/976 and ST/SG/SER.E/1089.,
,,,,,,,,ST/SG/SER.E/976,,,,,
,,,,,,,,ST/SG/SER.E/1089,,,,,
2020-085R,,Spacebee 33 ,USA,11/20/2020,,Yes,ST/SG/SER.E/967,ST/SG/SER.E/1096,decayed,12/14/2022,Spacecraft engaged in practical applications and uses of space technology such as weather or communications,Mentioned by New Zealand in ST/SG/SER.E/976.,
,,,,,,,,ST/SG/SER.E/976,,,,,
2020-085C,,Corvus BC5 ,USA,11/20/2020,,Yes,ST/SG/SER.E/967,ST/SG/SER.E/1213,decayed,3/28/2024,Spacecraft engaged in practical applications and uses of space technology such as weather or communications,Mentioned by New Zealand in ST/SG/SER.E/976 & ST/SG/SER.E/1190.,
,,,,,,,,ST/SG/SER.E/976,,,,,
,,,,,,,,ST/SG/SER.E/1190,,,,,
2020-085AC,,Dragracer 2 (Augury)  ,USA,11/20/2020,,Yes,ST/SG/SER.E/967,ST/SG/SER.E/976,in orbit,,Spacecraft engaged in practical applications and uses of space technology such as weather or communications,Mentioned by New Zealand in ST/SG/SER.E/976.,
2020-085Q,,BRO 3 ,France,11/20/2020,,Yes,ST/SG/SER.E/982,ST/SG/SER.E/1273,[decayed],1/23/2024,Unseenlabs maritime surveillance,Mentioned by New Zealand in ST/SG/SER.E/976 & ST/SG/SER.E/1190.,
,,,,,,,,ST/SG/SER.E/976,,,,,
,,,,,,,,ST/SG/SER.E/1190,,,,,
2020-085M,,BRO 2 ,France,11/20/2020,,Yes,ST/SG/SER.E/982,ST/SG/SER.E/1273,[decayed],11/27/2024,Unseenlabs maritime surveillance,Mentioned by New Zealand in ST/SG/SER.E/976 and ST/SG/SER.E/1245.,
,,,,,,,,ST/SG/SER.E/976,,,,,
,,,,,,,,ST/SG/SER.E/1245,,,,,
2020-084A,,Dragon Resilience ,USA,11/16/2020,,Yes,ST/SG/SER.E/967,ST/SG/SER.E/1010,[recovered],5/2/2021,Reusable space transportation systems,Notification by Australia under the Rescue Agreement of the recovery of three component parts of the trunk section of the space object in A/AC.105/1281.,
,,,,,,,,A/AC.105/1281,,,,,
2020-083A,,USA 310 ,USA,11/13/2020,,Yes,ST/SG/SER.E/967,,in orbit,,Spacecraft engaged in practical applications and uses of space technology such as weather or communications,------,
2020-082A,,Tiantong 1 ,China,11/12/2020,,Yes,ST/SG/SER.E/1033,,in GSO,,Communications satellite,------,
2020-081C,,KSM1 c ,Luxembourg,11/7/2020,,Yes,ST/SG/SER.E/1043,A/AC.105/INF/445,in orbit,,Passive geolocation of radio transmissions in order to provide radio frequency scouting data in relation to maritime activities,Previously registered under resolution 1721B (XVI) in A/AC.105/INF/445.,
,,,,,,,,ST/SG/SER.E/1139,,,,,
2020-081B,,KSM1 d ,Luxembourg,11/7/2020,,Yes,ST/SG/SER.E/1043,A/AC.105/INF/445,in orbit,,Passive geolocation of radio transmissions in order to provide radio frequency scouting data in relation to maritime activities,Previously registered under resolution 1721B (XVI) in A/AC.105/INF/445.,
,,,,,,,,ST/SG/SER.E/1139,,,,,
2020-081K,,KSM1 b ,Luxembourg,11/7/2020,,Yes,ST/SG/SER.E/1043,A/AC.105/INF/445,in orbit,,Passive geolocation of radio transmissions in order to provide radio frequency scouting data in relation to maritime activities,Previously registered under resolution 1721B (XVI) in A/AC.105/INF/445.,
,,,,,,,,ST/SG/SER.E/1139,,,,,
2020-081H,,KSM1 a ,Luxembourg,11/7/2020,,Yes,ST/SG/SER.E/1043,A/AC.105/INF/445,in orbit,,Passive geolocation of radio transmissions in order to provide radio frequency scouting data in relation to maritime activities,Previously registered under resolution 1721B (XVI) in A/AC.105/INF/445.,
,,,,,,,,ST/SG/SER.E/1139,,,,,
2020-080A,,Tianqi 11 ,China,11/7/2020,,Yes,ST/SG/SER.E/1033,,in orbit,,The Apocalypse Constellation 11 is equipped with a multiband Internet of things payload system that will provide support for users to conduct narrow-band space-based Internet of things business-level scenario applications,------,
2020-081F,,Lemur 2 Wallace ,USA,11/7/2020,,Yes,ST/SG/SER.E/967,ST/SG/SER.E/1229,decayed,9/13/2024,Spacecraft engaged in practical applications and uses of space technology such as weather or communications,------,
2020-081E,,Lemur 2 Jindra ,USA,11/7/2020,,Yes,ST/SG/SER.E/967,ST/SG/SER.E/1229,decayed,9/4/2024,Spacecraft engaged in practical applications and uses of space technology such as weather or communications,------,
[2020-081J],, [R2],[(for Lithuania)],[2020-11-07],,No,,,[in orbit],,------,Not registered with the United Nations.,
2020-081A,,EOS 01 [(RISAT 2BR2)],India,11/7/2020,,Yes,ST/SG/SER.E/1005,,in orbit,,Earth observation,------,
2020-081G,,Lemur 2 Jeremiah ,USA,11/7/2020,,Yes,ST/SG/SER.E/967,ST/SG/SER.E/1242,decayed,11/5/2024,Spacecraft engaged in practical applications and uses of space technology such as weather or communications,------,
2020-081D,,Lemur 2 Ozarak ,USA,11/7/2020,,Yes,ST/SG/SER.E/967,ST/SG/SER.E/1239,decayed,10/14/2024,Spacecraft engaged in practical applications and uses of space technology such as weather or communications,------,
2020-079L,,Tianyan 05 [UESTC TEST SATELLITE],China,11/6/2020,,Yes,ST/SG/SER.E/1033,,[decayed],[2023-08-08],Remote-sensing imaging satellite,------,
2020-079E,2020-079E,Nusat 14  [(HEDY)],Uruguay,11/6/2020,,Yes,ST/SG/SER.E/998,,[decayed],[2023-09-06],Earth observation,------,
2020-079N,,BY70-3 ,China,11/6/2020,,Yes,ST/SG/SER.E/1033,,in orbit,,Popularize space science education and scientific experiments,------,
2020-079D,2020-079D,Nusat 15  [(KATHERINE)],Uruguay,11/6/2020,,Yes,ST/SG/SER.E/998,,[decayed],[2023-09-19],Earth observation,------,
2020-079A,2020-079A,Nusat 12  [(DOROTHY)],Uruguay,11/6/2020,,Yes,ST/SG/SER.E/998,,[decayed],[2023-09-28],Earth observation,------,
2020-079P,2020-079P,Nusat 16 [(LISE)],Uruguay,11/6/2020,,Yes,ST/SG/SER.E/998,,[decayed],[2023-09-22],Earth observation,------,
2020-079B,,Nusat 9  [(ALICE)],Uruguay,11/6/2020,,Yes,ST/SG/SER.E/998,,[decayed],[2023-10-04],Earth observation,------,
2020-079J,2020-079J,Nusat 17 [(MARY)],Uruguay,11/6/2020,,Yes,ST/SG/SER.E/998,,[decayed],[2023-10-13],Earth observation,------,
2020-079C,2020-079C,Nusat 11  [(CORA)],Uruguay,11/6/2020,,Yes,ST/SG/SER.E/998,,[decayed],[2023-10-11],Earth observation,------,
2020-079K,2020-079K,Nusat 18 [(VERA)],Uruguay,11/6/2020,,Yes,ST/SG/SER.E/998,,[decayed],[2023-10-21],Earth observation,------,
2020-079G,2020-079G,Nusat 13  [(EMMY)],Uruguay,11/6/2020,,Yes,ST/SG/SER.E/998,,[decayed],[2023-10-21],Earth observation,------,
2020-079M,,Beihangkongshi 1 ,China,11/6/2020,,Yes,ST/SG/SER.E/1033,,[decayed],[2023-12-05],Used for space science experiments and technological verification,------,
2020-079F,2020-079F,Nusat 10  [(CAROLINE)],Uruguay,11/6/2020,,Yes,ST/SG/SER.E/998,,[decayed],[2023-10-31],Earth observation,------,
1998-067RX,,DESCENT ,Canada,11/5/2020,,Yes,ST/SG/SER.E/996,,[decayed],[2022-06-19],"The DESCENT mission will demonstrate the ability to de-orbit spacecraft using an electrodynamic tether. It consists of two 1U cubesats attached with a 100 m long tether. Once in space, the two cubes will separate and expedite the time of de-orbit",Date of launch used in the Online Index is date of deployment,
1998-067RT,,NEUTRON 1 ,USA,11/5/2020,,Yes,ST/SG/SER.E/1058,ST/SG/SER.E/1076,decayed,6/25/2022,Spacecraft engaged in practical applications and uses of space technology such as weather or communications,Date of launch is date of deployment from the ISS.,
1998-067RR,,SPOC ,USA,11/5/2020,,Yes,ST/SG/SER.E/967,ST/SG/SER.E/1076,decayed,6/25/2022,Spacecraft engaged in practical applications and uses of space technology such as weather or communications,Date of launch is date of deployment from the ISS.,
1998-067RS,,Bobcat 1 ,USA,11/5/2020,,Yes,ST/SG/SER.E/967,ST/SG/SER.E/1071,decayed,4/9/2022,Spacecraft engaged in practical applications and uses of space technology such as weather or communications,Date of launch is date of deployment from the ISS.,
2020-078A,,Navstar 80 (USA 309) ,USA,11/5/2020,,Yes,ST/SG/SER.E/967,,in orbit,,Spacecraft engaged in practical applications and uses of space technology such as weather or communications,------,
[1998-067R*],, [SAT LLA],[(for Israel)],[2020-11-05],,No,,,[in orbit],,------,Not registered with the United Nations. International Designator pending assignment. Date of launch is date of deployment from the ISS.,
1998-067RW,,"FM137, LEMUR 2 Baxter-Oliver, LEMUR 2 v4.7 ",Luxembourg,11/5/2020,,Yes,ST/SG/SER.E/1043,A/AC.105/INF/445,[decayed],[2021-12-20],Earth exploration and meteorology; testing of inter-satellite links,Previously registered under resolution 1721B (XVI) in A/AC.105/INF/445. Date of launch is date of deployment from the ISS.,
1998-067RU,,"FM142, LEMUR 2 Djara, LEMUR 2 V4.8 ",Luxembourg,11/5/2020,,Yes,ST/SG/SER.E/1043,A/AC.105/INF/445,in orbit,,"Earth exploration and meteorology (AIS, ADS-B, GNSS-RO/R)",Previously registered under resolution 1721B (XVI) in A/AC.105/INF/445. Date of launch is date of deployment from the ISS.,
2020-077H,,Flock EP 2 ,USA,10/28/2020,,Yes,ST/SG/SER.E/964,ST/SG/SER.E/1186,decayed,11/1/2023,Spacecraft engaged in practical applications and uses of space technology such as weather or communications,Mentioned by New Zealand in ST/SG/SER.E/976 and ST/SG/SER.E/1166.,
,,,,,,,,ST/SG/SER.E/976,,,,,
,,,,,,,,ST/SG/SER.E/1166,,,,,
2020-077J,,Flock EP 4 ,USA,10/28/2020,,Yes,ST/SG/SER.E/964,ST/SG/SER.E/1186,decayed,11/25/2023,Spacecraft engaged in practical applications and uses of space technology such as weather or communications,Mentioned by New Zealand in ST/SG/SER.E/976.,
,,,,,,,,ST/SG/SER.E/976,,,,,
2020-077A,,Flock EP 1 ,USA,10/28/2020,,Yes,ST/SG/SER.E/964,ST/SG/SER.E/1188,decayed,12/8/2023,Spacecraft engaged in practical applications and uses of space technology such as weather or communications,Mentioned by New Zealand in ST/SG/SER.E/976.,
,,,,,,,,ST/SG/SER.E/976,,,,,
2020-077C,,Flock EP 9 ,USA,10/28/2020,,Yes,ST/SG/SER.E/964,ST/SG/SER.E/1188,decayed,12/12/2023,Spacecraft engaged in practical applications and uses of space technology such as weather or communications,Mentioned by New Zealand in ST/SG/SER.E/976.,
,,,,,,,,ST/SG/SER.E/976,,,,,
2020-077K,,Flock EP 6 ,USA,10/28/2020,,Yes,ST/SG/SER.E/964,ST/SG/SER.E/1188,decayed,12/5/2023,Spacecraft engaged in practical applications and uses of space technology such as weather or communications,Mentioned by New Zealand in ST/SG/SER.E/976.,
,,,,,,,,ST/SG/SER.E/976,,,,,
2020-077B,,Flock EP 7 ,USA,10/28/2020,,Yes,ST/SG/SER.E/964,ST/SG/SER.E/1200,decayed,2/21/2024,Spacecraft engaged in practical applications and uses of space technology such as weather or communications,Mentioned by New Zealand in ST/SG/SER.E/976 & ST/SG/SER.E/1190.,
,,,,,,,,ST/SG/SER.E/976,,,,,
,,,,,,,,ST/SG/SER.E/1190,,,,,
2020-077E,,Flock EP 5 ,USA,10/28/2020,,Yes,ST/SG/SER.E/964,ST/SG/SER.E/1213,decayed,3/9/2024,Spacecraft engaged in practical applications and uses of space technology such as weather or communications,Mentioned by New Zealand in ST/SG/SER.E/976 & ST/SG/SER.E/1190.,
,,,,,,,,ST/SG/SER.E/976,,,,,
,,,,,,,,ST/SG/SER.E/1190,,,,,
2020-077G,,Flock EP 3 ,USA,10/28/2020,,Yes,ST/SG/SER.E/964,ST/SG/SER.E/1213,decayed,3/5/2024,Spacecraft engaged in practical applications and uses of space technology such as weather or communications,Mentioned by New Zealand in ST/SG/SER.E/976 & ST/SG/SER.E/1190.,
,,,,,,,,ST/SG/SER.E/976,,,,,
,,,,,,,,ST/SG/SER.E/1190,,,,,
2020-077D,,Flock EP 8 ,USA,10/28/2020,,Yes,ST/SG/SER.E/964,ST/SG/SER.E/1213,decayed,3/28/2024,Spacecraft engaged in practical applications and uses of space technology such as weather or communications,Mentioned by New Zealand in ST/SG/SER.E/976 & ST/SG/SER.E/1190.,
,,,,,,,,ST/SG/SER.E/976,,,,,
,,,,,,,,ST/SG/SER.E/1190,,,,,
2020-077F,,CE-SAT IIB ,Japan,10/28/2020,,Yes,ST/SG/SER.E/1011,ST/SG/SER.E/976,in orbit,,"Earth remote sensing using an ultra-high sensitivity camera that can capture images with a ground-sample-distance (GSD) resolution of 5 metres, a visible-band camera that can capture images with a GSD resolution of 5 metres and a wide-angle camera that can capture images with a GSD resolution of 40 to 120 metres",Mentioned by New Zealand in ST/SG/SER.E/976.,Link
2020-076D,,Tianqi 6 ,China,10/26/2020,,Yes,ST/SG/SER.E/1033,,in orbit,,The Apocalypse Constellation 06 is equipped with a multiband Internet of things payload system that will provide support for users to conduct narrow-band space-based Internet of things business-level scenario applications,------,
2020-076C,,Yaogan 30 W ,China,10/26/2020,,Yes,ST/SG/SER.E/1033,,in orbit,,Remote sensing satellite,------,
2020-076A,,Yaogan 30 U ,China,10/26/2020,,Yes,ST/SG/SER.E/1033,,in orbit,,Remote sensing satellite,------,
2020-076B,,Yaogan 30 V ,China,10/26/2020,,Yes,ST/SG/SER.E/1033,,in orbit,,Remote sensing satellite,------,
[2020-075A],3555-2020-010,Cosmos 2547 (GLONASS-K1 No. 15) ,Russian Federation,10/25/2020,,Yes,ST/SG/SER.E/962,,in orbit,,The dual-use space object is intended to perform tasks on behalf of the Ministry of Defence of the Russian Federation and to support the socioeconomic development of the Russian Federation,------,
2020-074D,,Starlink 1872 ,USA,10/24/2020,,Yes,ST/SG/SER.E/964,ST/SG/SER.E/1130,[deorbited],[2023-04-15],Spacecraft engaged in practical applications and uses of space technology such as weather or communications,------,
2020-074G,,Starlink 1898 ,USA,10/24/2020,,Yes,ST/SG/SER.E/964,ST/SG/SER.E/1091,[deorbited],11/27/2022,Spacecraft engaged in practical applications and uses of space technology such as weather or communications,------,
2020-074AP,,Starlink 1946 ,USA,10/24/2020,,Yes,ST/SG/SER.E/964,ST/SG/SER.E/1116,[deorbited],2/5/2023,Spacecraft engaged in practical applications and uses of space technology such as weather or communications,------,
2020-074AA,,Starlink 1902 ,USA,10/24/2020,,Yes,ST/SG/SER.E/964,ST/SG/SER.E/1116,[deorbited],2/4/2023,Spacecraft engaged in practical applications and uses of space technology such as weather or communications,------,
2020-074AM,,Starlink 1939 ,USA,10/24/2020,,Yes,ST/SG/SER.E/964,,[decayed],[2022-04-16],Spacecraft engaged in practical applications and uses of space technology such as weather or communications,------,
2020-074AW,,Starlink 1851 ,USA,10/24/2020,,Yes,ST/SG/SER.E/964,ST/SG/SER.E/1215,[deorbited],5/20/2024,Spacecraft engaged in practical applications and uses of space technology such as weather or communications,------,
2020-074BK,,Starlink 1944 ,USA,10/24/2020,,Yes,ST/SG/SER.E/964,,in orbit,,Spacecraft engaged in practical applications and uses of space technology such as weather or communications,------,
2020-074J,,Starlink 1908 ,USA,10/24/2020,,Yes,ST/SG/SER.E/964,,in orbit,,Spacecraft engaged in practical applications and uses of space technology such as weather or communications,------,
2020-074AB,,Starlink 1903 ,USA,10/24/2020,,Yes,ST/SG/SER.E/964,,in orbit,,Spacecraft engaged in practical applications and uses of space technology such as weather or communications,------,
2020-074AF,,Starlink 1918 ,USA,10/24/2020,,Yes,ST/SG/SER.E/964,,in orbit,,Spacecraft engaged in practical applications and uses of space technology such as weather or communications,------,
2020-074BC,,Starlink 1930 ,USA,10/24/2020,,Yes,ST/SG/SER.E/964,,in orbit,,Spacecraft engaged in practical applications and uses of space technology such as weather or communications,------,
2020-074AX,,Starlink 1882 ,USA,10/24/2020,,Yes,ST/SG/SER.E/964,,in orbit,,Spacecraft engaged in practical applications and uses of space technology such as weather or communications,------,
2020-074AZ,,Starlink 1893 ,USA,10/24/2020,,Yes,ST/SG/SER.E/964,,in orbit,,Spacecraft engaged in practical applications and uses of space technology such as weather or communications,------,
2020-074BE,,Starlink 1933 ,USA,10/24/2020,,Yes,ST/SG/SER.E/964,,in orbit,,Spacecraft engaged in practical applications and uses of space technology such as weather or communications,------,
2020-074BF,,Starlink 1934 ,USA,10/24/2020,,Yes,ST/SG/SER.E/964,,in orbit,,Spacecraft engaged in practical applications and uses of space technology such as weather or communications,------,
2020-074BD,,Starlink 1931 ,USA,10/24/2020,,Yes,ST/SG/SER.E/964,,in orbit,,Spacecraft engaged in practical applications and uses of space technology such as weather or communications,------,
2020-074M,,Starlink 1915 ,USA,10/24/2020,,Yes,ST/SG/SER.E/964,ST/SG/SER.E/967,[deorbited],11/6/2020,Spacecraft engaged in practical applications and uses of space technology such as weather or communications,------,
2020-074P,,Starlink 1921 ,USA,10/24/2020,,Yes,ST/SG/SER.E/964,,in orbit,,Spacecraft engaged in practical applications and uses of space technology such as weather or communications,------,
2020-074Q,,Starlink 1922 ,USA,10/24/2020,,Yes,ST/SG/SER.E/964,,in orbit,,Spacecraft engaged in practical applications and uses of space technology such as weather or communications,------,
2020-074F,,Starlink 1894 ,USA,10/24/2020,,Yes,ST/SG/SER.E/964,,in orbit,,Spacecraft engaged in practical applications and uses of space technology such as weather or communications,------,
2020-074H,,Starlink 1905 ,USA,10/24/2020,,Yes,ST/SG/SER.E/964,,in orbit,,Spacecraft engaged in practical applications and uses of space technology such as weather or communications,------,
2020-074K,,Starlink 1910 ,USA,10/24/2020,,Yes,ST/SG/SER.E/964,,in orbit,,Spacecraft engaged in practical applications and uses of space technology such as weather or communications,------,
2020-074L,,Starlink 1911 ,USA,10/24/2020,,Yes,ST/SG/SER.E/964,,in orbit,,Spacecraft engaged in practical applications and uses of space technology such as weather or communications,------,
2020-074AR,,Starlink 1950 ,USA,10/24/2020,,Yes,ST/SG/SER.E/964,ST/SG/SER.E/967,[deorbited],11/6/2020,Spacecraft engaged in practical applications and uses of space technology such as weather or communications,------,
2020-074AU,,Starlink 1834 ,USA,10/24/2020,,Yes,ST/SG/SER.E/964,,in orbit,,Spacecraft engaged in practical applications and uses of space technology such as weather or communications,------,
2020-074AV,,Starlink 1835 ,USA,10/24/2020,,Yes,ST/SG/SER.E/964,,in orbit,,Spacecraft engaged in practical applications and uses of space technology such as weather or communications,------,
2020-074AT,,Starlink 1832 ,USA,10/24/2020,,Yes,ST/SG/SER.E/964,,in orbit,,Spacecraft engaged in practical applications and uses of space technology such as weather or communications,------,
2020-074BH,,Starlink 1942 ,USA,10/24/2020,,Yes,ST/SG/SER.E/964,,in orbit,,Spacecraft engaged in practical applications and uses of space technology such as weather or communications,------,
2020-074BM,,Starlink 1948 ,USA,10/24/2020,,Yes,ST/SG/SER.E/964,,in orbit,,Spacecraft engaged in practical applications and uses of space technology such as weather or communications,------,
2020-074E,,Starlink 1892 ,USA,10/24/2020,,Yes,ST/SG/SER.E/964,,in orbit,,Spacecraft engaged in practical applications and uses of space technology such as weather or communications,------,
2020-074B,,Starlink 1848 ,USA,10/24/2020,,Yes,ST/SG/SER.E/964,,in orbit,,Spacecraft engaged in practical applications and uses of space technology such as weather or communications,------,
2020-074S,,Starlink 1924 ,USA,10/24/2020,,Yes,ST/SG/SER.E/964,,in orbit,,Spacecraft engaged in practical applications and uses of space technology such as weather or communications,------,
2020-074V,,Starlink 1928 ,USA,10/24/2020,,Yes,ST/SG/SER.E/964,,in orbit,,Spacecraft engaged in practical applications and uses of space technology such as weather or communications,------,
2020-074AN,,Starlink 1945 ,USA,10/24/2020,,Yes,ST/SG/SER.E/964,ST/SG/SER.E/1050,[deorbited],1/29/2022,Spacecraft engaged in practical applications and uses of space technology such as weather or communications,------,
2020-074BL,,Starlink 1947 ,USA,10/24/2020,,Yes,ST/SG/SER.E/964,ST/SG/SER.E/1071,[deorbited],4/30/2022,Spacecraft engaged in practical applications and uses of space technology such as weather or communications,------,
2020-074AG,,Starlink 1919 ,USA,10/24/2020,,Yes,ST/SG/SER.E/964,ST/SG/SER.E/1071,[deorbited],4/8/2022,Spacecraft engaged in practical applications and uses of space technology such as weather or communications,------,
2020-074Z,,Starlink 1901 ,USA,10/24/2020,,Yes,ST/SG/SER.E/964,ST/SG/SER.E/1034,[deorbited],11/14/2021,Spacecraft engaged in practical applications and uses of space technology such as weather or communications,------,
2020-074A,,Starlink-1847 ,USA,10/24/2020,,Yes,ST/SG/SER.E/964,ST/SG/SER.E/1024,[deorbited],7/14/2021,Spacecraft engaged in practical applications and uses of space technology such as weather or communications,------,
2020-074AJ,,Starlink 1935 ,USA,10/24/2020,,Yes,ST/SG/SER.E/964,ST/SG/SER.E/1031,[deorbited],8/24/2021,Spacecraft engaged in practical applications and uses of space technology such as weather or communications,------,
2020-074Y,,Starlink 1897 ,USA,10/24/2020,,Yes,ST/SG/SER.E/964,ST/SG/SER.E/1031,[deorbited],8/23/2021,Spacecraft engaged in practical applications and uses of space technology such as weather or communications,------,
2020-074AL,,Starlink 1937 ,USA,10/24/2020,,Yes,ST/SG/SER.E/964,ST/SG/SER.E/1031,[deorbited],9/11/2021,Spacecraft engaged in practical applications and uses of space technology such as weather or communications,------,
2020-074AQ,,Starlink 1949 ,USA,10/24/2020,,Yes,ST/SG/SER.E/964,ST/SG/SER.E/1031,[deorbited],10/2/2021,Spacecraft engaged in practical applications and uses of space technology such as weather or communications,------,
2020-074BJ,,Starlink 1943 ,USA,10/24/2020,,Yes,ST/SG/SER.E/964,ST/SG/SER.E/1041,[deorbited],12/20/2021,Spacecraft engaged in practical applications and uses of space technology such as weather or communications,------,
2020-074U,,Starlink 1926 ,USA,10/24/2020,,Yes,ST/SG/SER.E/964,ST/SG/SER.E/1242,[deorbited],11/2/2024,Spacecraft engaged in practical applications and uses of space technology such as weather or communications,------,
2020-074R,,Starlink 1923 ,USA,10/24/2020,,Yes,ST/SG/SER.E/964,ST/SG/SER.E/1249,[deorbited],12/2/2024,Spacecraft engaged in practical applications and uses of space technology such as weather or communications,------,
2020-074BA,,Starlink 1899 ,USA,10/24/2020,,Yes,ST/SG/SER.E/964,ST/SG/SER.E/1239,[deorbited],10/15/2024,Spacecraft engaged in practical applications and uses of space technology such as weather or communications,------,
2020-074W,,Starlink 1833 ,USA,10/24/2020,,Yes,ST/SG/SER.E/964,,[deorbited],[2025-05-17],Spacecraft engaged in practical applications and uses of space technology such as weather or communications,------,
2020-074BB,,Starlink 1929 ,USA,10/24/2020,,Yes,ST/SG/SER.E/964,ST/SG/SER.E/1270,[deorbited],1/31/2025,Spacecraft engaged in practical applications and uses of space technology such as weather or communications,------,
2020-074AK,,Starlink 1936 ,USA,10/24/2020,,Yes,ST/SG/SER.E/964,ST/SG/SER.E/1270,[deorbited],1/30/2025,Spacecraft engaged in practical applications and uses of space technology such as weather or communications,------,
2020-074X,,Starlink 1896 ,USA,10/24/2020,,Yes,ST/SG/SER.E/964,ST/SG/SER.E/1270,[deorbited],1/25/2025,Spacecraft engaged in practical applications and uses of space technology such as weather or communications,------,
2020-074AE,,Starlink 1917 ,USA,10/24/2020,,Yes,ST/SG/SER.E/964,ST/SG/SER.E/1287,[deorbited],2/21/2025,Spacecraft engaged in practical applications and uses of space technology such as weather or communications,------,
2020-074AY,,Starlink 1883 ,USA,10/24/2020,,Yes,ST/SG/SER.E/964,ST/SG/SER.E/1287,[deorbited],2/22/2025,Spacecraft engaged in practical applications and uses of space technology such as weather or communications,------,
2020-074AC,,Starlink 1906 ,USA,10/24/2020,,Yes,ST/SG/SER.E/964,ST/SG/SER.E/1287,[deorbited],2/25/2025,Spacecraft engaged in practical applications and uses of space technology such as weather or communications,------,
2020-074C,,Starlink 1865 ,USA,10/24/2020,,Yes,ST/SG/SER.E/964,ST/SG/SER.E/1287,[deorbited],2/27/2025,Spacecraft engaged in practical applications and uses of space technology such as weather or communications,------,
2020-074N,,Starlink 1920 ,USA,10/24/2020,,Yes,ST/SG/SER.E/964,ST/SG/SER.E/1290,[deorbited],4/30/2025,Spacecraft engaged in practical applications and uses of space technology such as weather or communications,------,
2020-074AS,,Starlink 1798 ,USA,10/24/2020,,Yes,ST/SG/SER.E/964,ST/SG/SER.E/1290,[deorbited],3/8/2025,Spacecraft engaged in practical applications and uses of space technology such as weather or communications,------,
2020-074BG,,Starlink 1941 ,USA,10/24/2020,,Yes,ST/SG/SER.E/964,ST/SG/SER.E/1290,[deorbited],3/19/2025,Spacecraft engaged in practical applications and uses of space technology such as weather or communications,------,
2020-074AD,,Starlink 1916 ,USA,10/24/2020,,Yes,ST/SG/SER.E/964,ST/SG/SER.E/1290,[deorbited],4/18/2025,Spacecraft engaged in practical applications and uses of space technology such as weather or communications,------,
2020-074AH,,Starlink 1932 ,USA,10/24/2020,,Yes,ST/SG/SER.E/964,ST/SG/SER.E/1290,[deorbited],3/26/2025,Spacecraft engaged in practical applications and uses of space technology such as weather or communications,------,
2020-074T,,Starlink 1925 ,USA,10/24/2020,,Yes,ST/SG/SER.E/964,ST/SG/SER.E/1290,[deorbited],3/24/2025,Spacecraft engaged in practical applications and uses of space technology such as weather or communications,------,
2020-073L,,Starlink 1774 ,USA,10/18/2020,,Yes,ST/SG/SER.E/964,,[deorbited],[2024-01-28],Spacecraft engaged in practical applications and uses of space technology such as weather or communications,------,
2020-073AS,,Starlink 1811 ,USA,10/18/2020,,Yes,ST/SG/SER.E/964,ST/SG/SER.E/1186,[deorbited],11/18/2023,Spacecraft engaged in practical applications and uses of space technology such as weather or communications,------,
2020-073H,,Starlink 1766 ,USA,10/18/2020,,Yes,ST/SG/SER.E/964,ST/SG/SER.E/1229,[deorbited],9/15/2024,Spacecraft engaged in practical applications and uses of space technology such as weather or communications,------,
2020-073BL,,Starlink 1831 ,USA,10/18/2020,,Yes,ST/SG/SER.E/964,ST/SG/SER.E/1071,[deorbited],4/2/2022,Spacecraft engaged in practical applications and uses of space technology such as weather or communications,------,
2020-073AQ,,Starlink 1809 ,USA,10/18/2020,,Yes,ST/SG/SER.E/964,ST/SG/SER.E/1076,decayed,6/5/2022,Spacecraft engaged in practical applications and uses of space technology such as weather or communications,------,
2020-073BE,,Starlink 1825 ,USA,10/18/2020,,Yes,ST/SG/SER.E/964,ST/SG/SER.E/1215,[deorbited],6/1/2024,Spacecraft engaged in practical applications and uses of space technology such as weather or communications,------,
2020-073D,,Starlink 1717 ,USA,10/18/2020,,Yes,ST/SG/SER.E/964,ST/SG/SER.E/1227,[deorbited],8/24/2024,Spacecraft engaged in practical applications and uses of space technology such as weather or communications,------,
2020-073BK,,Starlink 1830 ,USA,10/18/2020,,Yes,ST/SG/SER.E/964,,in orbit,,Spacecraft engaged in practical applications and uses of space technology such as weather or communications,------,
2020-073BF,,Starlink 1826 ,USA,10/18/2020,,Yes,ST/SG/SER.E/964,,in orbit,,Spacecraft engaged in practical applications and uses of space technology such as weather or communications,------,
2020-073BJ,,Starlink 1829 ,USA,10/18/2020,,Yes,ST/SG/SER.E/964,,in orbit,,Spacecraft engaged in practical applications and uses of space technology such as weather or communications,------,
2020-073C,,Starlink 1716 ,USA,10/18/2020,,Yes,ST/SG/SER.E/964,,in orbit,,Spacecraft engaged in practical applications and uses of space technology such as weather or communications,------,
2020-073J,,Starlink 1772 ,USA,10/18/2020,,Yes,ST/SG/SER.E/964,ST/SG/SER.E/971,[deorbited],12/27/2020,Spacecraft engaged in practical applications and uses of space technology such as weather or communications,------,
2020-073E,,Starlink 1718 ,USA,10/18/2020,,Yes,ST/SG/SER.E/964,,in orbit,,Spacecraft engaged in practical applications and uses of space technology such as weather or communications,------,
2020-073K,,Starlink 1773 ,USA,10/18/2020,,Yes,ST/SG/SER.E/964,,in orbit,,Spacecraft engaged in practical applications and uses of space technology such as weather or communications,------,
2020-073N,,Starlink 1776 ,USA,10/18/2020,,Yes,ST/SG/SER.E/964,,in orbit,,Spacecraft engaged in practical applications and uses of space technology such as weather or communications,------,
2020-073M,,Starlink 1775 ,USA,10/18/2020,,Yes,ST/SG/SER.E/964,,in orbit,,Spacecraft engaged in practical applications and uses of space technology such as weather or communications,------,
2020-073AC,,Starlink 1795 ,USA,10/18/2020,,Yes,ST/SG/SER.E/964,,in orbit,,Spacecraft engaged in practical applications and uses of space technology such as weather or communications,------,
2020-073AE,,Starlink 1797 ,USA,10/18/2020,,Yes,ST/SG/SER.E/964,,in orbit,,Spacecraft engaged in practical applications and uses of space technology such as weather or communications,------,
2020-073AF,,Starlink 1799 ,USA,10/18/2020,,Yes,ST/SG/SER.E/964,,in orbit,,Spacecraft engaged in practical applications and uses of space technology such as weather or communications,------,
2020-073AG,,Starlink 1800 ,USA,10/18/2020,,Yes,ST/SG/SER.E/964,,in orbit,,Spacecraft engaged in practical applications and uses of space technology such as weather or communications,------,
2020-073AH,,Starlink 1801 ,USA,10/18/2020,,Yes,ST/SG/SER.E/964,,in orbit,,Spacecraft engaged in practical applications and uses of space technology such as weather or communications,------,
2020-073AJ,,Starlink 1802 ,USA,10/18/2020,,Yes,ST/SG/SER.E/964,,in orbit,,Spacecraft engaged in practical applications and uses of space technology such as weather or communications,------,
2020-073AN,,Starlink 1807 ,USA,10/18/2020,,Yes,ST/SG/SER.E/964,,in orbit,,Spacecraft engaged in practical applications and uses of space technology such as weather or communications,------,
2020-073AR,,Starlink 1810 ,USA,10/18/2020,,Yes,ST/SG/SER.E/964,,in orbit,,Spacecraft engaged in practical applications and uses of space technology such as weather or communications,------,
2020-073AM,,Starlink 1805 ,USA,10/18/2020,,Yes,ST/SG/SER.E/964,,in orbit,,Spacecraft engaged in practical applications and uses of space technology such as weather or communications,------,
2020-073AU,,Starlink 1814 ,USA,10/18/2020,,Yes,ST/SG/SER.E/964,,in orbit,,Spacecraft engaged in practical applications and uses of space technology such as weather or communications,------,
2020-073A,,Starlink 1819 ,USA,10/18/2020,,Yes,ST/SG/SER.E/964,ST/SG/SER.E/964,[deorbited],10/25/2020,Spacecraft engaged in practical applications and uses of space technology such as weather or communications,------,
2020-073AV,,Starlink 1815 ,USA,10/18/2020,,Yes,ST/SG/SER.E/964,,in orbit,,Spacecraft engaged in practical applications and uses of space technology such as weather or communications,------,
2020-073AX,,Starlink 1817 ,USA,10/18/2020,,Yes,ST/SG/SER.E/964,,in orbit,,Spacecraft engaged in practical applications and uses of space technology such as weather or communications,------,
2020-073AW,,Starlink 1816 ,USA,10/18/2020,,Yes,ST/SG/SER.E/964,,in orbit,,Spacecraft engaged in practical applications and uses of space technology such as weather or communications,------,
2020-073T,,Starlink 1784 ,USA,10/18/2020,,Yes,ST/SG/SER.E/964,,in orbit,,Spacecraft engaged in practical applications and uses of space technology such as weather or communications,------,
2020-073Q,,Starlink 1780 ,USA,10/18/2020,,Yes,ST/SG/SER.E/964,,in orbit,,Spacecraft engaged in practical applications and uses of space technology such as weather or communications,------,
2020-073V,,Starlink 1788 ,USA,10/18/2020,,Yes,ST/SG/SER.E/964,,in orbit,,Spacecraft engaged in practical applications and uses of space technology such as weather or communications,------,
2020-073X,,Starlink 1790 ,USA,10/18/2020,,Yes,ST/SG/SER.E/964,,in orbit,,Spacecraft engaged in practical applications and uses of space technology such as weather or communications,------,
2020-073Z,,Starlink 1792 ,USA,10/18/2020,,Yes,ST/SG/SER.E/964,,in orbit,,Spacecraft engaged in practical applications and uses of space technology such as weather or communications,------,
2020-073W,,Starlink 1789 ,USA,10/18/2020,,Yes,ST/SG/SER.E/964,,in orbit,,Spacecraft engaged in practical applications and uses of space technology such as weather or communications,------,
2020-073R,,Starlink 1781 ,USA,10/18/2020,,Yes,ST/SG/SER.E/964,,in orbit,,Spacecraft engaged in practical applications and uses of space technology such as weather or communications,------,
2020-073BH,,Starlink 1828 ,USA,10/18/2020,,Yes,ST/SG/SER.E/964,,in orbit,,Spacecraft engaged in practical applications and uses of space technology such as weather or communications,------,
2020-073BA,,Starlink 1821 ,USA,10/18/2020,,Yes,ST/SG/SER.E/964,,in orbit,,Spacecraft engaged in practical applications and uses of space technology such as weather or communications,------,
2020-073AZ,,Starlink 1820 ,USA,10/18/2020,,Yes,ST/SG/SER.E/964,,in orbit,,Spacecraft engaged in practical applications and uses of space technology such as weather or communications,------,
2020-073U,,Starlink 1786 ,USA,10/18/2020,,Yes,ST/SG/SER.E/964,ST/SG/SER.E/1050,[deorbited],1/29/2022,Spacecraft engaged in practical applications and uses of space technology such as weather or communications,------,
2020-073BG,,Starlink 1827 ,USA,10/18/2020,,Yes,ST/SG/SER.E/964,ST/SG/SER.E/1034,[deorbited],11/11/2021,Spacecraft engaged in practical applications and uses of space technology such as weather or communications,------,
2020-073G,,Starlink 1731 ,USA,10/18/2020,,Yes,ST/SG/SER.E/964,ST/SG/SER.E/1034,[deorbited],11/13/2021,Spacecraft engaged in practical applications and uses of space technology such as weather or communications,------,
2020-073BM,,Starlink 1841 ,USA,10/18/2020,,Yes,ST/SG/SER.E/964,ST/SG/SER.E/1010,[deorbited],5/28/2021,Spacecraft engaged in practical applications and uses of space technology such as weather or communications,------,
2020-073AD,,Starlink 1796 ,USA,10/18/2020,,Yes,ST/SG/SER.E/964,ST/SG/SER.E/1031,[deorbited],9/6/2021,Spacecraft engaged in practical applications and uses of space technology such as weather or communications,------,
2020-073P,,Starlink 1778 ,USA,10/18/2020,,Yes,ST/SG/SER.E/964,ST/SG/SER.E/1031,[deorbited],9/4/2021,Spacecraft engaged in practical applications and uses of space technology such as weather or communications,------,
2020-073AB,,Starlink 1794 ,USA,10/18/2020,,Yes,ST/SG/SER.E/964,ST/SG/SER.E/1031,[deorbited],9/29/2021,Spacecraft engaged in practical applications and uses of space technology such as weather or communications,------,
2020-073BD,,Starlink 1824 ,USA,10/18/2020,,Yes,ST/SG/SER.E/964,ST/SG/SER.E/1031,[deorbited],10/3/2021,Spacecraft engaged in practical applications and uses of space technology such as weather or communications,------,
2020-073BC,,Starlink 1823 ,USA,10/18/2020,,Yes,ST/SG/SER.E/964,ST/SG/SER.E/1080,[deorbited],8/31/2022,Spacecraft engaged in practical applications and uses of space technology such as weather or communications,------,
2020-073Y,,Starlink 1791 ,USA,10/18/2020,,Yes,ST/SG/SER.E/964,ST/SG/SER.E/1270,[deorbited],1/29/2025,Spacecraft engaged in practical applications and uses of space technology such as weather or communications,------,
2020-073F,,Starlink 1720 ,USA,10/18/2020,,Yes,ST/SG/SER.E/964,ST/SG/SER.E/1270,[deorbited],1/6/2025,Spacecraft engaged in practical applications and uses of space technology such as weather or communications,------,
2020-073AT,,Starlink-1813 ,USA,10/18/2020,,Yes,ST/SG/SER.E/964,ST/SG/SER.E/1270,[deorbited],1/13/2025,Spacecraft engaged in practical applications and uses of space technology such as weather or communications,------,
2020-073AK,,Starlink 1803 ,USA,10/18/2020,,Yes,ST/SG/SER.E/964,ST/SG/SER.E/1290,[deorbited],4/24/2025,Spacecraft engaged in practical applications and uses of space technology such as weather or communications,------,
2020-073AP,,Starlink 1808 ,USA,10/18/2020,,Yes,ST/SG/SER.E/964,ST/SG/SER.E/1290,[deorbited],4/25/2025,Spacecraft engaged in practical applications and uses of space technology such as weather or communications,------,
2020-073AA,,Starlink 1793 ,USA,10/18/2020,,Yes,ST/SG/SER.E/964,ST/SG/SER.E/1290,[deorbited],4/20/2025,Spacecraft engaged in practical applications and uses of space technology such as weather or communications,------,
2020-073B,,Starlink 1715 ,USA,10/18/2020,,Yes,ST/SG/SER.E/964,ST/SG/SER.E/1290,[deorbited],3/7/2025,Spacecraft engaged in practical applications and uses of space technology such as weather or communications,------,
2020-073AY,,Starlink-1818 ,USA,10/18/2020,,Yes,ST/SG/SER.E/964,ST/SG/SER.E/1302,[deorbited],6/24/2025,Spacecraft engaged in practical applications and uses of space technology such as weather or communications,------,
2020-073BB,,Starlink 1822 ,USA,10/18/2020,,Yes,ST/SG/SER.E/964,ST/SG/SER.E/1313,[deorbited],9/3/2025,Spacecraft engaged in practical applications and uses of space technology such as weather or communications,------,
2020-073AL,,Starlink 1804 ,USA,10/18/2020,,Yes,ST/SG/SER.E/964,ST/SG/SER.E/1216,[deorbited],6/9/2024,Spacecraft engaged in practical applications and uses of space technology such as weather or communications,------,
2020-073S,,Starlink 1783 ,USA,10/18/2020,,Yes,ST/SG/SER.E/964,ST/SG/SER.E/1216,[deorbited],6/9/2024,Spacecraft engaged in practical applications and uses of space technology such as weather or communications,------,
[2020-072A],3554-2020-009,Soyuz MS-17 ,Russian Federation,10/14/2020,,Yes,ST/SG/SER.E/962,ST/SG/SER.E/969,recovered,4/17/2021,"Delivery to the International Space Station of the crew of Expedition 64, consisting of Sergei Nikolaevich Ryzhikov (Russian Federation), commander of the crewed transport vehicle, and flight engineers Sergei Vladimirovich Kud-Sverchkov (Russian Federation) and Kathleen Rubins (United States of America)",------,
2020-071A,,Gaofen 13 ,China,10/11/2020,[+117.8 degrees East],Yes,ST/SG/SER.E/1033,,in GSO,,Remote sensing satellite,------,
2020-070R,,Starlink 1698 ,USA,10/6/2020,,Yes,ST/SG/SER.E/964,ST/SG/SER.E/1229,[deorbited],9/7/2024,Spacecraft engaged in practical applications and uses of space technology such as weather or communications,------,
2020-070AT,,Starlink 1650 ,USA,10/6/2020,,Yes,ST/SG/SER.E/964,ST/SG/SER.E/1146,[deorbited],6/27/2023,Spacecraft engaged in practical applications and uses of space technology such as weather or communications,------,
2020-070AE,,Starlink 1706 ,USA,10/6/2020,,Yes,ST/SG/SER.E/964,ST/SG/SER.E/1146,[deorbited],6/16/2023,Spacecraft engaged in practical applications and uses of space technology such as weather or communications,------,
2020-070W,,Starlink 1649 ,USA,10/6/2020,,Yes,ST/SG/SER.E/964,ST/SG/SER.E/1117,[deorbited],3/24/2023,Spacecraft engaged in practical applications and uses of space technology such as weather or communications,------,
2020-070AP,,Starlink 1747 ,USA,10/6/2020,,Yes,ST/SG/SER.E/964,ST/SG/SER.E/1213,[deorbited],3/8/2024,Spacecraft engaged in practical applications and uses of space technology such as weather or communications,------,
2020-070L,,Starlink 1692 ,USA,10/6/2020,,Yes,ST/SG/SER.E/964,,in orbit,,Spacecraft engaged in practical applications and uses of space technology such as weather or communications,------,
2020-070BC,,Starlink 1728 ,USA,10/6/2020,,Yes,ST/SG/SER.E/964,,in orbit,,Spacecraft engaged in practical applications and uses of space technology such as weather or communications,------,
2020-070B,,Starlink 1648 ,USA,10/6/2020,,Yes,ST/SG/SER.E/964,,in orbit,,Spacecraft engaged in practical applications and uses of space technology such as weather or communications,------,
2020-070D,,Starlink 1663 ,USA,10/6/2020,,Yes,ST/SG/SER.E/964,,in orbit,,Spacecraft engaged in practical applications and uses of space technology such as weather or communications,------,
2020-070AC,,Starlink 1680 ,USA,10/6/2020,,Yes,ST/SG/SER.E/964,,in orbit,,Spacecraft engaged in practical applications and uses of space technology such as weather or communications,------,
2020-070X,,Starlink 1664 ,USA,10/6/2020,,Yes,ST/SG/SER.E/964,,in orbit,,Spacecraft engaged in practical applications and uses of space technology such as weather or communications,------,
2020-070AM,,Starlink 1741 ,USA,10/6/2020,,Yes,ST/SG/SER.E/964,,in orbit,,Spacecraft engaged in practical applications and uses of space technology such as weather or communications,------,
2020-070K,,Starlink 1687 ,USA,10/6/2020,,Yes,ST/SG/SER.E/964,,in orbit,,Spacecraft engaged in practical applications and uses of space technology such as weather or communications,------,
2020-070F,,Starlink 1672 ,USA,10/6/2020,,Yes,ST/SG/SER.E/964,,in orbit,,Spacecraft engaged in practical applications and uses of space technology such as weather or communications,------,
2020-070G,,Starlink 1678 ,USA,10/6/2020,,Yes,ST/SG/SER.E/964,,in orbit,,Spacecraft engaged in practical applications and uses of space technology such as weather or communications,------,
2020-070M,,Starlink 1693 ,USA,10/6/2020,,Yes,ST/SG/SER.E/964,,in orbit,,Spacecraft engaged in practical applications and uses of space technology such as weather or communications,------,
2020-070AD,,Starlink 1681 ,USA,10/6/2020,,Yes,ST/SG/SER.E/964,,in orbit,,Spacecraft engaged in practical applications and uses of space technology such as weather or communications,------,
2020-070T,,Starlink 1700 ,USA,10/6/2020,,Yes,ST/SG/SER.E/964,,in orbit,,Spacecraft engaged in practical applications and uses of space technology such as weather or communications,------,
2020-070AS,,Starlink 1531 ,USA,10/6/2020,,Yes,ST/SG/SER.E/964,,in orbit,,Spacecraft engaged in practical applications and uses of space technology such as weather or communications,------,
2020-070AU,,Starlink 1660 ,USA,10/6/2020,,Yes,ST/SG/SER.E/964,,in orbit,,Spacecraft engaged in practical applications and uses of space technology such as weather or communications,------,
2020-070AW,,Starlink 1677 ,USA,10/6/2020,,Yes,ST/SG/SER.E/964,,in orbit,,Spacecraft engaged in practical applications and uses of space technology such as weather or communications,------,
2020-070AY,,Starlink 1683 ,USA,10/6/2020,,Yes,ST/SG/SER.E/964,,in orbit,,Spacecraft engaged in practical applications and uses of space technology such as weather or communications,------,
2020-070AZ,,Starlink 1705 ,USA,10/6/2020,,Yes,ST/SG/SER.E/964,,in orbit,,Spacecraft engaged in practical applications and uses of space technology such as weather or communications,------,
2020-070BF,,Starlink 1736 ,USA,10/6/2020,,Yes,ST/SG/SER.E/964,,in orbit,,Spacecraft engaged in practical applications and uses of space technology such as weather or communications,------,
2020-070BG,,Starlink 1737 ,USA,10/6/2020,,Yes,ST/SG/SER.E/964,,in orbit,,Spacecraft engaged in practical applications and uses of space technology such as weather or communications,------,
2020-070BJ,,Starlink 1746 ,USA,10/6/2020,,Yes,ST/SG/SER.E/964,,in orbit,,Spacecraft engaged in practical applications and uses of space technology such as weather or communications,------,
2020-070BB,,Starlink 1712 ,USA,10/6/2020,,Yes,ST/SG/SER.E/964,,in orbit,,Spacecraft engaged in practical applications and uses of space technology such as weather or communications,------,
2020-070A,,Starlink 1644 ,USA,10/6/2020,,Yes,ST/SG/SER.E/964,,in orbit,,Spacecraft engaged in practical applications and uses of space technology such as weather or communications,------,
2020-070AA,,Starlink 1676 ,USA,10/6/2020,,Yes,ST/SG/SER.E/964,,in orbit,,Spacecraft engaged in practical applications and uses of space technology such as weather or communications,------,
2020-070AB,,Starlink 1679 ,USA,10/6/2020,,Yes,ST/SG/SER.E/964,,in orbit,,Spacecraft engaged in practical applications and uses of space technology such as weather or communications,------,
2020-070AF,,Starlink 1709 ,USA,10/6/2020,,Yes,ST/SG/SER.E/964,,in orbit,,Spacecraft engaged in practical applications and uses of space technology such as weather or communications,------,
2020-070AG,,Starlink 1714 ,USA,10/6/2020,,Yes,ST/SG/SER.E/964,,in orbit,,Spacecraft engaged in practical applications and uses of space technology such as weather or communications,------,
2020-070AK,,Starlink 1735 ,USA,10/6/2020,,Yes,ST/SG/SER.E/964,,in orbit,,Spacecraft engaged in practical applications and uses of space technology such as weather or communications,------,
2020-070AL,,Starlink 1740 ,USA,10/6/2020,,Yes,ST/SG/SER.E/964,,in orbit,,Spacecraft engaged in practical applications and uses of space technology such as weather or communications,------,
2020-070AJ,,Starlink 1733 ,USA,10/6/2020,,Yes,ST/SG/SER.E/964,,in orbit,,Spacecraft engaged in practical applications and uses of space technology such as weather or communications,------,
2020-070AH,,Starlink-1730 ,USA,10/6/2020,,Yes,ST/SG/SER.E/964,,in orbit,,Spacecraft engaged in practical applications and uses of space technology such as weather or communications,------,
2020-070E,,Starlink 1668 ,USA,10/6/2020,,Yes,ST/SG/SER.E/964,ST/SG/SER.E/1055,[deorbited],2/10/2022,Spacecraft engaged in practical applications and uses of space technology such as weather or communications,------,
2020-070H,,Starlink 1684 ,USA,10/6/2020,,Yes,ST/SG/SER.E/964,ST/SG/SER.E/1058,[deorbited],3/27/2022,Spacecraft engaged in practical applications and uses of space technology such as weather or communications,------,
2020-070AR,,Starlink 1753 ,USA,10/6/2020,,Yes,ST/SG/SER.E/964,ST/SG/SER.E/1071,[deorbited],4/30/2022,Spacecraft engaged in practical applications and uses of space technology such as weather or communications,------,
2020-070AN,,Starlink 1743 ,USA,10/6/2020,,Yes,ST/SG/SER.E/964,ST/SG/SER.E/1071,[deorbited],4/10/2022,Spacecraft engaged in practical applications and uses of space technology such as weather or communications,------,
2020-070BL,,Starlink 1754 ,USA,10/6/2020,,Yes,ST/SG/SER.E/964,ST/SG/SER.E/1071,[deorbited],4/17/2022,Spacecraft engaged in practical applications and uses of space technology such as weather or communications,------,
2020-070BH,,Starlink 1744 ,USA,10/6/2020,,Yes,ST/SG/SER.E/964,ST/SG/SER.E/1024,[deorbited],7/18/2021,Spacecraft engaged in practical applications and uses of space technology such as weather or communications,------,
2020-070J,,Starlink 1685 ,USA,10/6/2020,,Yes,ST/SG/SER.E/964,ST/SG/SER.E/1031,[deorbited],8/29/2021,Spacecraft engaged in practical applications and uses of space technology such as weather or communications,------,
2020-070V,,Starlink 1702 ,USA,10/6/2020,,Yes,ST/SG/SER.E/964,ST/SG/SER.E/995,[deorbited],3/6/2021,Spacecraft engaged in practical applications and uses of space technology such as weather or communications,------,
2020-070Z,,Starlink 1674 ,USA,10/6/2020,,Yes,ST/SG/SER.E/964,ST/SG/SER.E/1041,[deorbited],12/12/2021,Spacecraft engaged in practical applications and uses of space technology such as weather or communications,------,
2020-070AQ,,Starlink 1748 ,USA,10/6/2020,,Yes,ST/SG/SER.E/964,ST/SG/SER.E/1239,[deorbited],10/18/2024,Spacecraft engaged in practical applications and uses of space technology such as weather or communications,------,
2020-070S,,Starlink 1699 ,USA,10/6/2020,,Yes,ST/SG/SER.E/964,ST/SG/SER.E/1239,decayed,10/19/2024,Spacecraft engaged in practical applications and uses of space technology such as weather or communications,------,
2020-070N,,Starlink 1694 ,USA,10/6/2020,,Yes,ST/SG/SER.E/964,ST/SG/SER.E/1302,[deorbited],5/8/2025,Spacecraft engaged in practical applications and uses of space technology such as weather or communications,------,
2020-070C,,Starlink 1659 ,USA,10/6/2020,,Yes,ST/SG/SER.E/964,ST/SG/SER.E/1302,[deorbited],5/6/2025,Spacecraft engaged in practical applications and uses of space technology such as weather or communications,------,
2020-070BD,,Starlink 1729 ,USA,10/6/2020,,Yes,ST/SG/SER.E/964,ST/SG/SER.E/1270,[deorbited],1/31/2025,Spacecraft engaged in practical applications and uses of space technology such as weather or communications,------,
2020-070BE,,Starlink 1732 ,USA,10/6/2020,,Yes,ST/SG/SER.E/964,ST/SG/SER.E/1287,[deorbited],2/26/2025,Spacecraft engaged in practical applications and uses of space technology such as weather or communications,------,
2020-070Y,,Starlink 1671 ,USA,10/6/2020,,Yes,ST/SG/SER.E/964,ST/SG/SER.E/1287,[deorbited],2/21/2025,Spacecraft engaged in practical applications and uses of space technology such as weather or communications,------,
2020-070AV,,Starlink 1675 ,USA,10/6/2020,,Yes,ST/SG/SER.E/964,,[deorbited],[2025-11-27],Spacecraft engaged in practical applications and uses of space technology such as weather or communications,------,
2020-070BM,,Starlink 1755 ,USA,10/6/2020,,Yes,ST/SG/SER.E/964,ST/SG/SER.E/1287,[deorbited],2/23/2025,Spacecraft engaged in practical applications and uses of space technology such as weather or communications,------,
2020-070P,,Starlink 1696 ,USA,10/6/2020,,Yes,ST/SG/SER.E/964,ST/SG/SER.E/1290,[deorbited],4/29/2025,Spacecraft engaged in practical applications and uses of space technology such as weather or communications,------,
2020-070BK,,Starlink 1749 ,USA,10/6/2020,,Yes,ST/SG/SER.E/964,ST/SG/SER.E/1290,[deorbited],3/20/2025,Spacecraft engaged in practical applications and uses of space technology such as weather or communications,------,
2020-070Q,,Starlink 1697 ,USA,10/6/2020,,Yes,ST/SG/SER.E/964,ST/SG/SER.E/1290,[deorbited],4/6/2025,Spacecraft engaged in practical applications and uses of space technology such as weather or communications,------,
2020-070U,,Starlink 1701 ,USA,10/6/2020,,Yes,ST/SG/SER.E/964,ST/SG/SER.E/1290,[deorbited],3/1/2025,Spacecraft engaged in practical applications and uses of space technology such as weather or communications,------,
2020-070AX,,Starlink 1682 ,USA,10/6/2020,,Yes,ST/SG/SER.E/964,ST/SG/SER.E/1290,[deorbited],3/2/2025,Spacecraft engaged in practical applications and uses of space technology such as weather or communications,------,
2020-070BA,,Starlink 1708 ,USA,10/6/2020,,Yes,ST/SG/SER.E/964,ST/SG/SER.E/1302,[deorbited],6/13/2025,Spacecraft engaged in practical applications and uses of space technology such as weather or communications,------,
2020-069A,,Cygnus NG-14 ,USA,10/3/2020,,Yes,ST/SG/SER.E/964,ST/SG/SER.E/977,[deorbited],1/26/2021,Spacecraft engaged in practical applications and uses of space technology such as weather or communications,------,
2020-061BF,,Flock 4v 17 ,USA,[2020-10-02],,Yes,ST/SG/SER.E/956,ST/SG/SER.E/1213,decayed,3/14/2024,Spacecraft engaged in practical applications and uses of space technology such as weather or communications,Date of launch is estimated date of deployment from ION-SVC (international designator 2020-061C).,
2020-061BD,,Flock 4v 16 ,USA,[2020-09-30],,Yes,ST/SG/SER.E/956,ST/SG/SER.E/1200,decayed,2/28/2024,Spacecraft engaged in practical applications and uses of space technology such as weather or communications,Date of launch is estimated date of deployment from ION-SVC (international designator 2020-061C).,
2020-061BE,,Flock 4v 15 ,USA,[2020-09-30],,Yes,ST/SG/SER.E/956,ST/SG/SER.E/1213,decayed,3/28/2024,Spacecraft engaged in practical applications and uses of space technology such as weather or communications,Date of launch is estimated date of deployment from ION-SVC (international designator 2020-061C).,
2020-068S,,"FM144, LEMUR 2 Susurrus ",Luxembourg,9/28/2020,,Yes,ST/SG/SER.E/1043,A/AC.105/INF/445,[decayed],[2024-10-09],Earth exploration and meteorology; testing of inter-satellite links,Previously registered under resolution 1721B (XVI) in A/AC.105/INF/445. Mentioned by the Russian Federation in ST/SG/SER.E/969.,
,,,,,,,,ST/SG/SER.E/969,,,,,
2020-068Q,,"FM145, LEMUR 2 Slicers ",Luxembourg,9/28/2020,,Yes,ST/SG/SER.E/1043,A/AC.105/INF/445,[decayed],[2024-10-09],Earth exploration and meteorology; testing of inter-satellite links,Previously registered under resolution 1721B (XVI) in A/AC.105/INF/445. Mentioned by the Russian Federation in ST/SG/SER.E/969.,
,,,,,,,,ST/SG/SER.E/969,,,,,
2020-068T,,Lemur 2 Nichol ,USA,9/28/2020,,Yes,ST/SG/SER.E/956,ST/SG/SER.E/969,in orbit,,Spacecraft engaged in practical applications and uses of space technology such as weather or communications,Mentioned by the Russian Federation in ST/SG/SER.E/969.,
2020-068M,FIN-8-SAT-2020,ICEYE X6 ,Finland,9/28/2020,,Yes,ST/SG/SER.E/958,ST/SG/SER.E/969,in orbit,,Earth observation satellite carrying a synthetic aperture radar. Data will be provided commercially.,Mentioned by the Russian Federation in ST/SG/SER.E/969.,
2020-068L,FIN-9-SAT-2020,ICEYE X7 ,Finland,9/28/2020,,Yes,ST/SG/SER.E/958,ST/SG/SER.E/969,in orbit,,Earth observation satellite carrying a synthetic aperture radar. Data will be provided commercially.,Mentioned by the Russian Federation in ST/SG/SER.E/969.,
2020-068K,D-R080,Spectrum AnaLysis SATellite (SALSAT) ,Germany,9/28/2020,,Yes,ST/SG/SER.E/975,ST/SG/SER.E/969,in orbit,,"Spectrum AnaLysis SATellite (SALSAT) is a nanosatellite project of the Technical University of Berlin to develop, launch and operate a nanosatellite with a payload for in-orbit spectrum analysis, demonstrating space technology and satellite communication",Estimated years when space object is no longer functional and re-enters provided by State of registry in ST/SG/SER.E/975. Mentioned by the Russian Federation in ST/SG/SER.E/969.,Link
2020-068V,D-R083,NetSat 3 ,Germany,9/28/2020,,Yes,ST/SG/SER.E/975,ST/SG/SER.E/969,in orbit,,Demonstration of autonomous formation flight in three dimensions,Estimated years when space object is no longer functional and re-enters provided by State of registry in ST/SG/SER.E/975. Mentioned by the Russian Federation in ST/SG/SER.E/969.,Link
2020-068U,D-R084,NetSat 4 ,Germany,9/28/2020,,Yes,ST/SG/SER.E/975,ST/SG/SER.E/969,in orbit,,Demonstration of autonomous formation flight in three dimensions,Estimated years when space object is no longer functional and re-enters provided by State of registry in ST/SG/SER.E/975. Mentioned by the Russian Federation in ST/SG/SER.E/969.,Link
2020-068X,D-R082,NetSat 2 ,Germany,9/28/2020,,Yes,ST/SG/SER.E/975,ST/SG/SER.E/969,in orbit,,Demonstration of autonomous formation flight in three dimensions,Estimated years when space object is no longer functional and re-enters provided by State of registry in ST/SG/SER.E/975. Mentioned by the Russian Federation in ST/SG/SER.E/969.,Link
2020-068W,D-R081,NetSat 1 ,Germany,9/28/2020,,Yes,ST/SG/SER.E/975,ST/SG/SER.E/969,in orbit,,Demonstration of autonomous formation flight in three dimensions,Estimated years when space object is no longer functional and re-enters provided by State of registry in ST/SG/SER.E/975. Mentioned by the Russian Federation in ST/SG/SER.E/969.,Link
2020-068G,2020-LT-01,LacunaSat 3 ,Lithuania,9/28/2020,,Yes,ST/SG/SER.E/960,ST/SG/SER.E/969,in orbit,,Satellite services and technology demonstration,Mentioned by the Russian Federation in ST/SG/SER.E/969.,
[2020-068B],3548-2020-008,Gonets M No.28 [GONETS M 18],Russian Federation,9/28/2020,,Yes,ST/SG/SER.E/969,,in orbit,,Telecommunications,------,
[2020-068C],3549-2020-008,Gonets M No.29 [GONETS M 19],Russian Federation,9/28/2020,,Yes,ST/SG/SER.E/969,,in orbit,,Telecommunications,------,
[2020-068A],3547-2020-008,Gonets M No.27 [GONETS M 17],Russian Federation,9/28/2020,,Yes,ST/SG/SER.E/969,,in orbit,,Telecommunications,------,
[2020-068J],3551-2020-008,Norbi ,Russian Federation,9/28/2020,,Yes,ST/SG/SER.E/969,,in orbit,,Scientific and educational applications,------,
[2020-068H],3550-2020-008,Descartes [Dekart],Russian Federation,9/28/2020,,Yes,ST/SG/SER.E/969,,in orbit,,Scientific and educational applications,------,
2020-068R,,Lemur 2 DayWzAGoodDay ,USA,9/28/2020,,Yes,ST/SG/SER.E/956,ST/SG/SER.E/1249,decayed,12/17/2024,Spacecraft engaged in practical applications and uses of space technology such as weather or communications,Mentioned by the Russian Federation in ST/SG/SER.E/969.,
,,,,,,,,ST/SG/SER.E/969,,,,,
2020-068F,3553-2020-008,Yarilo No.2 ,Russian Federation,9/28/2020,,Yes,ST/SG/SER.E/969,ST/SG/SER.E/1257,decayed,2/9/2025,Scientific and educational applications,------,
2020-068D,,MeznSat ,United Arab Emirates,9/28/2020,,Yes,ST/SG/SER.E/1018,ST/SG/SER.E/1018,[decayed],[2025-05-06],Earth observation/ education. A 3U cubesat for monitoring greenhouse gases using short-wave infrared spectrometry,State of registry notes in ST/SG/SER.E/1018/Add.1 that space object is no longer functional as of 2022-04-09 095300 UTC due to a failure in the on-board power management system software causing the power management board to fail boot up after a hard reset was commanded. Mentioned by the Russian Federation in ST/SG/SER.E/969.,
,,,,,,,,ST/SG/SER.E/1018/Add.1,,,,,
,,,,,,,,ST/SG/SER.E/969,,,,,
2020-068E,3552-2020-008,Yarilo No.1 ,Russian Federation,9/28/2020,,Yes,ST/SG/SER.E/969,ST/SG/SER.E/1271,decayed,3/8/2025,Scientific and educational applications,------,
2020-068N,,Kepler 5 (Amidala) ,Canada,9/28/2020,,Yes,ST/SG/SER.E/1060,ST/SG/SER.E/1307,[decayed],11/18/2024,Data transfer and technology,Mentioned by the Russian Federation in ST/SG/SER.E/969.,
,,,,,,,,ST/SG/SER.E/969,,,,,
2020-068P,,Kepler 4 (Antilles) ,Canada,9/28/2020,,Yes,ST/SG/SER.E/1060,ST/SG/SER.E/969,[decayed],[2025-06-18],Data transfer and technology,Mentioned by the Russian Federation in ST/SG/SER.E/969.,
2020-067B,,HJ 02B [HUANJING 2B],China,9/27/2020,,Yes,ST/SG/SER.E/1033,,in orbit,,Earth observation,------,
2020-067A,,HJ 02A [HUANJING 2A],China,9/27/2020,,Yes,ST/SG/SER.E/1033,,in orbit,,Earth observation,------,
2020-066A,,HY 02C [HAIYANG 2C],China,9/21/2020,,Yes,ST/SG/SER.E/1033,,in orbit,,"Monitor and conduct research on the marine environment and provide support services for marine disaster prevention and mitigation, protection of marine rights and interests, development of marine resources, marine environmental protection and marine scientific research",------,
2020-065G,,Jilin 1gf03c01 [JILIN 01 GAOFEN 3H],China,9/15/2020,,Yes,ST/SG/SER.E/1033,,in orbit,,Optical remote sensing of Earth,------,
2020-065H,,Jilin 1gf03c02 [JILIN 01 GAOFEN 3I],China,9/15/2020,,Yes,ST/SG/SER.E/1033,,in orbit,,Optical remote sensing of Earth,------,
[2020-065J],,Jilin 1gf03c03 [JILIN 01 GAOFEN 3J],China,9/15/2020,,Yes,ST/SG/SER.E/1033,,in orbit,,Optical remote sensing of Earth,------,
2020-065A,,Jilin 1gf03b01 [JILIN 01 GAOFEN 3B],China,9/15/2020,,Yes,ST/SG/SER.E/1033,,in orbit,,Optical remote sensing of Earth,------,
2020-065D,,Jilin 1gf03b04 [JILIN 01 GAOFEN 3E],China,9/15/2020,,Yes,ST/SG/SER.E/1033,,in orbit,,Optical remote sensing of Earth,------,
2020-065B,,Jilin 1gf03b02 [JILIN 01 GAOFEN 3C],China,9/15/2020,,Yes,ST/SG/SER.E/1033,,in orbit,,Optical remote sensing of Earth,------,
2020-065C,,Jilin 1gf03b03 [JILIN 01 GAOFEN 3D],China,9/15/2020,,Yes,ST/SG/SER.E/1033,,in orbit,,Optical remote sensing of Earth,------,
2020-065F,,Jilin 1gf03b06 [JILIN 01 GAOFEN 3G],China,9/15/2020,,Yes,ST/SG/SER.E/1033,,in orbit,,Optical remote sensing of Earth,------,
2020-065E,,Jilin 1gf03b05 [JILIN 01 GAOFEN 3F],China,9/15/2020,,Yes,ST/SG/SER.E/1033,,in orbit,,Optical remote sensing of Earth,------,
2020-064A,,GAOFEN 11-2 ,China,9/7/2020,,Yes,ST/SG/SER.E/1033,,in orbit,,Remote sensing satellite,------,
[2020-063G],, [CHINA],[China],[2020-09-04],,No,,,[in orbit],,------,Not registered with the United Nations.,
[2020-063A],, [REUSABLE EXPERIMIENTAL SPACECRAFT],[China],[2020-09-04],,No,,,[recovered],[2020-09-06],------,Not registered with the United Nations.,
2020-061Y,MCO 001,OSM 1 Cicero ,Monaco,9/3/2020,,Yes,A/AC.105/INF/442,A/AC.105/INF/442/Add.1,in orbit,,Collecting climate data for environmental application,State of registry notes in A/AC.105/INF/442/Add.1 that space object ceased communication at 0257 UTC on 11 June 2021 due to a radiation event.,Link
2020-061AD,,Lemur 2 Oscarlator ,USA,9/3/2020,,Yes,ST/SG/SER.E/956,,[decayed],[2024-01-27],Spacecraft engaged in practical applications and uses of space technology such as weather or communications,------,
2020-061Z,Mar-20,EG 2 (Tyvak 0171) ,Australia,9/3/2020,,Yes,ST/SG/SER.E/986,,[decayed],[2024-02-10],Telecommunications,------,
[2020-061BJ],, [FLOCK 4V 20],[(for USA)],[2020-09-03],,No,,ST/SG/SER.E/1229,decayed,9/11/2024,------,Not registered with the United Nations.,
2020-061T,,Flock 4v 6 ,USA,9/3/2020,,Yes,ST/SG/SER.E/956,ST/SG/SER.E/1229,decayed,9/1/2024,Spacecraft engaged in practical applications and uses of space technology such as weather or communications,------,
2020-061J,SIVR/705-2022-002,TRISAT ,Slovenia,9/3/2020,,Yes,ST/SG/SER.E/1084,,[decayed],[2024-09-29],"Technological demonstration of space technologies of Slovenia, observation of the Earth’s surface, and measurement of radiological hardness and cumulative ionization dose",------,
2020-061AA,,Flock 4V 10 ,USA,9/3/2020,,Yes,ST/SG/SER.E/956,ST/SG/SER.E/1229,decayed,9/9/2024,Spacecraft engaged in practical applications and uses of space technology such as weather or communications,------,
2020-061BM,, [FLOCK 4V 23],[(for USA)],[2020-09-03],,No,,ST/SG/SER.E/1186,[decayed],11/9/2023,------,Not registered with the United Nations.,
2020-062BA,,Starlink 1691 ,USA,9/3/2020,,Yes,ST/SG/SER.E/956,ST/SG/SER.E/1031,decayed,8/17/2021,Spacecraft engaged in practical applications and uses of space technology such as weather or communications,------,
2020-061AY,,Lemur 2 Ursa Avion ,USA,9/3/2020,,Yes,ST/SG/SER.E/956,ST/SG/SER.E/1188,decayed,12/7/2023,Spacecraft engaged in practical applications and uses of space technology such as weather or communications,------,
2020-061AN,,SpaceBee 16 ,USA,9/3/2020,,Yes,ST/SG/SER.E/956,ST/SG/SER.E/1131,decayed,5/11/2023,Spacecraft engaged in practical applications and uses of space technology such as weather or communications,------,
2020-061AR,,SpaceBee 14 ,USA,9/3/2020,,Yes,ST/SG/SER.E/956,ST/SG/SER.E/1130,decayed,4/26/2023,Spacecraft engaged in practical applications and uses of space technology such as weather or communications,------,
2020-061AP,,SpaceBee 12 ,USA,9/3/2020,,Yes,ST/SG/SER.E/956,ST/SG/SER.E/1130,decayed,4/19/2023,Spacecraft engaged in practical applications and uses of space technology such as weather or communications,------,
2020-061AM,,SpaceBee 11 ,USA,9/3/2020,,Yes,ST/SG/SER.E/956,ST/SG/SER.E/1130,decayed,4/10/2023,Spacecraft engaged in practical applications and uses of space technology such as weather or communications,------,
2020-061AQ,,SpaceBee 13 ,USA,9/3/2020,,Yes,ST/SG/SER.E/956,ST/SG/SER.E/1130,decayed,4/25/2023,Spacecraft engaged in practical applications and uses of space technology such as weather or communications,------,
2020-061AW,,Lemur 2 Djuproera ,USA,9/3/2020,,Yes,ST/SG/SER.E/956,ST/SG/SER.E/1179,decayed,10/17/2023,Spacecraft engaged in practical applications and uses of space technology such as weather or communications,------,
2020-061AV,,Lemur 2 Schmidtfall ,USA,9/3/2020,,Yes,ST/SG/SER.E/956,ST/SG/SER.E/1188,decayed,12/8/2023,Spacecraft engaged in practical applications and uses of space technology such as weather or communications,------,
2020-061AX,,Lemur 2 Squarejaws ,USA,9/3/2020,,Yes,ST/SG/SER.E/956,ST/SG/SER.E/1186,decayed,11/25/2023,Spacecraft engaged in practical applications and uses of space technology such as weather or communications,------,
2020-061AU,,Flock 4v 4 ,USA,9/3/2020,,Yes,ST/SG/SER.E/956,ST/SG/SER.E/1188,decayed,12/12/2023,Spacecraft engaged in practical applications and uses of space technology such as weather or communications,------,
2020-062X,,Starlink 1546 ,USA,9/3/2020,,Yes,ST/SG/SER.E/956,ST/SG/SER.E/1146,[deorbited],6/10/2023,Spacecraft engaged in practical applications and uses of space technology such as weather or communications,------,
2020-061AK,,SpaceBee 10 ,USA,9/3/2020,,Yes,ST/SG/SER.E/956,ST/SG/SER.E/1117,decayed,3/28/2023,Spacecraft engaged in practical applications and uses of space technology such as weather or communications,------,
2020-061AL,,SpaceBee 17 ,USA,9/3/2020,,Yes,ST/SG/SER.E/956,ST/SG/SER.E/1131,decayed,5/16/2023,Spacecraft engaged in practical applications and uses of space technology such as weather or communications,------,
2020-061AH,,SpaceBee 19 ,USA,9/3/2020,,Yes,ST/SG/SER.E/956,ST/SG/SER.E/1131,decayed,5/31/2023,Spacecraft engaged in practical applications and uses of space technology such as weather or communications,------,
2020-061AJ,,SpaceBee 18 ,USA,9/3/2020,,Yes,ST/SG/SER.E/956,ST/SG/SER.E/1131,decayed,5/25/2023,Spacecraft engaged in practical applications and uses of space technology such as weather or communications,------,
2020-061AE,,SpaceBee 21 ,USA,9/3/2020,,Yes,ST/SG/SER.E/956,ST/SG/SER.E/1146,decayed,6/14/2023,Spacecraft engaged in practical applications and uses of space technology such as weather or communications,------,
2020-061AF,,SpaceBee 20 ,USA,9/3/2020,,Yes,ST/SG/SER.E/956,ST/SG/SER.E/1146,decayed,6/14/2023,Spacecraft engaged in practical applications and uses of space technology such as weather or communications,------,
2020-061AG,,SpaceBee 15 ,USA,9/3/2020,,Yes,ST/SG/SER.E/956,ST/SG/SER.E/1130,decayed,4/29/2023,Spacecraft engaged in practical applications and uses of space technology such as weather or communications,------,
2020-061BQ,, [FLOCK 4V 25],[(for USA)],[2020-09-03],,No,,ST/SG/SER.E/1179,decayed,10/31/2023,------,Not registered with the United Nations.,
[2020-061BK],, [FLOCK 4V 21],[(for USA)],[2020-09-03],,No,,ST/SG/SER.E/1179,decayed,10/31/2023,------,Not registered with the United Nations.,
2020-061BL,, [FLOCK 4V 22],[(for USA)],[2020-09-03],,No,,ST/SG/SER.E/1186,decayed,11/5/2023,------,Not registered with the United Nations.,
[2020-061K],2020-B-SC-034,PICASSO ,Belgium,9/3/2020,,Yes,ST/SG/SER.E/949,ST/SG/SER.E/949/Add.1,decayed,4/8/2024,Scientific investigation to determine ozone profiles through optical remote sensing and in situ measurement of the electronic properties of the ionospheric plasma,------,
2020-061BB,,Flock 4v 2 ,USA,9/3/2020,,Yes,ST/SG/SER.E/956,ST/SG/SER.E/1200,decayed,2/14/2024,Spacecraft engaged in practical applications and uses of space technology such as weather or communications,------,
2020-061M,,Flock 4v 12 ,USA,9/3/2020,,Yes,ST/SG/SER.E/956,ST/SG/SER.E/1200,decayed,2/24/2024,Spacecraft engaged in practical applications and uses of space technology such as weather or communications,------,
2020-062AS,,Starlink 1550 ,USA,9/3/2020,,Yes,ST/SG/SER.E/956,ST/SG/SER.E/1213,[deorbited],3/27/2024,Spacecraft engaged in practical applications and uses of space technology such as weather or communications,------,
2020-061V,,Flock 4v 7 ,USA,9/3/2020,,Yes,ST/SG/SER.E/956,ST/SG/SER.E/1213,decayed,3/27/2024,Spacecraft engaged in practical applications and uses of space technology such as weather or communications,------,
[2020-061BN],, [FLOCK 4V 24],[(for USA)],[2020-09-03],,No,,ST/SG/SER.E/1213,[decayed],3/20/2024,------,Not registered with the United Nations.,
[2020-061BP],, [FLOCK 4V 25],[(for USA)],[2020-09-03],,No,,ST/SG/SER.E/1213,decayed,3/6/2024,------,Not registered with the United Nations.,
2020-061U,,Flock 4v 5 ,USA,9/3/2020,,Yes,ST/SG/SER.E/956,ST/SG/SER.E/1213,decayed,3/12/2024,Spacecraft engaged in practical applications and uses of space technology such as weather or communications,------,
2020-061AC,,Lemur 2 EthanOakes ,USA,9/3/2020,,Yes,ST/SG/SER.E/956,ST/SG/SER.E/1213,decayed,3/28/2024,Spacecraft engaged in practical applications and uses of space technology such as weather or communications,------,
[2020-061BG],, [FLOCK 4V 18],[(for USA)],[2020-09-03],,No,,ST/SG/SER.E/1213,decayed,3/28/2024,------,Not registered with the United Nations.,
[2020-061BH],, [FLOCK 4V 19],[(for USA)],[2020-09-03],,No,,ST/SG/SER.E/1213,decayed,3/28/2024,------,Not registered with the United Nations.,
[2020-061H],2020-B-SC-035,SIMBA ,Belgium,9/3/2020,,Yes,ST/SG/SER.E/949,,[decayed],[2024-08-14],Scientific investigation: to measure imbalances in the Earth radiation budget,------,
2020-061C,,ION-mk01 SCV-001 Lucas ,Italy,9/3/2020,,Yes,ST/SG/SER.E/1228,,in orbit,,"The ION-SCV (In Orbit Now - Satellite Carrier Vehicle), developed by Italian company D-Orbit, is a free flying CubeSat deployer and technology demonstrator. The first mission, ION-SCV 1, was launched on the first Small Spacecraft Mission Service (SSMS) on a Vega launch vehicle in September 2020, carrying 12 Dove cubesats for Planet. Once concluded the commissioning phase (LEOP: launch and early orbit phase), ION SCV LUCAS starts the commercial phase of the mission with the deployment of satellites into a 500km sun-synchronous orbit. After completing the deployment, ION SCV LUCAS performs in-orbit demonstration and validation (IOD/IOV) of commercial payloads integrated within the platform, including a green propulsion system developed by a third-party company. CubeSats released by ION-mk01 on behalf of Planet Labs: Flock 4v-15 (NORAD ID: 46528), Flock 4v-16 (NORAD ID: 46527), Flock 4v-17 (NORAD ID: 46529), Flock 4v-18 (NORAD ID: 46597), Flock 4v-19 (NORAD ID: 46609), Flock 4v-20 (NORAD ID: 46612), Flock 4v-21 (NORAD ID: 46596), Flock 4v-22 (NORAD ID: 46735), Flock 4v-23 (NORAD ID: 46737), Flock 4v-24 (NORAD ID: 46738), Flock 4v-25 (NORAD ID: 46812), Flock 4v-26 (NORAD ID: 46825).",The registration submission for this space object is presently being processed by the United Nations Secretariat. Space object deployed 12 SuperDove satellites.,Link
2020-062AY,,Starlink 1688 ,USA,9/3/2020,,Yes,ST/SG/SER.E/956,ST/SG/SER.E/1227,[deorbited],8/4/2024,Spacecraft engaged in practical applications and uses of space technology such as weather or communications,------,
2020-062AV,,Starlink 1658 ,USA,9/3/2020,,Yes,ST/SG/SER.E/956,ST/SG/SER.E/1227,[deorbited],8/10/2024,Spacecraft engaged in practical applications and uses of space technology such as weather or communications,------,
[2020-061R],, [AMICALSAT],[(for Russian Federation)],[2020-09-03],,No,,,[in orbit],,------,Not registered with the United Nations.,
[2020-061BA],, [NAPA 1],[(for Thailand)],[2020-09-03],,No,,,[in orbit],,------,Not registered with the United Nations.,
[2020-061AS],, [TTU-100],[(for Estonia)],[2020-09-03],,No,,,[in orbit],,------,Not registered with the United Nations.,
2020-061X,ROLEU.ESP.25,3Cat 5/B ,Spain,9/3/2020,,Yes,ST/SG/SER.E/955,,in orbit,,Earth observation; technology demonstration.,------,
2020-061W,ROLEU.ESP.24,3Cat 5/A ,Spain,9/3/2020,,Yes,ST/SG/SER.E/955,,in orbit,,Earth observation; technology demonstration.,------,
2020-062BD,,Starlink 1742 ,USA,9/3/2020,,Yes,ST/SG/SER.E/956,,in orbit,,Spacecraft engaged in practical applications and uses of space technology such as weather or communications,------,
2020-062BC,,Starlink 1724 ,USA,9/3/2020,,Yes,ST/SG/SER.E/956,,in orbit,,Spacecraft engaged in practical applications and uses of space technology such as weather or communications,------,
2020-062AX,,Starlink 1670 ,USA,9/3/2020,,Yes,ST/SG/SER.E/956,,in orbit,,Spacecraft engaged in practical applications and uses of space technology such as weather or communications,------,
2020-062AZ,,Starlink 1689 ,USA,9/3/2020,,Yes,ST/SG/SER.E/956,,in orbit,,Spacecraft engaged in practical applications and uses of space technology such as weather or communications,------,
2020-062AT,,Starlink 1651 ,USA,9/3/2020,,Yes,ST/SG/SER.E/956,,in orbit,,Spacecraft engaged in practical applications and uses of space technology such as weather or communications,------,
2020-062AL,,Starlink 1707 ,USA,9/3/2020,,Yes,ST/SG/SER.E/956,,in orbit,,Spacecraft engaged in practical applications and uses of space technology such as weather or communications,------,
2020-062AM,,Starlink 1713 ,USA,9/3/2020,,Yes,ST/SG/SER.E/956,,in orbit,,Spacecraft engaged in practical applications and uses of space technology such as weather or communications,------,
2020-062AP,,Starlink 1726 ,USA,9/3/2020,,Yes,ST/SG/SER.E/956,,in orbit,,Spacecraft engaged in practical applications and uses of space technology such as weather or communications,------,
2020-062AN,,Starlink 1722 ,USA,9/3/2020,,Yes,ST/SG/SER.E/956,,in orbit,,Spacecraft engaged in practical applications and uses of space technology such as weather or communications,------,
2020-062E,,Starlink 1695 ,USA,9/3/2020,,Yes,ST/SG/SER.E/956,,in orbit,,Spacecraft engaged in practical applications and uses of space technology such as weather or communications,------,
2020-062B,,Starlink 1654 ,USA,9/3/2020,,Yes,ST/SG/SER.E/956,,in orbit,,Spacecraft engaged in practical applications and uses of space technology such as weather or communications,------,
2020-062AF,,Starlink 1657 ,USA,9/3/2020,,Yes,ST/SG/SER.E/956,,in orbit,,Spacecraft engaged in practical applications and uses of space technology such as weather or communications,------,
2020-062W,,Starlink 1767 ,USA,9/3/2020,,Yes,ST/SG/SER.E/956,,in orbit,,Spacecraft engaged in practical applications and uses of space technology such as weather or communications,------,
2020-062AH,,Starlink 1665 ,USA,9/3/2020,,Yes,ST/SG/SER.E/956,,in orbit,,Spacecraft engaged in practical applications and uses of space technology such as weather or communications,------,
2020-062AC,,Starlink 1646 ,USA,9/3/2020,,Yes,ST/SG/SER.E/956,,in orbit,,Spacecraft engaged in practical applications and uses of space technology such as weather or communications,------,
2020-062AE,,Starlink 1656 ,USA,9/3/2020,,Yes,ST/SG/SER.E/956,,in orbit,,Spacecraft engaged in practical applications and uses of space technology such as weather or communications,------,
2020-062AG,,Starlink 1661 ,USA,9/3/2020,,Yes,ST/SG/SER.E/956,,in orbit,,Spacecraft engaged in practical applications and uses of space technology such as weather or communications,------,
2020-062AJ,,Starlink 1666 ,USA,9/3/2020,,Yes,ST/SG/SER.E/956,,in orbit,,Spacecraft engaged in practical applications and uses of space technology such as weather or communications,------,
2020-062AD,,Starlink 1653 ,USA,9/3/2020,,Yes,ST/SG/SER.E/956,,in orbit,,Spacecraft engaged in practical applications and uses of space technology such as weather or communications,------,
2020-062D,,Starlink 1686 ,USA,9/3/2020,,Yes,ST/SG/SER.E/956,,in orbit,,Spacecraft engaged in practical applications and uses of space technology such as weather or communications,------,
2020-062K,,Starlink 1725 ,USA,9/3/2020,,Yes,ST/SG/SER.E/956,,in orbit,,Spacecraft engaged in practical applications and uses of space technology such as weather or communications,------,
2020-062G,,Starlink 1719 ,USA,9/3/2020,,Yes,ST/SG/SER.E/956,,in orbit,,Spacecraft engaged in practical applications and uses of space technology such as weather or communications,------,
2020-062J,,Starlink 1723 ,USA,9/3/2020,,Yes,ST/SG/SER.E/956,,in orbit,,Spacecraft engaged in practical applications and uses of space technology such as weather or communications,------,
2020-062M,,Starlink 1738 ,USA,9/3/2020,,Yes,ST/SG/SER.E/956,,in orbit,,Spacecraft engaged in practical applications and uses of space technology such as weather or communications,------,
2020-062L,,Starlink 1727 ,USA,9/3/2020,,Yes,ST/SG/SER.E/956,,in orbit,,Spacecraft engaged in practical applications and uses of space technology such as weather or communications,------,
2020-062N,,Starlink 1750 ,USA,9/3/2020,,Yes,ST/SG/SER.E/956,,in orbit,,Spacecraft engaged in practical applications and uses of space technology such as weather or communications,------,
2020-062P,,Starlink 1752 ,USA,9/3/2020,,Yes,ST/SG/SER.E/956,,in orbit,,Spacecraft engaged in practical applications and uses of space technology such as weather or communications,------,
2020-062Y,,Starlink 1547 ,USA,9/3/2020,,Yes,ST/SG/SER.E/956,,in orbit,,Spacecraft engaged in practical applications and uses of space technology such as weather or communications,------,
2020-062BM,,Starlink 1771 ,USA,9/3/2020,,Yes,ST/SG/SER.E/956,,in orbit,,Spacecraft engaged in practical applications and uses of space technology such as weather or communications,------,
2020-062BH,,Starlink 1758 ,USA,9/3/2020,,Yes,ST/SG/SER.E/956,,in orbit,,Spacecraft engaged in practical applications and uses of space technology such as weather or communications,------,
2020-062BL,,Starlink 1770 ,USA,9/3/2020,,Yes,ST/SG/SER.E/956,,in orbit,,Spacecraft engaged in practical applications and uses of space technology such as weather or communications,------,
2020-062BK,,Starlink 1769 ,USA,9/3/2020,,Yes,ST/SG/SER.E/956,,in orbit,,Spacecraft engaged in practical applications and uses of space technology such as weather or communications,------,
2020-062F,,Starlink 1710 ,USA,9/3/2020,,Yes,ST/SG/SER.E/956,,in orbit,,Spacecraft engaged in practical applications and uses of space technology such as weather or communications,------,
2020-061D,,Athena ,USA,9/3/2020,,Yes,ST/SG/SER.E/956,,in orbit,,Spacecraft engaged in practical applications and uses of space technology such as weather or communications,------,
2020-062AA,,Starlink 1575 ,USA,9/3/2020,,Yes,ST/SG/SER.E/956,,in orbit,,Spacecraft engaged in practical applications and uses of space technology such as weather or communications,------,
2020-062A,,Starlink 1734 ,USA,9/3/2020,,Yes,ST/SG/SER.E/956,,in orbit,,Spacecraft engaged in practical applications and uses of space technology such as weather or communications,------,
2020-062C,,Starlink 1673 ,USA,9/3/2020,,Yes,ST/SG/SER.E/956,,in orbit,,Spacecraft engaged in practical applications and uses of space technology such as weather or communications,------,
2020-062U,,Starlink 1764 ,USA,9/3/2020,,Yes,ST/SG/SER.E/956,,in orbit,,Spacecraft engaged in practical applications and uses of space technology such as weather or communications,------,
2020-062V,,Starlink 1765 ,USA,9/3/2020,,Yes,ST/SG/SER.E/956,,in orbit,,Spacecraft engaged in practical applications and uses of space technology such as weather or communications,------,
2020-062S,,Starlink 1760 ,USA,9/3/2020,,Yes,ST/SG/SER.E/956,,in orbit,,Spacecraft engaged in practical applications and uses of space technology such as weather or communications,------,
2020-062T,,Starlink 1762 ,USA,9/3/2020,,Yes,ST/SG/SER.E/956,,in orbit,,Spacecraft engaged in practical applications and uses of space technology such as weather or communications,------,
2020-062Z,,Starlink 1553 ,USA,9/3/2020,,Yes,ST/SG/SER.E/956,,in orbit,,Spacecraft engaged in practical applications and uses of space technology such as weather or communications,------,
2020-062R,,Starlink 1759 ,USA,9/3/2020,,Yes,ST/SG/SER.E/956,,in orbit,,Spacecraft engaged in practical applications and uses of space technology such as weather or communications,------,
2020-062BF,,Starlink 1751 ,USA,9/3/2020,,Yes,ST/SG/SER.E/956,ST/SG/SER.E/1055,[deorbited],2/9/2022,Spacecraft engaged in practical applications and uses of space technology such as weather or communications,------,
2020-062AW,,Starlink 1662 ,USA,9/3/2020,,Yes,ST/SG/SER.E/956,ST/SG/SER.E/1034,[deorbited],11/23/2021,Spacecraft engaged in practical applications and uses of space technology such as weather or communications,------,
2020-062AU,,Starlink 1652 ,USA,9/3/2020,,Yes,ST/SG/SER.E/956,ST/SG/SER.E/1024,[deorbited],7/25/2021,Spacecraft engaged in practical applications and uses of space technology such as weather or communications,------,
[2020-061E],ROLEU.ESP.12,UPM Sat-2 [UMP SAT 2],Spain,9/3/2020,,Yes,ST/SG/SER.E/955,ST/SG/SER.E/955/Add.1,in orbit,,"Educational, scientific and technology demonstration purposes. This university-designed satellite, which is medium-sized (mass: 50 kg), has been developed by staff, students and teachers at the Technical University of Madrid under the direction of the Ignacio da Riva University Institute of Microgravity.",Name of space object and general function amended by State of registry in S/SG/SER.E/955/Add.1.,
2020-062BE,,Starlink 1745 ,USA,9/3/2020,,Yes,ST/SG/SER.E/956,ST/SG/SER.E/1031,[deorbited],8/20/2021,Spacecraft engaged in practical applications and uses of space technology such as weather or communications,------,
2020-062BJ,,Starlink 1768 ,USA,9/3/2020,,Yes,ST/SG/SER.E/956,ST/SG/SER.E/1031,[deorbited],9/12/2021,Spacecraft engaged in practical applications and uses of space technology such as weather or communications,------,
2020-062BG,,Starlink 1756 ,USA,9/3/2020,,Yes,ST/SG/SER.E/956,ST/SG/SER.E/1031,[deorbited],10/23/2021,Spacecraft engaged in practical applications and uses of space technology such as weather or communications,------,
2020-061B,,"ESAIL (exactView-10, EV10) ",Canada,9/3/2020,,Yes,ST/SG/SER.E/996,,in orbit,,"Global ship traffic data collection on very high frequencies - automatic identification system (AIS), application specific messages (ASM), VHF data exchange system (VDES), autonomous maritime radio devices (AMRD)",------,Link
2020-061G,,GHGSat C1 ,Canada,9/3/2020,,Yes,ST/SG/SER.E/996,,in orbit,,Measurement of greenhouse gas emissions at targeted sites,------,Link
2020-061A,2020-061A,Nusat 6 ,Uruguay,9/3/2020,,Yes,ST/SG/SER.E/998,,in orbit,,Earth observation,------,
2020-062Q,,Starlink 1757 ,USA,9/3/2020,,Yes,ST/SG/SER.E/956,ST/SG/SER.E/1041,[deorbited],12/4/2021,Spacecraft engaged in practical applications and uses of space technology such as weather or communications,------,
2020-061F,SIVR/705-2022-001,NEMO HD ,Slovenia,9/3/2020,,Yes,ST/SG/SER.E/1084,,in orbit,,"Remote sensing, technological demonstration.",------,
2020-061AB,,Flock 4v 13 ,USA,9/3/2020,,Yes,ST/SG/SER.E/956,ST/SG/SER.E/1242,decayed,11/27/2024,Spacecraft engaged in practical applications and uses of space technology such as weather or communications,------,
2020-061S,,Flock 4v 8 ,USA,9/3/2020,,Yes,ST/SG/SER.E/956,ST/SG/SER.E/1242,decayed,11/26/2024,Spacecraft engaged in practical applications and uses of space technology such as weather or communications,------,
2020-061Q,,Flock 4v 14 ,USA,9/3/2020,,Yes,ST/SG/SER.E/956,ST/SG/SER.E/1242,decayed,11/23/2024,Spacecraft engaged in practical applications and uses of space technology such as weather or communications,------,
2020-062AK,,Starlink 1690 ,USA,9/3/2020,,Yes,ST/SG/SER.E/956,ST/SG/SER.E/1239,[deorbited],10/29/2024,Spacecraft engaged in practical applications and uses of space technology such as weather or communications,------,
2020-061P,,Flock 4v 11 ,USA,9/3/2020,,Yes,ST/SG/SER.E/956,ST/SG/SER.E/1239,decayed,10/30/2024,Spacecraft engaged in practical applications and uses of space technology such as weather or communications,------,
2020-062H,,Starlink 1721 ,USA,9/3/2020,,Yes,ST/SG/SER.E/956,ST/SG/SER.E/1239,[deorbited],10/15/2024,Spacecraft engaged in practical applications and uses of space technology such as weather or communications,------,
[2020-061N],, [DIDO 3],[(for Switzerland)],[2020-09-03],,No,,,[decayed],[2025-03-25],------,Not registered with the United Nations.,
2020-062AQ,,Starlink 1739 ,USA,9/3/2020,,Yes,ST/SG/SER.E/956,ST/SG/SER.E/1302,[deorbited],5/25/2025,Spacecraft engaged in practical applications and uses of space technology such as weather or communications,------,
2020-061AZ,,Kepler 2 (TARS) ,Canada,9/3/2020,,Yes,ST/SG/SER.E/1060,ST/SG/SER.E/1307,[decayed],12/6/2024,Data transfer and technology,------,
2020-062BB,,Starlink 1711 ,USA,9/3/2020,,Yes,ST/SG/SER.E/956,ST/SG/SER.E/1287,[deorbited],2/21/2025,Spacecraft engaged in practical applications and uses of space technology such as weather or communications,------,
2020-062AR,,Starlink 1763 ,USA,9/3/2020,,Yes,ST/SG/SER.E/956,ST/SG/SER.E/1290,[deorbited],3/3/2025,Spacecraft engaged in practical applications and uses of space technology such as weather or communications,------,
2020-061L,,Flock 4v 9 ,USA,9/3/2020,,Yes,ST/SG/SER.E/956,ST/SG/SER.E/1214,decayed,4/23/2024,Spacecraft engaged in practical applications and uses of space technology such as weather or communications,------,
2020-061BC,,Flock 4v 3 ,USA,9/3/2020,,Yes,ST/SG/SER.E/956,ST/SG/SER.E/1214,decayed,4/11/2024,Spacecraft engaged in practical applications and uses of space technology such as weather or communications,------,
2020-061AT,,Flock 4v 1 ,USA,9/3/2020,,Yes,ST/SG/SER.E/956,ST/SG/SER.E/1214,decayed,4/17/2024,Spacecraft engaged in practical applications and uses of space technology such as weather or communications,------,
2020-062AB,,Starlink 1617 ,USA,9/3/2020,,Yes,ST/SG/SER.E/956,ST/SG/SER.E/1216,[deorbited],6/8/2024,Spacecraft engaged in practical applications and uses of space technology such as weather or communications,------,
2020-060B,,Capella 2 [(SEQUOIA)],USA,8/31/2020,,Yes,ST/SG/SER.E/954,ST/SG/SER.E/1116,decayed,2/28/2023,Spacecraft engaged in practical applications and uses of space technology such as weather or communications,Mentioned by New Zealand in ST/SG/SER.E/959 and ST/SG/SER.E/1138.,
,,,,,,,,ST/SG/SER.E/959,,,,,
,,,,,,,,ST/SG/SER.E/1138,,,,,
2020-060A,NZ-2020-11,"RLFL14 [FIRST LIGHT (PHOTON/CURIE UPPER-STAGE, RLFL14)]",New Zealand,8/31/2020,,Yes,ST/SG/SER.E/959,ST/SG/SER.E/1274,decayed,1/22/2025,Technology demonstration,------,
2020-059B,,GNOMES 1 ,USA,8/30/2020,,Yes,ST/SG/SER.E/954,,in orbit,,Spacecraft engaged in practical applications and uses of space technology such as weather or communications,------,
2020-059A,RA 12,SAOCOM 1B ,Argentina,8/30/2020,,Yes,ST/SG/SER.E/1039,,in orbit,,"Earth observation. Main functions are measurement of soil moisture, emergency management, mapping of forest cover and water resource surveying",------,Link
2020-059C,Mar-20,EG-1 (Tyvak 0172) ,Australia,8/30/2020,,Yes,ST/SG/SER.E/986,,in orbit,,Telecommunications,------,
2020-058A,,Gaofen 9-05 ,China,8/23/2020,,Yes,ST/SG/SER.E/1033,,in orbit,,Remote sensing satellite,------,
[2020-058C],, [TIANTUO 5],[China],[2020-08-23],,No,,,[decayed],[2025-04-19],------,Not registered with the United Nations.,
2020-057T,,Starlink 1638 ,USA,8/18/2020,,Yes,ST/SG/SER.E/954,ST/SG/SER.E/1186,[deorbited],11/29/2023,Spacecraft engaged in practical applications and uses of space technology such as weather or communications,------,
2020-057BB,,Starlink 1615 ,USA,8/18/2020,,Yes,ST/SG/SER.E/954,ST/SG/SER.E/1222,[deorbited],7/4/2024,Spacecraft engaged in practical applications and uses of space technology such as weather or communications,------,
2020-057BR,,SkySat C18 ,USA,8/18/2020,,Yes,ST/SG/SER.E/954,ST/SG/SER.E/1146,decayed,6/26/2023,Spacecraft engaged in practical applications and uses of space technology such as weather or communications,------,
2020-057BS,,SkySat C19 ,USA,8/18/2020,,Yes,ST/SG/SER.E/954,ST/SG/SER.E/1195,decayed,1/30/2024,Spacecraft engaged in practical applications and uses of space technology such as weather or communications,------,
2020-057BQ,,SkySat C17 ,USA,8/18/2020,,Yes,ST/SG/SER.E/954,ST/SG/SER.E/1200,decayed,2/26/2024,Spacecraft engaged in practical applications and uses of space technology such as weather or communications,------,
2020-057BA,,Starlink 1613 ,USA,8/18/2020,,Yes,ST/SG/SER.E/954,ST/SG/SER.E/1215,[deorbited],5/20/2024,Spacecraft engaged in practical applications and uses of space technology such as weather or communications,------,
2020-057AM,,Starlink 1634 ,USA,8/18/2020,,Yes,ST/SG/SER.E/954,ST/SG/SER.E/1229,[deorbited],9/4/2024,Spacecraft engaged in practical applications and uses of space technology such as weather or communications,------,
2020-057AR,,Starlink 1545 ,USA,8/18/2020,,Yes,ST/SG/SER.E/954,,in orbit,,Spacecraft engaged in practical applications and uses of space technology such as weather or communications,------,
2020-057P,,Starlink 1624 ,USA,8/18/2020,,Yes,ST/SG/SER.E/954,,in orbit,,Spacecraft engaged in practical applications and uses of space technology such as weather or communications,------,
2020-057V,,Starlink 1643 ,USA,8/18/2020,,Yes,ST/SG/SER.E/954,,in orbit,,Spacecraft engaged in practical applications and uses of space technology such as weather or communications,------,
2020-057M,,Starlink 1622 ,USA,8/18/2020,,Yes,ST/SG/SER.E/954,,in orbit,,Spacecraft engaged in practical applications and uses of space technology such as weather or communications,------,
2020-057U,,Starlink 1639 ,USA,8/18/2020,,Yes,ST/SG/SER.E/954,,in orbit,,Spacecraft engaged in practical applications and uses of space technology such as weather or communications,------,
2020-057N,,Starlink 1623 ,USA,8/18/2020,,Yes,ST/SG/SER.E/954,,in orbit,,Spacecraft engaged in practical applications and uses of space technology such as weather or communications,------,
2020-057Q,,Starlink 1625 ,USA,8/18/2020,,Yes,ST/SG/SER.E/954,,in orbit,,Spacecraft engaged in practical applications and uses of space technology such as weather or communications,------,
2020-057AU,,Starlink 1595 ,USA,8/18/2020,,Yes,ST/SG/SER.E/954,,in orbit,,Spacecraft engaged in practical applications and uses of space technology such as weather or communications,------,
2020-057AA,,Starlink 1596 ,USA,8/18/2020,,Yes,ST/SG/SER.E/954,,in orbit,,Spacecraft engaged in practical applications and uses of space technology such as weather or communications,------,
2020-057A,,Starlink 1585 ,USA,8/18/2020,,Yes,ST/SG/SER.E/954,,in orbit,,Spacecraft engaged in practical applications and uses of space technology such as weather or communications,------,
2020-057BC,,Starlink 1626 ,USA,8/18/2020,,Yes,ST/SG/SER.E/954,,in orbit,,Spacecraft engaged in practical applications and uses of space technology such as weather or communications,------,
2020-057AB,,Starlink 1597 ,USA,8/18/2020,,Yes,ST/SG/SER.E/954,,in orbit,,Spacecraft engaged in practical applications and uses of space technology such as weather or communications,------,
2020-057AF,,Starlink 1608 ,USA,8/18/2020,,Yes,ST/SG/SER.E/954,,in orbit,,Spacecraft engaged in practical applications and uses of space technology such as weather or communications,------,
2020-057AK,,Starlink 1629 ,USA,8/18/2020,,Yes,ST/SG/SER.E/954,,in orbit,,Spacecraft engaged in practical applications and uses of space technology such as weather or communications,------,
2020-057AP,,Starlink 1642 ,USA,8/18/2020,,Yes,ST/SG/SER.E/954,,in orbit,,Spacecraft engaged in practical applications and uses of space technology such as weather or communications,------,
2020-057AQ,,Starlink 1667 ,USA,8/18/2020,,Yes,ST/SG/SER.E/954,,in orbit,,Spacecraft engaged in practical applications and uses of space technology such as weather or communications,------,
2020-057AS,,Starlink 1587 ,USA,8/18/2020,,Yes,ST/SG/SER.E/954,,in orbit,,Spacecraft engaged in practical applications and uses of space technology such as weather or communications,------,
2020-057J,,Starlink 1618 ,USA,8/18/2020,,Yes,ST/SG/SER.E/954,,in orbit,,Spacecraft engaged in practical applications and uses of space technology such as weather or communications,------,
2020-057H,,Starlink 1614 ,USA,8/18/2020,,Yes,ST/SG/SER.E/954,,in orbit,,Spacecraft engaged in practical applications and uses of space technology such as weather or communications,------,
2020-057G,,Starlink 1605 ,USA,8/18/2020,,Yes,ST/SG/SER.E/954,,in orbit,,Spacecraft engaged in practical applications and uses of space technology such as weather or communications,------,
2020-057C,,Starlink 1593 ,USA,8/18/2020,,Yes,ST/SG/SER.E/954,,in orbit,,Spacecraft engaged in practical applications and uses of space technology such as weather or communications,------,
2020-057L,,Starlink 1621 ,USA,8/18/2020,,Yes,ST/SG/SER.E/954,,in orbit,,Spacecraft engaged in practical applications and uses of space technology such as weather or communications,------,
2020-057AV,,Starlink 1598 ,USA,8/18/2020,,Yes,ST/SG/SER.E/954,,in orbit,,Spacecraft engaged in practical applications and uses of space technology such as weather or communications,------,
2020-057BH,,Starlink 1635 ,USA,8/18/2020,,Yes,ST/SG/SER.E/954,,in orbit,,Spacecraft engaged in practical applications and uses of space technology such as weather or communications,------,
2020-057BK,,Starlink 1641 ,USA,8/18/2020,,Yes,ST/SG/SER.E/954,,in orbit,,Spacecraft engaged in practical applications and uses of space technology such as weather or communications,------,
