International Designator,National Designator,Name of Space Object,State/Organization,Date of Launch,GSO Location,UN Registered,Registration Document,Other Documents,Status,Date of Decay or Change,Function of Space Object,Secretariat`s Remarks,External website
2021-135A,,Communications Technology Test Satellite 9 (TJS-9) ,China,12/29/2021,,Yes,ST/SG/SER.E/1123,,in GSO,,Communications satellite,------,
2021-134A,,Tianhui 4-A ,China,12/29/2021,,Yes,ST/SG/SER.E/1123,,in orbit,,Remote sensing satellite,------,
2021-134B,,Tianhui 4-B ,China,12/29/2021,,Yes,ST/SG/SER.E/1123,,in orbit,,Remote sensing satellite,------,
2021-132A,50469,OWLID000359 (SL0389) [ONEWEB 0389],United Kingdom,12/27/2021,,Yes,ST/SG/SER.E/1037,ST/SG/SER.E/1038,in orbit,,Communications satellite,State of registry notes that given Basic Orbital Parameters are for the intended final orbit which should be achieved by 23 July 2022. Mentioned by the Russian Federation in ST/SG/SER.E/1038.,
2021-132AA,50493,OWLID000383 (SL0418) [ONEWEB 0418],United Kingdom,12/27/2021,,Yes,ST/SG/SER.E/1037,ST/SG/SER.E/1038,in orbit,,Communications satellite,State of registry notes that given Basic Orbital Parameters are for the intended final orbit which should be achieved by 23 July 2022. Mentioned by the Russian Federation in ST/SG/SER.E/1038.,
2021-132AB,50494,OWLID000384 (SL0419) [ONEWEB 0419],United Kingdom,12/27/2021,,Yes,ST/SG/SER.E/1037,ST/SG/SER.E/1038,in orbit,,Communications satellite,State of registry notes that given Basic Orbital Parameters are for the intended final orbit which should be achieved by 23 July 2022. Mentioned by the Russian Federation in ST/SG/SER.E/1038.,
2021-132AC,50495,OWLID000385 (SL0420) [ONEWEB 0420],United Kingdom,12/27/2021,,Yes,ST/SG/SER.E/1037,ST/SG/SER.E/1038,in orbit,,Communications satellite,State of registry notes that given Basic Orbital Parameters are for the intended final orbit which should be achieved by 23 July 2022. Mentioned by the Russian Federation in ST/SG/SER.E/1038.,
2021-132AH,50500,OWLID000390 (SL0429) [ONEWEB 0429],United Kingdom,12/27/2021,,Yes,ST/SG/SER.E/1037,ST/SG/SER.E/1038,in orbit,,Communications satellite,State of registry notes that given Basic Orbital Parameters are for the intended final orbit which should be achieved by 23 July 2022. Mentioned by the Russian Federation in ST/SG/SER.E/1038.,
2021-132K,50478,OWLID000368 (SL0398) [ONEWEB 0398],United Kingdom,12/27/2021,,Yes,ST/SG/SER.E/1037,ST/SG/SER.E/1038,in orbit,,Communications satellite,State of registry notes that given Basic Orbital Parameters are for the intended final orbit which should be achieved by 23 July 2022. Mentioned by the Russian Federation in ST/SG/SER.E/1038.,
2021-132L,50479,OWLID000369 (SL0399) [ONEWEB 0399],United Kingdom,12/27/2021,,Yes,ST/SG/SER.E/1037,ST/SG/SER.E/1038,in orbit,,Communications satellite,State of registry notes that given Basic Orbital Parameters are for the intended final orbit which should be achieved by 23 July 2022. Mentioned by the Russian Federation in ST/SG/SER.E/1038.,
2021-132M,50480,OWLID000370 (SL0400) [ONEWEB 0400],United Kingdom,12/27/2021,,Yes,ST/SG/SER.E/1037,ST/SG/SER.E/1038,in orbit,,Communications satellite,State of registry notes that given Basic Orbital Parameters are for the intended final orbit which should be achieved by 23 July 2022. Mentioned by the Russian Federation in ST/SG/SER.E/1038.,
2021-132N,50481,OWLID000371 (SL0401) [ONEWEB 0401],United Kingdom,12/27/2021,,Yes,ST/SG/SER.E/1037,ST/SG/SER.E/1038,in orbit,,Communications satellite,State of registry notes that given Basic Orbital Parameters are for the intended final orbit which should be achieved by 23 July 2022. Mentioned by the Russian Federation in ST/SG/SER.E/1038.,
2021-132B,50470,OWLID000360 (SL0390) [ONEWEB 0390],United Kingdom,12/27/2021,,Yes,ST/SG/SER.E/1037,ST/SG/SER.E/1038,in orbit,,Communications satellite,State of registry notes that given Basic Orbital Parameters are for the intended final orbit which should be achieved by 23 July 2022. Mentioned by the Russian Federation in ST/SG/SER.E/1038.,
2021-132F,50474,OWLID000364 (SL0394) [ONEWEB 0394],United Kingdom,12/27/2021,,Yes,ST/SG/SER.E/1037,ST/SG/SER.E/1038,in orbit,,Communications satellite,State of registry notes that given Basic Orbital Parameters are for the intended final orbit which should be achieved by 23 July 2022. Mentioned by the Russian Federation in ST/SG/SER.E/1038.,
2021-132C,50471,OWLID000361 (SL0391) [ONEWEB 0391],United Kingdom,12/27/2021,,Yes,ST/SG/SER.E/1037,ST/SG/SER.E/1038,in orbit,,Communications satellite,State of registry notes that given Basic Orbital Parameters are for the intended final orbit which should be achieved by 23 July 2022. Mentioned by the Russian Federation in ST/SG/SER.E/1038.,
2021-132G,50475,OWLID000365 (SL0395) [ONEWEB 0395],United Kingdom,12/27/2021,,Yes,ST/SG/SER.E/1037,ST/SG/SER.E/1038,in orbit,,Communications satellite,State of registry notes that given Basic Orbital Parameters are for the intended final orbit which should be achieved by 23 July 2022. Mentioned by the Russian Federation in ST/SG/SER.E/1038.,
2021-132H,50476,OWLID000366 (SL0396) [ONEWEB 0396],United Kingdom,12/27/2021,,Yes,ST/SG/SER.E/1037,ST/SG/SER.E/1038,in orbit,,Communications satellite,State of registry notes that given Basic Orbital Parameters are for the intended final orbit which should be achieved by 23 July 2022. Mentioned by the Russian Federation in ST/SG/SER.E/1038.,
2021-132J,50477,OWLID000367 (SL0397) [ONEWEB 0397],United Kingdom,12/27/2021,,Yes,ST/SG/SER.E/1037,ST/SG/SER.E/1038,in orbit,,Communications satellite,State of registry notes that given Basic Orbital Parameters are for the intended final orbit which should be achieved by 23 July 2022. Mentioned by the Russian Federation in ST/SG/SER.E/1038.,
2021-132P,50482,OWLID000372 (SL0402) [ONEWEB 0402],United Kingdom,12/27/2021,,Yes,ST/SG/SER.E/1037,ST/SG/SER.E/1038,in orbit,,Communications satellite,State of registry notes that given Basic Orbital Parameters are for the intended final orbit which should be achieved by 23 July 2022. Mentioned by the Russian Federation in ST/SG/SER.E/1038.,
2021-132Q,50483,OWLID000373 (SL0403) [ONEWEB 0403],United Kingdom,12/27/2021,,Yes,ST/SG/SER.E/1037,ST/SG/SER.E/1038,in orbit,,Communications satellite,State of registry notes that given Basic Orbital Parameters are for the intended final orbit which should be achieved by 23 July 2022. Mentioned by the Russian Federation in ST/SG/SER.E/1038.,
2021-132D,50472,OWLID000362 (SL0392) [ONEWEB 0392],United Kingdom,12/27/2021,,Yes,ST/SG/SER.E/1037,ST/SG/SER.E/1038,in orbit,,Communications satellite,State of registry notes that given Basic Orbital Parameters are for the intended final orbit which should be achieved by 23 July 2022. Mentioned by the Russian Federation in ST/SG/SER.E/1038.,
2021-132E,50473,OWLID000363 (SL0393) [ONEWEB 0393],United Kingdom,12/27/2021,,Yes,ST/SG/SER.E/1037,ST/SG/SER.E/1038,in orbit,,Communications satellite,State of registry notes that given Basic Orbital Parameters are for the intended final orbit which should be achieved by 23 July 2022. Mentioned by the Russian Federation in ST/SG/SER.E/1038.,
2021-132R,50484,OWLID000374 (SL0404) [ONEWEB 0404],United Kingdom,12/27/2021,,Yes,ST/SG/SER.E/1037,ST/SG/SER.E/1038,in orbit,,Communications satellite,State of registry notes that given Basic Orbital Parameters are for the intended final orbit which should be achieved by 23 July 2022. Mentioned by the Russian Federation in ST/SG/SER.E/1038.,
2021-132S,50485,OWLID000375 (SL0405) [ONEWEB 0405],United Kingdom,12/27/2021,,Yes,ST/SG/SER.E/1037,ST/SG/SER.E/1038,in orbit,,Communications satellite,State of registry notes that given Basic Orbital Parameters are for the intended final orbit which should be achieved by 23 July 2022. Mentioned by the Russian Federation in ST/SG/SER.E/1038.,
2021-132T,50486,OWLID000376 (SL0406) [ONEWEB 0406],United Kingdom,12/27/2021,,Yes,ST/SG/SER.E/1037,ST/SG/SER.E/1038,in orbit,,Communications satellite,State of registry notes that given Basic Orbital Parameters are for the intended final orbit which should be achieved by 23 July 2022. Mentioned by the Russian Federation in ST/SG/SER.E/1038.,
2021-132U,50487,OWLID000377 (SL0407) [ONEWEB 0407],United Kingdom,12/27/2021,,Yes,ST/SG/SER.E/1037,ST/SG/SER.E/1038,in orbit,,Communications satellite,State of registry notes that given Basic Orbital Parameters are for the intended final orbit which should be achieved by 23 July 2022. Mentioned by the Russian Federation in ST/SG/SER.E/1038.,
2021-132Z,50492,OWLID000382 (SL0417) [ONEWEB 0417],United Kingdom,12/27/2021,,Yes,ST/SG/SER.E/1037,ST/SG/SER.E/1038,in orbit,,Communications satellite,State of registry notes that given Basic Orbital Parameters are for the intended final orbit which should be achieved by 23 July 2022. Mentioned by the Russian Federation in ST/SG/SER.E/1038.,
2021-132V,50488,OWLID000378 (SL0409) [ONEWEB 0409],United Kingdom,12/27/2021,,Yes,ST/SG/SER.E/1037,ST/SG/SER.E/1038,in orbit,,Communications satellite,State of registry notes that given Basic Orbital Parameters are for the intended final orbit which should be achieved by 23 July 2022. Mentioned by the Russian Federation in ST/SG/SER.E/1038.,
2021-132W,50489,OWLID000379 (SL0412) [ONEWEB 0412],United Kingdom,12/27/2021,,Yes,ST/SG/SER.E/1037,ST/SG/SER.E/1038,in orbit,,Communications satellite,State of registry notes that given Basic Orbital Parameters are for the intended final orbit which should be achieved by 23 July 2022. Mentioned by the Russian Federation in ST/SG/SER.E/1038.,
2021-132X,50490,OWLID000380 (SL0413) [ONEWEB 0413],United Kingdom,12/27/2021,,Yes,ST/SG/SER.E/1037,ST/SG/SER.E/1038,in orbit,,Communications satellite,State of registry notes that given Basic Orbital Parameters are for the intended final orbit which should be achieved by 23 July 2022. Mentioned by the Russian Federation in ST/SG/SER.E/1038.,
2021-132Y,50491,OWLID000381 (SL0414) [ONEWEB 0414],United Kingdom,12/27/2021,,Yes,ST/SG/SER.E/1037,ST/SG/SER.E/1038,in orbit,,Communications satellite,State of registry notes that given Basic Orbital Parameters are for the intended final orbit which should be achieved by 23 July 2022. Mentioned by the Russian Federation in ST/SG/SER.E/1038.,
2021-132AF,50498,OWLID000388 (SL0426) [ONEWEB 0426],United Kingdom,12/27/2021,,Yes,ST/SG/SER.E/1037,ST/SG/SER.E/1038,in orbit,,Communications satellite,State of registry notes that given Basic Orbital Parameters are for the intended final orbit which should be achieved by 23 July 2022. Mentioned by the Russian Federation in ST/SG/SER.E/1038.,
2021-132AK,50502,OWLID000392 (SL0432) [ONEWEB 0432],United Kingdom,12/27/2021,,Yes,ST/SG/SER.E/1037,ST/SG/SER.E/1038,in orbit,,Communications satellite,State of registry notes that given Basic Orbital Parameters are for the intended final orbit which should be achieved by 23 July 2022. Mentioned by the Russian Federation in ST/SG/SER.E/1038.,
2021-132AG,50499,OWLID000389 (SL0427) [ONEWEB 0427],United Kingdom,12/27/2021,,Yes,ST/SG/SER.E/1037,ST/SG/SER.E/1038,in orbit,,Communications satellite,State of registry notes that given Basic Orbital Parameters are for the intended final orbit which should be achieved by 23 July 2022. Mentioned by the Russian Federation in ST/SG/SER.E/1038.,
2021-132AE,50497,OWLID000387 (SL0424) [ONEWEB 0424],United Kingdom,12/27/2021,,Yes,ST/SG/SER.E/1037,ST/SG/SER.E/1038,in orbit,,Communications satellite,State of registry notes that given Basic Orbital Parameters are for the intended final orbit which should be achieved by 23 July 2022. Mentioned by the Russian Federation in ST/SG/SER.E/1038.,
2021-132AD,50496,OWLID000386 (SL0421) [ONEWEB 0421],United Kingdom,12/27/2021,,Yes,ST/SG/SER.E/1037,ST/SG/SER.E/1038,in orbit,,Communications satellite,State of registry notes that given Basic Orbital Parameters are for the intended final orbit which should be achieved by 23 July 2022. Mentioned by the Russian Federation in ST/SG/SER.E/1038.,
2021-132AL,50503,OWLID000393 (SL0440) [ONEWEB 0440],United Kingdom,12/27/2021,,Yes,ST/SG/SER.E/1037,ST/SG/SER.E/1038,in orbit,,Communications satellite,State of registry notes that given Basic Orbital Parameters are for the intended final orbit which should be achieved by 23 July 2022. Mentioned by the Russian Federation in ST/SG/SER.E/1038.,
2021-132AM,50504,OWLID000394 (SL0450) [ONEWEB 0450],United Kingdom,12/27/2021,,Yes,ST/SG/SER.E/1037,ST/SG/SER.E/1038,in orbit,,Communications satellite,State of registry notes that given Basic Orbital Parameters are for the intended final orbit which should be achieved by 23 July 2022. Mentioned by the Russian Federation in ST/SG/SER.E/1038.,
2021-132AJ,50501,OWLID000391 (SL0430) [ONEWEB 0430],United Kingdom,12/27/2021,,Yes,ST/SG/SER.E/1037,ST/SG/SER.E/1038,in orbit,,Communications satellite,State of registry notes that given Basic Orbital Parameters are for the intended final orbit which should be achieved by 23 July 2022. Mentioned by the Russian Federation in ST/SG/SER.E/1038.,
[2021-133A],3580-2021-014,Full-scale model [IPM 3/PERSEY],Russian Federation,12/27/2021,,Yes,ST/SG/SER.E/1038,ST/SG/SER.E/1042,decayed,[2022-01-05],Full-scale model,Date of decay is 2022-01-05 using UTC.,
2021-131A,,"Resource-1 02E (Ziyuan-1 02E, ZY-1 (02E)) [(ZY 1-02E)]",China,12/26/2021,,Yes,ST/SG/SER.E/1123,,in orbit,,Earth observation,------,
2021-131B,,Beijing 101 Middle School Science-Education Small Satellite (XW-3) [(CAS 9)],China,12/26/2021,,Yes,ST/SG/SER.E/1123,,in orbit,,"Science and technology experiments, supplementary teaching for geography and other middle-school science subjects",------,
2021-130A,,James Webb Space Telescope [JWST],USA,12/25/2021,,Yes,ST/SG/SER.E/1041,,[heliocentric],,Spacecraft engaged in practical applications and uses of space technology such as weather or communications,------,
2021-129B,,Shiyan 12-02 [(SY 12-02)],China,12/23/2021,,Yes,ST/SG/SER.E/1123,,[in GSO],,Test satellite,------,
2021-129A,,Shiyan 12-01 [(SY 12-01)],China,12/23/2021,,Yes,ST/SG/SER.E/1123,,[in GSO],,Test satellite,------,
2021-128A,,Inmarsat-6 F1 [(I6 F1)],United Kingdom,12/22/2021,-028 degrees East,Yes,ST/SG/SER.E/1037,,in GSO,,Communications,------,
2021-127A,,Dragon CRS-24 ,USA,12/21/2021,,Yes,ST/SG/SER.E/1041,ST/SG/SER.E/1050,[recovered],1/24/2022,Reusable space transportation systems,------,
2021-126A,50212,TURKSAT 5B ,Türkiye,12/19/2021,[+042.0 degrees East],Yes,ST/SG/SER.E/1069,,in GSO,,Communication,------,
2021-125G,,Starlink 3303 ,USA,12/18/2021,,Yes,ST/SG/SER.E/1041,ST/SG/SER.E/1200,[deorbited],2/18/2024,Spacecraft engaged in practical applications and uses of space technology such as weather or communications,------,
2021-125AS,,Starlink 3263 ,USA,12/18/2021,,Yes,ST/SG/SER.E/1041,ST/SG/SER.E/1215,decayed,5/20/2024,Spacecraft engaged in practical applications and uses of space technology such as weather or communications,------,
2021-125J,,Starlink 3307 ,USA,12/18/2021,,Yes,ST/SG/SER.E/1041,ST/SG/SER.E/1076,[deorbited],6/16/2022,Spacecraft engaged in practical applications and uses of space technology such as weather or communications,------,
2021-125AG,,Starlink 3274 ,USA,12/18/2021,,Yes,ST/SG/SER.E/1041,,in orbit,,Spacecraft engaged in practical applications and uses of space technology such as weather or communications,------,
2021-125AH,,Starlink 3272 ,USA,12/18/2021,,Yes,ST/SG/SER.E/1041,,in orbit,,Spacecraft engaged in practical applications and uses of space technology such as weather or communications,------,
2021-125AJ,,Starlink 3275 ,USA,12/18/2021,,Yes,ST/SG/SER.E/1041,,in orbit,,Spacecraft engaged in practical applications and uses of space technology such as weather or communications,------,
2021-125AK,,Starlink 3276 ,USA,12/18/2021,,Yes,ST/SG/SER.E/1041,,in orbit,,Spacecraft engaged in practical applications and uses of space technology such as weather or communications,------,
2021-125AM,,Starlink 3273 ,USA,12/18/2021,,Yes,ST/SG/SER.E/1041,,in orbit,,Spacecraft engaged in practical applications and uses of space technology such as weather or communications,------,
2021-125AL,,Starlink 3268 ,USA,12/18/2021,,Yes,ST/SG/SER.E/1041,,in orbit,,Spacecraft engaged in practical applications and uses of space technology such as weather or communications,------,
2021-125AP,,Starlink 3261 ,USA,12/18/2021,,Yes,ST/SG/SER.E/1041,,in orbit,,Spacecraft engaged in practical applications and uses of space technology such as weather or communications,------,
2021-125AN,,Starlink 3259 ,USA,12/18/2021,,Yes,ST/SG/SER.E/1041,,in orbit,,Spacecraft engaged in practical applications and uses of space technology such as weather or communications,------,
2021-125AV,,Starlink 3270 ,USA,12/18/2021,,Yes,ST/SG/SER.E/1041,,in orbit,,Spacecraft engaged in practical applications and uses of space technology such as weather or communications,------,
2021-125AR,,Starlink 3266 ,USA,12/18/2021,,Yes,ST/SG/SER.E/1041,,in orbit,,Spacecraft engaged in practical applications and uses of space technology such as weather or communications,------,
2021-125AT,,Starlink 3267 ,USA,12/18/2021,,Yes,ST/SG/SER.E/1041,,in orbit,,Spacecraft engaged in practical applications and uses of space technology such as weather or communications,------,
2021-125AU,,Starlink 3264 ,USA,12/18/2021,,Yes,ST/SG/SER.E/1041,,in orbit,,Spacecraft engaged in practical applications and uses of space technology such as weather or communications,------,
2021-125AW,,Starlink 3235 ,USA,12/18/2021,,Yes,ST/SG/SER.E/1041,,in orbit,,Spacecraft engaged in practical applications and uses of space technology such as weather or communications,------,
2021-125AX,,Starlink 3255 ,USA,12/18/2021,,Yes,ST/SG/SER.E/1041,,in orbit,,Spacecraft engaged in practical applications and uses of space technology such as weather or communications,------,
2021-125AY,,Starlink 3256 ,USA,12/18/2021,,Yes,ST/SG/SER.E/1041,,in orbit,,Spacecraft engaged in practical applications and uses of space technology such as weather or communications,------,
2021-125AQ,,Starlink 3269 ,USA,12/18/2021,,Yes,ST/SG/SER.E/1041,,in orbit,,Spacecraft engaged in practical applications and uses of space technology such as weather or communications,------,
2021-125AE,,Starlink-3280 ,USA,12/18/2021,,Yes,ST/SG/SER.E/1041,ST/SG/SER.E/1041,[deorbited],12/28/2021,Spacecraft engaged in practical applications and uses of space technology such as weather or communications,------,
2021-125AF,,Starlink 3279 ,USA,12/18/2021,,Yes,ST/SG/SER.E/1041,,in orbit,,Spacecraft engaged in practical applications and uses of space technology such as weather or communications,------,
2021-125AC,,Starlink 3277 ,USA,12/18/2021,,Yes,ST/SG/SER.E/1041,,in orbit,,Spacecraft engaged in practical applications and uses of space technology such as weather or communications,------,
2021-125AD,,Starlink 3281 ,USA,12/18/2021,,Yes,ST/SG/SER.E/1041,,in orbit,,Spacecraft engaged in practical applications and uses of space technology such as weather or communications,------,
2021-125AB,,Starlink 3285 ,USA,12/18/2021,,Yes,ST/SG/SER.E/1041,,in orbit,,Spacecraft engaged in practical applications and uses of space technology such as weather or communications,------,
2021-125AA,,Starlink 3265 ,USA,12/18/2021,,Yes,ST/SG/SER.E/1041,,in orbit,,Spacecraft engaged in practical applications and uses of space technology such as weather or communications,------,
2021-125BC,,Starlink 3258 ,USA,12/18/2021,,Yes,ST/SG/SER.E/1041,,in orbit,,Spacecraft engaged in practical applications and uses of space technology such as weather or communications,------,
2021-125Z,,Starlink 3283 ,USA,12/18/2021,,Yes,ST/SG/SER.E/1041,,in orbit,,Spacecraft engaged in practical applications and uses of space technology such as weather or communications,------,
2021-125T,,Starlink 3289 ,USA,12/18/2021,,Yes,ST/SG/SER.E/1041,,in orbit,,Spacecraft engaged in practical applications and uses of space technology such as weather or communications,------,
2021-125U,,Starlink 3292 ,USA,12/18/2021,,Yes,ST/SG/SER.E/1041,,in orbit,,Spacecraft engaged in practical applications and uses of space technology such as weather or communications,------,
2021-125V,,Starlink 3291 ,USA,12/18/2021,,Yes,ST/SG/SER.E/1041,,in orbit,,Spacecraft engaged in practical applications and uses of space technology such as weather or communications,------,
2021-125W,,Starlink 3293 ,USA,12/18/2021,,Yes,ST/SG/SER.E/1041,,in orbit,,Spacecraft engaged in practical applications and uses of space technology such as weather or communications,------,
2021-125X,,Starlink 3282 ,USA,12/18/2021,,Yes,ST/SG/SER.E/1041,,in orbit,,Spacecraft engaged in practical applications and uses of space technology such as weather or communications,------,
2021-125Y,,Starlink 3284 ,USA,12/18/2021,,Yes,ST/SG/SER.E/1041,,in orbit,,Spacecraft engaged in practical applications and uses of space technology such as weather or communications,------,
2021-125Q,,Starlink 3245 ,USA,12/18/2021,,Yes,ST/SG/SER.E/1041,,in orbit,,Spacecraft engaged in practical applications and uses of space technology such as weather or communications,------,
2021-125S,,Starlink 3287 ,USA,12/18/2021,,Yes,ST/SG/SER.E/1041,,in orbit,,Spacecraft engaged in practical applications and uses of space technology such as weather or communications,------,
2021-125R,,Starlink 3286 ,USA,12/18/2021,,Yes,ST/SG/SER.E/1041,,in orbit,,Spacecraft engaged in practical applications and uses of space technology such as weather or communications,------,
2021-125M,,Starlink 3271 ,USA,12/18/2021,,Yes,ST/SG/SER.E/1041,,in orbit,,Spacecraft engaged in practical applications and uses of space technology such as weather or communications,------,
2021-125F,,Starlink 3304 ,USA,12/18/2021,,Yes,ST/SG/SER.E/1041,,in orbit,,Spacecraft engaged in practical applications and uses of space technology such as weather or communications,------,
2021-125H,,Starlink 3306 ,USA,12/18/2021,,Yes,ST/SG/SER.E/1041,,in orbit,,Spacecraft engaged in practical applications and uses of space technology such as weather or communications,------,
2021-125K,,Starlink 3298 ,USA,12/18/2021,,Yes,ST/SG/SER.E/1041,,in orbit,,Spacecraft engaged in practical applications and uses of space technology such as weather or communications,------,
2021-125L,,Starlink 3305 ,USA,12/18/2021,,Yes,ST/SG/SER.E/1041,,in orbit,,Spacecraft engaged in practical applications and uses of space technology such as weather or communications,------,
2021-125N,,Starlink 3296 ,USA,12/18/2021,,Yes,ST/SG/SER.E/1041,,in orbit,,Spacecraft engaged in practical applications and uses of space technology such as weather or communications,------,
2021-125P,,Starlink 3301 ,USA,12/18/2021,,Yes,ST/SG/SER.E/1041,,in orbit,,Spacecraft engaged in practical applications and uses of space technology such as weather or communications,------,
2021-125AZ,,Starlink 3257 ,USA,12/18/2021,,Yes,ST/SG/SER.E/1041,,in orbit,,Spacecraft engaged in practical applications and uses of space technology such as weather or communications,------,
2021-125BA,,Starlink 3254 ,USA,12/18/2021,,Yes,ST/SG/SER.E/1041,,in orbit,,Spacecraft engaged in practical applications and uses of space technology such as weather or communications,------,
2021-125BB,,Starlink 3260 ,USA,12/18/2021,,Yes,ST/SG/SER.E/1041,,in orbit,,Spacecraft engaged in practical applications and uses of space technology such as weather or communications,------,
2021-125BD,,Starlink 3262 ,USA,12/18/2021,,Yes,ST/SG/SER.E/1041,,in orbit,,Spacecraft engaged in practical applications and uses of space technology such as weather or communications,------,
2021-125A,,Starlink 3317 ,USA,12/18/2021,,Yes,ST/SG/SER.E/1041,,in orbit,,Spacecraft engaged in practical applications and uses of space technology such as weather or communications,------,
2021-125C,,Starlink 3309 ,USA,12/18/2021,,Yes,ST/SG/SER.E/1041,,in orbit,,Spacecraft engaged in practical applications and uses of space technology such as weather or communications,------,
2021-125D,,Starlink 3297 ,USA,12/18/2021,,Yes,ST/SG/SER.E/1041,,in orbit,,Spacecraft engaged in practical applications and uses of space technology such as weather or communications,------,
2021-125B,,Starlink 3313 ,USA,12/18/2021,,Yes,ST/SG/SER.E/1041,,in orbit,,Spacecraft engaged in practical applications and uses of space technology such as weather or communications,------,
2021-125E,,Starlink 3288 ,USA,12/18/2021,,Yes,ST/SG/SER.E/1041,ST/SG/SER.E/1249,[deorbited],12/21/2024,Spacecraft engaged in practical applications and uses of space technology such as weather or communications,------,
2021-124A,,Tianlian 2-02 ,China,12/13/2021,,Yes,ST/SG/SER.E/1123,,in GSO,,Communications satellite,------,
[2021-123*],3578-2021-014,Express AMU3 ,Russian Federation,12/13/2021,[+103 degrees East],Yes,ST/SG/SER.E/1038,,[in GSO],,Telecommunications,International Designator pending assignment.,
[2021-123*],3579-2021-014,Express AMU7 ,Russian Federation,12/13/2021,[+145 degrees East],Yes,ST/SG/SER.E/1038,,[in GSO],,Telecommunications,International Designator pending assignment.,
2021-122B,,Shijian-6 Group-05 Satellite-B (SJ-6 05B) [(SHIJIAN 6-05B)],China,12/10/2021,,Yes,ST/SG/SER.E/1123,,in orbit,,Test satellite,------,
2021-122A,,Shijian-6 Group-05 Satellite-A (SJ-6 05A) [(SHIJIAN 6-05A)],China,12/10/2021,,Yes,ST/SG/SER.E/1123,,in orbit,,Test satellite,------,
2021-120A,,Global 17 [BLACKSKY GLOBAL-17],USA,12/9/2021,,Yes,ST/SG/SER.E/1041,ST/SG/SER.E/1040,in orbit,,Spacecraft engaged in practical applications and uses of space technology such as weather or communications,Mentioned by New Zealand in ST/SG/SER.E/1040.,
2021-120B,,Global 16 [BLACKSKY GLOBAL-16],USA,12/9/2021,,Yes,ST/SG/SER.E/1041,ST/SG/SER.E/1040,in orbit,,------,Mentioned by New Zealand in ST/SG/SER.E/1040.,
2021-121A,,IXPE ,USA,12/9/2021,,Yes,ST/SG/SER.E/1041,,in orbit,,Spacecraft engaged in practical applications and uses of space technology such as weather or communications,------,
2021-119A,3577-2021-014,Soyuz MS-20 ,Russian Federation,12/8/2021,,Yes,ST/SG/SER.E/1038,ST/SG/SER.E/1038,recovered,12/20/2021,"Delivery to the International Space Station of a crew consisting of Aleksandr Aleksandrovich Misurkin (Russian Federation), commander of the crewed transport vehicle and of Visiting Expedition 20, and space flight participants Yusaku Maezawa (Japan) and Yozo Hirano (Japan)",------,
[2021-117E],, [JINZIJING 5 (GB 5)],[China],[2021-12-07],,No,,,[decayed],[2023-05-15],------,Not registered with the United Nations.,
[2021-117D],, [LIZE 1],[China],[2021-12-07],,No,,,[decayed],[2023-08-01],------,Not registered with the United Nations.,
2021-118A,,STPSat 6 ,USA,12/7/2021,,Yes,ST/SG/SER.E/1041,,in GSO,,Spacecraft engaged in practical applications and uses of space technology such as weather or communications,------,
2021-118B,,LDPE 1 ,USA,12/7/2021,,Yes,ST/SG/SER.E/1041,,in GSO,,Spacecraft engaged in practical applications and uses of space technology such as weather or communications,------,
2021-117A,,Tianjin University 1 (TJU-1) ,China,12/7/2021,,Yes,ST/SG/SER.E/1123,,in orbit,,Meteorological observation,------,
[2021-117*],, [GOLDEN BAUHINIA SATELLITE NO.1 (03)],[China],[2021-12-07],,No,,,[decayed],[2024-02-14],------,Not registered with the United Nations. International Designator pending assignment.,
[2021-117*],, [GOLDEN BAUHINIA SATELLITE NO.5],[China],[2021-12-07],,No,,,[in orbit],,------,Not registered with the United Nations. International Designator pending assignment.,
[2021-116B],, [GALILEO 28],[(for European Union)],[2021-12-05],,No,,,[in orbit],,------,Not registered with the United Nations.,
[2021-116A],, [GALILEO 27],[(for European Union)],[2021-12-05],,No,,,[in orbit],,------,Not registered with the United Nations.,
2021-115C,,Starlink 3237 ,USA,12/2/2021,,Yes,ST/SG/SER.E/1041,ST/SG/SER.E/1229,[deorbited],9/14/2024,Spacecraft engaged in practical applications and uses of space technology such as weather or communications,------,
2021-115AZ,,Starlink 3201 ,USA,12/2/2021,,Yes,ST/SG/SER.E/1041,,in orbit,,Spacecraft engaged in practical applications and uses of space technology such as weather or communications,------,
2021-115AS,,Starlink 3206 ,USA,12/2/2021,,Yes,ST/SG/SER.E/1041,ST/SG/SER.E/1227,[deorbited],8/10/2024,Spacecraft engaged in practical applications and uses of space technology such as weather or communications,------,
2021-115F,,Starlink 3251 ,USA,12/2/2021,,Yes,ST/SG/SER.E/1041,,in orbit,,Spacecraft engaged in practical applications and uses of space technology such as weather or communications,------,
2021-115J,,Starlink 3246 ,USA,12/2/2021,,Yes,ST/SG/SER.E/1041,,in orbit,,Spacecraft engaged in practical applications and uses of space technology such as weather or communications,------,
2021-115K,,Starlink 3252 ,USA,12/2/2021,,Yes,ST/SG/SER.E/1041,,in orbit,,Spacecraft engaged in practical applications and uses of space technology such as weather or communications,------,
2021-115L,,Starlink 3238 ,USA,12/2/2021,,Yes,ST/SG/SER.E/1041,,in orbit,,Spacecraft engaged in practical applications and uses of space technology such as weather or communications,------,
2021-115M,,Starlink 3113 ,USA,12/2/2021,,Yes,ST/SG/SER.E/1041,,in orbit,,Spacecraft engaged in practical applications and uses of space technology such as weather or communications,------,
2021-115N,,Starlink 3148 ,USA,12/2/2021,,Yes,ST/SG/SER.E/1041,,in orbit,,Spacecraft engaged in practical applications and uses of space technology such as weather or communications,------,
2021-115P,,Starlink 3225 ,USA,12/2/2021,,Yes,ST/SG/SER.E/1041,,in orbit,,Spacecraft engaged in practical applications and uses of space technology such as weather or communications,------,
2021-115G,,Starlink 3249 ,USA,12/2/2021,,Yes,ST/SG/SER.E/1041,,in orbit,,Spacecraft engaged in practical applications and uses of space technology such as weather or communications,------,
2021-115BA,,Global 12 [BLACKSKY GLOBAL-12],USA,12/2/2021,,Yes,ST/SG/SER.E/1041,,in orbit,,Spacecraft engaged in practical applications and uses of space technology such as weather or communications,------,
2021-115BB,,Global 13 [BLACKSKY GLOBAL-13],USA,12/2/2021,,Yes,ST/SG/SER.E/1041,,in orbit,,Spacecraft engaged in practical applications and uses of space technology such as weather or communications,------,
2021-115AT,,Starlink 3227 ,USA,12/2/2021,,Yes,ST/SG/SER.E/1041,,in orbit,,Spacecraft engaged in practical applications and uses of space technology such as weather or communications,------,
2021-115AU,,Starlink 3190 ,USA,12/2/2021,,Yes,ST/SG/SER.E/1041,,in orbit,,Spacecraft engaged in practical applications and uses of space technology such as weather or communications,------,
2021-115AV,,Starlink 3192 ,USA,12/2/2021,,Yes,ST/SG/SER.E/1041,,in orbit,,Spacecraft engaged in practical applications and uses of space technology such as weather or communications,------,
2021-115AW,,Starlink 3196 ,USA,12/2/2021,,Yes,ST/SG/SER.E/1041,,in orbit,,Spacecraft engaged in practical applications and uses of space technology such as weather or communications,------,
2021-115AX,,Starlink 3208 ,USA,12/2/2021,,Yes,ST/SG/SER.E/1041,,in orbit,,Spacecraft engaged in practical applications and uses of space technology such as weather or communications,------,
2021-115AY,,Starlink 3191 ,USA,12/2/2021,,Yes,ST/SG/SER.E/1041,,in orbit,,Spacecraft engaged in practical applications and uses of space technology such as weather or communications,------,
2021-115AK,,Starlink 3197 ,USA,12/2/2021,,Yes,ST/SG/SER.E/1041,,in orbit,,Spacecraft engaged in practical applications and uses of space technology such as weather or communications,------,
2021-115AM,,Starlink 3204 ,USA,12/2/2021,,Yes,ST/SG/SER.E/1041,,in orbit,,Spacecraft engaged in practical applications and uses of space technology such as weather or communications,------,
2021-115AL,,Starlink 3194 ,USA,12/2/2021,,Yes,ST/SG/SER.E/1041,,in orbit,,Spacecraft engaged in practical applications and uses of space technology such as weather or communications,------,
2021-115AJ,,Starlink 3207 ,USA,12/2/2021,,Yes,ST/SG/SER.E/1041,,in orbit,,Spacecraft engaged in practical applications and uses of space technology such as weather or communications,------,
2021-115AP,,Starlink 3203 ,USA,12/2/2021,,Yes,ST/SG/SER.E/1041,,in orbit,,Spacecraft engaged in practical applications and uses of space technology such as weather or communications,------,
2021-115AQ,,Starlink 3195 ,USA,12/2/2021,,Yes,ST/SG/SER.E/1041,,in orbit,,Spacecraft engaged in practical applications and uses of space technology such as weather or communications,------,
2021-115AR,,Starlink 3198 ,USA,12/2/2021,,Yes,ST/SG/SER.E/1041,,in orbit,,Spacecraft engaged in practical applications and uses of space technology such as weather or communications,------,
2021-115AN,,Starlink 3199 ,USA,12/2/2021,,Yes,ST/SG/SER.E/1041,,in orbit,,Spacecraft engaged in practical applications and uses of space technology such as weather or communications,------,
2021-115D,,Starlink 3242 ,USA,12/2/2021,,Yes,ST/SG/SER.E/1041,,in orbit,,Spacecraft engaged in practical applications and uses of space technology such as weather or communications,------,
2021-115E,,Starlink 3240 ,USA,12/2/2021,,Yes,ST/SG/SER.E/1041,,in orbit,,Spacecraft engaged in practical applications and uses of space technology such as weather or communications,------,
2021-115A,,Starlink 3219 ,USA,12/2/2021,,Yes,ST/SG/SER.E/1041,,in orbit,,Spacecraft engaged in practical applications and uses of space technology such as weather or communications,------,
2021-115B,,Starlink 3218 ,USA,12/2/2021,,Yes,ST/SG/SER.E/1041,,in orbit,,Spacecraft engaged in practical applications and uses of space technology such as weather or communications,------,
2021-115AD,,Starlink 3229 ,USA,12/2/2021,,Yes,ST/SG/SER.E/1041,,in orbit,,Spacecraft engaged in practical applications and uses of space technology such as weather or communications,------,
2021-115AE,,Starlink 3209 ,USA,12/2/2021,,Yes,ST/SG/SER.E/1041,,in orbit,,Spacecraft engaged in practical applications and uses of space technology such as weather or communications,------,
2021-115AF,,Starlink 3200 ,USA,12/2/2021,,Yes,ST/SG/SER.E/1041,,in orbit,,Spacecraft engaged in practical applications and uses of space technology such as weather or communications,------,
2021-115AG,,Starlink 3193 ,USA,12/2/2021,,Yes,ST/SG/SER.E/1041,,in orbit,,Spacecraft engaged in practical applications and uses of space technology such as weather or communications,------,
2021-115AH,,Starlink 3210 ,USA,12/2/2021,,Yes,ST/SG/SER.E/1041,,in orbit,,Spacecraft engaged in practical applications and uses of space technology such as weather or communications,------,
2021-115AC,,Starlink 3236 ,USA,12/2/2021,,Yes,ST/SG/SER.E/1041,,in orbit,,Spacecraft engaged in practical applications and uses of space technology such as weather or communications,------,
2021-115AB,,Starlink 3250 ,USA,12/2/2021,,Yes,ST/SG/SER.E/1041,,in orbit,,Spacecraft engaged in practical applications and uses of space technology such as weather or communications,------,
2021-115AA,,Starlink 3248 ,USA,12/2/2021,,Yes,ST/SG/SER.E/1041,,in orbit,,Spacecraft engaged in practical applications and uses of space technology such as weather or communications,------,
2021-115Z,,Starlink 3247 ,USA,12/2/2021,,Yes,ST/SG/SER.E/1041,,in orbit,,Spacecraft engaged in practical applications and uses of space technology such as weather or communications,------,
2021-115Q,,Starlink 3143 ,USA,12/2/2021,,Yes,ST/SG/SER.E/1041,,in orbit,,Spacecraft engaged in practical applications and uses of space technology such as weather or communications,------,
2021-115V,,Starlink 3239 ,USA,12/2/2021,,Yes,ST/SG/SER.E/1041,,in orbit,,Spacecraft engaged in practical applications and uses of space technology such as weather or communications,------,
2021-115W,,Starlink 3231 ,USA,12/2/2021,,Yes,ST/SG/SER.E/1041,,in orbit,,Spacecraft engaged in practical applications and uses of space technology such as weather or communications,------,
2021-115Y,,Starlink 3233 ,USA,12/2/2021,,Yes,ST/SG/SER.E/1041,,in orbit,,Spacecraft engaged in practical applications and uses of space technology such as weather or communications,------,
2021-115R,,Starlink 3155 ,USA,12/2/2021,,Yes,ST/SG/SER.E/1041,,in orbit,,Spacecraft engaged in practical applications and uses of space technology such as weather or communications,------,
2021-115S,,Starlink 3226 ,USA,12/2/2021,,Yes,ST/SG/SER.E/1041,,in orbit,,Spacecraft engaged in practical applications and uses of space technology such as weather or communications,------,
2021-115U,,Starlink 3202 ,USA,12/2/2021,,Yes,ST/SG/SER.E/1041,,in orbit,,Spacecraft engaged in practical applications and uses of space technology such as weather or communications,------,
2021-115T,,Starlink 3244 ,USA,12/2/2021,,Yes,ST/SG/SER.E/1041,,in orbit,,Spacecraft engaged in practical applications and uses of space technology such as weather or communications,------,
2021-115X,,Starlink 3241 ,USA,12/2/2021,,Yes,ST/SG/SER.E/1041,,in orbit,,Spacecraft engaged in practical applications and uses of space technology such as weather or communications,------,
2021-115H,,Starlink 3228 ,USA,12/2/2021,,Yes,ST/SG/SER.E/1041,ST/SG/SER.E/1214,[deorbited],4/27/2024,Spacecraft engaged in practical applications and uses of space technology such as weather or communications,------,
2021-114A,,ChinaSat 1D [ZHONGXING 1D],China,11/26/2021,,Yes,ST/SG/SER.E/1123,,in GSO,,Communications satellite,------,
[2021-113A],3576-2021-13,Cosmos 2552 ,Russian Federation,11/25/2021,,Yes,ST/SG/SER.E/1032,,in orbit,,Intended for assignments on behalf of the Ministry of Defence of the Russian Federation,------,
2021-112A,,Shiyan 11 [(SY 11)],China,11/24/2021,,Yes,ST/SG/SER.E/1123,,in orbit,,Test satellite,------,
2021-110A,,NASA DART ,USA,11/24/2021,,Yes,ST/SG/SER.E/1034,ST/SG/SER.E/1082,[on Dimorphos],9/26/2022,Spacecraft engaged in practical applications and uses of space technology such as weather or communications,Reported in reference sources that space object impacted asteroid Dimorphos at 2314 UTC on 2022-09-26.,
[2021-111A],3575-2021-12,Progress M-UM ,Russian Federation,11/24/2021,,Yes,ST/SG/SER.E/1032,ST/SG/SER.E/1038,deorbited,12/23/2021,Cargo vehicle module with node module for the Russian segment of the International Space Station,------,
[2021-111*],, [PRICHAL],[Russian Federation],[2021-11-24],,No,,ST/SG/SER.E/1032,[in orbit],,------,International Designator pending assignment. Mentioned by the Russian Federation in ST/SG/SER.E/1032. ISS flight element.,
2021-109A,,Gaofen 3-02 (GF-3 (02)) ,China,11/22/2021,,Yes,ST/SG/SER.E/1123,,in orbit,,Marine surveillance and monitoring,------,
2021-107A,,Gaofen 11-03 ,China,11/20/2021,,Yes,ST/SG/SER.E/1123,,in orbit,,Remote sensing satellite,------,
2021-108A,,Astra Satellite 00001 ,USA,11/20/2021,,Yes,ST/SG/SER.E/1034,ST/SG/SER.E/1131,decayed,5/14/2023,Spacecraft engaged in practical applications and uses of space technology such as weather or communications,------,
2021-106A,,Global 14 [BLACKSKY GLOBAL-14],USA,11/18/2021,,Yes,ST/SG/SER.E/1034,ST/SG/SER.E/1040,in orbit,,Spacecraft engaged in practical applications and uses of space technology such as weather or communications,Mentioned by New Zealand in ST/SG/SER.E/1040.,
2021-106B,,Global 15 [BLACKSKY GLOBAL-15],USA,11/18/2021,,Yes,ST/SG/SER.E/1034,ST/SG/SER.E/1229,decayed,9/20/2024,Spacecraft engaged in practical applications and uses of space technology such as weather or communications,Mentioned by New Zealand in ST/SG/SER.E/1040.,
,,,,,,,,ST/SG/SER.E/1040,,,,,
2021-105A,,CERES 1 ,France,11/16/2021,,Yes,ST/SG/SER.E/1047,,in orbit,,Earth observation,------,
2021-105C,,CERES 3 ,France,11/16/2021,,Yes,ST/SG/SER.E/1047,,in orbit,,Earth observation,------,
2021-105B,,CERES 2 ,France,11/16/2021,,Yes,ST/SG/SER.E/1047,,in orbit,,Earth observation,------,
2021-104X,,Starlink 3123 ,USA,11/13/2021,,Yes,ST/SG/SER.E/1034,ST/SG/SER.E/1041,decayed,12/1/2021,Spacecraft engaged in practical applications and uses of space technology such as weather or communications,------,
2021-104AS,,Starlink 3097 ,USA,11/13/2021,,Yes,ST/SG/SER.E/1034,ST/SG/SER.E/1215,[deorbited],5/5/2024,Spacecraft engaged in practical applications and uses of space technology such as weather or communications,------,
2021-104AH,,Starlink 3108 ,USA,11/13/2021,,Yes,ST/SG/SER.E/1034,ST/SG/SER.E/1215,[deorbited],5/16/2024,Spacecraft engaged in practical applications and uses of space technology such as weather or communications,------,
2021-104G,,Starlink 3146 ,USA,11/13/2021,,Yes,ST/SG/SER.E/1034,,in orbit,,Spacecraft engaged in practical applications and uses of space technology such as weather or communications,------,
2021-104H,,Starlink 3159 ,USA,11/13/2021,,Yes,ST/SG/SER.E/1034,,in orbit,,Spacecraft engaged in practical applications and uses of space technology such as weather or communications,------,
2021-104D,,Starlink 3162 ,USA,11/13/2021,,Yes,ST/SG/SER.E/1034,,in orbit,,Spacecraft engaged in practical applications and uses of space technology such as weather or communications,------,
2021-104A,,Starlink 3151 ,USA,11/13/2021,,Yes,ST/SG/SER.E/1034,,in orbit,,Spacecraft engaged in practical applications and uses of space technology such as weather or communications,------,
2021-104BE,,Starlink 3140 ,USA,11/13/2021,,Yes,ST/SG/SER.E/1034,,in orbit,,Spacecraft engaged in practical applications and uses of space technology such as weather or communications,------,
2021-104BA,,Starlink 3124 ,USA,11/13/2021,,Yes,ST/SG/SER.E/1034,,in orbit,,Spacecraft engaged in practical applications and uses of space technology such as weather or communications,------,
2021-104BD,,Starlink 3141 ,USA,11/13/2021,,Yes,ST/SG/SER.E/1034,,in orbit,,Spacecraft engaged in practical applications and uses of space technology such as weather or communications,------,
2021-104AY,,Starlink 3160 ,USA,11/13/2021,,Yes,ST/SG/SER.E/1034,,in orbit,,Spacecraft engaged in practical applications and uses of space technology such as weather or communications,------,
2021-104AZ,,Starlink 3145 ,USA,11/13/2021,,Yes,ST/SG/SER.E/1034,,in orbit,,Spacecraft engaged in practical applications and uses of space technology such as weather or communications,------,
2021-104BB,,Starlink 3132 ,USA,11/13/2021,,Yes,ST/SG/SER.E/1034,,in orbit,,Spacecraft engaged in practical applications and uses of space technology such as weather or communications,------,
2021-104BC,,Starlink 3156 ,USA,11/13/2021,,Yes,ST/SG/SER.E/1034,,in orbit,,Spacecraft engaged in practical applications and uses of space technology such as weather or communications,------,
2021-104M,,Starlink 3120 ,USA,11/13/2021,,Yes,ST/SG/SER.E/1034,,in orbit,,Spacecraft engaged in practical applications and uses of space technology such as weather or communications,------,
2021-104P,,Starlink 3112 ,USA,11/13/2021,,Yes,ST/SG/SER.E/1034,,in orbit,,Spacecraft engaged in practical applications and uses of space technology such as weather or communications,------,
2021-104T,,Starlink 3139 ,USA,11/13/2021,,Yes,ST/SG/SER.E/1034,,in orbit,,Spacecraft engaged in practical applications and uses of space technology such as weather or communications,------,
2021-104F,,Starlink 3157 ,USA,11/13/2021,,Yes,ST/SG/SER.E/1034,,in orbit,,Spacecraft engaged in practical applications and uses of space technology such as weather or communications,------,
2021-104J,,Starlink 3133 ,USA,11/13/2021,,Yes,ST/SG/SER.E/1034,,in orbit,,Spacecraft engaged in practical applications and uses of space technology such as weather or communications,------,
2021-104K,,Starlink 3154 ,USA,11/13/2021,,Yes,ST/SG/SER.E/1034,,in orbit,,Spacecraft engaged in practical applications and uses of space technology such as weather or communications,------,
2021-104L,,Starlink 3111 ,USA,11/13/2021,,Yes,ST/SG/SER.E/1034,,in orbit,,Spacecraft engaged in practical applications and uses of space technology such as weather or communications,------,
2021-104R,,Starlink 3149 ,USA,11/13/2021,,Yes,ST/SG/SER.E/1034,,in orbit,,Spacecraft engaged in practical applications and uses of space technology such as weather or communications,------,
2021-104C,,Starlink 3147 ,USA,11/13/2021,,Yes,ST/SG/SER.E/1034,,in orbit,,Spacecraft engaged in practical applications and uses of space technology such as weather or communications,------,
2021-104B,,Starlink 3075 ,USA,11/13/2021,,Yes,ST/SG/SER.E/1034,,in orbit,,Spacecraft engaged in practical applications and uses of space technology such as weather or communications,------,
2021-104AL,,Starlink 3098 ,USA,11/13/2021,,Yes,ST/SG/SER.E/1034,,in orbit,,Spacecraft engaged in practical applications and uses of space technology such as weather or communications,------,
2021-104AW,,Starlink 3150 ,USA,11/13/2021,,Yes,ST/SG/SER.E/1034,,in orbit,,Spacecraft engaged in practical applications and uses of space technology such as weather or communications,------,
2021-104AP,,Starlink 3122 ,USA,11/13/2021,,Yes,ST/SG/SER.E/1034,,in orbit,,Spacecraft engaged in practical applications and uses of space technology such as weather or communications,------,
2021-104AQ,,Starlink 3099 ,USA,11/13/2021,,Yes,ST/SG/SER.E/1034,,in orbit,,Spacecraft engaged in practical applications and uses of space technology such as weather or communications,------,
2021-104AR,,Starlink 3115 ,USA,11/13/2021,,Yes,ST/SG/SER.E/1034,,in orbit,,Spacecraft engaged in practical applications and uses of space technology such as weather or communications,------,
2021-104AT,,Starlink 3137 ,USA,11/13/2021,,Yes,ST/SG/SER.E/1034,,in orbit,,Spacecraft engaged in practical applications and uses of space technology such as weather or communications,------,
2021-104AU,,Starlink 3127 ,USA,11/13/2021,,Yes,ST/SG/SER.E/1034,,in orbit,,Spacecraft engaged in practical applications and uses of space technology such as weather or communications,------,
2021-104AX,,Starlink 3129 ,USA,11/13/2021,,Yes,ST/SG/SER.E/1034,,in orbit,,Spacecraft engaged in practical applications and uses of space technology such as weather or communications,------,
2021-104AV,,Starlink 3125 ,USA,11/13/2021,,Yes,ST/SG/SER.E/1034,,in orbit,,Spacecraft engaged in practical applications and uses of space technology such as weather or communications,------,
2021-104AA,,Starlink 3158 ,USA,11/13/2021,,Yes,ST/SG/SER.E/1034,,in orbit,,Spacecraft engaged in practical applications and uses of space technology such as weather or communications,------,
2021-104AJ,,Starlink 3105 ,USA,11/13/2021,,Yes,ST/SG/SER.E/1034,,in orbit,,Spacecraft engaged in practical applications and uses of space technology such as weather or communications,------,
2021-104AE,,Starlink 3049 ,USA,11/13/2021,,Yes,ST/SG/SER.E/1034,,in orbit,,Spacecraft engaged in practical applications and uses of space technology such as weather or communications,------,
2021-104AD,,Starlink 3117 ,USA,11/13/2021,,Yes,ST/SG/SER.E/1034,,in orbit,,Spacecraft engaged in practical applications and uses of space technology such as weather or communications,------,
2021-104AK,,Starlink 3128 ,USA,11/13/2021,,Yes,ST/SG/SER.E/1034,,in orbit,,Spacecraft engaged in practical applications and uses of space technology such as weather or communications,------,
2021-104AN,,Starlink 3126 ,USA,11/13/2021,,Yes,ST/SG/SER.E/1034,,in orbit,,Spacecraft engaged in practical applications and uses of space technology such as weather or communications,------,
2021-104AF,,Starlink 3130 ,USA,11/13/2021,,Yes,ST/SG/SER.E/1034,,in orbit,,Spacecraft engaged in practical applications and uses of space technology such as weather or communications,------,
2021-104AM,,Starlink 3136 ,USA,11/13/2021,,Yes,ST/SG/SER.E/1034,,in orbit,,Spacecraft engaged in practical applications and uses of space technology such as weather or communications,------,
2021-104AG,,Starlink 3044 ,USA,11/13/2021,,Yes,ST/SG/SER.E/1034,,in orbit,,Spacecraft engaged in practical applications and uses of space technology such as weather or communications,------,
2021-104Q,,Starlink 3161 ,USA,11/13/2021,,Yes,ST/SG/SER.E/1034,,in orbit,,Spacecraft engaged in practical applications and uses of space technology such as weather or communications,------,
2021-104AB,,Starlink 3079 ,USA,11/13/2021,,Yes,ST/SG/SER.E/1034,,in orbit,,Spacecraft engaged in practical applications and uses of space technology such as weather or communications,------,
2021-104AC,,Starlink 3134 ,USA,11/13/2021,,Yes,ST/SG/SER.E/1034,,in orbit,,Spacecraft engaged in practical applications and uses of space technology such as weather or communications,------,
2021-104U,,Starlink 3114 ,USA,11/13/2021,,Yes,ST/SG/SER.E/1034,,in orbit,,Spacecraft engaged in practical applications and uses of space technology such as weather or communications,------,
2021-104S,,Starlink 3135 ,USA,11/13/2021,,Yes,ST/SG/SER.E/1034,,in orbit,,Spacecraft engaged in practical applications and uses of space technology such as weather or communications,------,
2021-104V,,Starlink 3131 ,USA,11/13/2021,,Yes,ST/SG/SER.E/1034,,in orbit,,Spacecraft engaged in practical applications and uses of space technology such as weather or communications,------,
2021-104N,,Starlink 3110 ,USA,11/13/2021,,Yes,ST/SG/SER.E/1034,,in orbit,,Spacecraft engaged in practical applications and uses of space technology such as weather or communications,------,
2021-104Y,,Starlink 3138 ,USA,11/13/2021,,Yes,ST/SG/SER.E/1034,,in orbit,,Spacecraft engaged in practical applications and uses of space technology such as weather or communications,------,
2021-104W,,Starlink 3121 ,USA,11/13/2021,,Yes,ST/SG/SER.E/1034,,in orbit,,Spacecraft engaged in practical applications and uses of space technology such as weather or communications,------,
2021-104Z,,Starlink 3153 ,USA,11/13/2021,,Yes,ST/SG/SER.E/1034,,in orbit,,Spacecraft engaged in practical applications and uses of space technology such as weather or communications,------,
2021-104E,,Starlink 3144 ,USA,11/13/2021,,Yes,ST/SG/SER.E/1034,ST/SG/SER.E/1249,[deorbited],12/20/2024,Spacecraft engaged in practical applications and uses of space technology such as weather or communications,------,
2021-103A,,Dragon Endurance ,USA,11/11/2021,,Yes,ST/SG/SER.E/1034,ST/SG/SER.E/1074,[recovered],5/6/2022,Reusable space transportation systems,------,
2021-102C,,Rapid Innovative payload demonstration Satellite 2 (RAISE 2) ,Japan,11/9/2021,,Yes,ST/SG/SER.E/1073,,in orbit,,"RAISE-2 is the technology demonstration satellite equipped with six experimental components provided by private companies, university and research institution. The technology demonstration aims to acquire various and innovative data in space.",------,Link
2021-102F,,HIBARI ,Japan,11/9/2021,,Yes,ST/SG/SER.E/1073,,in orbit,,"Technology demonstration: variable-shape attitude control, ultraviolet rays camera, star tracker (STT), etc.",------,Link
2021-102G,,DRUMS ,Japan,11/9/2021,,Yes,ST/SG/SER.E/1073,,in orbit,,This satellite will demonstrate debris removal technology in orbit by releasing and approaching a small target and performing simulated capture,------,
2021-102J,,ARICA ,Japan,11/9/2021,,Yes,ST/SG/SER.E/1073,,in orbit,,Demonstrate a real-time alert system of transient astrophysical objects using commercial satellite networks,------,
2021-102E,,Z Sat ,Japan,11/9/2021,,Yes,ST/SG/SER.E/1073,,in orbit,,Earth observation,------,
2021-102H,,KOSEN 1 ,Japan,11/9/2021,,Yes,ST/SG/SER.E/1073,,in orbit,,"KOSEN-1 will demonstrate three new spaceborne technologies for the CubeSat system: (1) a performance of a dual reaction wheel, (2) a usage of the Raspberry Pi CM1-based on-board computer, and (3) an expansion of a 6.6-m long dipole antenna. Furthermore, KOSEN-1 will observe Jupiter's decametric radio emissions to investigate the beaming characteristics.",------,
2021-102B,,TeikyoSat 4 ,Japan,11/9/2021,,Yes,ST/SG/SER.E/1073,,in orbit,,Demonstration of satellite bus system which can carry out space environment utilization experiments; Demonstration of high speed communication using ham radio; Demonstration of electrical power system for new technological demonstration; Demonstration of de-orbit system after the end of all missions,------,Link
2021-102A,,ASTERISC ,Japan,11/9/2021,,Yes,ST/SG/SER.E/1073,ST/SG/SER.E/1292,[decayed],1/25/2025,The satellite observes cosmic dust and space debris using a film type dust sensor,------,
2021-101A,,Yaogan 35-A ,China,11/6/2021,,Yes,ST/SG/SER.E/1123,,in orbit,,Remote sensing satellite,------,
2021-101D,,Yaogan 35-C ,China,11/6/2021,,Yes,ST/SG/SER.E/1123,,in orbit,,Remote sensing satellite,------,
2021-101B,,Yaogan 35-B ,China,11/6/2021,,Yes,ST/SG/SER.E/1123,,in orbit,,Remote sensing satellite,------,
2021-100A,,Sustainable Development Science Satellite-1 (SDGSAT-1) ,China,11/5/2021,,Yes,ST/SG/SER.E/1123,,in orbit,,Earth observation and remote sensing,------,
2021-099A,,Yaogan 32 Group-02 Satellite-A (Yaogan-32 2A) ,China,11/3/2021,,Yes,ST/SG/SER.E/1123,,in orbit,,Remote sensing satellite,------,
2021-099B,,Yaogan 32 Group-02 Satellite-B (Yaogan-32 2B) ,China,11/3/2021,,Yes,ST/SG/SER.E/1123,,in orbit,,Remote sensing satellite,------,
[2021-098A],3574-2021-11,Progress MS-18 ,Russian Federation,10/28/2021,,Yes,ST/SG/SER.E/1028,,[deorbited],[2022-06-01],"Delivery to the International Space Station of fuel, water, oxygen, air, food, scientific equipment and other consumable materials required for the crew, scientific experiments and operation of the Station",------,
2021-097A,,Jilin-1 Gaofen 02F ,China,10/27/2021,,Yes,ST/SG/SER.E/1123,,in orbit,,"The mission of Jilin-01 Gaofen 02F is to obtain high spatial resolution colour static images of Earth observation, and provide remote sensing data services for land and resources monitoring, mineral resources development, smart city construction, forestry resources surveys, ecological environment monitoring, public health emergency response, etc.",------,
2021-096A,,QZS 1R ,Japan,10/26/2021,,Yes,ST/SG/SER.E/1073,,in orbit,,"The QZS 1R navigation satellite will be a part of the Quasi-zenith Satellite System (QZSS), providing satellite positioning, navigation and timing services. The QZS 1R will replace the first satellite (QZS 1) of the QZSS which had already exceeded its design life. After that, the plans are set to add three more satellites to the QZSS in 2024",------,
2021-094A,,Shijian 21 (SJ-21) ,China,10/24/2021,,Yes,ST/SG/SER.E/1123,,in orbit,,Test satellite,------,
2021-095A,,SES 17 ,Luxembourg,10/24/2021,+292.9 degrees East,Yes,ST/SG/SER.E/1139,,in GSO,,"Encrypted and unencrypted transmission of radio, television, multimedia data, very small aperture terminal (VSAT) and broadband services",------,
2021-095B,,SYRACUSE 4A ,France,10/24/2021,+045.5 degrees East (planned),Yes,ST/SG/SER.E/1047,,in GSO,,Telecommunications,------,
2020-029C,,FalconSat 8 ,USA,[2021-10-20],,Yes,ST/SG/SER.E/1031,,in orbit,,Spacecraft engaged in practical applications and uses of space technology such as weather or communications,Day of launch is estimated date of deployment from USA 299 (X-37B) (international designator 2020-029A).,
2021-093A,,Lucy ,USA,10/16/2021,,Yes,ST/SG/SER.E/1031,,heliocentric,,Spacecraft engaged in practical applications and uses of space technology such as weather or communications,------,
2021-092A,,Shenzhou 13 [SZ 13],China,10/15/2021,,Yes,ST/SG/SER.E/1033,A/AC.105/1262,[recovered],[2022-04-16],Crewed spacecraft,Notification by China in A/AC.105/1262 of preventive collision avoidance on 1 July 2021 with Starlink-1095 (international designator 2020-001BK) and 21 October 2021 with Starlink-2305 (international designator 2021-024N). Notification by the United States in ST/SG/SER.E/1265 that the United States Space Command did not estimate a significant probability of collision between the CSS and the referenced US spacecraft.,
,,,,,,,,A/AC.105/1265,,,,,
[2021-091*],, [TIANSHU 1],[China],[2021-10-14],,No,,,[in orbit],,------,Not registered with the United Nations. International Designator pending assignment.,
[2021-091*],, [TIANYUAN 1],[China],[2021-10-14],,No,,,[decayed],[2024-01-23],------,Not registered with the United Nations. International Designator pending assignment.,
2021-091K,,APSCO-Student Small Satellite 2A (SSS-2A) ,China,10/14/2021,,Yes,ST/SG/SER.E/1123,,[decayed],[2024-04-24],On-orbit acquisition of vessel position information. Testing of inter-satellite link communication technology,------,
[2021-091*],, [HEAD 2-F],[China],[2021-10-14],,No,,,[in orbit],,------,Not registered with the United Nations. International Designator pending assignment.,
[2021-091*],, [MD 1],[China],[2021-10-14],,No,,,[in orbit],,------,Not registered with the United Nations. International Designator pending assignment.,
[2021-091*],, [MOTS],[China],[2021-10-14],,No,,,[in orbit],,------,Not registered with the United Nations. International Designator pending assignment.,
[2021-091*],, [SSS 1],[China],[2021-10-14],,No,,,[in orbit],,------,Not registered with the United Nations. International Designator pending assignment.,
[2021-091*],, [QX 1],[China],[2021-10-14],,No,,,[in orbit],,------,Not registered with the United Nations. International Designator pending assignment.,
[2021-091*],, [N2],[China],[2021-10-14],,No,,,[in orbit],,------,Not registered with the United Nations. International Designator pending assignment.,
[2021-091*],, [CHASE (XIHE)],[China],[2021-10-14],,No,,,[in orbit],,------,Not registered with the United Nations. International Designator pending assignment.,
[2021-091*],, [HEAD 2-E],[China],[2021-10-14],,No,,,[in orbit],,------,Not registered with the United Nations. International Designator pending assignment.,
2021-090AD,49306,OWLID000350 (SL0380) [ONEWEB 0380],United Kingdom,10/14/2021,,Yes,ST/SG/SER.E/1026,ST/SG/SER.E/1028,in orbit,,Communications satellite,State of registry notes that given Basic Orbital Parameters are for the intended final orbit which should be achieved by 28 August 2022. Mentioned by the Russian Federation in ST/SG/SER.E/1028.,Link
2021-090W,49299,OWLID000343 (SL0373) [ONEWEB 0373],United Kingdom,10/14/2021,,Yes,ST/SG/SER.E/1026,ST/SG/SER.E/1028,in orbit,,Communications satellite,State of registry notes that given Basic Orbital Parameters are for the intended final orbit which should be achieved by 28 August 2022. Mentioned by the Russian Federation in ST/SG/SER.E/1028.,Link
2021-090X,49300,OWLID000344 (SL0374) [ONEWEB 0374],United Kingdom,10/14/2021,,Yes,ST/SG/SER.E/1026,ST/SG/SER.E/1028,in orbit,,Communications satellite,State of registry notes that given Basic Orbital Parameters are for the intended final orbit which should be achieved by 28 August 2022. Mentioned by the Russian Federation in ST/SG/SER.E/1028.,Link
2021-090P,49292,OWLID000336 (SL0366) [ONEWEB 0366],United Kingdom,10/14/2021,,Yes,ST/SG/SER.E/1026,ST/SG/SER.E/1028,in orbit,,Communications satellite,State of registry notes that given Basic Orbital Parameters are for the intended final orbit which should be achieved by 28 August 2022. Mentioned by the Russian Federation in ST/SG/SER.E/1028.,Link
2021-090R,49294,OWLID000338 (SL0368) [ONEWEB 0368],United Kingdom,10/14/2021,,Yes,ST/SG/SER.E/1026,ST/SG/SER.E/1028,in orbit,,Communications satellite,State of registry notes that given Basic Orbital Parameters are for the intended final orbit which should be achieved by 28 August 2022. Mentioned by the Russian Federation in ST/SG/SER.E/1028.,Link
2021-090T,49296,OWLID000340 (SL0370) [ONEWEB 0370],United Kingdom,10/14/2021,,Yes,ST/SG/SER.E/1026,ST/SG/SER.E/1028,in orbit,,Communications satellite,State of registry notes that given Basic Orbital Parameters are for the intended final orbit which should be achieved by 28 August 2022. Mentioned by the Russian Federation in ST/SG/SER.E/1028.,Link
2021-090V,49298,OWLID000342 (SL0372) [ONEWEB 0372],United Kingdom,10/14/2021,,Yes,ST/SG/SER.E/1026,ST/SG/SER.E/1028,in orbit,,Communications satellite,State of registry notes that given Basic Orbital Parameters are for the intended final orbit which should be achieved by 28 August 2022. Mentioned by the Russian Federation in ST/SG/SER.E/1028.,Link
2021-090Y,49301,OWLID000345 (SL0375) [ONEWEB 0375],United Kingdom,10/14/2021,,Yes,ST/SG/SER.E/1026,ST/SG/SER.E/1028,in orbit,,Communications satellite,State of registry notes that given Basic Orbital Parameters are for the intended final orbit which should be achieved by 28 August 2022. Mentioned by the Russian Federation in ST/SG/SER.E/1028.,Link
2021-090Z,49302,OWLID000346 (SL0376) [ONEWEB 0376],United Kingdom,10/14/2021,,Yes,ST/SG/SER.E/1026,ST/SG/SER.E/1028,in orbit,,Communications satellite,State of registry notes that given Basic Orbital Parameters are for the intended final orbit which should be achieved by 28 August 2022. Mentioned by the Russian Federation in ST/SG/SER.E/1028.,Link
2021-090Q,49293,OWLID000337 (SL0367) [ONEWEB 0367],United Kingdom,10/14/2021,,Yes,ST/SG/SER.E/1026,ST/SG/SER.E/1028,in orbit,,Communications satellite,State of registry notes that given Basic Orbital Parameters are for the intended final orbit which should be achieved by 28 August 2022. Mentioned by the Russian Federation in ST/SG/SER.E/1028.,Link
2021-090B,49280,OWLID000324 (SL0347) [ONEWEB 0347],United Kingdom,10/14/2021,,Yes,ST/SG/SER.E/1026,ST/SG/SER.E/1028,in orbit,,Communications satellite,State of registry notes that given Basic Orbital Parameters are for the intended final orbit which should be achieved by 28 August 2022. Mentioned by the Russian Federation in ST/SG/SER.E/1028.,Link
2021-090A,49279,OWLID000323 (SL0332) [ONEWEB 0332],United Kingdom,10/14/2021,,Yes,ST/SG/SER.E/1026,ST/SG/SER.E/1028,in orbit,,Communications satellite,State of registry notes that given Basic Orbital Parameters are for the intended final orbit which should be achieved by 28 August 2022. Mentioned by the Russian Federation in ST/SG/SER.E/1028.,Link
2021-090H,49286,OWLID000330 (SL0360) [ONEWEB 0360],United Kingdom,10/14/2021,,Yes,ST/SG/SER.E/1026,ST/SG/SER.E/1028,in orbit,,Communications satellite,State of registry notes that given Basic Orbital Parameters are for the intended final orbit which should be achieved by 28 August 2022. Mentioned by the Russian Federation in ST/SG/SER.E/1028.,Link
2021-090J,49287,OWLID000331 (SL0361) [ONEWEB 0361],United Kingdom,10/14/2021,,Yes,ST/SG/SER.E/1026,ST/SG/SER.E/1028,in orbit,,Communications satellite,State of registry notes that given Basic Orbital Parameters are for the intended final orbit which should be achieved by 28 August 2022. Mentioned by the Russian Federation in ST/SG/SER.E/1028.,Link
2021-090L,49289,OWLID000333 (SL0363) [ONEWEB 0363],United Kingdom,10/14/2021,,Yes,ST/SG/SER.E/1026,ST/SG/SER.E/1028,in orbit,,Communications satellite,State of registry notes that given Basic Orbital Parameters are for the intended final orbit which should be achieved by 28 August 2022. Mentioned by the Russian Federation in ST/SG/SER.E/1028.,Link
2021-090G,49285,OWLID000329 (SL0359) [ONEWEB 0359],United Kingdom,10/14/2021,,Yes,ST/SG/SER.E/1026,ST/SG/SER.E/1028,in orbit,,Communications satellite,State of registry notes that given Basic Orbital Parameters are for the intended final orbit which should be achieved by 28 August 2022. Mentioned by the Russian Federation in ST/SG/SER.E/1028.,Link
2021-090K,49288,OWLID000332 (SL0362) [ONEWEB 0362],United Kingdom,10/14/2021,,Yes,ST/SG/SER.E/1026,ST/SG/SER.E/1028,in orbit,,Communications satellite,State of registry notes that given Basic Orbital Parameters are for the intended final orbit which should be achieved by 28 August 2022. Mentioned by the Russian Federation in ST/SG/SER.E/1028.,Link
2021-090D,49282,OWLID000326 (SL0353) [ONEWEB 0353],United Kingdom,10/14/2021,,Yes,ST/SG/SER.E/1026,ST/SG/SER.E/1028,in orbit,,Communications satellite,State of registry notes that given Basic Orbital Parameters are for the intended final orbit which should be achieved by 28 August 2022. Mentioned by the Russian Federation in ST/SG/SER.E/1028.,Link
2021-090E,49283,OWLID000327 (SL0356) [ONEWEB 0356],United Kingdom,10/14/2021,,Yes,ST/SG/SER.E/1026,ST/SG/SER.E/1028,in orbit,,Communications satellite,State of registry notes that given Basic Orbital Parameters are for the intended final orbit which should be achieved by 28 August 2022. Mentioned by the Russian Federation in ST/SG/SER.E/1028.,Link
2021-090F,49284,OWLID000328 (SL0358) [ONEWEB 0358],United Kingdom,10/14/2021,,Yes,ST/SG/SER.E/1026,ST/SG/SER.E/1028,in orbit,,Communications satellite,State of registry notes that given Basic Orbital Parameters are for the intended final orbit which should be achieved by 28 August 2022. Mentioned by the Russian Federation in ST/SG/SER.E/1028.,Link
2021-090C,,OWLID000325 (SL0349) [ONEWEB 0349],United Kingdom,10/14/2021,,Yes,ST/SG/SER.E/1026,ST/SG/SER.E/1028,in orbit,,Communications satellite,State of registry notes that given Basic Orbital Parameters are for the intended final orbit which should be achieved by 28 August 2022. Mentioned by the Russian Federation in ST/SG/SER.E/1028.,Link
2021-090N,49291,OWLID000335 (SL0365) [ONEWEB 0365],United Kingdom,10/14/2021,,Yes,ST/SG/SER.E/1026,ST/SG/SER.E/1028,in orbit,,Communications satellite,State of registry notes that given Basic Orbital Parameters are for the intended final orbit which should be achieved by 28 August 2022. Mentioned by the Russian Federation in ST/SG/SER.E/1028.,Link
2021-090S,49295,OWLID000339 (SL0369) [ONEWEB 0369],United Kingdom,10/14/2021,,Yes,ST/SG/SER.E/1026,ST/SG/SER.E/1028,in orbit,,Communications satellite,State of registry notes that given Basic Orbital Parameters are for the intended final orbit which should be achieved by 28 August 2022. Mentioned by the Russian Federation in ST/SG/SER.E/1028.,Link
2021-090U,49297,OWLID000341 (SL0371) [ONEWEB 0371],United Kingdom,10/14/2021,,Yes,ST/SG/SER.E/1026,ST/SG/SER.E/1028,in orbit,,Communications satellite,State of registry notes that given Basic Orbital Parameters are for the intended final orbit which should be achieved by 28 August 2022. Mentioned by the Russian Federation in ST/SG/SER.E/1028.,Link
2021-090M,49290,OWLID000334 (SL0364) [ONEWEB 0364],United Kingdom,10/14/2021,,Yes,ST/SG/SER.E/1026,ST/SG/SER.E/1028,in orbit,,Communications satellite,State of registry notes that given Basic Orbital Parameters are for the intended final orbit which should be achieved by 28 August 2022. Mentioned by the Russian Federation in ST/SG/SER.E/1028.,Link
2021-090AF,49308,OWLID000352 (SL0382) [ONEWEB 0382],United Kingdom,10/14/2021,,Yes,ST/SG/SER.E/1026,ST/SG/SER.E/1028,in orbit,,Communications satellite,State of registry notes that given Basic Orbital Parameters are for the intended final orbit which should be achieved by 28 August 2022. Mentioned by the Russian Federation in ST/SG/SER.E/1028.,Link
2021-090AG,49309,OWLID000353 (SL0383) [ONEWEB 0383],United Kingdom,10/14/2021,,Yes,ST/SG/SER.E/1026,ST/SG/SER.E/1028,in orbit,,Communications satellite,State of registry notes that given Basic Orbital Parameters are for the intended final orbit which should be achieved by 28 August 2022. Mentioned by the Russian Federation in ST/SG/SER.E/1028.,Link
2021-090AB,49304,OWLID000348 (SL0378) [ONEWEB 0378],United Kingdom,10/14/2021,,Yes,ST/SG/SER.E/1026,ST/SG/SER.E/1028,in orbit,,Communications satellite,State of registry notes that given Basic Orbital Parameters are for the intended final orbit which should be achieved by 28 August 2022. Mentioned by the Russian Federation in ST/SG/SER.E/1028.,Link
2021-090AH,49310,OWLID000354 (SL0384) [ONEWEB 0384],United Kingdom,10/14/2021,,Yes,ST/SG/SER.E/1026,ST/SG/SER.E/1028,in orbit,,Communications satellite,State of registry notes that given Basic Orbital Parameters are for the intended final orbit which should be achieved by 28 August 2022. Mentioned by the Russian Federation in ST/SG/SER.E/1028.,Link
2021-090AJ,49311,OWLID000355 (SL0385) [ONEWEB 0385],United Kingdom,10/14/2021,,Yes,ST/SG/SER.E/1026,ST/SG/SER.E/1028,in orbit,,Communications satellite,State of registry notes that given Basic Orbital Parameters are for the intended final orbit which should be achieved by 28 August 2022. Mentioned by the Russian Federation in ST/SG/SER.E/1028.,Link
2021-090AL,49313,OWLID000357 (SL0387) [ONEWEB 0387],United Kingdom,10/14/2021,,Yes,ST/SG/SER.E/1026,ST/SG/SER.E/1028,in orbit,,Communications satellite,State of registry notes that given Basic Orbital Parameters are for the intended final orbit which should be achieved by 28 August 2022. Mentioned by the Russian Federation in ST/SG/SER.E/1028.,Link
2021-090AA,49303,OWLID000347 (SL0377) [ONEWEB 0377],United Kingdom,10/14/2021,,Yes,ST/SG/SER.E/1026,ST/SG/SER.E/1028,in orbit,,Communications satellite,State of registry notes that given Basic Orbital Parameters are for the intended final orbit which should be achieved by 28 August 2022. Mentioned by the Russian Federation in ST/SG/SER.E/1028.,Link
2021-090AK,49312,OWLID000356 (SL0386) [ONEWEB 0386],United Kingdom,10/14/2021,,Yes,ST/SG/SER.E/1026,ST/SG/SER.E/1028,in orbit,,Communications satellite,State of registry notes that given Basic Orbital Parameters are for the intended final orbit which should be achieved by 28 August 2022. Mentioned by the Russian Federation in ST/SG/SER.E/1028.,Link
2021-090AM,49314,OWLID000358 (SL0388) [ONEWEB 0388],United Kingdom,10/14/2021,,Yes,ST/SG/SER.E/1026,ST/SG/SER.E/1028,in orbit,,Communications satellite,State of registry notes that given Basic Orbital Parameters are for the intended final orbit which should be achieved by 28 August 2022. Mentioned by the Russian Federation in ST/SG/SER.E/1028.,Link
2021-090AB,49304,OWLID000348 (SL0378) [ONEWEB 0378],United Kingdom,10/14/2021,,Yes,ST/SG/SER.E/1026,ST/SG/SER.E/1028,in orbit,,Communications satellite,State of registry notes that given Basic Orbital Parameters are for the intended final orbit which should be achieved by 28 August 2022. Mentioned by the Russian Federation in ST/SG/SER.E/1028.,Link
2021-090AE,49307,OWLID000351 (SL0381) [ONEWEB 0381],United Kingdom,10/14/2021,,Yes,ST/SG/SER.E/1026,ST/SG/SER.E/1028,in orbit,,Communications satellite,State of registry notes that given Basic Orbital Parameters are for the intended final orbit which should be achieved by 28 August 2022. Mentioned by the Russian Federation in ST/SG/SER.E/1028.,Link
1998-067SX,, [SPACE HAUC],[(for USA)],[2021-10-12],,Yes,ST/SG/SER.E/1071,ST/SG/SER.E/1071,decayed,4/22/2022,Spacecraft engaged in practical applications and uses of space technology such as weather or communications,Date of launch is date of deployment from the ISS.,
1998-067SV,,CAPSat ,USA,[2021-10-12],,Yes,ST/SG/SER.E/1031,ST/SG/SER.E/1082,decayed,9/18/2022,Spacecraft engaged in practical applications and uses of space technology such as weather or communications,Date of launch is date of deployment from the ISS.,
[1998-067SW],, [PR CUNAR2],[(for USA)],[2021-10-12],,No,,,[decayed],[2022-08-30],------,Not registered with the United Nations. Date of launch is date of deployment from the ISS.,
1998-067SR,Apr-21,Binar 1 ,Australia,10/6/2021,,Yes,ST/SG/SER.E/1119,ST/SG/SER.E/1119,decayed,9/30/2022,Technical demonstrator of university designed and built hardware and software,Date of launch is date of deployment from the ISS. Date of launch of carrier vehicle also provided by State of registry in ST/SG/SER.E/1119.,
1998-067SU,Jun-21,Cuava 1 ,Australia,10/6/2021,,Yes,ST/SG/SER.E/1119,,decayed,9/2/2022,"Scientific research, technology demonstration, linking with the international radio amateur community, national capacity building",Date of launch is date of deployment from the ISS. Date of launch of carrier vehicle also provided by State of registry in ST/SG/SER.E/1119.,
1998-067SS,,Maya 3 ,Philippines,10/6/2021,,Yes,A/AC.105/INF/451,ST/SG/SER.E/1206,[decayed],8/4/2022,1. Demonstration of ground data acquisition using store-and-forward technology (S & F mission). 2. Commercial off-the-shelf Automatic Packet Reporting System (APRS) digital repeater payload demonstration on a CubeSat (APRS-DP mission). 3. Image and video capture (RGB CAM mission). 4. Global Positioning System (GPS) chip demonstration (GPS mission). 5. Detection of and protection from single-event latch-up due to space radiation (SEL mission). 6. Magnetic field measurement in space using an anisotropic magnetoresistance sensor (AMR-MM mission).,Date of launch is date of deployment from the ISS.,Link
1998-067ST,,Maya 4 ,Philippines,10/6/2021,,Yes,A/AC.105/INF/451,ST/SG/SER.E/1206,[decayed],8/8/2022,1. Demonstration of ground data acquisition using store-and-forward technology (S & F mission). 2. Commercial off-the-shelf Automatic Packet Reporting System (APRS) digital repeater payload demonstration on a CubeSat (APRS-DP mission). 3. Image and video capture (RGB CAM mission). 4. Demonstration of a near-infrared camera (NIR CAM mission). 5. GPS chip demonstration (GPS mission). 6. Detection of and protection from single-event latch-up due to space radiation (SEL mission). 7. Magnetic field measurement in space using an anisotropic magnetoresistance sensor (AMR-MM mission).,Date of launch is date of deployment from the ISS.,Link
[2021-089A],3573-2021-10,Soyuz MS-19 ,Russian Federation,10/5/2021,,Yes,ST/SG/SER.E/1028,,[recovered],[2022-03-30],"Delivery to the International Space Station of the crew of Expedition 66, consisting of Anton Nikolaevich Shkaplerov (Russian Federation), commander of the piloted transport vehicle, and space flight participants Yulia Sergeevna Peresild (Russian Federation) and Klim Alekseevich Shipenko (Russian Federation)",------,
2021-088B,,CS1 ,USA,9/27/2021,,Yes,ST/SG/SER.E/1050,,in orbit,,Spacecraft engaged in practical applications and uses of space technology such as weather or communications,------,
2021-088C,,CS2 ,USA,9/27/2021,,Yes,ST/SG/SER.E/1050,,in orbit,,Spacecraft engaged in practical applications and uses of space technology such as weather or communications,------,
2021-087A,,Shiyan 10 [(SY 10)],China,9/27/2021,,Yes,ST/SG/SER.E/1123,,in GSO,,Test satellite,------,
2021-086A,,Jilin-1 Gaofen 02D ,China,9/27/2021,,Yes,ST/SG/SER.E/1123,,in orbit,,"The mission of Jilin-01 Gaofen 2D is to obtain high spatial resolution colour static images of Earth observation, and provide remote sensing data services for land and resources monitoring, mineral resources development, smart city construction, forestry resources surveys, ecological environment monitoring, public health emergency response, etc.",------,
2021-088D,,CUTE LASP ,USA,9/27/2021,,Yes,ST/SG/SER.E/1031,,in orbit,,Spacecraft engaged in practical applications and uses of space technology such as weather or communications,-----,
2021-088A,,Landsat 9 ,USA,9/27/2021,,Yes,ST/SG/SER.E/1031,,in orbit,,Spacecraft engaged in practical applications and uses of space technology such as weather or communications,------,
2021-088E,,CuPID ,USA,9/27/2021,,Yes,ST/SG/SER.E/1031,,in orbit,,Spacecraft engaged in practical applications and uses of space technology such as weather or communications,------,
2021-085A,,Tianzhou 3 ,China,9/20/2021,,Yes,ST/SG/SER.E/1033,A/AC.105/1262,[deorbited],[2022-07-27],Cargo spacecraft,Notification by China in A/AC.105/1262 of preventive collision avoidance on 1 July 2021 with Starlink-1095 (international designator 2020-001BK) and 21 October 2021 with Starlink-2305 (international designator 2021-024N). Notification by China in A/AC.105/1262 of preventive collision avoidance on 1 July 2021 with Starlink-1095 (international designator 2020-001BK) and 21 October 2021 with Starlink-2305 (international designator 2021-024N). Notification by the United States in ST/SG/SER.E/1265 that the United States Space Command did not estimate a significant probability of collision between the CSS and the referenced US spacecraft.,
,,,,,,,,A/AC.105/1265,,,,,
2021-084A,,Inspiration 4 [(CREW DRAGON RESILIENCE)],USA,9/16/2021,,Yes,ST/SG/SER.E/1031,ST/SG/SER.E/1031,[recovered],9/18/2021,Reusable space transportation systems,------,
2021-082L,,Starlink 3118 ,USA,9/14/2021,,Yes,ST/SG/SER.E/1031,,[deorbited],[2024-10-07],Spacecraft engaged in practical applications and uses of space technology such as weather or communications,------,
2021-083W,49206,OWLID000309 (SL0340) [ONEWEB 0340],United Kingdom,9/14/2021,,Yes,ST/SG/SER.E/1020,ST/SG/SER.E/1025,in orbit,,Communications satellite,State of registry notes that given Basic Orbital Parameters are for the intended final orbit which should be achieved by 22 July 2022. Mentioned by the Russian Federation in ST/SG/SER.E/1025.,Link
2021-083AH,49217,OWLID000320 (SL0354) [ONEWEB 0354],United Kingdom,9/14/2021,,Yes,ST/SG/SER.E/1020,,in orbit,,Communications satellite,State of registry notes that given Basic Orbital Parameters are for the intended final orbit which should be achieved by 22 July 2022. Mentioned by the Russian Federation in ST/SG/SER.E/1025.,Link
2021-083AJ,49218,OWLID000321 (SL0355) [ONEWEB 0355],United Kingdom,9/14/2021,,Yes,ST/SG/SER.E/1020,,in orbit,,Communications satellite,State of registry notes that given Basic Orbital Parameters are for the intended final orbit which should be achieved by 22 July 2022. Mentioned by the Russian Federation in ST/SG/SER.E/1025.,Link
2021-083AJ,49219,OWLID000322 (SL0357) [ONEWEB 0357],United Kingdom,9/14/2021,,Yes,ST/SG/SER.E/1020,,in orbit,,Communications satellite,State of registry notes that given Basic Orbital Parameters are for the intended final orbit which should be achieved by 22 July 2022. Mentioned by the Russian Federation in ST/SG/SER.E/1025.,Link
2021-083F,49191,OWLID000294 (SL0321) [ONEWEB 0321],United Kingdom,9/14/2021,,Yes,ST/SG/SER.E/1020,ST/SG/SER.E/1025,in orbit,,Communications satellite,State of registry notes that given Basic Orbital Parameters are for the intended final orbit which should be achieved by 22 July 2022. Mentioned by the Russian Federation in ST/SG/SER.E/1025.,Link
2021-083E,49190,OWLID000293 (SL0320) [ONEWEB 0320],United Kingdom,9/14/2021,,Yes,ST/SG/SER.E/1020,ST/SG/SER.E/1025,in orbit,,Communications satellite,State of registry notes that given Basic Orbital Parameters are for the intended final orbit which should be achieved by 22 July 2022. Mentioned by the Russian Federation in ST/SG/SER.E/1025.,Link
2021-083L,49196,OWLID000299 (SL0327) [ONEWEB 0327],United Kingdom,9/14/2021,,Yes,ST/SG/SER.E/1020,ST/SG/SER.E/1025,in orbit,,Communications satellite,State of registry notes that given Basic Orbital Parameters are for the intended final orbit which should be achieved by 22 July 2022. Mentioned by the Russian Federation in ST/SG/SER.E/1025.,Link
2021-083C,49188,OWLID000291 (SL0306) [ONEWEB 0306],United Kingdom,9/14/2021,,Yes,ST/SG/SER.E/1020,ST/SG/SER.E/1025,in orbit,,Communications satellite,State of registry notes that given Basic Orbital Parameters are for the intended final orbit which should be achieved by 22 July 2022. Mentioned by the Russian Federation in ST/SG/SER.E/1025.,Link
2021-083G,49192,OWLID000295 (SL0322) [ONEWEB 0322],United Kingdom,9/14/2021,,Yes,ST/SG/SER.E/1020,ST/SG/SER.E/1025,in orbit,,Communications satellite,State of registry notes that given Basic Orbital Parameters are for the intended final orbit which should be achieved by 22 July 2022. Mentioned by the Russian Federation in ST/SG/SER.E/1025.,Link
2021-083K,49195,OWLID000298 (SL0326) [ONEWEB 0326],United Kingdom,9/14/2021,,Yes,ST/SG/SER.E/1020,ST/SG/SER.E/1025,in orbit,,Communications satellite,State of registry notes that given Basic Orbital Parameters are for the intended final orbit which should be achieved by 22 July 2022. Mentioned by the Russian Federation in ST/SG/SER.E/1025.,Link
2021-083J,49194,OWLID000297 (SL0325) [ONEWEB 0325],United Kingdom,9/14/2021,,Yes,ST/SG/SER.E/1020,ST/SG/SER.E/1025,in orbit,,Communications satellite,State of registry notes that given Basic Orbital Parameters are for the intended final orbit which should be achieved by 22 July 2022. Mentioned by the Russian Federation in ST/SG/SER.E/1025.,Link
2021-083H,49193,OWLID000296 (SL0324) [ONEWEB 0324],United Kingdom,9/14/2021,,Yes,ST/SG/SER.E/1020,ST/SG/SER.E/1025,in orbit,,Communications satellite,State of registry notes that given Basic Orbital Parameters are for the intended final orbit which should be achieved by 22 July 2022. Mentioned by the Russian Federation in ST/SG/SER.E/1025.,Link
2021-083D,49189,OWLID000292 (SL0307) [ONEWEB 0307],United Kingdom,9/14/2021,,Yes,ST/SG/SER.E/1020,ST/SG/SER.E/1025,in orbit,,Communications satellite,State of registry notes that given Basic Orbital Parameters are for the intended final orbit which should be achieved by 22 July 2022. Mentioned by the Russian Federation in ST/SG/SER.E/1025.,Link
2021-083A,49186,OWLID000289 (SL0292) [ONEWEB 0292],United Kingdom,9/14/2021,,Yes,ST/SG/SER.E/1020,ST/SG/SER.E/1025,in orbit,,Communications satellite,State of registry notes that given Basic Orbital Parameters are for the intended final orbit which should be achieved by 22 July 2022. Mentioned by the Russian Federation in ST/SG/SER.E/1025.,Link
2021-083P,49199,OWLID000302 (SL0333) [ONEWEB 0333],United Kingdom,9/14/2021,,Yes,ST/SG/SER.E/1020,ST/SG/SER.E/1025,in orbit,,Communications satellite,State of registry notes that given Basic Orbital Parameters are for the intended final orbit which should be achieved by 22 July 2022. Mentioned by the Russian Federation in ST/SG/SER.E/1025.,Link
2021-083Q,49200,OWLID000303 (SL0334) [ONEWEB 0334],United Kingdom,9/14/2021,,Yes,ST/SG/SER.E/1020,ST/SG/SER.E/1025,in orbit,,Communications satellite,State of registry notes that given Basic Orbital Parameters are for the intended final orbit which should be achieved by 22 July 2022. Mentioned by the Russian Federation in ST/SG/SER.E/1025.,Link
2021-083R,49201,OWLID000304 (SL0335) [ONEWEB 0335],United Kingdom,9/14/2021,,Yes,ST/SG/SER.E/1020,ST/SG/SER.E/1025,in orbit,,Communications satellite,State of registry notes that given Basic Orbital Parameters are for the intended final orbit which should be achieved by 22 July 2022. Mentioned by the Russian Federation in ST/SG/SER.E/1025.,Link
2021-083V,49205,OWLID000308 (SL0339) [ONEWEB 0339],United Kingdom,9/14/2021,,Yes,ST/SG/SER.E/1020,ST/SG/SER.E/1025,in orbit,,Communications satellite,State of registry notes that given Basic Orbital Parameters are for the intended final orbit which should be achieved by 22 July 2022. Mentioned by the Russian Federation in ST/SG/SER.E/1025.,Link
2021-083N,49198,OWLID000301 (SL0331) [ONEWEB 0331],United Kingdom,9/14/2021,,Yes,ST/SG/SER.E/1020,ST/SG/SER.E/1025,in orbit,,Communications satellite,State of registry notes that given Basic Orbital Parameters are for the intended final orbit which should be achieved by 22 July 2022. Mentioned by the Russian Federation in ST/SG/SER.E/1025.,Link
2021-083M,49197,OWLID000300 (SL0328) [ONEWEB 0328],United Kingdom,9/14/2021,,Yes,ST/SG/SER.E/1020,ST/SG/SER.E/1025,in orbit,,Communications satellite,State of registry notes that given Basic Orbital Parameters are for the intended final orbit which should be achieved by 22 July 2022. Mentioned by the Russian Federation in ST/SG/SER.E/1025.,Link
2021-083T,49203,OWLID000305 (SL0336) [ONEWEB 0337],United Kingdom,9/14/2021,,Yes,ST/SG/SER.E/1020,ST/SG/SER.E/1025,in orbit,,Communications satellite,State of registry notes that given Basic Orbital Parameters are for the intended final orbit which should be achieved by 22 July 2022. Mentioned by the Russian Federation in ST/SG/SER.E/1025.,Link
2021-083S,49202,OWLID000305 (SL0336) [ONEWEB 0336],United Kingdom,9/14/2021,,Yes,ST/SG/SER.E/1020,ST/SG/SER.E/1025,in orbit,,Communications satellite,State of registry notes that given Basic Orbital Parameters are for the intended final orbit which should be achieved by 22 July 2022. Mentioned by the Russian Federation in ST/SG/SER.E/1025.,Link
2021-083B,49187,OWLID000290 (SL0303) [ONEWEB 0303],United Kingdom,9/14/2021,,Yes,ST/SG/SER.E/1020,ST/SG/SER.E/1025,in orbit,,Communications satellite,State of registry notes that given Basic Orbital Parameters are for the intended final orbit which should be achieved by 22 July 2022. Mentioned by the Russian Federation in ST/SG/SER.E/1025.,Link
2021-083X,49207,OWLID000310 (SL0341) [ONEWEB 0341],United Kingdom,9/14/2021,,Yes,ST/SG/SER.E/1020,,in orbit,,Communications satellite,State of registry notes that given Basic Orbital Parameters are for the intended final orbit which should be achieved by 22 July 2022. Mentioned by the Russian Federation in ST/SG/SER.E/1025.,Link
2021-083U,49204,OWLID000307 (SL0338) [ONEWEB 0338],United Kingdom,9/14/2021,,Yes,ST/SG/SER.E/1020,ST/SG/SER.E/1025,in orbit,,Communications satellite,State of registry notes that given Basic Orbital Parameters are for the intended final orbit which should be achieved by 22 July 2022. Mentioned by the Russian Federation in ST/SG/SER.E/1025.,Link
2021-083AD,49213,OWLID000316 (SL0348) [ONEWEB 0348],United Kingdom,9/14/2021,,Yes,ST/SG/SER.E/1020,,in orbit,,Communications satellite,State of registry notes that given Basic Orbital Parameters are for the intended final orbit which should be achieved by 22 July 2022. Mentioned by the Russian Federation in ST/SG/SER.E/1025.,Link
2021-083AA,49210,OWLID000313 (SL0344) [ONEWEB 0344],United Kingdom,9/14/2021,,Yes,ST/SG/SER.E/1020,,in orbit,,Communications satellite,State of registry notes that given Basic Orbital Parameters are for the intended final orbit which should be achieved by 22 July 2022. Mentioned by the Russian Federation in ST/SG/SER.E/1025.,Link
2021-083AC,49212,OWLID000315 (SL0346) [ONEWEB 0346],United Kingdom,9/14/2021,,Yes,ST/SG/SER.E/1020,,in orbit,,Communications satellite,State of registry notes that given Basic Orbital Parameters are for the intended final orbit which should be achieved by 22 July 2022. Mentioned by the Russian Federation in ST/SG/SER.E/1025.,Link
2021-083AB,49211,OWLID000314 (SL0345) [ONEWEB 0345],United Kingdom,9/14/2021,,Yes,ST/SG/SER.E/1020,,in orbit,,Communications satellite,State of registry notes that given Basic Orbital Parameters are for the intended final orbit which should be achieved by 22 July 2022. Mentioned by the Russian Federation in ST/SG/SER.E/1025.,Link
2021-083AE,49214,OWLID000317 (SL0350) [ONEWEB 0350],United Kingdom,9/14/2021,,Yes,ST/SG/SER.E/1020,,in orbit,,Communications satellite,State of registry notes that given Basic Orbital Parameters are for the intended final orbit which should be achieved by 22 July 2022. Mentioned by the Russian Federation in ST/SG/SER.E/1025.,Link
2021-083AF,49215,OWLID000318 (SL0351) [ONEWEB 0351],United Kingdom,9/14/2021,,Yes,ST/SG/SER.E/1020,,in orbit,,Communications satellite,State of registry notes that given Basic Orbital Parameters are for the intended final orbit which should be achieved by 22 July 2022. Mentioned by the Russian Federation in ST/SG/SER.E/1025.,Link
2021-083AG,49216,OWLID000319 (SL0352) [ONEWEB 0352],United Kingdom,9/14/2021,,Yes,ST/SG/SER.E/1020,,in orbit,,Communications satellite,State of registry notes that given Basic Orbital Parameters are for the intended final orbit which should be achieved by 22 July 2022. Mentioned by the Russian Federation in ST/SG/SER.E/1025.,Link
2021-083Z,49209,OWLID000312 (SL0343) [ONEWEB 0343],United Kingdom,9/14/2021,,Yes,ST/SG/SER.E/1020,,in orbit,,Communications satellite,State of registry notes that given Basic Orbital Parameters are for the intended final orbit which should be achieved by 22 July 2022. Mentioned by the Russian Federation in ST/SG/SER.E/1025.,Link
2021-083Y,49208,OWLID000311 (SL0342) [ONEWEB 0342],United Kingdom,9/14/2021,,Yes,ST/SG/SER.E/1020,,in orbit,,Communications satellite,State of registry notes that given Basic Orbital Parameters are for the intended final orbit which should be achieved by 22 July 2022. Mentioned by the Russian Federation in ST/SG/SER.E/1025.,Link
2021-082B,,Starlink 3096 ,USA,9/14/2021,,Yes,ST/SG/SER.E/1031,,in orbit,,Spacecraft engaged in practical applications and uses of space technology such as weather or communications,------,
2021-082C,,Starlink 3090 ,USA,9/14/2021,,Yes,ST/SG/SER.E/1031,,in orbit,,Spacecraft engaged in practical applications and uses of space technology such as weather or communications,------,
2021-082E,,Starlink 3078 ,USA,9/14/2021,,Yes,ST/SG/SER.E/1031,,in orbit,,Spacecraft engaged in practical applications and uses of space technology such as weather or communications,------,
2021-082H,,Starlink 3055 ,USA,9/14/2021,,Yes,ST/SG/SER.E/1031,,in orbit,,Spacecraft engaged in practical applications and uses of space technology such as weather or communications,------,
2021-082G,,Starlink 3084 ,USA,9/14/2021,,Yes,ST/SG/SER.E/1031,,in orbit,,Spacecraft engaged in practical applications and uses of space technology such as weather or communications,------,
2021-082F,,Starlink-3073 ,USA,9/14/2021,,Yes,ST/SG/SER.E/1031,,in orbit,,Spacecraft engaged in practical applications and uses of space technology such as weather or communications,------,
2021-082D,,Starlink 3077 ,USA,9/14/2021,,Yes,ST/SG/SER.E/1031,,in orbit,,Spacecraft engaged in practical applications and uses of space technology such as weather or communications,------,
2021-082M,,Starlink 3093 ,USA,9/14/2021,,Yes,ST/SG/SER.E/1031,,in orbit,,Spacecraft engaged in practical applications and uses of space technology such as weather or communications,------,
2021-082J,,Starlink 3058 ,USA,9/14/2021,,Yes,ST/SG/SER.E/1031,,in orbit,,Spacecraft engaged in practical applications and uses of space technology such as weather or communications,------,
2021-082Q,,Starlink 3100 ,USA,9/14/2021,,Yes,ST/SG/SER.E/1031,,in orbit,,Spacecraft engaged in practical applications and uses of space technology such as weather or communications,------,
2021-082R,,Starlink 3119 ,USA,9/14/2021,,Yes,ST/SG/SER.E/1031,,in orbit,,Spacecraft engaged in practical applications and uses of space technology such as weather or communications,------,
2021-082K,,Starlink 3057 ,USA,9/14/2021,,Yes,ST/SG/SER.E/1031,,in orbit,,Spacecraft engaged in practical applications and uses of space technology such as weather or communications,------,
2021-082P,,Starlink 3109 ,USA,9/14/2021,,Yes,ST/SG/SER.E/1031,,in orbit,,Spacecraft engaged in practical applications and uses of space technology such as weather or communications,------,
2021-082S,,Starlink 3116 ,USA,9/14/2021,,Yes,ST/SG/SER.E/1031,,in orbit,,Spacecraft engaged in practical applications and uses of space technology such as weather or communications,------,
2021-082AA,,Starlink 3068 ,USA,9/14/2021,,Yes,ST/SG/SER.E/1031,,in orbit,,Spacecraft engaged in practical applications and uses of space technology such as weather or communications,------,
2021-082X,,Starlink 3102 ,USA,9/14/2021,,Yes,ST/SG/SER.E/1031,,in orbit,,Spacecraft engaged in practical applications and uses of space technology such as weather or communications,------,
2021-082Z,,Starlink 3072 ,USA,9/14/2021,,Yes,ST/SG/SER.E/1031,,in orbit,,Spacecraft engaged in practical applications and uses of space technology such as weather or communications,------,
2021-082T,,Starlink 3071 ,USA,9/14/2021,,Yes,ST/SG/SER.E/1031,,in orbit,,Spacecraft engaged in practical applications and uses of space technology such as weather or communications,------,
2021-082AB,,Starlink 3060 ,USA,9/14/2021,,Yes,ST/SG/SER.E/1031,,in orbit,,Spacecraft engaged in practical applications and uses of space technology such as weather or communications,------,
2021-082AE,,Starlink 3083 ,USA,9/14/2021,,Yes,ST/SG/SER.E/1031,,in orbit,,Spacecraft engaged in practical applications and uses of space technology such as weather or communications,------,
2021-082AF,,Starlink 3056 ,USA,9/14/2021,,Yes,ST/SG/SER.E/1031,,in orbit,,Spacecraft engaged in practical applications and uses of space technology such as weather or communications,------,
2021-082AC,,Starlink 3085 ,USA,9/14/2021,,Yes,ST/SG/SER.E/1031,,in orbit,,Spacecraft engaged in practical applications and uses of space technology such as weather or communications,------,
2021-082AD,,Starlink 3051 ,USA,9/14/2021,,Yes,ST/SG/SER.E/1031,,in orbit,,Spacecraft engaged in practical applications and uses of space technology such as weather or communications,------,
2021-082AG,,Starlink 3095 ,USA,9/14/2021,,Yes,ST/SG/SER.E/1031,,in orbit,,Spacecraft engaged in practical applications and uses of space technology such as weather or communications,------,
2021-082AH,,Starlink 3080 ,USA,9/14/2021,,Yes,ST/SG/SER.E/1031,,in orbit,,Spacecraft engaged in practical applications and uses of space technology such as weather or communications,------,
2021-082AZ,,Starlink 3103 ,USA,9/14/2021,,Yes,ST/SG/SER.E/1031,,in orbit,,Spacecraft engaged in practical applications and uses of space technology such as weather or communications,------,
2021-082AK,,Starlink 3088 ,USA,9/14/2021,,Yes,ST/SG/SER.E/1031,,in orbit,,Spacecraft engaged in practical applications and uses of space technology such as weather or communications,------,
2021-082AV,,Starlink 3045 ,USA,9/14/2021,,Yes,ST/SG/SER.E/1031,,in orbit,,Spacecraft engaged in practical applications and uses of space technology such as weather or communications,------,
2021-082BB,,Starlink 3043 ,USA,9/14/2021,,Yes,ST/SG/SER.E/1031,,in orbit,,Spacecraft engaged in practical applications and uses of space technology such as weather or communications,------,
2021-082AX,,Starlink 3087 ,USA,9/14/2021,,Yes,ST/SG/SER.E/1031,,in orbit,,Spacecraft engaged in practical applications and uses of space technology such as weather or communications,------,
2021-082AW,,Starlink 3047 ,USA,9/14/2021,,Yes,ST/SG/SER.E/1031,,in orbit,,Spacecraft engaged in practical applications and uses of space technology such as weather or communications,------,
2021-082BA,,Starlink 3086 ,USA,9/14/2021,,Yes,ST/SG/SER.E/1031,,in orbit,,Spacecraft engaged in practical applications and uses of space technology such as weather or communications,------,
2021-082AY,,Starlink 3069 ,USA,9/14/2021,,Yes,ST/SG/SER.E/1031,,in orbit,,Spacecraft engaged in practical applications and uses of space technology such as weather or communications,------,
2021-082AP,,Starlink 3054 ,USA,9/14/2021,,Yes,ST/SG/SER.E/1031,,in orbit,,Spacecraft engaged in practical applications and uses of space technology such as weather or communications,------,
2021-082AT,,Starlink 3107 ,USA,9/14/2021,,Yes,ST/SG/SER.E/1031,,in orbit,,Spacecraft engaged in practical applications and uses of space technology such as weather or communications,------,
2021-082AM,,Starlink 3052 ,USA,9/14/2021,,Yes,ST/SG/SER.E/1031,,in orbit,,Spacecraft engaged in practical applications and uses of space technology such as weather or communications,------,
2021-082AN,,Starlink 3089 ,USA,9/14/2021,,Yes,ST/SG/SER.E/1031,,in orbit,,Spacecraft engaged in practical applications and uses of space technology such as weather or communications,------,
2021-082AL,,Starlink 3106 ,USA,9/14/2021,,Yes,ST/SG/SER.E/1031,,in orbit,,Spacecraft engaged in practical applications and uses of space technology such as weather or communications,------,
2021-082AR,,Starlink 3046 ,USA,9/14/2021,,Yes,ST/SG/SER.E/1031,,in orbit,,Spacecraft engaged in practical applications and uses of space technology such as weather or communications,------,
2021-082U,,Starlink 3048 ,USA,9/14/2021,,Yes,ST/SG/SER.E/1031,,in orbit,,Spacecraft engaged in practical applications and uses of space technology such as weather or communications,------,
2021-082BC,,Starlink 3050 ,USA,9/14/2021,,Yes,ST/SG/SER.E/1031,,in orbit,,Spacecraft engaged in practical applications and uses of space technology such as weather or communications,------,
2021-082BD,,Starlink-3059 ,USA,9/14/2021,,Yes,ST/SG/SER.E/1031,,in orbit,,Spacecraft engaged in practical applications and uses of space technology such as weather or communications,------,
2021-082AJ,,Starlink 3082 ,USA,9/14/2021,,Yes,ST/SG/SER.E/1031,ST/SG/SER.E/1242,[deorbited],11/7/2024,Spacecraft engaged in practical applications and uses of space technology such as weather or communications,------,
2021-082AS,,Starlink 3074 ,USA,9/14/2021,,Yes,ST/SG/SER.E/1031,ST/SG/SER.E/1249,[deorbited],12/18/2024,Spacecraft engaged in practical applications and uses of space technology such as weather or communications,------,
2021-082AU,,Starlink 3091 ,USA,9/14/2021,,Yes,ST/SG/SER.E/1031,ST/SG/SER.E/1302,[deorbited],5/27/2025,Spacecraft engaged in practical applications and uses of space technology such as weather or communications,------,
2021-082N,,Starlink-3042 ,USA,9/14/2021,,Yes,ST/SG/SER.E/1031,ST/SG/SER.E/1302,[deorbited],5/21/2025,Spacecraft engaged in practical applications and uses of space technology such as weather or communications,------,
2021-082AQ,,Starlink 3101 ,USA,9/14/2021,,Yes,ST/SG/SER.E/1031,ST/SG/SER.E/1290,[deorbited],4/14/2025,Spacecraft engaged in practical applications and uses of space technology such as weather or communications,------,
2021-082Y,,Starlink 3081 ,USA,9/14/2021,,Yes,ST/SG/SER.E/1031,ST/SG/SER.E/1290,[deorbited],4/15/2025,Spacecraft engaged in practical applications and uses of space technology such as weather or communications,------,
2021-082V,,Starlink 3053 ,USA,9/14/2021,,Yes,ST/SG/SER.E/1031,ST/SG/SER.E/1290,[deorbited],4/10/2025,Spacecraft engaged in practical applications and uses of space technology such as weather or communications,------,
2021-082W,,Starlink 3104 ,USA,9/14/2021,,Yes,ST/SG/SER.E/1031,ST/SG/SER.E/1290,[deorbited],4/19/2025,Spacecraft engaged in practical applications and uses of space technology such as weather or communications,------,
2021-023J,01/2021-B,M2B ,Australia,[2021-09-10],,Yes,ST/SG/SER.E/1119,ST/SG/SER.E/1040,[decayed],[2025-04-01],"Support testing of systems designed by the University of New South Wales, including decoupling, artificial intelligence and space situational awareness capabilities.",Date of launch is date of separation from M2A (2021-023C). Mentioned by New Zealand in ST/SG/SER.E/1040.,
2021-080A,,ChinaSat 9B [(ZHONGXING 9B)],China,9/9/2021,,Yes,ST/SG/SER.E/1123,,in GSO,,Communications,------,
[2021-081A],3572-2021-009,Cosmos 2551 ,Russian Federation,9/9/2021,,Yes,ST/SG/SER.E/1025,ST/SG/SER.E/1028,decayed,10/20/2021,Intended for assignments on behalf of the Ministry of Defence of the Russian Federation,------,
2021-079A,,Hyperspectral Observation Satellite (GF-5B) [(GAOFEN 5-02)],China,9/7/2021,,Yes,ST/SG/SER.E/1123,,in orbit,,"Monitoring of pollutant gases, greenhouse gases and regional ambient air quality, monitoring of water environment and ecological environment, climate change research, geological and mineral resources mapping, agricultural surveys, forestry inventory, emergency management, etc.",------,
2021-078A,,Dragon CRS-23 ,USA,8/29/2021,,Yes,ST/SG/SER.E/1031,ST/SG/SER.E/1031,[recovered],10/1/2021,Reusable space transportation systems,------,
2021-022AQ,,ELSA D CLIENT ,Japan,8/25/2021,,Yes,ST/SG/SER.E/1073,ST/SG/SER.E/1011,in orbit,,"The End-of-Life Services by Astroscale (ELSA) programme is a spacecraft retrieval service for satellite operators. ELSA-d (a demonstration mission) is the first mission to demonstrate the core technologies necessary for debris docking and removal ELSA-d consists of two spacecraft: a servicer satellite (mass of approximately 175 kg) and a client satellite (mass of approximately 17 kg), launched together in a stack. The servicer satellite has been developed to safely remove debris objects from orbit and is equipped with proximity rendezvous technologies and a magnetic docking mechanism. The client satellite is a piece of replica debris fitted with a ferromagnetic plate that enables the docking The servicer will repeatedly release and dock with the client in a series of technical demonstrations, proving the capability to find and dock with defunct satellites and other debris. Demonstrations include client search, inspection and rendezvous, and both non-tumbling and tumbling docking manoeuvres",State of registry notes in ST/SG/SER.E/1011 that "The client satellite will be registered as a new space object after it is released from a servicer The ELSA-d servicer satellite and the ELSA-d client satellite are separately licensed for their mission operations under the Outer Space Act 1986 of the United Kingdom of Great Britain and Northern Ireland and are controlled in the United Kingdom in accordance with the provisions of the Act". State of registry notes in ST/SG/SER.E/1240 that "the operation team for the ELSA-d client satellite stopped tracking the spacecraft at 2022-12-15 00:00L00 UTC as they were unable to communicate with it since 2022-06-23." Mentioned by the Russian Federation in ST/SG/SER.E/992.,Link
,,,,,,,,ST/SG/SER.E/1240,,,,,
,,,,,,,,ST/SG/SER.E/992,,,,,
2021-077A,,Communications Technology Test Satellite 7 (TJS-7) [TJS 7],China,8/24/2021,,Yes,ST/SG/SER.E/1123,,in orbit,,Communications satellite,------,
2021-076C,,Integration Test Satellite 02 (RSW02) [RSW 02],China,8/24/2021,,Yes,ST/SG/SER.E/1123,,in orbit,,Satellite communications,------,
2021-076A,,Integration Test Satellite 01 (RSW01) [(RSW 01)],China,8/24/2021,,Yes,ST/SG/SER.E/1123,,in orbit,,Satellite communications,------,
2021-076B,,Communications Technology Satellite (PAYLOAD B) ,China,8/24/2021,,Yes,ST/SG/SER.E/1123,,in orbit,,Satellite communications,------,
2021-075X,49096,OWLID000276 (SL0310) [ONEWEB 0310],United Kingdom,8/21/2021,,Yes,ST/SG/SER.E/1020,ST/SG/SER.E/1021,in orbit,,Communications satellite,State of registry notes that given Basic Orbital Parameters are for the intended final orbit which should be achieved by 19 June 2022. Mentioned by the Russian Federation in ST/SG/SER.E/1021.,Link
2021-075Z,49098,OWLID000278 (SL0312) [ONEWEB 0312],United Kingdom,8/21/2021,,Yes,ST/SG/SER.E/1020,ST/SG/SER.E/1021,in orbit,,Communications satellite,State of registry notes that given Basic Orbital Parameters are for the intended final orbit which should be achieved by 19 June 2022. Mentioned by the Russian Federation in ST/SG/SER.E/1021.,Link
2021-075W,49095,OWLID000275 (SL0309) [ONEWEB 0309],United Kingdom,8/21/2021,,Yes,ST/SG/SER.E/1020,ST/SG/SER.E/1021,in orbit,,Communications satellite,State of registry notes that given Basic Orbital Parameters are for the intended final orbit which should be achieved by 19 June 2022. Mentioned by the Russian Federation in ST/SG/SER.E/1021.,Link
2021-075S,49091,OWLID000271 (SL0302) [ONEWEB 0302],United Kingdom,8/21/2021,,Yes,ST/SG/SER.E/1020,ST/SG/SER.E/1021,in orbit,,Communications satellite,State of registry notes that given Basic Orbital Parameters are for the intended final orbit which should be achieved by 19 June 2022. Mentioned by the Russian Federation in ST/SG/SER.E/1021.,Link
2021-075U,49093,OWLID000273 (SL0305) [ONEWEB 0305],United Kingdom,8/21/2021,,Yes,ST/SG/SER.E/1020,ST/SG/SER.E/1021,in orbit,,Communications satellite,State of registry notes that given Basic Orbital Parameters are for the intended final orbit which should be achieved by 19 June 2022. Mentioned by the Russian Federation in ST/SG/SER.E/1021.,Link
2021-075Y,49097,OWLID000277 (SL0311) [ONEWEB 0311],United Kingdom,8/21/2021,,Yes,ST/SG/SER.E/1020,ST/SG/SER.E/1021,in orbit,,Communications satellite,State of registry notes that given Basic Orbital Parameters are for the intended final orbit which should be achieved by 19 June 2022. Mentioned by the Russian Federation in ST/SG/SER.E/1021.,Link
2021-075R,49090,OWLID000270 (SL0301) [ONEWEB 0301],United Kingdom,8/21/2021,,Yes,ST/SG/SER.E/1020,ST/SG/SER.E/1021,in orbit,,Communications satellite,State of registry notes that given Basic Orbital Parameters are for the intended final orbit which should be achieved by 19 June 2022. Mentioned by the Russian Federation in ST/SG/SER.E/1021.,Link
2021-075T,49092,OWLID000272 (SL0304) [ONEWEB 0304],United Kingdom,8/21/2021,,Yes,ST/SG/SER.E/1020,ST/SG/SER.E/1021,in orbit,,Communications satellite,State of registry notes that given Basic Orbital Parameters are for the intended final orbit which should be achieved by 19 June 2022. Mentioned by the Russian Federation in ST/SG/SER.E/1021.,Link
2021-075V,49094,OWLID000274 (SL0308) [ONEWEB 0308],United Kingdom,8/21/2021,,Yes,ST/SG/SER.E/1020,ST/SG/SER.E/1021,in orbit,,Communications satellite,State of registry notes that given Basic Orbital Parameters are for the intended final orbit which should be achieved by 19 June 2022. Mentioned by the Russian Federation in ST/SG/SER.E/1021.,Link
2021-075E,49079,OWLID000259 (SL0289) [ONEWEB 0289],United Kingdom,8/21/2021,,Yes,ST/SG/SER.E/1020,ST/SG/SER.E/1021,in orbit,,Communications satellite,State of registry notes that given Basic Orbital Parameters are for the intended final orbit which should be achieved by 19 June 2022. Mentioned by the Russian Federation in ST/SG/SER.E/1021.,Link
2021-075F,49080,OWLID000260 (SL0290) [ONEWEB 0290],United Kingdom,8/21/2021,,Yes,ST/SG/SER.E/1020,ST/SG/SER.E/1021,in orbit,,Communications satellite,State of registry notes that given Basic Orbital Parameters are for the intended final orbit which should be achieved by 19 June 2022. Mentioned by the Russian Federation in ST/SG/SER.E/1021.,Link
2021-075C,49077,OWLID000257 (SL0287) [ONEWEB 0287],United Kingdom,8/21/2021,,Yes,ST/SG/SER.E/1020,ST/SG/SER.E/1021,in orbit,,Communications satellite,State of registry notes that given Basic Orbital Parameters are for the intended final orbit which should be achieved by 19 June 2022. Mentioned by the Russian Federation in ST/SG/SER.E/1021.,Link
2021-075D,49078,OWLID000258 (SL0288) [ONEWEB 0288],United Kingdom,8/21/2021,,Yes,ST/SG/SER.E/1020,ST/SG/SER.E/1021,in orbit,,Communications satellite,State of registry notes that given Basic Orbital Parameters are for the intended final orbit which should be achieved by 19 June 2022. Mentioned by the Russian Federation in ST/SG/SER.E/1021.,Link
2021-075B,49076,OWLID000256 (SL0286) [ONEWEB 0286],United Kingdom,8/21/2021,,Yes,ST/SG/SER.E/1020,ST/SG/SER.E/1021,in orbit,,Communications satellite,State of registry notes that given Basic Orbital Parameters are for the intended final orbit which should be achieved by 19 June 2022. Mentioned by the Russian Federation in ST/SG/SER.E/1021.,Link
2021-075A,,OWLID000255 (SL0285) [ONEWEB 0285],United Kingdom,8/21/2021,,Yes,ST/SG/SER.E/1020,ST/SG/SER.E/1021,in orbit,,Communications satellite,State of registry notes that given Basic Orbital Parameters are for the intended final orbit which should be achieved by 19 June 2022. Mentioned by the Russian Federation in ST/SG/SER.E/1021.,Link
2021-075AK,49108,OWLID000288 (SL0330) [ONEWEB 0330],United Kingdom,8/21/2021,,Yes,ST/SG/SER.E/1020,ST/SG/SER.E/1021,in orbit,,Communications satellite,State of registry notes that given Basic Orbital Parameters are for the intended final orbit which should be achieved by 19 June 2022. Mentioned by the Russian Federation in ST/SG/SER.E/1021.,Link
2021-075AD,49102,OWLID000282 (SL0316) [ONEWEB 0316],United Kingdom,8/21/2021,,Yes,ST/SG/SER.E/1020,ST/SG/SER.E/1021,in orbit,,Communications satellite,State of registry notes that given Basic Orbital Parameters are for the intended final orbit which should be achieved by 19 June 2022. Mentioned by the Russian Federation in ST/SG/SER.E/1021.,Link
2021-075AA,49099,OWLID000279 (SL0313) [ONEWEB 0313],United Kingdom,8/21/2021,,Yes,ST/SG/SER.E/1020,ST/SG/SER.E/1021,in orbit,,Communications satellite,State of registry notes that given Basic Orbital Parameters are for the intended final orbit which should be achieved by 19 June 2022. Mentioned by the Russian Federation in ST/SG/SER.E/1021.,Link
2021-075AH,49106,OWLID000286 (SL0323) [ONEWEB 0323],United Kingdom,8/21/2021,,Yes,ST/SG/SER.E/1020,ST/SG/SER.E/1021,in orbit,,Communications satellite,State of registry notes that given Basic Orbital Parameters are for the intended final orbit which should be achieved by 19 June 2022. Mentioned by the Russian Federation in ST/SG/SER.E/1021.,Link
2021-075AG,49105,OWLID000285 (SL0319) [ONEWEB 0319],United Kingdom,8/21/2021,,Yes,ST/SG/SER.E/1020,ST/SG/SER.E/1021,in orbit,,Communications satellite,State of registry notes that given Basic Orbital Parameters are for the intended final orbit which should be achieved by 19 June 2022. Mentioned by the Russian Federation in ST/SG/SER.E/1021.,Link
2021-075AJ,49107,OWLID000287 (SL0329) [ONEWEB 0329],United Kingdom,8/21/2021,,Yes,ST/SG/SER.E/1020,ST/SG/SER.E/1021,in orbit,,Communications satellite,State of registry notes that given Basic Orbital Parameters are for the intended final orbit which should be achieved by 19 June 2022. Mentioned by the Russian Federation in ST/SG/SER.E/1021.,Link
2021-075AE,49103,OWLID000283 (SL0317) [ONEWEB 0317],United Kingdom,8/21/2021,,Yes,ST/SG/SER.E/1020,ST/SG/SER.E/1021,in orbit,,Communications satellite,State of registry notes that given Basic Orbital Parameters are for the intended final orbit which should be achieved by 19 June 2022. Mentioned by the Russian Federation in ST/SG/SER.E/1021.,Link
2021-075AC,49101,OWLID000281 (SL0315) [ONEWEB 0315],United Kingdom,8/21/2021,,Yes,ST/SG/SER.E/1020,ST/SG/SER.E/1021,in orbit,,Communications satellite,State of registry notes that given Basic Orbital Parameters are for the intended final orbit which should be achieved by 19 June 2022. Mentioned by the Russian Federation in ST/SG/SER.E/1021.,Link
2021-075AB,49100,OWLID000280 (SL0314) [ONEWEB 0314],United Kingdom,8/21/2021,,Yes,ST/SG/SER.E/1020,ST/SG/SER.E/1021,in orbit,,Communications satellite,State of registry notes that given Basic Orbital Parameters are for the intended final orbit which should be achieved by 19 June 2022. Mentioned by the Russian Federation in ST/SG/SER.E/1021.,Link
2021-075AF,49104,OWLID000284 (SL0318) ,United Kingdom,8/21/2021,,Yes,ST/SG/SER.E/1020,ST/SG/SER.E/1021,in orbit,,Communications satellite,State of registry notes that given Basic Orbital Parameters are for the intended final orbit which should be achieved by 19 June 2022. Mentioned by the Russian Federation in ST/SG/SER.E/1021.,Link
2021-075Q,49089,OWLID000269 (SL0300) [ONEWEB 0300],United Kingdom,8/21/2021,,Yes,ST/SG/SER.E/1020,ST/SG/SER.E/1021,in orbit,,Communications satellite,State of registry notes that given Basic Orbital Parameters are for the intended final orbit which should be achieved by 19 June 2022. Mentioned by the Russian Federation in ST/SG/SER.E/1021.,Link
2021-075G,49081,OWLID000261 (SL0291) [ONEWEB 0291],United Kingdom,8/21/2021,,Yes,ST/SG/SER.E/1020,ST/SG/SER.E/1021,in orbit,,Communications satellite,State of registry notes that given Basic Orbital Parameters are for the intended final orbit which should be achieved by 19 June 2022. Mentioned by the Russian Federation in ST/SG/SER.E/1021.,Link
2021-075H,49082,OWLID000262 (SL0293) [ONEWEB 0293],United Kingdom,8/21/2021,,Yes,ST/SG/SER.E/1020,ST/SG/SER.E/1021,in orbit,,Communications satellite,State of registry notes that given Basic Orbital Parameters are for the intended final orbit which should be achieved by 19 June 2022. Mentioned by the Russian Federation in ST/SG/SER.E/1021.,Link
2021-075J,49083,OWLID000263 (SL0294) [ONEWEB 0294],United Kingdom,8/21/2021,,Yes,ST/SG/SER.E/1020,ST/SG/SER.E/1021,in orbit,,Communications satellite,State of registry notes that given Basic Orbital Parameters are for the intended final orbit which should be achieved by 19 June 2022. Mentioned by the Russian Federation in ST/SG/SER.E/1021.,Link
2021-075K,49084,OWLID000264 (SL0295) [ONEWEB 0295],United Kingdom,8/21/2021,,Yes,ST/SG/SER.E/1020,ST/SG/SER.E/1021,in orbit,,Communications satellite,State of registry notes that given Basic Orbital Parameters are for the intended final orbit which should be achieved by 19 June 2022. Mentioned by the Russian Federation in ST/SG/SER.E/1021.,Link
2021-075M,49086,OWLID000266 (SL0297) [ONEWEB 0297],United Kingdom,8/21/2021,,Yes,ST/SG/SER.E/1020,ST/SG/SER.E/1021,in orbit,,Communications satellite,State of registry notes that given Basic Orbital Parameters are for the intended final orbit which should be achieved by 19 June 2022. Mentioned by the Russian Federation in ST/SG/SER.E/1021.,Link
2021-075N,49087,OWLID000267 (SL0298) [ONEWEB 0298],United Kingdom,8/21/2021,,Yes,ST/SG/SER.E/1020,ST/SG/SER.E/1021,in orbit,,Communications satellite,State of registry notes that given Basic Orbital Parameters are for the intended final orbit which should be achieved by 19 June 2022. Mentioned by the Russian Federation in ST/SG/SER.E/1021.,Link
2021-075P,49088,OWLID000268 (SL0299) [ONEWEB 0299],United Kingdom,8/21/2021,,Yes,ST/SG/SER.E/1020,ST/SG/SER.E/1021,in orbit,,Communications satellite,State of registry notes that given Basic Orbital Parameters are for the intended final orbit which should be achieved by 19 June 2022. Mentioned by the Russian Federation in ST/SG/SER.E/1021.,Link
2021-075L,49085,OWLID000265 (SL0296) [ONEWEB 0296],United Kingdom,8/21/2021,,Yes,ST/SG/SER.E/1020,ST/SG/SER.E/1021,in orbit,,Communications satellite,State of registry notes that given Basic Orbital Parameters are for the intended final orbit which should be achieved by 19 June 2022. Mentioned by the Russian Federation in ST/SG/SER.E/1021.,Link
2021-074A,,Tianhui 2 Group-02 Satellite-A (Tianhui 2-02A) [(TIANHUI II-02A)],China,8/18/2021,,Yes,ST/SG/SER.E/1123,,in orbit,,Remote sensing satellite,------,
2021-074B,,Tianhui 2 Group-02 Satellite-B (Tianhui 2-02B) [TIANHUI II-02B],China,8/18/2021,,Yes,ST/SG/SER.E/1123,,in orbit,,Remote sensing satellite,------,
[2021-073B],,RadCube ,Hungary,8/17/2021,,Yes,ST/SG/SER.E/1029,,[decayed],[2024-08-20],In-Orbit Demonstration (IOD) mission for space weather monitoring,TLE for epoch 21263.86471014 provided by State of registry in ST/SG/SER.E/1029.,Link
2021-073D,,LEDSAT ,Italy,8/17/2021,,Yes,ST/SG/SER.E/1228,,in orbit,,LEDSAT is a 1U CubeSat aimed at demonstrating a LED-based payload for optical tracking from ground. The satellite was conceived in 2016 by Sapienza University of Rome (S5Lab research team) and University of Michigan. The spacecraft was selected in 2017 for the second edition of the European Space agency (ESA) Education Office “Fly Your Satellite!” Programme. The satellite development is supported by ASI (Italian Space Agency) in the framework of the IKUNS (Italian-Kenyan University Nano-Satellites) Programme: LEDSAT is the second IKUNS satellite to be conceived and developed and the third to be launched (after 1KUNS-PF and WildTrackCube-SIMBA / IKUNS-3).,The registration submission for this space object is presently being processed by the United Nations Secretariat.,Link
2021-073E,,PNEO4 [PLÉIADES NEO 4],France,8/17/2021,,Yes,ST/SG/SER.E/1047,,in orbit,,Earth observation,------,
2021-073A,,BRO 4 ,France,8/17/2021,,Yes,ST/SG/SER.E/1047,,in orbit,,Unseenlabs maritime surveillance,------,
2021-073C,FIN-17-SAT-2021,Sunstorm ,Finland,8/17/2021,,Yes,ST/SG/SER.E/1019,,in orbit,,2U CubeSat for demonstrating a new solar X-ray flux monitor to detect coronal mass ejections and solar flares from the Sun,------,
2021-072A,,Cygnus NG-16 ,USA,8/10/2021,,Yes,ST/SG/SER.E/1031,ST/SG/SER.E/1041,[deorbited],12/15/2021,Spacecraft engaged in practical applications and uses of space technology such as weather or communications,------,
2021-071A,,ChinaSat 2E [(ZHONGXING 2E)],China,8/5/2021,,Yes,ST/SG/SER.E/1123,,in GSO,,Communications satellite,------,
2021-070B,,Multimedia Beta Test Satellite-B (GMS-BETA-B) [(KL BETA-B)],China,8/4/2021,,Yes,ST/SG/SER.E/1123,,in orbit,,"Remote sensing imagery of the Earth, Ka-band signal transmission",------,
2021-070A,,Multimedia Beta Test Satellite-A (GMS-BETA-A) [(KL BETA-A)],China,8/4/2021,,Yes,ST/SG/SER.E/1123,,in orbit,,"Remote sensing imagery of the Earth, Ka-band signal transmission",------,
2021-069B,,EUTELSAT QUANTUM ,France,7/30/2021,+048 degrees East,Yes,ST/SG/SER.E/1047,,in GSO,,Telecommunications,------,
[2021-069A],, [STARONE D2],[(for Brazil)],[2021-07-30],[-070.0 degrees East],No,,,[in GSO],,------,Not registered with the United Nations.,
2021-067A,,Tianhui 1-04 ,China,7/29/2021,,Yes,ST/SG/SER.E/1123,,in orbit,,Remote sensing satellite,------,
2021-068A,,Monolith ,USA,7/29/2021,,Yes,ST/SG/SER.E/1024,ST/SG/SER.E/1040,in orbit,,Spacecraft engaged in investigation of spaceflight techniques and technology,Mentioned by New Zealand in ST/SG/SER.E/1040.,
2021-059CR,ROLEU.ESP.28,NEPTUNO 1 [(NEPT-1)],Spain,[2021-07-24],,Yes,ST/SG/SER.E/1016,,[decayed],[2024-08-15],"To respond to maritime security challenges and monitor maritime traffic The general objective of the NEPTUNO project is to respond to current and future maritime security challenges through the experimental development of the design of a constellation of nanosatellites in orbit and a prototype (CubeSats) in low Earth orbit (an altitude of between 200 km and 2,000 km) to monitor maritime traffic through Automatic Identification System (AIS) capture and an advanced information system capable of analysing the millions of pieces of data acquired by ground stations using artificial intelligence",Day of launch is date of deployment from ION SCV-003 (international designator 2021-059AK).,
2021-059CQ,FIN-16-SAT-2021,W CUBE ,Finland,7/22/2021,,Yes,ST/SG/SER.E/1013,,in orbit,,3U CubeSat for atmospheric and ionospheric channel propagation characterization at W-band.,Date of launch and date of deployment provided by State of registry in ST/SG/SER.E/1013. Day of launch is date of deployment from ION SCV-003 (international designator 2021-059AK).,
[2021-066A],3571-2021-008,Nauka multipurpose laboratory module ,Russian Federation,7/21/2021,,Yes,ST/SG/SER.E/1021,,in orbit,,Implementation of the Russian programme of applied scientific research and experiments aboard the Russian segment of the International Space Station,ISS Flight Element.,
2021-059CP,BG-2021-01,SPARTAN ,Bulgaria,7/21/2021,,Yes,ST/SG/SER.E/1295,,in orbit,,Earth observation,The registration submission for this space object is presently being processed by the United Nations Secretariat. Day of launch is date of deployment from ION SCV-003 (international designator 2021-059AK).,
2021-065A,,Yaogan 30 Group-10 Satellite-28 (Yaogan-30 AD) ,China,7/19/2021,,Yes,ST/SG/SER.E/1123,,in orbit,,Remote sensing satellite,------,
2021-065D,,Yaogan 30 Group-10 Satellite-30 (Yaogan-30 AF) ,China,7/19/2021,,Yes,ST/SG/SER.E/1123,,in orbit,,Remote sensing satellite,------,
2021-065C,,Yaogan 30 Group-10 Satellite-29 (Yaogan-30 AE) ,China,7/19/2021,,Yes,ST/SG/SER.E/1123,,in orbit,,Remote sensing satellite,------,
[2021-065B],, [TIANQI 15],[China],[2021-07-19],,No,,,[in orbit],,------,Not registered with the United Nations.,
[2021-059CN],, [NAPA 2],[(for Thailand)],[2021-07-18],,No,,,[in orbit],,------,Not registered with the United Nations. Day of launch is date of deployment from ION SCV-003 (international designator 2021-059AK).,
2021-059CM,,Ghalib ,United Arab Emirates,[2021-07-16],,Yes,ST/SG/SER.E/1048,,[decayed],[2024-04-17],Technology demonstration – in-orbit demonstration,Day of launch is date of deployment from ION SCV-003 (international designator 2021-059AK).,
2021-059BS,AE-21-04,QMR KWT ,United Arab Emirates,[2021-07-16],,Yes,ST/SG/SER.E/1027,ST/SG/SER.E/1027/Add.1,decayed,9/7/2024,QMR-KWT is an amateur and educational 1U CubeSat that serves as a platform for the “Code in Space” initiative which gives the opportunity to students from around the world to engage and learn about satellite technology,State of registry notes in ST/SG/SER.E/1027 that Small-satellite missions are not subject to any form of mandatory coordination. The notification of a space station was submitted to the International Telecommunications Union by Bulgaria (references: API/A/12628 and API/B/1541). National designator provided in ST/SG/SER.E/1027/Add.1. Day of launch is date of deployment from ION SCV-003 (international designator 2021-059AK).,
2021-064B,,Zhongzi Satellite Constellation Group-02 Satellite-02 (Ningxia 1 7) ,China,7/9/2021,,Yes,ST/SG/SER.E/1123,,in orbit,,Earth remote sensing,------,
2021-064A,,Zhongzi Satellite Constellation Group-02 Satellite-01 (Ningxia 1 6) ,China,7/9/2021,,Yes,ST/SG/SER.E/1123,,in orbit,,Earth remote sensing,------,
2021-064C,,Zhongzi Satellite Constellation Group-02 Satellite-03 (Ningxia 1 8) ,China,7/9/2021,,Yes,ST/SG/SER.E/1123,,in orbit,,Earth remote sensing,------,
2021-064D,,Zhongzi Satellite Constellation Group-02 Satellite-04 (Ningxia 1 9) ,China,7/9/2021,,Yes,ST/SG/SER.E/1123,,in orbit,,Earth remote sensing,------,
2021-064E,,Zhongzi Satellite Constellation Group-02 Satellite-05 (Ningxia 1 10) ,China,7/9/2021,,Yes,ST/SG/SER.E/1123,,in orbit,,Earth remote sensing,------,
2021-063A,,Tianlian 1-05 ,China,7/6/2021,,Yes,ST/SG/SER.E/1123,,in GSO,,Communications satellite,------,
2021-062A,,Fengyun 3E (FY-3E) ,China,7/4/2021,,Yes,ST/SG/SER.E/1123,,in orbit,,"Operating in a sun-synchronous dawn-dusk orbit, FY-3E is equipped with comprehensive capabilities for monitoring the Earth's meteorology and environment in a global, all-weather, hyperspectral, three-dimensional and quantitative manner, and is mainly used for weather forecast, climate prediction, environmental monitoring and disaster prevention and mitigation, etc.",------,
2021-061B,,Jilin-01 Gaofen 3D-01 ,China,7/3/2021,,Yes,ST/SG/SER.E/1123,,in orbit,,Obtain video images of the Earth by remote sensing,------,
2021-061D,,Jilin-01 Gaofen 3D-03 ,China,7/3/2021,,Yes,ST/SG/SER.E/1123,,in orbit,,Obtain video images of the Earth by remote sensing,------,
2021-061A,,Jilin 1 Kuanfu-01B ,China,7/3/2021,,Yes,ST/SG/SER.E/1123,,in orbit,,Obtain video images of the Earth by remote sensing,------,
2021-061E,,Xingshidai 10 ,China,7/3/2021,,Yes,ST/SG/SER.E/1123,,in orbit,,For Earth observation and imaging from space,------,
2021-061C,,Jilin-01 Gaofen 3D-02 ,China,7/3/2021,,Yes,ST/SG/SER.E/1123,,in orbit,,Obtain video images of the Earth by remote sensing,------,
2021-060S,48983,OWLID000235 (SL0265) [ONEWEB 0265],United Kingdom,7/1/2021,,Yes,ST/SG/SER.E/1008,ST/SG/SER.E/1021,deorbited,3/29/2022,Communications satellite,State of registry notes that given Basic Orbital Parameters are for the intended final orbit which should be achieved by 2021-11-15. Mentioned by the Russian Federation in ST/SG/SER.E/1021.,Link
,,,,,,,,ST/SG/SER.E/1056,,,,,
2021-060C,48969,OWLID000221 (SL0251) [ONEWEB 0251],United Kingdom,7/1/2021,,Yes,ST/SG/SER.E/1008,ST/SG/SER.E/1008/Add.1,deorbited,7/20/2022,Communications satellite,State of registry notes that given Basic Orbital Parameters are for the intended final orbit which should be achieved by 2021-11-15. Mentioned by the Russian Federation in ST/SG/SER.E/1021.,Link
,,,,,,,,ST/SG/SER.E/1021,,,,,
2021-060G,48973,OWLID000225 (SL0255) [ONEWEB 0255],United Kingdom,7/1/2021,,Yes,ST/SG/SER.E/1008,ST/SG/SER.E/1021,in orbit,,Communications satellite,State of registry notes that given Basic Orbital Parameters are for the intended final orbit which should be achieved by 2021-11-15. Mentioned by the Russian Federation in ST/SG/SER.E/1021.,Link
2021-060F,48972,OWLID000224 (SL0254) [ONEWEB 0254],United Kingdom,7/1/2021,,Yes,ST/SG/SER.E/1008,ST/SG/SER.E/1021,in orbit,,Communications satellite,State of registry notes that given Basic Orbital Parameters are for the intended final orbit which should be achieved by 2021-11-15. Mentioned by the Russian Federation in ST/SG/SER.E/1021.,Link
2021-060H,48974,OWLID000226 (SL0256) [ONEWEB 0256],United Kingdom,7/1/2021,,Yes,ST/SG/SER.E/1008,ST/SG/SER.E/1021,in orbit,,Communications satellite,State of registry notes that given Basic Orbital Parameters are for the intended final orbit which should be achieved by 2021-11-15. Mentioned by the Russian Federation in ST/SG/SER.E/1021.,Link
2021-060J,48975,OWLID000227 (SL0257) [ONEWEB 0257],United Kingdom,7/1/2021,,Yes,ST/SG/SER.E/1008,ST/SG/SER.E/1021,in orbit,,Communications satellite,State of registry notes that given Basic Orbital Parameters are for the intended final orbit which should be achieved by 2021-11-15. Mentioned by the Russian Federation in ST/SG/SER.E/1021.,Link
2021-060L,48977,OWLID000229 (SL0259) [ONEWEB 0259],United Kingdom,7/1/2021,,Yes,ST/SG/SER.E/1008,ST/SG/SER.E/1021,in orbit,,Communications satellite,State of registry notes that given Basic Orbital Parameters are for the intended final orbit which should be achieved by 2021-11-15. Mentioned by the Russian Federation in ST/SG/SER.E/1021.,Link
2021-060D,48970,OWLID000222 (SL0252) [ONEWEB 0252],United Kingdom,7/1/2021,,Yes,ST/SG/SER.E/1008,ST/SG/SER.E/1021,in orbit,,Communications satellite,State of registry notes that given Basic Orbital Parameters are for the intended final orbit which should be achieved by 2021-11-15. Mentioned by the Russian Federation in ST/SG/SER.E/1021.,Link
2021-060E,48971,OWLID000223 (SL0253) [ONEWEB 0253],United Kingdom,7/1/2021,,Yes,ST/SG/SER.E/1008,ST/SG/SER.E/1021,in orbit,,Communications satellite,State of registry notes that given Basic Orbital Parameters are for the intended final orbit which should be achieved by 2021-11-15. Mentioned by the Russian Federation in ST/SG/SER.E/1021.,Link
2021-060K,48976,OWLID000228 (SL0258) [ONEWEB 0258],United Kingdom,7/1/2021,,Yes,ST/SG/SER.E/1008,ST/SG/SER.E/1021,in orbit,,Communications satellite,State of registry notes that given Basic Orbital Parameters are for the intended final orbit which should be achieved by 2021-11-15. Mentioned by the Russian Federation in ST/SG/SER.E/1021.,Link
2021-060AB,48992,OWLID000244 (SL0274) [ONEWEB 0274],United Kingdom,7/1/2021,,Yes,ST/SG/SER.E/1008,ST/SG/SER.E/1021,in orbit,,Communications satellite,State of registry notes that given Basic Orbital Parameters are for the intended final orbit which should be achieved by 2021-11-15. Mentioned by the Russian Federation in ST/SG/SER.E/1021.,Link
2021-060AC,48993,OWLID000245 (SL0275) [ONEWEB 0275],United Kingdom,7/1/2021,,Yes,ST/SG/SER.E/1008,ST/SG/SER.E/1021,in orbit,,Communications satellite,State of registry notes that given Basic Orbital Parameters are for the intended final orbit which should be achieved by 2021-11-15. Mentioned by the Russian Federation in ST/SG/SER.E/1021.,Link
2021-060AA,48991,OWLID000243 (SL0273) [ONEWEB 0273],United Kingdom,7/1/2021,,Yes,ST/SG/SER.E/1008,ST/SG/SER.E/1021,in orbit,,Communications satellite,State of registry notes that given Basic Orbital Parameters are for the intended final orbit which should be achieved by 2021-11-15. Mentioned by the Russian Federation in ST/SG/SER.E/1021.,Link
2021-060AE,48995,OWLID000247 (SL0277) [ONEWEB 0277],United Kingdom,7/1/2021,,Yes,ST/SG/SER.E/1008,ST/SG/SER.E/1021,in orbit,,Communications satellite,State of registry notes that given Basic Orbital Parameters are for the intended final orbit which should be achieved by 2021-11-15. Mentioned by the Russian Federation in ST/SG/SER.E/1021.,Link
2021-060AD,48994,OWLID000246 (SL0276) [ONEWEB 0276],United Kingdom,7/1/2021,,Yes,ST/SG/SER.E/1008,ST/SG/SER.E/1021,in orbit,,Communications satellite,State of registry notes that given Basic Orbital Parameters are for the intended final orbit which should be achieved by 2021-11-15. Mentioned by the Russian Federation in ST/SG/SER.E/1021.,Link
2021-060W,48987,OWLID000239 (SL0269) [ONEWEB 0269],United Kingdom,7/1/2021,,Yes,ST/SG/SER.E/1008,ST/SG/SER.E/1021,in orbit,,Communications satellite,State of registry notes that given Basic Orbital Parameters are for the intended final orbit which should be achieved by 2021-11-15. Mentioned by the Russian Federation in ST/SG/SER.E/1021.,Link
2021-060X,48988,OWLID000240 (SL0270) [ONEWEB 0270],United Kingdom,7/1/2021,,Yes,ST/SG/SER.E/1008,ST/SG/SER.E/1021,in orbit,,Communications satellite,State of registry notes that given Basic Orbital Parameters are for the intended final orbit which should be achieved by 2021-11-15. Mentioned by the Russian Federation in ST/SG/SER.E/1021.,Link
2021-060Y,48989,OWLID000241 (SL0271) [ONEWEB 0271],United Kingdom,7/1/2021,,Yes,ST/SG/SER.E/1008,ST/SG/SER.E/1021,in orbit,,Communications satellite,State of registry notes that given Basic Orbital Parameters are for the intended final orbit which should be achieved by 2021-11-15. Mentioned by the Russian Federation in ST/SG/SER.E/1021.,Link
2021-060Z,48990,OWLID000242 (SL0272) [ONEWEB 0272],United Kingdom,7/1/2021,,Yes,ST/SG/SER.E/1008,ST/SG/SER.E/1021,in orbit,,Communications satellite,State of registry notes that given Basic Orbital Parameters are for the intended final orbit which should be achieved by 2021-11-15. Mentioned by the Russian Federation in ST/SG/SER.E/1021.,Link
2021-060U,48985,OWLID000237 (SL0267) [ONEWEB 0267],United Kingdom,7/1/2021,,Yes,ST/SG/SER.E/1008,ST/SG/SER.E/1021,in orbit,,Communications satellite,State of registry notes that given Basic Orbital Parameters are for the intended final orbit which should be achieved by 2021-11-15. Mentioned by the Russian Federation in ST/SG/SER.E/1021.,Link
2021-060V,48986,OWLID000238 (SL0268) [ONEWEB 0268],United Kingdom,7/1/2021,,Yes,ST/SG/SER.E/1008,ST/SG/SER.E/1021,in orbit,,Communications satellite,State of registry notes that given Basic Orbital Parameters are for the intended final orbit which should be achieved by 2021-11-15. Mentioned by the Russian Federation in ST/SG/SER.E/1021.,Link
2021-060M,48978,OWLID000230 (SL0260) [ONEWEB 0260],United Kingdom,7/1/2021,,Yes,ST/SG/SER.E/1008,ST/SG/SER.E/1021,in orbit,,Communications satellite,State of registry notes that given Basic Orbital Parameters are for the intended final orbit which should be achieved by 2021-11-15. Mentioned by the Russian Federation in ST/SG/SER.E/1021.,Link
2021-060N,48979,OWLID000231 (SL0261) [ONEWEB 0261],United Kingdom,7/1/2021,,Yes,ST/SG/SER.E/1008,ST/SG/SER.E/1021,in orbit,,Communications satellite,State of registry notes that given Basic Orbital Parameters are for the intended final orbit which should be achieved by 2021-11-15. Mentioned by the Russian Federation in ST/SG/SER.E/1021.,Link
2021-060P,48980,OWLID000232 (SL0262) [ONEWEB 0262],United Kingdom,7/1/2021,,Yes,ST/SG/SER.E/1008,ST/SG/SER.E/1021,in orbit,,Communications satellite,State of registry notes that given Basic Orbital Parameters are for the intended final orbit which should be achieved by 2021-11-15. Mentioned by the Russian Federation in ST/SG/SER.E/1021.,Link
2021-060Q,48981,OWLID000233 (SL0263) [ONEWEB 0263],United Kingdom,7/1/2021,,Yes,ST/SG/SER.E/1008,ST/SG/SER.E/1021,in orbit,,Communications satellite,State of registry notes that given Basic Orbital Parameters are for the intended final orbit which should be achieved by 2021-11-15. Mentioned by the Russian Federation in ST/SG/SER.E/1021.,Link
2021-060T,48984,OWLID000236 (SL0266) [ONEWEB 0266],United Kingdom,7/1/2021,,Yes,ST/SG/SER.E/1008,ST/SG/SER.E/1021,in orbit,,Communications satellite,State of registry notes that given Basic Orbital Parameters are for the intended final orbit which should be achieved by 2021-11-15. Mentioned by the Russian Federation in ST/SG/SER.E/1021.,Link
2021-060R,48982,OWLID000234 (SL0264) [ONEWEB 0264],United Kingdom,7/1/2021,,Yes,ST/SG/SER.E/1008,ST/SG/SER.E/1021,in orbit,,Communications satellite,State of registry notes that given Basic Orbital Parameters are for the intended final orbit which should be achieved by 2021-11-15. Mentioned by the Russian Federation in ST/SG/SER.E/1021.,Link
2021-060B,48968,OWLID000220 (SL0250)  [ONEWEB 0250],United Kingdom,7/1/2021,,Yes,ST/SG/SER.E/1008,ST/SG/SER.E/1021,in orbit,,Communications satellite,State of registry notes that given Basic Orbital Parameters are for the intended final orbit which should be achieved by 2021-11-15. Mentioned by the Russian Federation in ST/SG/SER.E/1021.,Link
2021-060A,48967,OWLID000219 (SL0249) [ONEWEB 0249],United Kingdom,7/1/2021,,Yes,ST/SG/SER.E/1008,ST/SG/SER.E/1021,in orbit,,Communications satellite,State of registry notes that given Basic Orbital Parameters are for the intended final orbit which should be achieved by 2021-11-15. Mentioned by the Russian Federation in ST/SG/SER.E/1021.,Link
2021-060AK,49000,OWLID000252 (SL0282) [ONEWEB 0282],United Kingdom,7/1/2021,,Yes,ST/SG/SER.E/1008,ST/SG/SER.E/1021,in orbit,,Communications satellite,State of registry notes that given Basic Orbital Parameters are for the intended final orbit which should be achieved by 2021-11-15. Mentioned by the Russian Federation in ST/SG/SER.E/1021.,Link
2021-060AF,48996,OWLID000248 (SL0278) [ONEWEB 0278],United Kingdom,7/1/2021,,Yes,ST/SG/SER.E/1008,ST/SG/SER.E/1021,in orbit,,Communications satellite,State of registry notes that given Basic Orbital Parameters are for the intended final orbit which should be achieved by 2021-11-15. Mentioned by the Russian Federation in ST/SG/SER.E/1021.,Link
2021-060AG,48997,OWLID000249 (SL0279) [ONEWEB 0279],United Kingdom,7/1/2021,,Yes,ST/SG/SER.E/1008,ST/SG/SER.E/1021,in orbit,,Communications satellite,State of registry notes that given Basic Orbital Parameters are for the intended final orbit which should be achieved by 2021-11-15. Mentioned by the Russian Federation in ST/SG/SER.E/1021.,Link
2021-060AH,48998,OWLID000250 (SL0280) [ONEWEB 0280],United Kingdom,7/1/2021,,Yes,ST/SG/SER.E/1008,ST/SG/SER.E/1021,in orbit,,Communications satellite,State of registry notes that given Basic Orbital Parameters are for the intended final orbit which should be achieved by 2021-11-15. Mentioned by the Russian Federation in ST/SG/SER.E/1021.,Link
2021-060AJ,48999,OWLID000251 (SL0281) [ONEWEB 0281],United Kingdom,7/1/2021,,Yes,ST/SG/SER.E/1008,ST/SG/SER.E/1021,in orbit,,Communications satellite,State of registry notes that given Basic Orbital Parameters are for the intended final orbit which should be achieved by 2021-11-15. Mentioned by the Russian Federation in ST/SG/SER.E/1021.,Link
2021-060AL,49001,OWLID000253 (SL0283) [ONEWEB 0283],United Kingdom,7/1/2021,,Yes,ST/SG/SER.E/1008,ST/SG/SER.E/1021,in orbit,,Communications satellite,State of registry notes that given Basic Orbital Parameters are for the intended final orbit which should be achieved by 2021-11-15. Mentioned by the Russian Federation in ST/SG/SER.E/1021.,Link
2021-060AM,49002,OWLID000254 (SL0284) [ONEWEB 0284],United Kingdom,7/1/2021,,Yes,ST/SG/SER.E/1008,ST/SG/SER.E/1021,in orbit,,Communications satellite,State of registry notes that given Basic Orbital Parameters are for the intended final orbit which should be achieved by 2021-11-15. Mentioned by the Russian Federation in ST/SG/SER.E/1021.,Link
[2021-059BB],, [PAINANI II],[(for Mexico)],[2021-06-30],,No,,,[in orbit],,------,Not registered with the United Nations.,
2021-059N,NZ-2022-05,SpaceBEENZ 8 ,New Zealand,6/30/2021,,Yes,ST/SG/SER.E/1052,,[decayed],[2023-09-19],Communications/ Internet of Things (IoT),------,
[2021-058B],, [STORK 5 (MARTA)],[(for Poland)],[2021-06-30],,No,,,[decayed],[2023-10-22],------,Not registered with the United Nations.,
2021-059D,NZ-2022-07,SpaceBEENZ 10 ,New Zealand,6/30/2021,,Yes,ST/SG/SER.E/1052,,[decayed],[2023-09-15],Communications/ Internet of Things (IoT),------,
2021-059J,NZ-2022-06,SpaceBEENZ 9 ,New Zealand,6/30/2021,,Yes,ST/SG/SER.E/1052,,[decayed],[2023-09-15],Communications/ Internet of Things (IoT),------,
2021-059L,NZ-2022-04,SpaceBEENZ 7 ,New Zealand,6/30/2021,,Yes,ST/SG/SER.E/1052,,[decayed],[2023-09-12],Communications/ Internet of Things (IoT),------,
[2021-058C],, [STORK 4],[(for Poland)],[2021-06-30],,No,,,[decayed],[2023-10-03],------,Not registered with the United Nations.,
2021-059P,,EG 3 (Tyvak-0173) ,Australia,6/30/2021,,Yes,ST/SG/SER.E/1119,,in orbit,,EG-3 will be used to expand EchoStar Global’s test fleet and bring into use EchoStar’s International Telecommunications Union spectrum rights for SIRION-1,------,
2021-059BC,,Lemur 2 Merima ,USA,6/30/2021,,Yes,ST/SG/SER.E/1024,,[decayed],[2024-01-19],Spacecraft engaged in practical applications and uses of space technology such as weather or communications,------,
2021-059BA,,FM148 (LEMUR-2 AC-Cubed) ,Luxembourg,6/30/2021,,Yes,ST/SG/SER.E/1043,,[decayed],[2024-02-21],Earth exploration and meteorology,------,
2021-059G,,FM139 (LEMUR-2 Jackson) ,Luxembourg,6/30/2021,,Yes,ST/SG/SER.E/1043,,[decayed],[2024-02-10],Earth exploration and meteorology,------,
2021-059BR,,KSF1 C ,Luxembourg,6/30/2021,,Yes,ST/SG/SER.E/1139,,[decayed],[2024-02-21],Passive geolocation of radio transmissions for the purpose of supplying Radio Frequency (RF) reconnaissance data to the maritime situation awareness domain,------,
2021-059BZ,,KSF1 D ,Luxembourg,6/30/2021,,Yes,ST/SG/SER.E/1139,,[decayed],[2023-12-05],Passive geolocation of radio transmissions for the purpose of supplying Radio Frequency (RF) reconnaissance data to the maritime situation awareness domain,------,
[2021-059BT],, [AYAN 21],[(for Rwanda)],[2021-06-30],,No,,,[decayed],[2024-10-09],------,Not registered with the United Nations.,
2021-059BQ,,Sherpa LTE-1 ,USA,6/30/2021,,Yes,ST/SG/SER.E/1024,ST/SG/SER.E/1222,[decayed],7/5/2024,Spacecraft engaged in practical applications and uses of space technology such as weather or communications,------,
2021-059Y,,TROPICS Pathfinder ,USA,6/30/2021,,Yes,ST/SG/SER.E/1024,ST/SG/SER.E/1222,[decayed],7/26/2024,Spacecraft engaged in practical applications and uses of space technology such as weather or communications,------,
2021-059AC,2021-059AC,Nusat-19 [(ROSALIND)],Uruguay,6/30/2021,,Yes,ST/SG/SER.E/1147,,[decayed],[2024-10-30],Earth observation,------,
2021-059V,Mar-21,Centauri 4 (Tyvak-0211) ,Australia,6/30/2021,,Yes,ST/SG/SER.E/1119,,[decayed],[2024-05-29],Communications relay for customer IoT data through S-Band radio,------,
2021-059BG,,SpaceBEE 089 ,USA,6/30/2021,,Yes,ST/SG/SER.E/1024,ST/SG/SER.E/1117,[decayed],3/7/2023,Spacecraft engaged in practical applications and uses of space technology such as weather or communications,------,
2021-059BP,,SpaceBEE 091 ,USA,6/30/2021,,Yes,ST/SG/SER.E/1024,ST/SG/SER.E/1117,[decayed],3/7/2023,Spacecraft engaged in practical applications and uses of space technology such as weather or communications,------,
2021-059BK,,SpaceBEE 099 ,USA,6/30/2021,,Yes,ST/SG/SER.E/1024,ST/SG/SER.E/1130,decayed,4/1/2023,Spacecraft engaged in practical applications and uses of space technology such as weather or communications,Name of space object amended by State of registry in ST/SG/SER.E/1058.,
,,,,,,,,ST/SG/SER.E/1058,,,,,
2021-059BW,,SpaceBEE 090 ,USA,6/30/2021,,Yes,ST/SG/SER.E/1024,ST/SG/SER.E/1117,decayed,3/1/2023,Spacecraft engaged in practical applications and uses of space technology such as weather or communications,------,
2021-059BU,,SpaceBEE 095 ,USA,6/30/2021,,Yes,ST/SG/SER.E/1024,ST/SG/SER.E/1117,decayed,3/15/2023,Spacecraft engaged in practical applications and uses of space technology such as weather or communications,------,
2021-059BL,,SpaceBEE 094 ,USA,6/30/2021,,Yes,ST/SG/SER.E/1024,ST/SG/SER.E/1117,decayed,3/14/2023,Spacecraft engaged in practical applications and uses of space technology such as weather or communications,------,
2021-059BN,,SpaceBEE 093 ,USA,6/30/2021,,Yes,ST/SG/SER.E/1024,ST/SG/SER.E/1116,decayed,2/27/2023,Spacecraft engaged in practical applications and uses of space technology such as weather or communications,------,
2021-059BJ,,SpaceBEE 088 ,USA,6/30/2021,,Yes,ST/SG/SER.E/1024,ST/SG/SER.E/1116,decayed,2/24/2023,Spacecraft engaged in practical applications and uses of space technology such as weather or communications,------,
2021-059BY,,SpaceBEE 098 ,USA,6/30/2021,,Yes,ST/SG/SER.E/1117,,,3/28/2023,Spacecraft engaged in practical applications and uses of space technology such as weather or communications,------,
,,,,,,,ST/SG/SER.E/1024,,,,,,
2021-059BV,,SpaceBEE 097 ,USA,6/30/2021,,Yes,ST/SG/SER.E/1024,ST/SG/SER.E/1117,decayed,3/28/2023,Spacecraft engaged in practical applications and uses of space technology such as weather or communications,Name of space object amended by State of registry in ST/SG/SER.E/1058.,
,,,,,,,,ST/SG/SER.E/1058,,,,,
2021-059BH,,SpaceBEE 096 ,USA,6/30/2021,,Yes,ST/SG/SER.E/1024,ST/SG/SER.E/1117,decayed,3/20/2023,Spacecraft engaged in practical applications and uses of space technology such as weather or communications,------,
2021-059BF,,SpaceBEE 92 ,USA,6/30/2021,,Yes,ST/SG/SER.E/1024,ST/SG/SER.E/1117,decayed,3/14/2023,Spacecraft engaged in practical applications and uses of space technology such as weather or communications,------,
2021-059AL,,Capella-5 (Whitney) ,USA,6/30/2021,,Yes,ST/SG/SER.E/1024,ST/SG/SER.E/1116,decayed,2/23/2023,Spacecraft engaged in practical applications and uses of space technology such as weather or communications,------,
2021-058E,,CNCE1 [CNCE BLK 1],USA,6/30/2021,,Yes,ST/SG/SER.E/1024,ST/SG/SER.E/1179,decayed,10/31/2023,Spacecraft engaged in practical applications and uses of space technology such as weather or communications,------,
2021-058G,,HALO-Net Free Flyer ,USA,6/30/2021,,Yes,ST/SG/SER.E/1024,ST/SG/SER.E/1186,decayed,11/25/2023,Spacecraft engaged in practical applications and uses of space technology such as weather or communications,------,
2021-058D,,CNCE 3 ,USA,6/30/2021,,Yes,ST/SG/SER.E/1024,ST/SG/SER.E/1179,decayed,10/31/2023,Spacecraft engaged in practical applications and uses of space technology such as weather or communications,------,
2021-013E,,Orca 6 ,USA,6/30/2021,,Yes,ST/SG/SER.E/1024,ST/SG/SER.E/1110,decayed,1/31/2023,Spacecraft engaged in practical applications and uses of space technology such as weather or communications,Deployed from CYGNUS NG-15 (international designator 2021-013A). Date of launch and date of deployment provided by State of registry in ST/SG/SER.E/1024. Date of launch is date of deployment.,
2021-013C,,Orca 7 ,USA,6/30/2021,,Yes,ST/SG/SER.E/1024,ST/SG/SER.E/1110,decayed,1/31/2023,Spacecraft engaged in practical applications and uses of space technology such as weather or communications,Deployed from CYGNUS NG-15 (international designator 2021-013A). Date of launch and date of deployment provided by State of registry in ST/SG/SER.E/1024. Date of launch is date of deployment.,
2021-013D,,Gunsmoke J-2 ,USA,6/30/2021,,Yes,ST/SG/SER.E/1024,ST/SG/SER.E/1188,decayed,12/28/2023,Spacecraft engaged in practical applications and uses of space technology such as weather or communications,Deployed from CYGNUS NG-15 (international designator 2021-013A). Date of launch and date of deployment provided by State of registry in ST/SG/SER.E/1024. Date of launch is date of deployment.,
2021-059AW,,FM140 (LEMUR-2 AnnaBanana) ,Luxembourg,6/30/2021,,Yes,ST/SG/SER.E/1043,,[decayed],[2024-07-12],Earth exploration and meteorology,------,
2021-059AS,2021-059AS,Nusat-22 [(SOFYA)],Uruguay,6/30/2021,,Yes,ST/SG/SER.E/1147,,[decayed],[2023-12-15],Earth observation,------,
2021-059AT,2021-059AT,Nusat-21 [(ELISA)],Uruguay,6/30/2021,,Yes,ST/SG/SER.E/1147,,in orbit,,Earth observation,------,
2021-059AU,2021-059AU,Nusat-20 [(GRACE)],Uruguay,6/30/2021,,Yes,ST/SG/SER.E/1147,,in orbit,,Earth observation,------,
2021-013G,,IT SPINS ,USA,6/30/2021,,Yes,ST/SG/SER.E/1024,ST/SG/SER.E/1200,decayed,2/28/2024,Spacecraft engaged in practical applications and uses of space technology such as weather or communications,Deployed from CYGNUS NG-15 (international designator 2021-013A). Date of launch and date of deployment provided by State of registry in ST/SG/SER.E/1024. Date of launch is date of deployment.,
2021-059AB,,SpaceBEE 111 ,USA,6/30/2021,,Yes,ST/SG/SER.E/1024,ST/SG/SER.E/1200,decayed,2/17/2024,Spacecraft engaged in practical applications and uses of space technology such as weather or communications,------,
2021-059BD,,KSF1 A ,Luxembourg,6/30/2021,,Yes,ST/SG/SER.E/1139,ST/SG/SER.E/1202,[decayed],2/23/2024,Passive geolocation of radio transmissions for the purpose of supplying Radio Frequency (RF) reconnaissance data to the maritime situation awareness domain,------,
2021-059AZ,,KSF1 B ,Luxembourg,6/30/2021,,Yes,ST/SG/SER.E/1139,ST/SG/SER.E/1202,[decayed],2/14/2024,Passive geolocation of radio transmissions for the purpose of supplying Radio Frequency (RF) reconnaissance data to the maritime situation awareness domain,------,
2021-059CJ,,FM150 (LEMUR-2 CarlSantaMari) ,Luxembourg,6/30/2021,,Yes,ST/SG/SER.E/1043,ST/SG/SER.E/1202,[decayed],[2023-08-14],Earth exploration and meteorology,State of registry notes in ST/SG/SER.E/1202 that space object was decommissioned on 13 August 2023.,
2021-059AY,,FM143 (LEMUR-2 John-Treires) ,Luxembourg,6/30/2021,,Yes,ST/SG/SER.E/1043,,[decayed],[2023-12-05],Earth exploration and meteorology,State of registry notes in ST/SG/SER.E/1202 that space object was decommissioned on 1 December 2023.,
2021-059F,,SpaceBEE 101 ,USA,6/30/2021,,Yes,ST/SG/SER.E/1024,ST/SG/SER.E/1213,decayed,3/28/2024,Spacecraft engaged in practical applications and uses of space technology such as weather or communications,------,
2021-059Q,,SpaceBEE 106 ,USA,6/30/2021,,Yes,ST/SG/SER.E/1024,ST/SG/SER.E/1213,decayed,3/30/2024,Spacecraft engaged in practical applications and uses of space technology such as weather or communications,------,
2021-059S,,SpaceBEE 108 ,USA,6/30/2021,,Yes,ST/SG/SER.E/1024,ST/SG/SER.E/1213,decayed,3/30/2024,Spacecraft engaged in practical applications and uses of space technology such as weather or communications,------,
2021-059H,,SpaceBEE 102 ,USA,6/30/2021,,Yes,ST/SG/SER.E/1024,ST/SG/SER.E/1213,decayed,3/28/2024,Spacecraft engaged in practical applications and uses of space technology such as weather or communications,------,
2021-059U,,SpaceBEE 109 ,USA,6/30/2021,,Yes,ST/SG/SER.E/1024,ST/SG/SER.E/1213,decayed,3/6/2024,Spacecraft engaged in practical applications and uses of space technology such as weather or communications,------,
2021-059W,,SpaceBEE 110 ,USA,6/30/2021,,Yes,ST/SG/SER.E/1024,ST/SG/SER.E/1213,decayed,3/6/2024,Spacecraft engaged in practical applications and uses of space technology such as weather or communications,------,
2021-059R,,SpaceBEE 107 ,USA,6/30/2021,,Yes,ST/SG/SER.E/1024,ST/SG/SER.E/1213,decayed,3/1/2024,Spacecraft engaged in practical applications and uses of space technology such as weather or communications,------,
2021-059E,,SpaceBEE 100 ,USA,6/30/2021,,Yes,ST/SG/SER.E/1024,ST/SG/SER.E/1213,decayed,3/14/2024,Spacecraft engaged in practical applications and uses of space technology such as weather or communications,------,
2021-059K,,SpaceBEE 103 ,USA,6/30/2021,,Yes,ST/SG/SER.E/1024,ST/SG/SER.E/1213,decayed,3/12/2024,Spacecraft engaged in practical applications and uses of space technology such as weather or communications,------,
2021-059T,,SpaceBEE 105 ,USA,6/30/2021,,Yes,ST/SG/SER.E/1024,ST/SG/SER.E/1213,decayed,3/12/2024,Spacecraft engaged in practical applications and uses of space technology such as weather or communications,------,
2021-059M,,SpaceBEE 104 ,USA,6/30/2021,,Yes,ST/SG/SER.E/1024,ST/SG/SER.E/1213,decayed,3/9/2024,Spacecraft engaged in practical applications and uses of space technology such as weather or communications,------,
2021-059AH,,GNOMES 2 ,USA,6/30/2021,,Yes,ST/SG/SER.E/1024,ST/SG/SER.E/1215,decayed,5/10/2024,Spacecraft engaged in practical applications and uses of space technology such as weather or communications,------,
2021-059A,,Starlink 3003 ,USA,6/30/2021,,Yes,ST/SG/SER.E/1024,ST/SG/SER.E/1227,[deorbited],8/30/2024,Spacecraft engaged in practical applications and uses of space technology such as weather or communications,------,
[2021-059AV],2021-LT-03,D2 / Atlacom-1 ,Lithuania,6/30/2021,,Yes,ST/SG/SER.E/1009,,in orbit,,Satellite services and technology demonstration,------,
2021-059B,,Starlink 3004 ,USA,6/30/2021,,Yes,ST/SG/SER.E/1024,,in orbit,,Spacecraft engaged in practical applications and uses of space technology such as weather or communications,------,
2021-059BE,,Hawk 3B ,USA,6/30/2021,,Yes,ST/SG/SER.E/1024,,in orbit,,Spacecraft engaged in practical applications and uses of space technology such as weather or communications,------,
2021-059AJ,,YAM 2 ,USA,6/30/2021,,Yes,ST/SG/SER.E/1024,,in orbit,,Spacecraft engaged in practical applications and uses of space technology such as weather or communications,------,
2021-059AN,,YAM 3 ,USA,6/30/2021,,Yes,ST/SG/SER.E/1024,,in orbit,,Spacecraft engaged in practical applications and uses of space technology such as weather or communications,------,
2021-059CF,,Astro Digital Demo 9 (Aurora) ,USA,6/30/2021,,Yes,ST/SG/SER.E/1024,,in orbit,,Spacecraft engaged in practical applications and uses of space technology such as weather or communications,------,
2021-059C,,Starlink 3005 ,USA,6/30/2021,,Yes,ST/SG/SER.E/1024,,in orbit,,Spacecraft engaged in practical applications and uses of space technology such as weather or communications,------,
2021-059CH,,Sherpa FX2 ,USA,6/30/2021,,Yes,ST/SG/SER.E/1024,,in orbit,,Spacecraft engaged in practical applications and uses of space technology such as weather or communications,------,
2021-059AE,,Mandrake 2 Able ,USA,6/30/2021,,Yes,ST/SG/SER.E/1024,,in orbit,,Spacecraft engaged in practical applications and uses of space technology such as weather or communications,------,
2021-059AF,,Mandrake 2 Baker ,USA,6/30/2021,,Yes,ST/SG/SER.E/1024,,in orbit,,Spacecraft engaged in practical applications and uses of space technology such as weather or communications,------,
2021-059CA,,Astro Digital Demo 8 (Tenzing) ,USA,6/30/2021,,Yes,ST/SG/SER.E/1024,,in orbit,,Spacecraft engaged in practical applications and uses of space technology such as weather or communications,------,
2021-059CG,,Hawk 3A ,USA,6/30/2021,,Yes,ST/SG/SER.E/1024,,in orbit,,Spacecraft engaged in practical applications and uses of space technology such as weather or communications,------,
2021-059BX,,Hawk 3C ,USA,6/30/2021,,Yes,ST/SG/SER.E/1024,,in orbit,,Spacecraft engaged in practical applications and uses of space technology such as weather or communications,------,
2021-058F,,BRIK II [(BRIK 2)],Netherlands,6/30/2021,-,Yes,ST/SG/SER.E/1030,,in orbit,,Demonstration satellite for military purpose,------,Link
2021-059X,D-R090,TUBIN ,Germany,6/30/2021,,Yes,ST/SG/SER.E/1014,,in orbit,,Satellite is for the demonstration of an infrared payload for remote sensing of vegetation fires,Estimated year when space object is no longer functional provided by State of registry in ST/SG/SER.E/1014.,
2021-059AM,FIN-13-SAT-2021,ICEYE X12 ,Finland,6/30/2021,,Yes,ST/SG/SER.E/1015,,in orbit,,"Earth observation satellite, carrying a synthetic aperture radar. Data will be provided commercially.",------,
2021-059AQ,FIN-15-SAT-2021,ICEYE X15 ,Finland,6/30/2021,,Yes,ST/SG/SER.E/1015,,in orbit,,"Earth observation satellite, carrying a synthetic aperture radar. Data will be provided commercially.",------,
2021-059AP,FIN-14-SAT-2021,ICEYE X13 ,Finland,6/30/2021,,Yes,ST/SG/SER.E/1015,,in orbit,,"Earth observation satellite, carrying a synthetic aperture radar. Data will be provided commercially.",------,
2021-059AR,FIN-12-SAT-2021,ICEYEX11 ,Finland,6/30/2021,,Yes,ST/SG/SER.E/1015,,in orbit,,"Earth observation satellite, carrying a synthetic aperture radar. Data will be provided commercially.",------,
2021-059AX,,Faraday Phoenix ,United Kingdom,6/30/2021,,Yes,ST/SG/SER.E/1022,,in orbit,,"Faraday Phoenix is a fully commercial in-orbit demonstration / early service satellite which accommodates payloads from a range of commercial customers. It is the first in a series of high value, hosted payload missions for technology and early service demonstrations. It is a 6U cubesat based on the GomSpace heritage bus as flown for the GOMX-4 mission and embarks a number of payloads",------,Link
[2021-059CE],, [ASTROCAST 0203],[(for Switzerland)],[2021-06-30],,No,,,[in orbit],,------,Not registered with the United Nations.,
[2021-059CD],, [ASTROCAST 0201],[(for Switzerland)],[2021-06-30],,No,,,[in orbit],,------,Not registered with the United Nations.,
[2021-059CK],, [ASTROCAST 0205],[(for Switzerland)],[2021-06-30],,No,,,[in orbit],,------,Not registered with the United Nations.,
2021-059AG,,PACE 1 ,USA,6/30/2021,,Yes,ST/SG/SER.E/1034,,in orbit,,Spacecraft engaged in practical applications and uses of space technology such as weather or communications,------,
[2021-059CB],, [ASTROCAST 0204],[(for Switzerland)],[2021-06-30],,No,,,[decayed],[2025-02-25],------,Not registered with the United Nations.,
[2021-059CL],, [ASTROCAST 0202],[(for Switzerland)],[2021-06-30],,No,,,[decayed],[2025-05-08],------,Not registered with the United Nations.,
2021-059AA,,LINCS 2 ,USA,6/30/2021,,Yes,ST/SG/SER.E/1024,ST/SG/SER.E/1302,decayed,5/6/2025,Spacecraft engaged in practical applications and uses of space technology such as weather or communications,------,
2021-059AK,,ION SCV-003 Dauntless David ,(for Italy),6/30/2021,,Yes,ST/SG/SER.E/1228,,[decayed],[2024-12-09],"Commercial / operations/ technology demonstration. The ION-SCV 003 Dauntless David hosted seven CubeSats to be deployed once in orbit. It also hosted a number of non-deployable experiments. CubeSats released by ION-SCV 003 on behalf of EnduroSat: SPARTAN (NORAD ID: 48964), QMR-KWT (NORAD ID: 48943). CubeSats released by ION-SCV 003 on behalf of ISISPACE Group: Napa-2 (NORAD ID: 48963), W-Cube (NORAD ID: 48965), Ghalib (NORAD ID: 48962); CubeSat released by ION-SCV 003 on behalf of Elecnor Deimos: Nept-1 (NORAD ID: 48966).",The registration submission for this space object is presently being processed by the United Nations Secretariat.,Link
2021-059Z,,LINCS 1 ,USA,6/30/2021,,Yes,ST/SG/SER.E/1024,ST/SG/SER.E/1290,[decayed],3/13/2025,Spacecraft engaged in practical applications and uses of space technology such as weather or communications,------,
2021-059BM,,Lynk 06 (Shannon) ,USA,6/30/2021,,Yes,ST/SG/SER.E/1024,ST/SG/SER.E/1270,[deorbited],1/31/2025,Spacecraft engaged in practical applications and uses of space technology such as weather or communications,------,
2021-058H,,Gunsmoke J-4 ,USA,6/30/2021,,Yes,ST/SG/SER.E/1024,ST/SG/SER.E/1214,decayed,4/9/2024,Spacecraft engaged in practical applications and uses of space technology such as weather or communications,------,
2021-059AD,,Umbra SAR 2001 ,USA,6/30/2021,,Yes,ST/SG/SER.E/1024,ST/SG/SER.E/1214,decayed,4/30/2024,Spacecraft engaged in practical applications and uses of space technology such as weather or communications,------,
[2021-059CC],2021-B-SC-036,ARTHUR 1 ,Belgium,6/30/2021,,Yes,ST/SG/SER.E/1017,ST/SG/SER.E/1316,decayed,12/31/2025,"Testing and demonstration of subsystems, operations flows and data transmission, capture of geospatial images",-----,
[2021-057A],3570-2021-007,Progress MS-17 ,Russian Federation,6/29/2021,,Yes,ST/SG/SER.E/1007,ST/SG/SER.E/1032,deorbited,11/25/2021,"Delivery to the International Space Station of fuel, water, oxygen, air, food, scientific equipment and other consumable materials required for the crew, scientific experiments and operation of the Station",------,
2021-013F,,DhabiSat [(MYSAT 2)],United Arab Emirates,6/27/2021,,Yes,ST/SG/SER.E/1012,,[decayed],[2024-01-17],Technology demonstration (testing and validation of various attitude determination and control system pointing control strategies),Deployed from CYGNUS NG-15 (international designator 2021-013A). Date of launch is date of deployment.,
[2021-056A],3569-2021-006,Cosmos 2550 ,Russian Federation,6/25/2021,,Yes,ST/SG/SER.E/1007,,in orbit,,Intended for assignments on behalf of the Ministry of Defence of the Russian Federation,------,
1998-067SP,Mauritius,MIR SAT1 ,Mauritius,6/22/2021,,Yes,A/AC.105/INF/448,A/AC.105/INF/448/Add.1,decayed,4/18/2022,Capacity-building in space engineering for Mauritian professionals; receiving MIR-SAT1 beacons; assessing MIR-SAT1 on-board components status and plan mission; uploading mission tasks such as the taking of images of Mauritius and its exclusive economic zone by a 1.4-megapixel complementary metal oxide semiconductor (CMOS) imager module; downloading data from the satellite; testing island-to-island communication via digipeater,Date of launch is date of deployment from the ISS. Estimated date of re-entry provided by State of registry in A/AC.105/INF/448. International Designator amended in A/AC.105/INF/448/Add.1.,Link
1998-067SN,,G Satellite2 [BD 28],Japan,6/22/2021,,Yes,ST/SG/SER.E/1073,,in orbit,,"Deployment of figurines and message display; take pictures of figurines, space, Earth and cheerful messages",Date of launch is date of deployment from the ISS.,
2021-055D,,Yaogan 30-AC ,China,6/18/2021,,Yes,ST/SG/SER.E/1033,,in orbit,,Remote sensing satellite,------,
2021-055A,,Yaogan 30-AA ,China,6/18/2021,,Yes,ST/SG/SER.E/1033,,in orbit,,Remote sensing satellite,------,
2021-055B,,Yaogan 30-AB ,China,6/18/2021,,Yes,ST/SG/SER.E/1033,,in orbit,,Remote sensing satellite,------,
[2021-055E],, [TIANQI 14],[China],[2021-06-18],,No,,,[in orbit],,------,Not registered with the United Nations.,
[2021-053C],, [SHENZHOU 12 ORBITAL MODULE],[China],[2021-06-17],,No,,,[decayed],[2023-02-08],------,Not registered with the United Nations.,
2021-053A,,Shenzhou 12 [SZ 12],China,6/17/2021,,Yes,ST/SG/SER.E/1033,A/AC.105/1262,[recovered],[2021-09-17],Crewed spacecraft,Notification by China in A/AC.105/1262 of preventive collision avoidance on 1 July 2021 with Starlink-1095 (international designator 2020-001BK). Notification by the United States in ST/SG/SER.E/1265 that the United States Space Command did not estimate a significant probability of collision between the CSS and the referenced US spacecraft.,
,,,,,,,,A/AC.105/1265,,,,,
2021-054A,,NAVSTAR 81 (USA 319) ,USA,6/17/2021,,Yes,ST/SG/SER.E/1024,,in orbit,,Spacecraft engaged in practical applications and uses of space technology such as weather or communications,------,
2021-052C,,USA 318 ,USA,6/15/2021,,Yes,ST/SG/SER.E/1024,,in orbit,,Spacecraft engaged in practical applications and uses of space technology such as weather or communications,------,
2021-052B,,USA 317 ,USA,6/15/2021,,Yes,ST/SG/SER.E/1024,,in orbit,,Spacecraft engaged in practical applications and uses of space technology such as weather or communications,------,
2021-052A,,USA 316 ,USA,6/15/2021,,Yes,ST/SG/SER.E/1024,,in orbit,,Spacecraft engaged in practical applications and uses of space technology such as weather or communications,------,
1998-067SM,,SOAR ,United Kingdom,6/14/2021,,Yes,ST/SG/SER.E/1002,ST/SG/SER.E/1056,decayed,3/14/2022,"The Satellite for Orbital Aerodynamics Research (SOAR) is to demonstrate aerodynamic materials (specifically materials which specularly reflect atomic oxygen in the free molecular flow environment), and aerodynamic attitude and orbit control. The payloads include an ion and neutral mass spectrometer to characterise the flow/atmospheric environment, and deployed steerable fins with different surface coatings to be used as aerodynamic surfaces.",Date of launch is date of deployment from the ISS.,
1998-067SL,,RamSat ,USA,6/14/2021,,Yes,ST/SG/SER.E/1024,ST/SG/SER.E/1086,decayed,10/12/2022,Spacecraft engaged in practical applications and uses of space technology such as weather or communications,Date of launch is date of deployment from the ISS.,
2021-051A,,Odyssey ,USA,6/13/2021,,Yes,ST/SG/SER.E/1024,ST/SG/SER.E/1096,decayed,12/18/2022,Spacecraft engaged in practical applications and uses of space technology such as weather or communications,------,
[2021-050*],, [BEIJING-3 (BJ-3)],[China],[2021-06-11],,No,,,[in orbit],,------,Not registered with the United Nations. International Designator pending assignment.,
[2021-050*],, [TIANJIAN (TJ)],[China],[2021-06-11],,No,,,[in orbit],,------,Not registered with the United Nations. International Designator pending assignment.,
[2021-050*],, [YANGWANG 1 (YW-1)],[China],[2021-06-11],,No,,,[in orbit],,------,Not registered with the United Nations. International Designator pending assignment.,
[2021-050*],, [HISEA 2 (HS-2)],[China],[2021-06-11],,No,,,[in orbit],,------,Not registered with the United Nations. International Designator pending assignment.,
2021-049A,,XM 8 [(SXM 8)],USA,6/6/2021,[-115.0 degrees East],Yes,ST/SG/SER.E/1024,,in GSO,,Spacecraft engaged in practical applications and uses of space technology such as weather or communications,------,
2021-048A,,Dragon CRS-22 ,USA,6/3/2021,,Yes,ST/SG/SER.E/1024,ST/SG/SER.E/1024,[recovered],7/10/2021,Reusable space transportation systems,------,
2021-047A,,Fengyun 4B (FY-4B) ,China,6/2/2021,+123.5 degrees East,Yes,ST/SG/SER.E/1123,,in GSO,,"To ensure the continuity and stability of observation operations by China's geostationary meteorological satellites, obtain multi-spectral, high-frequency and high-precision quantitative observation data and images of the Earth's surface and clouds, observe the vertical structure of atmospheric temperature and humidity parameters, broadcast and distribute satellite images, remote sensing data and products, issue severe weather warning information, and provide observation data for space weather forecasting operations and research",------,
2021-046A,,Tianzhou 2 ,China,5/29/2021,,Yes,ST/SG/SER.E/1033,A/AC.105/1262,[deorbited],[2022-03-31],Cargo spacecraft,Notification by China in A/AC.105/1262 of preventive collision avoidance on 1 July 2021 with Starlink-1095 (international designator 2020-001BK) and 21 October 2021 with Starlink-2305 (international designator 2021-024N). Notification by the United States in ST/SG/SER.E/1265 that the United States Space Command did not estimate a significant probability of collision between the CSS and the referenced US spacecraft.,
,,,,,,,,A/AC.105/1265,,,,,
