International Designator,National Designator,Name of Space Object,State/Organization,Date of Launch,GSO Location,UN Registered,Registration Document,Other Documents,Status,Date of Decay or Change,Function of Space Object,Secretariat`s Remarks,External website
[2022-179A],,?[EROS C3],[(for Israel)],[2022-12-30],,No,,,[in orbit],,------,Not registered with the United Nations.,
1998-067UT,55126,ORCASat?,Canada,12/29/2022,,Yes,ST/SG/SER.E/1115,,[decayed],[2023-07-11],Student training and technology demonstration,Date of launch and date of deployment provided by State of registry in ST/SG/SER.E/1115. Date of launch is date of deployment from the ISS.,Link
[1998-067UU],,?[DANTESAT],[(for Italy)],[2022-12-29],,No,,,[decayed],[2023-02-07],,Not registered with the United Nations. Date of launch is date of deployment from the ISS.,
[1998-067UR],,?[NUTSAT],[(for Taiwan Province of China)],[2022-12-29],,No,,,[decayed],[2023-04-04],,Not registered with the United Nations. Date of launch is date of deployment from the ISS.,
1998-067US,55125,LORIS?,Canada,12/29/2022,,Yes,ST/SG/SER.E/1115,,[decayed],[2023-06-03],"The cubesat LORIS will capture images of Nova Scotia, Canada and its surrounding coastline in order to perform research and development on the region?? environment and physical systems, as well as atmospheric investigation via remote sensing technology.",Date of launch and date of deployment provided by State of registry in ST/SG/SER.E/1115. Date of launch used in the Online Index is date of deployment from the ISS.,Link
2022-178A,,Shiyan 10 02?,China,12/29/2022,,Yes,ST/SG/SER.E/1123,,in orbit,,Test satellite,------,
[1998-067UW],,SPORT?,Brazil,12/29/2022,,Yes,ST/SG/SER.E/1141,,[decayed],[2023-10-11],Scientific satellite,Date of launch is date of deployment from the ISS.,
1998-067UX,,PetitSat?,USA,12/29/2022,,Yes,ST/SG/SER.E/1110,ST/SG/SER.E/1130,decayed,4/10/2023,,Date of launch is date of deployment from the ISS.,
1998-067UQ,,MARIO?,USA,12/29/2022,,Yes,ST/SG/SER.E/1110,ST/SG/SER.E/1131,decayed,5/4/2023,Spacecraft engaged in practical applications and uses of space technology such as weather or communications,Date of launch is date of deployment from the ISS.,
1998-067UV,,TJREVERB?,USA,12/29/2022,,Yes,ST/SG/SER.E/1110,ST/SG/SER.E/1146,decayed,6/13/2023,Spacecraft engaged in practical applications and uses of space technology such as weather or communications,Date of launch is date of deployment from the ISS.,
2022-177M,,Starlink 5395?,USA,12/28/2022,,Yes,ST/SG/SER.E/1096,,in orbit,,Spacecraft engaged in practical applications and uses of space technology such as weather or communications,------,
2022-177N,,Starlink 5393?,USA,12/28/2022,,Yes,ST/SG/SER.E/1096,,in orbit,,Spacecraft engaged in practical applications and uses of space technology such as weather or communications,------,
2022-177H,,Starlink 5383?,USA,12/28/2022,,Yes,ST/SG/SER.E/1096,,in orbit,,Spacecraft engaged in practical applications and uses of space technology such as weather or communications,------,
2022-177J,,Starlink 5381?,USA,12/28/2022,,Yes,ST/SG/SER.E/1096,,in orbit,,Spacecraft engaged in practical applications and uses of space technology such as weather or communications,------,
2022-177P,,Starlink 5391?,USA,12/28/2022,,Yes,ST/SG/SER.E/1096,,in orbit,,Spacecraft engaged in practical applications and uses of space technology such as weather or communications,------,
2022-177Q,,Starlink 5386?,USA,12/28/2022,,Yes,ST/SG/SER.E/1096,,in orbit,,Spacecraft engaged in practical applications and uses of space technology such as weather or communications,------,
2022-177L,,Starlink 5394?,USA,12/28/2022,,Yes,ST/SG/SER.E/1096,,in orbit,,Spacecraft engaged in practical applications and uses of space technology such as weather or communications,------,
2022-177G,,Starlink 5107?,USA,12/28/2022,,Yes,ST/SG/SER.E/1096,,in orbit,,Spacecraft engaged in practical applications and uses of space technology such as weather or communications,------,
2022-177AG,,Starlink 5087?,USA,12/28/2022,,Yes,ST/SG/SER.E/1096,,in orbit,,Spacecraft engaged in practical applications and uses of space technology such as weather or communications,------,
2022-177AK,,Starlink 5427?,USA,12/28/2022,,Yes,ST/SG/SER.E/1096,,in orbit,,Spacecraft engaged in practical applications and uses of space technology such as weather or communications,------,
2022-177AF,,Starlink 5434?,USA,12/28/2022,,Yes,ST/SG/SER.E/1096,,in orbit,,Spacecraft engaged in practical applications and uses of space technology such as weather or communications,------,
2022-177AB,,Starlink 5082?,USA,12/28/2022,,Yes,ST/SG/SER.E/1096,,in orbit,,Spacecraft engaged in practical applications and uses of space technology such as weather or communications,------,
2022-177AC,,Starlink 5360?,USA,12/28/2022,,Yes,ST/SG/SER.E/1096,,in orbit,,Spacecraft engaged in practical applications and uses of space technology such as weather or communications,------,
2022-177AD,,Starlink 5061?,USA,12/28/2022,,Yes,ST/SG/SER.E/1096,,in orbit,,Spacecraft engaged in practical applications and uses of space technology such as weather or communications,------,
2022-177AH,,Starlink 5084?,USA,12/28/2022,,Yes,ST/SG/SER.E/1096,,in orbit,,Spacecraft engaged in practical applications and uses of space technology such as weather or communications,------,
2022-177AJ,,Starlink 5418?,USA,12/28/2022,,Yes,ST/SG/SER.E/1096,,in orbit,,Spacecraft engaged in practical applications and uses of space technology such as weather or communications,------,
2022-177AE,,Starlink 5432?,USA,12/28/2022,,Yes,ST/SG/SER.E/1096,,in orbit,,Spacecraft engaged in practical applications and uses of space technology such as weather or communications,------,
2022-177BE,,Starlink 5390?,USA,12/28/2022,,Yes,ST/SG/SER.E/1096,,in orbit,,Spacecraft engaged in practical applications and uses of space technology such as weather or communications,------,
2022-177BF,,Starlink 5091?,USA,12/28/2022,,Yes,ST/SG/SER.E/1096,,in orbit,,Spacecraft engaged in practical applications and uses of space technology such as weather or communications,------,
2022-177B,,Starlink 5385?,USA,12/28/2022,,Yes,ST/SG/SER.E/1096,,in orbit,,Spacecraft engaged in practical applications and uses of space technology such as weather or communications,------,
2022-177C,,Starlink 5101?,USA,12/28/2022,,Yes,ST/SG/SER.E/1096,,in orbit,,Spacecraft engaged in practical applications and uses of space technology such as weather or communications,------,
2022-177F,,Starlink 4801?,USA,12/28/2022,,Yes,ST/SG/SER.E/1096,,in orbit,,Spacecraft engaged in practical applications and uses of space technology such as weather or communications,------,
2022-177D,,Starlink 5106?,USA,12/28/2022,,Yes,ST/SG/SER.E/1096,,in orbit,,Spacecraft engaged in practical applications and uses of space technology such as weather or communications,------,
2022-177E,,Starlink 4643?,USA,12/28/2022,,Yes,ST/SG/SER.E/1096,,in orbit,,Spacecraft engaged in practical applications and uses of space technology such as weather or communications,------,
2022-177A,,Starlink 5382?,USA,12/28/2022,,Yes,ST/SG/SER.E/1096,,in orbit,,Spacecraft engaged in practical applications and uses of space technology such as weather or communications,------,
2022-177AA,,Starlink 5388?,USA,12/28/2022,,Yes,ST/SG/SER.E/1096,,in orbit,,Spacecraft engaged in practical applications and uses of space technology such as weather or communications,------,
2022-177Y,,Starlink 5387?,USA,12/28/2022,,Yes,ST/SG/SER.E/1096,,in orbit,,Spacecraft engaged in practical applications and uses of space technology such as weather or communications,------,
2022-177S,,Starlink 5384?,USA,12/28/2022,,Yes,ST/SG/SER.E/1096,,in orbit,,Spacecraft engaged in practical applications and uses of space technology such as weather or communications,------,
2022-177U,,Starlink 5372?,USA,12/28/2022,,Yes,ST/SG/SER.E/1096,,in orbit,,Spacecraft engaged in practical applications and uses of space technology such as weather or communications,------,
2022-177W,,Starlink 5368?,USA,12/28/2022,,Yes,ST/SG/SER.E/1096,,in orbit,,Spacecraft engaged in practical applications and uses of space technology such as weather or communications,------,
2022-177Z,,Starlink 5304?,USA,12/28/2022,,Yes,ST/SG/SER.E/1096,,in orbit,,Spacecraft engaged in practical applications and uses of space technology such as weather or communications,------,
2022-177X,,Starlink 4659?,USA,12/28/2022,,Yes,ST/SG/SER.E/1096,,in orbit,,Spacecraft engaged in practical applications and uses of space technology such as weather or communications,------,
2022-177R,,Starlink 5389?,USA,12/28/2022,,Yes,ST/SG/SER.E/1096,,in orbit,,Spacecraft engaged in practical applications and uses of space technology such as weather or communications,------,
2022-177AP,,Starlink 5078?,USA,12/28/2022,,Yes,ST/SG/SER.E/1096,,in orbit,,Spacecraft engaged in practical applications and uses of space technology such as weather or communications,------,
2022-177AR,,Starlink 5409?,USA,12/28/2022,,Yes,ST/SG/SER.E/1096,,in orbit,,Spacecraft engaged in practical applications and uses of space technology such as weather or communications,------,
2022-177AN,,Starlink 5086?,USA,12/28/2022,,Yes,ST/SG/SER.E/1096,,in orbit,,Spacecraft engaged in practical applications and uses of space technology such as weather or communications,------,
2022-177AU,,Starlink 5403?,USA,12/28/2022,,Yes,ST/SG/SER.E/1096,,in orbit,,Spacecraft engaged in practical applications and uses of space technology such as weather or communications,------,
2022-177AL,,Starlink 5419?,USA,12/28/2022,,Yes,ST/SG/SER.E/1096,,in orbit,,Spacecraft engaged in practical applications and uses of space technology such as weather or communications,------,
2022-177AM,,Starlink 5416?,USA,12/28/2022,,Yes,ST/SG/SER.E/1096,,in orbit,,Spacecraft engaged in practical applications and uses of space technology such as weather or communications,------,
2022-177AQ,,Starlink 5407?,USA,12/28/2022,,Yes,ST/SG/SER.E/1096,,in orbit,,Spacecraft engaged in practical applications and uses of space technology such as weather or communications,------,
2022-177AT,,Starlink 5400?,USA,12/28/2022,,Yes,ST/SG/SER.E/1096,,in orbit,,Spacecraft engaged in practical applications and uses of space technology such as weather or communications,------,
2022-177AS,,Starlink 5406?,USA,12/28/2022,,Yes,ST/SG/SER.E/1096,,in orbit,,Spacecraft engaged in practical applications and uses of space technology such as weather or communications,------,
2022-177BA,,Starlink 5379?,USA,12/28/2022,,Yes,ST/SG/SER.E/1096,,in orbit,,Spacecraft engaged in practical applications and uses of space technology such as weather or communications,------,
2022-177AV,,Starlink 5405?,USA,12/28/2022,,Yes,ST/SG/SER.E/1096,,in orbit,,Spacecraft engaged in practical applications and uses of space technology such as weather or communications,------,
2022-177BB,,Starlink 5402?,USA,12/28/2022,,Yes,ST/SG/SER.E/1096,,in orbit,,Spacecraft engaged in practical applications and uses of space technology such as weather or communications,------,
2022-177AY,,Starlink 5398?,USA,12/28/2022,,Yes,ST/SG/SER.E/1096,,in orbit,,Spacecraft engaged in practical applications and uses of space technology such as weather or communications,------,
2022-177AZ,,Starlink 5396?,USA,12/28/2022,,Yes,ST/SG/SER.E/1096,,in orbit,,Spacecraft engaged in practical applications and uses of space technology such as weather or communications,------,
2022-177AW,,Starlink 5359?,USA,12/28/2022,,Yes,ST/SG/SER.E/1096,,in orbit,,Spacecraft engaged in practical applications and uses of space technology such as weather or communications,------,
2022-177AX,,Starlink 5411?,USA,12/28/2022,,Yes,ST/SG/SER.E/1096,,in orbit,,Spacecraft engaged in practical applications and uses of space technology such as weather or communications,------,
2022-177BD,,Starlink 5397?,USA,12/28/2022,,Yes,ST/SG/SER.E/1096,,in orbit,,Spacecraft engaged in practical applications and uses of space technology such as weather or communications,------,
2022-177K,,Starlink 5380?,USA,12/28/2022,,Yes,ST/SG/SER.E/1096,ST/SG/SER.E/1229,[deorbited],9/19/2024,Spacecraft engaged in practical applications and uses of space technology such as weather or communications,------,
2022-177BC,,Starlink 5401?,USA,12/28/2022,,Yes,ST/SG/SER.E/1096,,in orbit,,Spacecraft engaged in practical applications and uses of space technology such as weather or communications,------,
2022-177T,,Starlink 5369?,USA,12/28/2022,,Yes,ST/SG/SER.E/1096,,in orbit,,Spacecraft engaged in practical applications and uses of space technology such as weather or communications,------,
2022-177V,,Starlink 5110?,USA,12/28/2022,[------],Yes,ST/SG/SER.E/1096,ST/SG/SER.E/1216,[deorbited],6/26/2024,Spacecraft engaged in practical applications and uses of space technology such as weather or communications,------,
2022-176A,,Gaofen 11 04?,China,12/27/2022,,Yes,ST/SG/SER.E/1123,,in orbit,,Remote sensing satellite,------,
[2021-035C],,?[XW 4 (CAS 10)],[China],[2022-12-18],,No,,,[decayed],[2023-03-15],------,Not registered with the United Nations. Date of launch is date of deployment from the CSS.,
2022-152G,,Macao Student Science Education Satellite 1?,China,[2022-12-18],,Yes,ST/SG/SER.E/1123,,in orbit,,To carry out science educational activities as a radio communication test load,Date of launch is date of deployment from TIANZHOU 5 (international designator 2022-152A). International Designator provided by the State of registry.,
2022-175AW,,Starlink 5426?,USA,12/17/2022,,Yes,ST/SG/SER.E/1096,,in orbit,,Spacecraft engaged in practical applications and uses of space technology such as weather or communications,------,
2022-175AS,,Starlink 5420?,USA,12/17/2022,,Yes,ST/SG/SER.E/1096,,in orbit,,Spacecraft engaged in practical applications and uses of space technology such as weather or communications,------,
2022-175AV,,Starlink 5429?,USA,12/17/2022,,Yes,ST/SG/SER.E/1096,,in orbit,,Spacecraft engaged in practical applications and uses of space technology such as weather or communications,------,
2022-175AZ,,Starlink 5417?,USA,12/17/2022,,Yes,ST/SG/SER.E/1096,,in orbit,,Spacecraft engaged in practical applications and uses of space technology such as weather or communications,------,
2022-175BA,,Starlink 5412?,USA,12/17/2022,,Yes,ST/SG/SER.E/1096,,in orbit,,Spacecraft engaged in practical applications and uses of space technology such as weather or communications,------,
2022-175BC,,Starlink 5413?,USA,12/17/2022,,Yes,ST/SG/SER.E/1096,,in orbit,,Spacecraft engaged in practical applications and uses of space technology such as weather or communications,------,
2022-175AX,,Starlink 5430?,USA,12/17/2022,,Yes,ST/SG/SER.E/1096,,in orbit,,Spacecraft engaged in practical applications and uses of space technology such as weather or communications,------,
2022-175AY,,Starlink 5422?,USA,12/17/2022,,Yes,ST/SG/SER.E/1096,,in orbit,,Spacecraft engaged in practical applications and uses of space technology such as weather or communications,------,
2022-175BB,,Starlink 5410?,USA,12/17/2022,,Yes,ST/SG/SER.E/1096,,in orbit,,Spacecraft engaged in practical applications and uses of space technology such as weather or communications,------,
2022-175BE,,Starlink 5408?,USA,12/17/2022,,Yes,ST/SG/SER.E/1096,,in orbit,,Spacecraft engaged in practical applications and uses of space technology such as weather or communications,------,
2022-175G,,Starlink 5458?,USA,12/17/2022,,Yes,ST/SG/SER.E/1096,,in orbit,,Spacecraft engaged in practical applications and uses of space technology such as weather or communications,------,
2022-175B,,Starlink 5215?,USA,12/17/2022,,Yes,ST/SG/SER.E/1096,,in orbit,,Spacecraft engaged in practical applications and uses of space technology such as weather or communications,------,
2022-175E,,Starlink 5214?,USA,12/17/2022,,Yes,ST/SG/SER.E/1096,,in orbit,,Spacecraft engaged in practical applications and uses of space technology such as weather or communications,------,
2022-175D,,Starlink 5202?,USA,12/17/2022,,Yes,ST/SG/SER.E/1096,,in orbit,,Spacecraft engaged in practical applications and uses of space technology such as weather or communications,------,
2022-175A,,Starlink 5464?,USA,12/17/2022,,Yes,ST/SG/SER.E/1096,,in orbit,,Spacecraft engaged in practical applications and uses of space technology such as weather or communications,------,
2022-175C,,Starlink 5220?,USA,12/17/2022,,Yes,ST/SG/SER.E/1096,,in orbit,,Spacecraft engaged in practical applications and uses of space technology such as weather or communications,------,
2022-175AB,,Starlink 5439?,USA,12/17/2022,,Yes,ST/SG/SER.E/1096,,in orbit,,Spacecraft engaged in practical applications and uses of space technology such as weather or communications,------,
2022-175X,,Starlink 5447?,USA,12/17/2022,,Yes,ST/SG/SER.E/1096,,in orbit,,Spacecraft engaged in practical applications and uses of space technology such as weather or communications,------,
2022-175T,,Starlink 5465?,USA,12/17/2022,,Yes,ST/SG/SER.E/1096,,in orbit,,Spacecraft engaged in practical applications and uses of space technology such as weather or communications,------,
2022-175U,,Starlink 5470?,USA,12/17/2022,,Yes,ST/SG/SER.E/1096,,in orbit,,Spacecraft engaged in practical applications and uses of space technology such as weather or communications,------,
2022-175V,,Starlink 5468?,USA,12/17/2022,,Yes,ST/SG/SER.E/1096,,in orbit,,Spacecraft engaged in practical applications and uses of space technology such as weather or communications,------,
2022-175W,,Starlink 5450?,USA,12/17/2022,,Yes,ST/SG/SER.E/1096,,in orbit,,Spacecraft engaged in practical applications and uses of space technology such as weather or communications,------,
2022-175Y,,Starlink 5449?,USA,12/17/2022,,Yes,ST/SG/SER.E/1096,,in orbit,,Spacecraft engaged in practical applications and uses of space technology such as weather or communications,------,
2022-175Z,,Starlink 5443?,USA,12/17/2022,,Yes,ST/SG/SER.E/1096,,in orbit,,Spacecraft engaged in practical applications and uses of space technology such as weather or communications,------,
2022-175AT,,Starlink 5421?,USA,12/17/2022,,Yes,ST/SG/SER.E/1096,,in orbit,,Spacecraft engaged in practical applications and uses of space technology such as weather or communications,------,
2022-175AQ,,Starlink 5415?,USA,12/17/2022,,Yes,ST/SG/SER.E/1096,,in orbit,,Spacecraft engaged in practical applications and uses of space technology such as weather or communications,------,
2022-175AU,,Starlink 5428?,USA,12/17/2022,,Yes,ST/SG/SER.E/1096,,in orbit,,Spacecraft engaged in practical applications and uses of space technology such as weather or communications,------,
2022-175AP,,Starlink 5436?,USA,12/17/2022,,Yes,ST/SG/SER.E/1096,,in orbit,,Spacecraft engaged in practical applications and uses of space technology such as weather or communications,------,
2022-175Q,,Starlink 5452?,USA,12/17/2022,,Yes,ST/SG/SER.E/1096,,in orbit,,Spacecraft engaged in practical applications and uses of space technology such as weather or communications,------,
2022-175N,,Starlink 5448?,USA,12/17/2022,,Yes,ST/SG/SER.E/1096,,in orbit,,Spacecraft engaged in practical applications and uses of space technology such as weather or communications,------,
2022-175R,,Starlink 5453?,USA,12/17/2022,,Yes,ST/SG/SER.E/1096,,in orbit,,Spacecraft engaged in practical applications and uses of space technology such as weather or communications,------,
2022-175J,,Starlink 5471?,USA,12/17/2022,,Yes,ST/SG/SER.E/1096,,in orbit,,Spacecraft engaged in practical applications and uses of space technology such as weather or communications,------,
2022-175K,,Starlink 5472?,USA,12/17/2022,,Yes,ST/SG/SER.E/1096,,in orbit,,Spacecraft engaged in practical applications and uses of space technology such as weather or communications,------,
2022-175L,,Starlink 5444?,USA,12/17/2022,,Yes,ST/SG/SER.E/1096,,in orbit,,Spacecraft engaged in practical applications and uses of space technology such as weather or communications,------,
2022-175P,,Starlink 5451?,USA,12/17/2022,,Yes,ST/SG/SER.E/1096,,in orbit,,Spacecraft engaged in practical applications and uses of space technology such as weather or communications,------,
2022-175S,,Starlink 5454?,USA,12/17/2022,,Yes,ST/SG/SER.E/1096,,in orbit,,Spacecraft engaged in practical applications and uses of space technology such as weather or communications,------,
2022-175AC,,Starlink 5442?,USA,12/17/2022,,Yes,ST/SG/SER.E/1096,,in orbit,,Spacecraft engaged in practical applications and uses of space technology such as weather or communications,------,
2022-175AD,,Starlink 5440?,USA,12/17/2022,,Yes,ST/SG/SER.E/1096,,in orbit,,Spacecraft engaged in practical applications and uses of space technology such as weather or communications,------,
2022-175AG,,Starlink 5399?,USA,12/17/2022,,Yes,ST/SG/SER.E/1096,,in orbit,,Spacecraft engaged in practical applications and uses of space technology such as weather or communications,------,
2022-175AJ,,Starlink 5445?,USA,12/17/2022,,Yes,ST/SG/SER.E/1096,,in orbit,,Spacecraft engaged in practical applications and uses of space technology such as weather or communications,------,
2022-175AL,,Starlink 5431?,USA,12/17/2022,,Yes,ST/SG/SER.E/1096,,in orbit,,Spacecraft engaged in practical applications and uses of space technology such as weather or communications,------,
2022-175AF,,Starlink 5441?,USA,12/17/2022,,Yes,ST/SG/SER.E/1096,,in orbit,,Spacecraft engaged in practical applications and uses of space technology such as weather or communications,------,
2022-175AK,,Starlink 5425?,USA,12/17/2022,,Yes,ST/SG/SER.E/1096,,in orbit,,Spacecraft engaged in practical applications and uses of space technology such as weather or communications,------,
2022-175BD,,Starlink 5414?,USA,12/17/2022,,Yes,ST/SG/SER.E/1096,,in orbit,,Spacecraft engaged in practical applications and uses of space technology such as weather or communications,------,
2022-175BF,,Starlink 5424?,USA,12/17/2022,,Yes,ST/SG/SER.E/1096,,in orbit,,Spacecraft engaged in practical applications and uses of space technology such as weather or communications,------,
2022-175F,,Starlink 5191?,USA,12/17/2022,,Yes,ST/SG/SER.E/1096,,in orbit,,Spacecraft engaged in practical applications and uses of space technology such as weather or communications,------,
2022-175AE,,Starlink 5438?,USA,12/17/2022,,Yes,ST/SG/SER.E/1096,ST/SG/SER.E/1227,[deorbited],8/18/2024,Spacecraft engaged in practical applications and uses of space technology such as weather or communications,------,
2022-175AH,,Starlink 5446?,USA,12/17/2022,,Yes,ST/SG/SER.E/1096,,in orbit,,Spacecraft engaged in practical applications and uses of space technology such as weather or communications,------,
2022-175AM,,Starlink 5433?,USA,12/17/2022,,Yes,ST/SG/SER.E/1096,,in orbit,,Spacecraft engaged in practical applications and uses of space technology such as weather or communications,------,
2022-175AR,,Starlink 5435?,USA,12/17/2022,,Yes,ST/SG/SER.E/1096,,in orbit,,Spacecraft engaged in practical applications and uses of space technology such as weather or communications,------,
2022-175M,,Starlink 5404?,USA,12/17/2022,,Yes,ST/SG/SER.E/1096,ST/SG/SER.E/1270,[deorbited],1/4/2025,Spacecraft engaged in practical applications and uses of space technology such as weather or communications,------,
2022-175H,,Starlink 5466?,USA,12/17/2022,,Yes,ST/SG/SER.E/1096,ST/SG/SER.E/1270,[deorbited],1/9/2025,Spacecraft engaged in practical applications and uses of space technology such as weather or communications,------,
2022-175AN,,Starlink 5392?,USA,12/17/2022,,Yes,ST/SG/SER.E/1096,ST/SG/SER.E/1290,[deorbited],4/18/2025,Spacecraft engaged in practical applications and uses of space technology such as weather or communications,------,
2022-175AA,,Starlink 5437?,USA,12/17/2022,,Yes,ST/SG/SER.E/1096,ST/SG/SER.E/1249,[deorbited],12/12/2024,Spacecraft engaged in practical applications and uses of space technology such as weather or communications,------,
2022-173A,,SWOT?,France,12/16/2022,,Yes,ST/SG/SER.E/1113,,in orbit,,Earth observation satellite,------,
2022-172A,,Shiyan 21?,China,12/16/2022,,Yes,ST/SG/SER.E/1123,,in orbit,,Test satellite,------,
2022-174A,54755,MP01 (O3b mPOWER F1)?,United Kingdom,12/16/2022,,Yes,ST/SG/SER.E/1092,ST/SG/SER.E/1264,in orbit,,"MP01 will extend the MEO Ka-band services of SES, increasing capabilities such as flexibility, performance and scale, which will, in turn, expand the scope of bandwidth-intensive network services and applications. System-wide innovations will provide uncontended multi-gigabit links to deliver high-bandwidth services, offering differentiated services at cloud scale.",State of registry notes in ST/SG/SER.E/1264 that Astra (GB) Limited have taken ownership of satellites previously operated by O3b Limited.,
2022-174B,54756,MP02 (O3b mPOWER F2)?,United Kingdom,12/16/2022,,Yes,ST/SG/SER.E/1092,ST/SG/SER.E/1264,in orbit,,"MP02 will extend the MEO Ka-band services of SES, increasing capabilities such as flexibility, performance and scale, which will, in turn, expand the scope of bandwidth-intensive network services and applications. System-wide innovations will provide uncontended multi-gigabit links to deliver high-bandwidth services, offering differentiated services at cloud scale.",State of registry notes in ST/SG/SER.E/1264 that Astra (GB) Limited have taken ownership of satellites previously operated by O3b Limited.,
2022-171E,,Yaogan 36 Group-04 Satellite-C (Yaogan-36-C 04)?,China,12/14/2022,,Yes,ST/SG/SER.E/1123,,in orbit,,Remote sensing satellite,------,
2022-171C,,Yaogan 36 Group-04 Satellite-B (Yaogan-36-B 04)?,China,12/14/2022,,Yes,ST/SG/SER.E/1123,,in orbit,,,------,
2022-171A,,Yaogan 36 Group-04 Satellite-A (Yaogan-36-A 04)?,China,12/14/2022,,Yes,ST/SG/SER.E/1123,,in orbit,,Remote sensing satellite,------,
2022-170A,,Galaxy 35?,USA,12/13/2022,[-095.0 degrees East],Yes,ST/SG/SER.E/1096,,in GSO,,Spacecraft engaged in practical applications and uses of space technology such as weather or communications,------,
2022-170B,,Galaxy 36?,USA,12/13/2022,[-089.0 degrees East],Yes,ST/SG/SER.E/1096,,in GSO,,Spacecraft engaged in practical applications and uses of space technology such as weather or communications,------,
2022-170C,,METEOSAT 12 (MTG-I1)?,EUMETSAT,12/13/2022,-000.0?0.3 degrees East,Yes,ST/SG/SER.E/1098,,in GSO,,Meteorological Earth observation and climate monitoring,Geostationary position for commissioning and routine operations provided by the State of registry in ST/SG/SER.E/1098.,
2022-169A,,Shiyan 20 A?,China,12/12/2022,,Yes,ST/SG/SER.E/1123,,in orbit,,Test satellite,------,
2022-169B,,Shiyan 20 B?,China,12/12/2022,,Yes,ST/SG/SER.E/1123,,in orbit,,Test satellite,------,
2022-168B,,Lunar Flashlight?,USA,12/11/2022,,Yes,ST/SG/SER.E/1096,,heliocentric,,Spacecraft engaged in practical applications and uses of space technology such as weather or communications,------,
[2022-168*],,?[RASHID LUNAR ROVER],[(for United Arab Emirates)],[2022-12-11],,No,,,[on Moon],[2023-04-25],------,Not registered with the United Nations. International designator not assigned. Space object reported to have impacted the Moon with HAKUTO-R (2022-168A).,
2022-168A,,HAKUTO-R Mission 1 Lunar Lander?[(HAKUTO R-M1)],Japan,12/11/2022,,Yes,ST/SG/SER.E/1132,,on Moon,4/25/2023,"The main functions are to perform soft landing on the lunar surface, and to transport payloads including customer rover and static payloads","State of registry notes that space object crashed on the Moon at lat. 47.55 deg N, long. 44.38 deg E in ST/SG/SER.E/1132.",Link
[2022-167*],,?[GOLDEN BAUHINIA 1-05],[China],[2022-12-09],,No,,,[in orbit],,------,Not registered with the United Nations. International Designator pending assignment.,
[2022-167*],,?[GOLDEN BAUHINIA 1-0],[China],[2022-12-09],,No,,,[in orbit],,------,Not registered with the United Nations. International Designator pending assignment.,
[2022-167*],,?[TIANQI 7],[China],[2022-12-09],,No,,,[in orbit],,------,Not registered with the United Nations. International Designator pending assignment.,
[2022-167*],,?[TORCH 1],[China],[2022-12-09],,No,,,[in orbit],,------,Not registered with the United Nations. International Designator pending assignment.,
2022-167K,,"Jiaotong 5 (Head-2H, (Hede-2H)?",China,12/9/2022,,Yes,ST/SG/SER.E/1123,,in orbit,,"To receive ADS-B messages, VDES messages, DCS messages, remote sensing images",------,
2022-167N,,Jilin 1 Gaofen 03D49?,China,12/9/2022,,Yes,ST/SG/SER.E/1123,,in orbit,,Remote sensing imagery of the Earth,------,
2022-167P,,Jilin 1 Gaofen 03D48?,China,12/9/2022,,Yes,ST/SG/SER.E/1123,,in orbit,,Remote sensing imagery of the Earth,------,
2022-167Q,,Jilin-1 Pingtai 01A01?,China,12/9/2022,,Yes,ST/SG/SER.E/1123,,in orbit,,Remote sensing imagery of the Earth,------,
2022-167L,,Jilin 1 Gaofen 03D47?,China,12/9/2022,,Yes,ST/SG/SER.E/1123,,in orbit,,Remote sensing imagery of the Earth,------,
2022-167J,,Jilin-1 Gaofen 03D50?,China,12/9/2022,,Yes,ST/SG/SER.E/1123,,in orbit,,Remote sensing imagery of the Earth,------,
2022-167D,,Dongpo 09?,China,12/9/2022,,Yes,ST/SG/SER.E/1123,,in orbit,,Remote sensing imagery of the Earth,------,
2022-167E,,Dongpo 08?,China,12/9/2022,,Yes,ST/SG/SER.E/1123,,in orbit,,Remote sensing imagery of the Earth,------,
2022-167H,,Dongpo 10?,China,12/9/2022,,Yes,ST/SG/SER.E/1123,,in orbit,,Remote sensing imagery of the Earth,------,
[2022-167*],,?[CAS 5A],[China],[2022-12-09],,No,,,[in orbit],,------,Not registered with the United Nations. International Designator pending assignment.,
2022-166B,54643,OWLID00466 (SL0528)?[ONEWEB 0528],United Kingdom,12/8/2022,,Yes,ST/SG/SER.E/1088,,in orbit,,Communications satellite,State of registry notes that given Basic Orbital Parameters are for the intended final orbit which should be achieved by 23 April 2023.,Link
2022-166D,54645,OWLID00468 (SL0540)?[ONEWEB 0539],United Kingdom,12/8/2022,,Yes,ST/SG/SER.E/1088,,in orbit,,Communications satellite,State of registry notes that given Basic Orbital Parameters are for the intended final orbit which should be achieved by 23 April 2023.,Link
2022-166E,54646,OWLID00469 (SL0542)?[ONEWEB 0542],United Kingdom,12/8/2022,,Yes,ST/SG/SER.E/1088,,in orbit,,Communications satellite,State of registry notes that given Basic Orbital Parameters are for the intended final orbit which should be achieved by 23 April 2023.,Link
2022-166C,54644,OWLID00467 (SL0539)?[ONEWEB 0539],United Kingdom,12/8/2022,,Yes,ST/SG/SER.E/1088,,in orbit,,Communications satellite,State of registry notes that given Basic Orbital Parameters are for the intended final orbit which should be achieved by 23 April 2023.,Link
2022-166A,54642,OWLID00465 (SL0527)?[ONEWEB 0527],United Kingdom,12/8/2022,,Yes,ST/SG/SER.E/1088,,in orbit,,Communications satellite,State of registry notes that given Basic Orbital Parameters are for the intended final orbit which should be achieved by 23 April 2023.,Link
2022-166P,54655,OWLID00478 (SL0589)?[ONEWEB 0589],United Kingdom,12/8/2022,,Yes,ST/SG/SER.E/1088,,in orbit,,Communications satellite,State of registry notes that given Basic Orbital Parameters are for the intended final orbit which should be achieved by 23 April 2023.,Link
2022-166F,54647,OWLID00470 (SL0545)?[ONEWEB 0545],United Kingdom,12/8/2022,,Yes,ST/SG/SER.E/1088,,in orbit,,Communications satellite,State of registry notes that given Basic Orbital Parameters are for the intended final orbit which should be achieved by 23 April 2023.,Link
2022-166G,54648,OWLID00471 (SL0580)?[ONEWEB 0580],United Kingdom,12/8/2022,,Yes,ST/SG/SER.E/1088,,in orbit,,Communications satellite,State of registry notes that given Basic Orbital Parameters are for the intended final orbit which should be achieved by 23 April 2023.,Link
2022-166H,54649,OWLID00472 (SL0582)?[ONEWEB 0582],United Kingdom,12/8/2022,,Yes,ST/SG/SER.E/1088,,in orbit,,Communications satellite,State of registry notes that given Basic Orbital Parameters are for the intended final orbit which should be achieved by 23 April 2023.,Link
2022-166J,54650,OWLID00473 (SL0583)?[ONEWEB 0583],United Kingdom,12/8/2022,,Yes,ST/SG/SER.E/1088,,in orbit,,Communications satellite,State of registry notes that given Basic Orbital Parameters are for the intended final orbit which should be achieved by 23 April 2023.,Link
2022-166K,54651,OWLID00474 (SL0584)?[ONEWEB 0583],United Kingdom,12/8/2022,,Yes,ST/SG/SER.E/1088,,in orbit,,Communications satellite,State of registry notes that given Basic Orbital Parameters are for the intended final orbit which should be achieved by 23 April 2023.,Link
2022-166L,54652,OWLID00475 (SL0585)?[ONEWEB 0585],United Kingdom,12/8/2022,,Yes,ST/SG/SER.E/1088,,in orbit,,Communications satellite,State of registry notes that given Basic Orbital Parameters are for the intended final orbit which should be achieved by 23 April 2023.,Link
2022-166M,54653,OWLID00476 (SL0586)?[ONEWEB 0586],United Kingdom,12/8/2022,,Yes,ST/SG/SER.E/1088,,in orbit,,Communications satellite,State of registry notes that given Basic Orbital Parameters are for the intended final orbit which should be achieved by 23 April 2023.,Link
2022-166N,54654,OWLID00477 (SL0587)?[ONEWEB 0587],United Kingdom,12/8/2022,,Yes,ST/SG/SER.E/1088,,in orbit,,Communications satellite,State of registry notes that given Basic Orbital Parameters are for the intended final orbit which should be achieved by 23 April 2023.,Link
2022-166AP,54679,OWLID00502 (SL0685)?[ONEWEB 0685],United Kingdom,12/8/2022,,Yes,ST/SG/SER.E/1088,,in orbit,,Communications satellite,State of registry notes that given Basic Orbital Parameters are for the intended final orbit which should be achieved by 23 April 2023.,Link
2022-166AL,54676,OWLID00499 (SL0615)?[ONEWEB 0615],United Kingdom,12/8/2022,,Yes,ST/SG/SER.E/1088,,in orbit,,Communications satellite,State of registry notes that given Basic Orbital Parameters are for the intended final orbit which should be achieved by 23 April 2023.,Link
2022-166AK,54675,OWLID00498 (SL0612)?[ONEWEB 0612],United Kingdom,12/8/2022,,Yes,ST/SG/SER.E/1088,,in orbit,,Communications satellite,State of registry notes that given Basic Orbital Parameters are for the intended final orbit which should be achieved by 23 April 2023.,Link
2022-166AJ,54674,OWLID00497 (SL0611)?[ONEWEB 0611],United Kingdom,12/8/2022,,Yes,ST/SG/SER.E/1088,,in orbit,,Communications satellite,State of registry notes that given Basic Orbital Parameters are for the intended final orbit which should be achieved by 23 April 2023.,Link
2022-166AM,54677,OWLID00500 (SL0655)?[ONEWEB 0655],United Kingdom,12/8/2022,,Yes,ST/SG/SER.E/1088,,in orbit,,Communications satellite,State of registry notes that given Basic Orbital Parameters are for the intended final orbit which should be achieved by 23 April 2023.,Link
2022-166AR,54681,OWLID00504 (SL0714)?[ONEWEB 0714],United Kingdom,12/8/2022,,Yes,ST/SG/SER.E/1088,,in orbit,,Communications satellite,State of registry notes that given Basic Orbital Parameters are for the intended final orbit which should be achieved by 23 April 2023.,Link
2022-166AN,54678,OWLID00501 (SL0659)?[ONEWEB 0659],United Kingdom,12/8/2022,,Yes,ST/SG/SER.E/1088,,in orbit,,Communications satellite,State of registry notes that given Basic Orbital Parameters are for the intended final orbit which should be achieved by 23 April 2023.,Link
2022-166AQ,54680,OWLID00503 (SL0712)?[ONEWEB 0712],United Kingdom,12/8/2022,,Yes,ST/SG/SER.E/1088,,in orbit,,Communications satellite,State of registry notes that given Basic Orbital Parameters are for the intended final orbit which should be achieved by 23 April 2023.,Link
2022-166AG,54672,OWLID00495 (SL0608)?[ONEWEB 0608],United Kingdom,12/8/2022,,Yes,ST/SG/SER.E/1088,,in orbit,,Communications satellite,State of registry notes that given Basic Orbital Parameters are for the intended final orbit which should be achieved by 23 April 2023.,Link
2022-166AH,54673,OWLID00496 (SL0610)?[ONEWEB 0610],United Kingdom,12/8/2022,,Yes,ST/SG/SER.E/1088,,in orbit,,Communications satellite,State of registry notes that given Basic Orbital Parameters are for the intended final orbit which should be achieved by 23 April 2023.,Link
2022-166AB,54667,OWLID00490 (SL0603)?[ONEWEB 0603],United Kingdom,12/8/2022,,Yes,ST/SG/SER.E/1088,,in orbit,,Communications satellite,State of registry notes that given Basic Orbital Parameters are for the intended final orbit which should be achieved by 23 April 2023.,Link
2022-166AA,54666,OWLID00489 (SL0602)?[ONEWEB 0602],United Kingdom,12/8/2022,,Yes,ST/SG/SER.E/1088,,in orbit,,Communications satellite,State of registry notes that given Basic Orbital Parameters are for the intended final orbit which should be achieved by 23 April 2023.,Link
2022-166AF,54671,OWLID00494 (SL0607)?[ONEWEB 0607],United Kingdom,12/8/2022,,Yes,ST/SG/SER.E/1088,,in orbit,,Communications satellite,State of registry notes that given Basic Orbital Parameters are for the intended final orbit which should be achieved by 23 April 2023.,Link
2022-166AC,54668,OWLID00491 (SL0604)?[ONEWEB 0604],United Kingdom,12/8/2022,,Yes,ST/SG/SER.E/1088,,in orbit,,Communications satellite,State of registry notes that given Basic Orbital Parameters are for the intended final orbit which should be achieved by 23 April 2023.,Link
2022-166AD,54669,OWLID00492 (SL0605)?[ONEWEB 0605],United Kingdom,12/8/2022,,Yes,ST/SG/SER.E/1088,,in orbit,,Communications satellite,State of registry notes that given Basic Orbital Parameters are for the intended final orbit which should be achieved by 23 April 2023.,Link
2022-166AE,54670,OWLID00493 (SL0606)?[ONEWEB 0606],United Kingdom,12/8/2022,,Yes,ST/SG/SER.E/1088,,in orbit,,Communications satellite,State of registry notes that given Basic Orbital Parameters are for the intended final orbit which should be achieved by 23 April 2023.,Link
2022-166Z,54665,OWLID00488 (SL0601)?[ONEWEB 0601],United Kingdom,12/8/2022,,Yes,ST/SG/SER.E/1088,,in orbit,,Communications satellite,State of registry notes that given Basic Orbital Parameters are for the intended final orbit which should be achieved by 23 April 2023.,Link
2022-166X,54663,OWLID00486 (SL0597)?[ONEWEB 0597],United Kingdom,12/8/2022,,Yes,ST/SG/SER.E/1088,,in orbit,,Communications satellite,State of registry notes that given Basic Orbital Parameters are for the intended final orbit which should be achieved by 23 April 2023.,Link
2022-166Y,54664,OWLID00487 (SL0600)?[ONEWEB 0600],United Kingdom,12/8/2022,,Yes,ST/SG/SER.E/1088,,in orbit,,Communications satellite,State of registry notes that given Basic Orbital Parameters are for the intended final orbit which should be achieved by 23 April 2023.,Link
2022-166Q,54656,OWLID00479 (SL0590)?[ONEWEB 0590],United Kingdom,12/8/2022,,Yes,ST/SG/SER.E/1088,,in orbit,,Communications satellite,State of registry notes that given Basic Orbital Parameters are for the intended final orbit which should be achieved by 23 April 2023.,Link
2022-166S,54658,OWLID00481 (SL0592)?[ONEWEB 0592],United Kingdom,12/8/2022,,Yes,ST/SG/SER.E/1088,,in orbit,,Communications satellite,State of registry notes that given Basic Orbital Parameters are for the intended final orbit which should be achieved by 23 April 2023.,Link
2022-166T,54659,OWLID00482 (SL0593)?[ONEWEB 0593],United Kingdom,12/8/2022,,Yes,ST/SG/SER.E/1088,,in orbit,,Communications satellite,State of registry notes that given Basic Orbital Parameters are for the intended final orbit which should be achieved by 23 April 2023.,Link
2022-166U,54660,OWLID00483 (SL0594)?[ONEWEB 0594],United Kingdom,12/8/2022,,Yes,ST/SG/SER.E/1088,,in orbit,,Communications satellite,State of registry notes that given Basic Orbital Parameters are for the intended final orbit which should be achieved by 23 April 2023.,Link
2022-166V,54661,OWLID00484 (SL0595)?[ONEWEB 0595],United Kingdom,12/8/2022,,Yes,ST/SG/SER.E/1088,,in orbit,,Communications satellite,State of registry notes that given Basic Orbital Parameters are for the intended final orbit which should be achieved by 23 April 2023.,Link
2022-166W,54662,OWLID00485 (SL0596)?[ONEWEB 0596],United Kingdom,12/8/2022,,Yes,ST/SG/SER.E/1088,,in orbit,,Communications satellite,State of registry notes that given Basic Orbital Parameters are for the intended final orbit which should be achieved by 23 April 2023.,Link
2022-166R,54657,OWLID00480 (SL0591)?[ONEWEB 0591],United Kingdom,12/8/2022,,Yes,ST/SG/SER.E/1088,,in orbit,,Communications satellite,State of registry notes that given Basic Orbital Parameters are for the intended final orbit which should be achieved by 23 April 2023.,Link
2022-165A,,"Hyperspectral Comprehensive Observation Satellite (Gaoguangpu Zonghe Guance Weixing, GF-5(01A))?[(GAOFEN 5-01A)]",China,12/8/2022,,Yes,ST/SG/SER.E/1123,,in orbit,,"The hyperspectral integrated observation satellite operates in a sun-synchronous recursive orbit with a local time of the ascending node at 1330 hours. It has the ability to obtain hyperspectral remote sensing data for wavelengths ranging from ultraviolet to long-wave infrared, and is used mainly for environmental quality regulation, atmospheric composition monitoring, natural resource mapping, climate change research, etc.",------,
2022-164A,,Jiaotong VDES Test Satellite (JT VDES)?,China,12/7/2022,,Yes,ST/SG/SER.E/1123,,in orbit,,"VDES technology verification and testing, and ship Automatic Identification System (AIS) signals detection",------,
[2022-163C],3630-2022-022,Cosmos 2566?,Russian Federation,12/3/2022,,Yes,ST/SG/SER.E/1090,,in orbit,,Intended for assignments on behalf of the Ministry of Defence of the Russian Federation,Date of launch is date of deployment from Cosmos-2565 (international designator 2022-163A).,
1998-067UL,,TAKA?,Japan,12/2/2022,,Yes,ST/SG/SER.E/1132,ST/SG/SER.E/1132,decayed,5/16/2023,1. Automatic Packet Reporting System (APRS) -digipeater demonstration on a cubesat 2. Demonstration of ground data acquisition using store-and-forward 3. Demonstration of a mobile phone application displaying BIRDS satellite data 4. Measurement of high-energy electrons precipitation in the radiation belt 5. Demonstration of attitude visualization of the satellite 6. Demonstration of image classification programme by machine learning algorithms 7. Demonstration of land use and cover by commercial off-the-shelf (COTS) multi-spectrum camera 8. Demonstration of water quality evaluation of dams and lakes by COTS multi-spectrum camera 9. Demonstration of analysis of soil nitrogen / fertility levels by COTS multi-spectrum camera,State of registry notes that space object was no longer functional as of 20 April 2023 1200 UTC in ST/SG/SER.E/1132. Date of launch is date of deployment from the ISS.,Link
[1998-067UM],,PearlAfricaSat 1?,Uganda,[2022-12-02],,Yes,A/AC.105/INF/456,,[decayed],[2023-04-25],"The PearlAfricaSat-1 was specifically designed to provide research and observation data that will provide solutions in weather forecasting, land, water bodies and mineral mapping, agriculture monitoring, disaster prevention, infrastructure planning, and border security",International Designator pending assignment. Date of launch is date of deployment from the ISS.,
1998-067UP,,SpaceTuna1?,Japan,12/2/2022,,Yes,ST/SG/SER.E/1240,,decayed,5/13/2025,(1) Measuring the basic reflective characteristics of retroreflective material sheets mounted on the satellite by irradiating the sheets with a laser from the ground. (2) Orbit tracking by ground-based telescopes through the observation of pulsed blue light emitting diodes (LEDs) on board the satellite.,The registration submission for this space object is presently being processed by the United Nations Secretariat. International Designator provided by State of registry. Date of launch is date of deployment from the ISS.,Link
[1998-067UP],,?[ZIMSAT 1],[(for Zimbabwe)],[2022-12-02],,No,,,[decayed],[2023-05-16],,Not registered with the United Nations. Date of launch is date of deployment from the ISS.,
[2022-163A],3629-2022-021,Cosmos 2565?,Russian Federation,11/30/2022,,Yes,ST/SG/SER.E/1090,,in orbit,,Intended for assignments on behalf of the Ministry of Defence of the Russian Federation,------,
2022-162A,,Shenzhou 15?[(SZ-15)],China,11/29/2022,,Yes,ST/SG/SER.E/1123,,[recovered],[2023-06-03],Crewed spacecraft,------,
[2022-161A],3628-2022-020,Cosmos 2564?[(GLONASS)],Russian Federation,11/28/2022,,Yes,ST/SG/SER.E/1087,,in orbit,,Work as part of the Global Navigation Satellite System (GLONASS),------,
2022-160A,,Yaogan 36 Group-03 Satellite-A (Yaogan-36-A 03)?,China,11/27/2022,,Yes,ST/SG/SER.E/1123,,in orbit,,Remote sensing satellite,------,
2022-160C,,Yaogan 36 Group-03 Satellite-A (Yaogan-36-A 03)?,China,11/27/2022,,Yes,ST/SG/SER.E/1123,,in orbit,,Remote sensing satellite,------,
2022-160E,,Yaogan 36 Group-03 Satellite-C (Yaogan-36-C 03)?,China,11/27/2022,,Yes,ST/SG/SER.E/1123,,in orbit,,Remote sensing satellite,------,
2022-158A,,EOS 6?,India,11/26/2022,,Yes,ST/SG/SER.E/1120,,in orbit,,Earth observation satellite mainly for oceanographic applications,------,
2022-159A,,Dragon CRS-26?,USA,11/26/2022,,Yes,ST/SG/SER.E/1091,ST/SG/SER.E/1110,[recovered],1/11/2023,Reusable space transportation systems,------,
[2022-158K],,?[ASTROCAST 0301],[(for Switzerland)],[2022-11-26],,No,,,[in orbit],,------,Not registered with the United Nations.,
[2022-158J],,?[ASTROCAST 0302],[(for Switzerland)],[2022-11-26],,No,,,[in orbit],,------,Not registered with the United Nations.,
[2022-158H],,?[ASTROCAST 0303],[(for Switzerland)],[2022-11-26],,No,,,[in orbit],,------,Not registered with the United Nations.,
[2022-158G],,?[ASTROCAST 0304],[(for Switzerland)],[2022-11-26],,No,,,[in orbit],,------,Not registered with the United Nations.,
2022-158C,,Thybolt 1?,India,11/26/2022,,Yes,ST/SG/SER.E/1120,ST/SG/SER.E/1323,decayed,5/20/2024,Developed by India Dhruva Space Private Limited for in-orbit demonstration of amateur radio communication capabilities,------,
[2022-158F],,?[ANAND],[India],[2022-11-26],,No,,,[decayed],[2024-09-21],------,Not registered with the United Nations.,
2022-158D,,Thybolt 2?,India,11/26/2022,[------],Yes,ST/SG/SER.E/1120,ST/SG/SER.E/1323,decayed,5/24/2024,Developed by India Dhruva Space Private Limited for in-orbit demonstration of amateur radio communication capabilities,Name amended in ST/SG/SER.E/1323.,
2022-158E,,INS 2B?,India,11/26/2022,[------],Yes,ST/SG/SER.E/1120,ST/SG/SER.E/1323,decayed,6/13/2024,"A nanosatellite launched as a joint India-Bhutan venture, carrying payload for multispectral optical imaging and a digipeater",------,
2022-157A,,EUTELSAT 10B?,France,11/23/2022,+010.0 degrees East,Yes,ST/SG/SER.E/1113,,in GSO,,Telecommunications satellite,------,
2022-156L,,Miles?[TEAM MILES],USA,11/16/2022,,Yes,ST/SG/SER.E/1116,,heliocentric,,Spacecraft engaged in practical applications and uses of space technology such as weather or communications,------,
2022-156C,,Lunar Ice Cube?,USA,11/16/2022,,Yes,ST/SG/SER.E/1116,,selenocentric,,Spacecraft engaged in practical applications and uses of space technology such as weather or communications,------,
2022-156H,,NEA Scout?,USA,11/16/2022,,Yes,ST/SG/SER.E/1116,,heliocentric,,Spacecraft engaged in practical applications and uses of space technology such as weather or communications,------,
2022-156J,,LunaH Map?,USA,11/16/2022,,Yes,ST/SG/SER.E/1116,,selenocentric,,Spacecraft engaged in practical applications and uses of space technology such as weather or communications,------,
2022-156K,,LunIR?,USA,11/16/2022,,Yes,ST/SG/SER.E/1116,,selenocentric,,Spacecraft engaged in practical applications and uses of space technology such as weather or communications,------,
2022-156M,,CuSP?,USA,11/16/2022,,Yes,ST/SG/SER.E/1116,,selenocentric,,Spacecraft engaged in practical applications and uses of space technology such as weather or communications,------,
2022-156F,,BioSentinel?,USA,11/16/2022,,Yes,ST/SG/SER.E/1116,,heliocentric,,Spacecraft engaged in practical applications and uses of space technology such as weather or communications,------,
2022-156A,,Orion?[ARTEMIS 1],USA,11/16/2022,,Yes,ST/SG/SER.E/1091,ST/SG/SER.E/1096,[recovered],12/11/2022,Reusable space transportation systems,------,
2022-155A,,Jilin 1 Gaofen 03D08?,China,11/16/2022,,Yes,ST/SG/SER.E/1123,,in orbit,,Remote sensing imagery of the Earth,------,
2022-155C,,Jilin 1 Gaofen 03D53?,China,11/16/2022,,Yes,ST/SG/SER.E/1123,,in orbit,,Remote sensing imagery of the Earth,------,
2022-155D,,Jilin 1 Gaofen 03D54?,China,11/16/2022,,Yes,ST/SG/SER.E/1123,,in orbit,,Remote sensing imagery of the Earth,------,
2022-155B,,Jilin 1 Gaofen 03D51?,China,11/16/2022,,Yes,ST/SG/SER.E/1123,,in orbit,,Remote sensing imagery of the Earth,------,
2022-155E,,Jilin 1 Gaofen 03D52?,China,11/16/2022,,Yes,ST/SG/SER.E/1123,,in orbit,,Remote sensing imagery of the Earth,------,
[2022-156*],,Outstanding Moon Exploration Technologies Demonstrated By Nano Semi-Hard Impactor (OMOTENASHI)?,Japan,11/16/2022,,Yes,ST/SG/SER.E/1132,,in orbit,,"OMOTENASHI demonstrates cubesat lunar landing technologies. Because its original plan to land on the moon surface has failed, the technologies are demonstrated in a heliocentric orbit. The orbiter carries the Rocket Motor and the Surface Probe. The Rocket Motor was planned to be used to cancel the velocity of the Surface Probe in the vicinity of the Moon. As at the current plan, an ignition experiment of the Rocket Motor in orbit will be conducted",International Designator not assigned.,
[2022-156*],,Equilibrium Lunar-Earth Point 6U Spacecraft (EQUULEUS)?,Japan,11/16/2022,,Yes,ST/SG/SER.E/1132,,in orbit,,"EQUULEUS is a JAXA and University of Tokyo technology demonstration mission with the primary objective of demonstrating trajectory control techniques exploiting Sun-Earth-Moon dynamics, with the possibility of reaching an Earth-Moon libration orbit. It will also perform scientific observations with a suite of instruments",International Designator not assigned.,
2022-156G,,ARGOMOON?,Italy,11/16/2022,,Yes,ST/SG/SER.E/1228,,heliocentric,,"Technology. ArgoMoon has been designed to operate in deep space, while taking images of the Moon and Earth surfaces, performing multiple propulsive maneuvers and communicating with the ground from long distances.",The registration submission for this space object is presently being processed by the United Nations Secretariat. International Designator provided by State of registry.,Link
2022-154A,,Yaogan 34 03?,China,11/15/2022,,Yes,ST/SG/SER.E/1123,,in orbit,,Remote sensing satellite,------,
2022-153B,,Galaxy 32?,USA,11/12/2022,[-091.0 degrees East],Yes,ST/SG/SER.E/1091,,in GSO,,Spacecraft engaged in practical applications and uses of space technology such as weather or communications,------,
2022-153A,,Galaxy 31?,USA,11/12/2022,[-121.0 degrees East],Yes,ST/SG/SER.E/1091,,in GSO,,Spacecraft engaged in practical applications and uses of space technology such as weather or communications,------,
2022-152A,,Tianzhou 5?,China,11/11/2022,,Yes,ST/SG/SER.E/1123,,[deorbited],[2023-09-12],Cargo spacecraft,------,
2022-151A,,Yunhai 3?,China,11/11/2022,,Yes,ST/SG/SER.E/1123,,in orbit,,Remote sensing satellite,------,
2022-150A,,JPSS 2 (NOAA 21)?,USA,11/10/2022,,Yes,ST/SG/SER.E/1091,,in orbit,,Spacecraft engaged in practical applications and uses of space technology such as weather or communications,------,
2022-149A,,Cygnus NG-18?,USA,11/7/2022,,Yes,ST/SG/SER.E/1091,ST/SG/SER.E/1130,[deorbited],4/22/2023,Spacecraft engaged in practical applications and uses of space technology such as weather or communications,------,
2022-148A,,ChinaSat 19?,China,11/5/2022,[+155.5 degrees East],Yes,ST/SG/SER.E/1123,,in GSO,,"Capable of providing users with various communication services such as voice, data and video",------,
2022-146A,,EUTELSAT HOTBIRD 13G?,France,11/3/2022,+013.0 degrees East,Yes,ST/SG/SER.E/1113,,in GSO,,Telecommunications satellite,------,
[2022-145A],3627-2022-019,Cosmos 2563?,Russian Federation,11/2/2022,,Yes,ST/SG/SER.E/1087,,in orbit,,Intended for assignments on behalf of the Ministry of Defence of the Russian Federation,------,
2022-144A,,LDPE 2?,USA,11/1/2022,,Yes,ST/SG/SER.E/1091,,[in GSO],,Spacecraft engaged in practical applications and uses of space technology such as weather or communications,------,
2022-144B,,USA 339?,USA,11/1/2022,,Yes,ST/SG/SER.E/1091,,[in GSO],,Spacecraft engaged in practical applications and uses of space technology such as weather or communications,------,
2022-143A,,Mengtian Lab Module?[CSS],China,10/31/2022,,Yes,ST/SG/SER.E/1123,,in orbit,,Crewed space station,CSS flight element.,
[2022-093J],,?[CHINA],[China],[2022-10-30],,No,,,[decayed],[2023-05-08],------,Not registered with the United Nations. Deployed from space object 2022-093A. Date of launch in approximate date of deployment.,
2022-142A,,Shiyan 20 C?,China,10/29/2022,,Yes,ST/SG/SER.E/1123,,in orbit,,Test satellite,------,
2022-141X,,Starlink 5164?,USA,10/28/2022,,Yes,ST/SG/SER.E/1086,,in orbit,,Spacecraft engaged in practical applications and uses of space technology such as weather or communications,------,
2022-141AC,,Starlink-5239?,USA,10/28/2022,,Yes,ST/SG/SER.E/1086,,in orbit,,Spacecraft engaged in practical applications and uses of space technology such as weather or communications,------,
2022-141AT,,Starlink 5246?,USA,10/28/2022,,Yes,ST/SG/SER.E/1086,,in orbit,,Spacecraft engaged in practical applications and uses of space technology such as weather or communications,------,
2022-141AU,,Starlink 5244?,USA,10/28/2022,,Yes,ST/SG/SER.E/1086,,in orbit,,Spacecraft engaged in practical applications and uses of space technology such as weather or communications,------,
2022-141AV,,Starlink 5250?,USA,10/28/2022,,Yes,ST/SG/SER.E/1086,,in orbit,,Spacecraft engaged in practical applications and uses of space technology such as weather or communications,------,
2022-141AW,,Starlink 5199?,USA,10/28/2022,,Yes,ST/SG/SER.E/1086,,in orbit,,Spacecraft engaged in practical applications and uses of space technology such as weather or communications,------,
2022-141AX,,Starlink 5205?,USA,10/28/2022,,Yes,ST/SG/SER.E/1086,,in orbit,,Spacecraft engaged in practical applications and uses of space technology such as weather or communications,------,
2022-141AY,,Starlink 5247?,USA,10/28/2022,,Yes,ST/SG/SER.E/1086,,in orbit,,Spacecraft engaged in practical applications and uses of space technology such as weather or communications,------,
2022-141AZ,,Starlink 5241?,USA,10/28/2022,,Yes,ST/SG/SER.E/1086,,in orbit,,Spacecraft engaged in practical applications and uses of space technology such as weather or communications,------,
2022-141BB,,Starlink 5264?,USA,10/28/2022,,Yes,ST/SG/SER.E/1086,,in orbit,,Spacecraft engaged in practical applications and uses of space technology such as weather or communications,------,
2022-141BC,,Starlink 5262?,USA,10/28/2022,,Yes,ST/SG/SER.E/1086,,in orbit,,Spacecraft engaged in practical applications and uses of space technology such as weather or communications,------,
2022-141BD,,Starlink 5255?,USA,10/28/2022,,Yes,ST/SG/SER.E/1086,,in orbit,,Spacecraft engaged in practical applications and uses of space technology such as weather or communications,------,
2022-141BA,,Starlink 5249?,USA,10/28/2022,,Yes,ST/SG/SER.E/1086,,in orbit,,Spacecraft engaged in practical applications and uses of space technology such as weather or communications,------,
2022-141A,,Starlink 5290?,USA,10/28/2022,,Yes,ST/SG/SER.E/1086,,in orbit,,Spacecraft engaged in practical applications and uses of space technology such as weather or communications,------,
2022-141C,,Starlink 5294?,USA,10/28/2022,,Yes,ST/SG/SER.E/1086,,in orbit,,Spacecraft engaged in practical applications and uses of space technology such as weather or communications,------,
2022-141D,,Starlink 5233?,USA,10/28/2022,,Yes,ST/SG/SER.E/1086,,in orbit,,Spacecraft engaged in practical applications and uses of space technology such as weather or communications,------,
2022-141B,,Starlink 5297?,USA,10/28/2022,,Yes,ST/SG/SER.E/1086,,in orbit,,Spacecraft engaged in practical applications and uses of space technology such as weather or communications,------,
2022-141E,,Starlink 5269?,USA,10/28/2022,,Yes,ST/SG/SER.E/1086,,in orbit,,Spacecraft engaged in practical applications and uses of space technology such as weather or communications,------,
2022-141F,,Starlink 5273?,USA,10/28/2022,,Yes,ST/SG/SER.E/1086,,in orbit,,Spacecraft engaged in practical applications and uses of space technology such as weather or communications,------,
2022-141G,,Starlink 5161?,USA,10/28/2022,,Yes,ST/SG/SER.E/1086,,in orbit,,Spacecraft engaged in practical applications and uses of space technology such as weather or communications,------,
2022-141H,,Starlink 5278?,USA,10/28/2022,,Yes,ST/SG/SER.E/1086,,in orbit,,Spacecraft engaged in practical applications and uses of space technology such as weather or communications,------,
2022-141J,,Starlink 5279?,USA,10/28/2022,,Yes,ST/SG/SER.E/1086,,in orbit,,Spacecraft engaged in practical applications and uses of space technology such as weather or communications,------,
2022-141L,,Starlink 5243?,USA,10/28/2022,,Yes,ST/SG/SER.E/1086,,in orbit,,Spacecraft engaged in practical applications and uses of space technology such as weather or communications,------,
2022-141M,,Starlink 5245?,USA,10/28/2022,,Yes,ST/SG/SER.E/1086,,in orbit,,Spacecraft engaged in practical applications and uses of space technology such as weather or communications,------,
2022-141N,,Starlink 5283?,USA,10/28/2022,,Yes,ST/SG/SER.E/1086,,in orbit,,Spacecraft engaged in practical applications and uses of space technology such as weather or communications,------,
2022-141K,,Starlink 5280?,USA,10/28/2022,,Yes,ST/SG/SER.E/1086,,in orbit,,Spacecraft engaged in practical applications and uses of space technology such as weather or communications,------,
2022-141P,,Starlink 5155?,USA,10/28/2022,,Yes,ST/SG/SER.E/1086,,in orbit,,Spacecraft engaged in practical applications and uses of space technology such as weather or communications,------,
2022-141S,,Starlink 5242?,USA,10/28/2022,,Yes,ST/SG/SER.E/1086,,in orbit,,Spacecraft engaged in practical applications and uses of space technology such as weather or communications,------,
2022-141T,,Starlink 5248?,USA,10/28/2022,,Yes,ST/SG/SER.E/1086,,in orbit,,Spacecraft engaged in practical applications and uses of space technology such as weather or communications,------,
2022-141U,,Starlink 5256?,USA,10/28/2022,,Yes,ST/SG/SER.E/1086,,in orbit,,Spacecraft engaged in practical applications and uses of space technology such as weather or communications,------,
2022-141V,,Starlink 5154?,USA,10/28/2022,,Yes,ST/SG/SER.E/1086,,in orbit,,Spacecraft engaged in practical applications and uses of space technology such as weather or communications,------,
2022-141R,,Starlink 5117?,USA,10/28/2022,,Yes,ST/SG/SER.E/1086,,in orbit,,Spacecraft engaged in practical applications and uses of space technology such as weather or communications,------,
2022-141W,,Starlink 5186?,USA,10/28/2022,,Yes,ST/SG/SER.E/1086,,in orbit,,Spacecraft engaged in practical applications and uses of space technology such as weather or communications,------,
2022-141AD,,Starlink 5162?,USA,10/28/2022,,Yes,ST/SG/SER.E/1086,,in orbit,,Spacecraft engaged in practical applications and uses of space technology such as weather or communications,------,
2022-141AA,,Starlink 5227?,USA,10/28/2022,,Yes,ST/SG/SER.E/1086,,in orbit,,Spacecraft engaged in practical applications and uses of space technology such as weather or communications,------,
2022-141AB,,Starlink 5231?,USA,10/28/2022,,Yes,ST/SG/SER.E/1086,,in orbit,,Spacecraft engaged in practical applications and uses of space technology such as weather or communications,------,
2022-141AE,,Starlink 5235?,USA,10/28/2022,,Yes,ST/SG/SER.E/1086,,in orbit,,Spacecraft engaged in practical applications and uses of space technology such as weather or communications,------,
2022-141AF,,Starlink 5194?,USA,10/28/2022,,Yes,ST/SG/SER.E/1086,,in orbit,,Spacecraft engaged in practical applications and uses of space technology such as weather or communications,------,
2022-141AG,,Starlink 5240?,USA,10/28/2022,,Yes,ST/SG/SER.E/1086,,in orbit,,Spacecraft engaged in practical applications and uses of space technology such as weather or communications,------,
2022-141Z,,Starlink 5228?,USA,10/28/2022,,Yes,ST/SG/SER.E/1086,,in orbit,,Spacecraft engaged in practical applications and uses of space technology such as weather or communications,------,
2022-141Y,,Starlink 5122?,USA,10/28/2022,,Yes,ST/SG/SER.E/1086,,in orbit,,Spacecraft engaged in practical applications and uses of space technology such as weather or communications,------,
2022-141AH,,Starlink 5238?,USA,10/28/2022,,Yes,ST/SG/SER.E/1086,,in orbit,,Spacecraft engaged in practical applications and uses of space technology such as weather or communications,------,
2022-141AK,,Starlink 5281?,USA,10/28/2022,,Yes,ST/SG/SER.E/1086,,in orbit,,Spacecraft engaged in practical applications and uses of space technology such as weather or communications,------,
2022-141AL,,Starlink 4619?,USA,10/28/2022,,Yes,ST/SG/SER.E/1086,,in orbit,,Spacecraft engaged in practical applications and uses of space technology such as weather or communications,------,
2022-141AM,,Starlink 5268?,USA,10/28/2022,,Yes,ST/SG/SER.E/1086,,in orbit,,Spacecraft engaged in practical applications and uses of space technology such as weather or communications,------,
2022-141AN,,Starlink 5263?,USA,10/28/2022,,Yes,ST/SG/SER.E/1086,,in orbit,,Spacecraft engaged in practical applications and uses of space technology such as weather or communications,------,
2022-141AP,,Starlink 5271?,USA,10/28/2022,,Yes,ST/SG/SER.E/1086,,in orbit,,Spacecraft engaged in practical applications and uses of space technology such as weather or communications,------,
2022-141AQ,,Starlink 5258?,USA,10/28/2022,,Yes,ST/SG/SER.E/1086,,in orbit,,Spacecraft engaged in practical applications and uses of space technology such as weather or communications,------,
2022-141AR,,Starlink 5237?,USA,10/28/2022,,Yes,ST/SG/SER.E/1086,,in orbit,,Spacecraft engaged in practical applications and uses of space technology such as weather or communications,------,
2022-141BE,,Starlink 5259?,USA,10/28/2022,,Yes,ST/SG/SER.E/1086,,in orbit,,Spacecraft engaged in practical applications and uses of space technology such as weather or communications,------,
2022-141AS,,Starlink 5234?,USA,10/28/2022,,Yes,ST/SG/SER.E/1086,ST/SG/SER.E/1214,[deorbited],4/15/2024,Spacecraft engaged in practical applications and uses of space technology such as weather or communications,------,
2022-141Q,,Starlink 5229?,USA,10/28/2022,,Yes,ST/SG/SER.E/1086,ST/SG/SER.E/1302,[deorbited],5/16/2025,Spacecraft engaged in practical applications and uses of space technology such as weather or communications,------,
2022-141AJ,,Starlink 5182?,USA,10/28/2022,[------],Yes,ST/SG/SER.E/1086,ST/SG/SER.E/1216,[deorbited],6/24/2024,Spacecraft engaged in practical applications and uses of space technology such as weather or communications,------,
[2022-140A],3626-2022-018,Progress MS-21?,Russian Federation,10/26/2022,,Yes,ST/SG/SER.E/1081,ST/SG/SER.E/1103,deorbited,2/19/2023,"Delivery to the International Space Station of fuel, water, oxygen, air, food, scientific equipment and other consumable materials required for the crew, scientific experiments and operation of the Station",------,
[2022-139D],3625-2022-017,SKIF D?,Russian Federation,10/22/2022,,Yes,ST/SG/SER.E/1081,,in orbit,,Experimental,------,
[2022-139B],3623-2022-017,Gonets- M No. 34?,Russian Federation,10/22/2022,,Yes,ST/SG/SER.E/1081,,in orbit,,Work as part of a low-orbit satellite communications system,------,
[2022-139C],3624-2022-017,Gonets M No. 35?,Russian Federation,10/22/2022,,Yes,ST/SG/SER.E/1081,,in orbit,,Work as part of a low-orbit satellite communications system,------,
[2022-139A],3622-2022-017,Gonets M No. 33?,Russian Federation,10/22/2022,,Yes,ST/SG/SER.E/1081,,in orbit,,Work as part of a low-orbit satellite communications system,------,
2022-138D,54116,OWLID000432 (SL0497)?[ONEWEB 0497],United Kingdom,10/22/2022,,Yes,ST/SG/SER.E/1083,,in orbit,,Communications satellite,State of registry notes that given Basic Orbital Parameters are for the intended final orbit which should be achieved by 30 July 2023.,
2022-138E,54117,OWLID000433 (SL0499)?[ONEWEB 0499],United Kingdom,10/22/2022,,Yes,ST/SG/SER.E/1083,,in orbit,,Communications satellite,State of registry notes that given Basic Orbital Parameters are for the intended final orbit which should be achieved by 30 July 2023.,
2022-138C,54115,OWLID000431 (SL0495)?[ONEWEB 0495],United Kingdom,10/22/2022,,Yes,ST/SG/SER.E/1083,,in orbit,,Communications satellite,State of registry notes that given Basic Orbital Parameters are for the intended final orbit which should be achieved by 30 July 2023.,
2022-138A,54113,OWLID000429 (SL0490)?[ONEWEB 0490],United Kingdom,10/22/2022,,Yes,ST/SG/SER.E/1083,,in orbit,,Communications satellite,State of registry notes that given Basic Orbital Parameters are for the intended final orbit which should be achieved by 30 July 2023.,
2022-138AG,54143,OWLID000459 (SL0525)?[ONEWEB 0525],United Kingdom,10/22/2022,,Yes,ST/SG/SER.E/1083,,in orbit,,Communications satellite,State of registry notes that given Basic Orbital Parameters are for the intended final orbit which should be achieved by 30 July 2023.,
2022-138AD,54140,OWLID000456 (SL0522)?[ONEWEB 0522],United Kingdom,10/22/2022,,Yes,ST/SG/SER.E/1083,,in orbit,,Communications satellite,State of registry notes that given Basic Orbital Parameters are for the intended final orbit which should be achieved by 30 July 2023.,
2022-138AJ,54145,OWLID000461 (SL0529)?[ONEWEB 0529],United Kingdom,10/22/2022,,Yes,ST/SG/SER.E/1083,,in orbit,,Communications satellite,State of registry notes that given Basic Orbital Parameters are for the intended final orbit which should be achieved by 30 July 2023.,
2022-138AL,54147,OWLID000463 (SL0535)?[ONEWEB 0535],United Kingdom,10/22/2022,,Yes,ST/SG/SER.E/1083,,in orbit,,Communications satellite,State of registry notes that given Basic Orbital Parameters are for the intended final orbit which should be achieved by 30 July 2023.,
2022-138AM,54148,OWLID000464 (SL0536)?[ONEWEB 0536],United Kingdom,10/22/2022,,Yes,ST/SG/SER.E/1083,,in orbit,,Communications satellite,State of registry notes that given Basic Orbital Parameters are for the intended final orbit which should be achieved by 30 July 2023.,
2022-138AK,,OWLID000462 (SL0531)?[ONEWEB 0531],United Kingdom,10/22/2022,,Yes,ST/SG/SER.E/1083,,in orbit,,Communications satellite,State of registry notes that given Basic Orbital Parameters are for the intended final orbit which should be achieved by 30 July 2023.,
2022-138AF,54142,OWLID000458 (SL0524)?[ONEWEB 0524],United Kingdom,10/22/2022,,Yes,ST/SG/SER.E/1083,,in orbit,,Communications satellite,State of registry notes that given Basic Orbital Parameters are for the intended final orbit which should be achieved by 30 July 2023.,
2022-138AE,54141,OWLID000457 (SL0523)?[ONEWEB 0523],United Kingdom,10/22/2022,,Yes,ST/SG/SER.E/1083,,in orbit,,Communications satellite,State of registry notes that given Basic Orbital Parameters are for the intended final orbit which should be achieved by 30 July 2023.,
2022-138F,54118,OWLID000434 (SL0500)?[ONEWEB 0500],United Kingdom,10/22/2022,,Yes,ST/SG/SER.E/1083,,in orbit,,Communications satellite,State of registry notes that given Basic Orbital Parameters are for the intended final orbit which should be achieved by 30 July 2023.,
2022-138G,54119,OWLID000435 (SL0501)?[ONEWEB 0501],United Kingdom,10/22/2022,,Yes,ST/SG/SER.E/1083,,in orbit,,Communications satellite,State of registry notes that given Basic Orbital Parameters are for the intended final orbit which should be achieved by 30 July 2023.,
2022-138B,54114,OWLID000430 (SL0492)?[ONEWEB 0492],United Kingdom,10/22/2022,,Yes,ST/SG/SER.E/1083,,in orbit,,Communications satellite,State of registry notes that given Basic Orbital Parameters are for the intended final orbit which should be achieved by 30 July 2023.,
2022-138L,54123,OWLID000439 (SL0505)?[ONEWEB 0505],United Kingdom,10/22/2022,,Yes,ST/SG/SER.E/1083,,in orbit,,Communications satellite,State of registry notes that given Basic Orbital Parameters are for the intended final orbit which should be achieved by 30 July 2023.,
2022-138AH,54144,OWLID000460 (SL0526)?[ONEWEB 0526],United Kingdom,10/22/2022,,Yes,ST/SG/SER.E/1083,,in orbit,,Communications satellite,State of registry notes that given Basic Orbital Parameters are for the intended final orbit which should be achieved by 30 July 2023.,
2022-138AA,54137,OWLID000453 (SL0519)?[ONEWEB 0519],United Kingdom,10/22/2022,,Yes,ST/SG/SER.E/1083,,in orbit,,Communications satellite,State of registry notes that given Basic Orbital Parameters are for the intended final orbit which should be achieved by 30 July 2023.,
2022-138AB,54138,OWLID000454 (SL0520)?[ONEWEB 0520],United Kingdom,10/22/2022,,Yes,ST/SG/SER.E/1083,,in orbit,,Communications satellite,State of registry notes that given Basic Orbital Parameters are for the intended final orbit which should be achieved by 30 July 2023.,
2022-138AC,54139,OWLID000455 (SL0521)?[ONEWEB 0521],United Kingdom,10/22/2022,,Yes,ST/SG/SER.E/1083,,in orbit,,Communications satellite,State of registry notes that given Basic Orbital Parameters are for the intended final orbit which should be achieved by 30 July 2023.,
2022-138J,54121,OWLID000437 (SL0503)?[ONEWEB 0503],United Kingdom,10/22/2022,,Yes,ST/SG/SER.E/1083,,in orbit,,Communications satellite,State of registry notes that given Basic Orbital Parameters are for the intended final orbit which should be achieved by 30 July 2023.,
2022-138U,54131,OWLID000447 (SL0513)?[ONEWEB 0513],United Kingdom,10/22/2022,,Yes,ST/SG/SER.E/1083,,in orbit,,Communications satellite,State of registry notes that given Basic Orbital Parameters are for the intended final orbit which should be achieved by 30 July 2023.,
2022-138V,54132,OWLID000448 (SL0514)?[ONEWEB 0514],United Kingdom,10/22/2022,,Yes,ST/SG/SER.E/1083,,in orbit,,Communications satellite,State of registry notes that given Basic Orbital Parameters are for the intended final orbit which should be achieved by 30 July 2023.,
2022-138K,54122,OWLID000438 (SL0504)?[ONEWEB 0504],United Kingdom,10/22/2022,,Yes,ST/SG/SER.E/1083,,in orbit,,Communications satellite,State of registry notes that given Basic Orbital Parameters are for the intended final orbit which should be achieved by 30 July 2023.,
2022-138N,54125,OWLID000441 (SL0507)?[ONEWEB 0507],United Kingdom,10/22/2022,,Yes,ST/SG/SER.E/1083,,in orbit,,Communications satellite,State of registry notes that given Basic Orbital Parameters are for the intended final orbit which should be achieved by 30 July 2023.,
2022-138Z,54136,OWLID000452 (SL0518)?[ONEWEB 0518],United Kingdom,10/22/2022,,Yes,ST/SG/SER.E/1083,,in orbit,,Communications satellite,State of registry notes that given Basic Orbital Parameters are for the intended final orbit which should be achieved by 30 July 2023.,
2022-138X,54134,OWLID000450 (SL0516)?[ONEWEB 0516],United Kingdom,10/22/2022,,Yes,ST/SG/SER.E/1083,,in orbit,,Communications satellite,State of registry notes that given Basic Orbital Parameters are for the intended final orbit which should be achieved by 30 July 2023.,
2022-138H,54120,OWLID000436 (SL0502)?[ONEWEB 0502],United Kingdom,10/22/2022,,Yes,ST/SG/SER.E/1083,,in orbit,,Communications satellite,State of registry notes that given Basic Orbital Parameters are for the intended final orbit which should be achieved by 30 July 2023.,
2022-138M,54124,OWLID000440 (SL0506)?[ONEWEB 0506],United Kingdom,10/22/2022,,Yes,ST/SG/SER.E/1083,,in orbit,,Communications satellite,State of registry notes that given Basic Orbital Parameters are for the intended final orbit which should be achieved by 30 July 2023.,
2022-138P,54126,OWLID000442 (SL0508)?[ONEWEB 0508],United Kingdom,10/22/2022,,Yes,ST/SG/SER.E/1083,,in orbit,,Communications satellite,State of registry notes that given Basic Orbital Parameters are for the intended final orbit which should be achieved by 30 July 2023.,
2022-138Q,54127,OWLID000443 (SL0509)?[ONEWEB 0509],United Kingdom,10/22/2022,,Yes,ST/SG/SER.E/1083,,in orbit,,Communications satellite,State of registry notes that given Basic Orbital Parameters are for the intended final orbit which should be achieved by 30 July 2023.,
2022-138R,54128,OWLID000444 (SL0510)?[ONEWEB 0510],United Kingdom,10/22/2022,,Yes,ST/SG/SER.E/1083,,in orbit,,Communications satellite,State of registry notes that given Basic Orbital Parameters are for the intended final orbit which should be achieved by 30 July 2023.,
2022-138S,54129,OWLID000445 (SL0511)?[ONEWEB 0511],United Kingdom,10/22/2022,,Yes,ST/SG/SER.E/1083,,in orbit,,Communications satellite,State of registry notes that given Basic Orbital Parameters are for the intended final orbit which should be achieved by 30 July 2023.,
2022-138T,54130,OWLID000446 (SL0512)?[ONEWEB 0512],United Kingdom,10/22/2022,,Yes,ST/SG/SER.E/1083,,in orbit,,Communications satellite,State of registry notes that given Basic Orbital Parameters are for the intended final orbit which should be achieved by 30 July 2023.,
2022-138W,54133,OWLID000449 (SL0515)?[ONEWEB 0515],United Kingdom,10/22/2022,,Yes,ST/SG/SER.E/1083,,in orbit,,Communications satellite,State of registry notes that given Basic Orbital Parameters are for the intended final orbit which should be achieved by 30 July 2023.,
2022-138Y,54135,OWLID000451 (SL0517)?[ONEWEB 0517],United Kingdom,10/22/2022,,Yes,ST/SG/SER.E/1083,,in orbit,,Communications satellite,State of registry notes that given Basic Orbital Parameters are for the intended final orbit which should be achieved by 30 July 2023.,
[2022-137A],3620-2022-016,Cosmos 2561?,Russian Federation,10/21/2022,,Yes,ST/SG/SER.E/1081,,in orbit,,Intended for assignments on behalf of the Ministry of Defence of the Russian Federation,------,
2022-137A,3621-2022-016,Cosmos 2562?,Russian Federation,10/21/2022,,Yes,ST/SG/SER.E/1081,ST/SG/SER.E/1164,decayed,11/8/2023,Intended for assignments on behalf of the Ministry of Defence of the Russian Federation,Reported by the State of registry as carrying international designator 2022-137A in ST/SG/SER.E/1164.,
2022-136G,,Starlink 5216?,USA,10/20/2022,,Yes,ST/SG/SER.E/1086,ST/SG/SER.E/1130,[deorbited],4/6/2023,Spacecraft engaged in practical applications and uses of space technology such as weather or communications,------,
2022-136AE,,Starlink 5175?,USA,10/20/2022,,Yes,ST/SG/SER.E/1086,,in orbit,,Spacecraft engaged in practical applications and uses of space technology such as weather or communications,------,
2022-136U,,Starlink 5223?,USA,10/20/2022,,Yes,ST/SG/SER.E/1086,ST/SG/SER.E/1227,[deorbited],8/28/2024,Spacecraft engaged in practical applications and uses of space technology such as weather or communications,------,
2022-136A,,Starlink 5195?,USA,10/20/2022,,Yes,ST/SG/SER.E/1086,,in orbit,,Spacecraft engaged in practical applications and uses of space technology such as weather or communications,------,
2022-136B,,Starlink 5189?,USA,10/20/2022,,Yes,ST/SG/SER.E/1086,,in orbit,,Spacecraft engaged in practical applications and uses of space technology such as weather or communications,------,
2022-136D,,Starlink 5163?,USA,10/20/2022,,Yes,ST/SG/SER.E/1086,,in orbit,,Spacecraft engaged in practical applications and uses of space technology such as weather or communications,------,
2022-136C,,Starlink 5176?,USA,10/20/2022,,Yes,ST/SG/SER.E/1086,,in orbit,,Spacecraft engaged in practical applications and uses of space technology such as weather or communications,------,
2022-136E,,Starlink 5158?,USA,10/20/2022,,Yes,ST/SG/SER.E/1086,,in orbit,,Spacecraft engaged in practical applications and uses of space technology such as weather or communications,------,
2022-136F,,Starlink 5226?,USA,10/20/2022,,Yes,ST/SG/SER.E/1086,,in orbit,,Spacecraft engaged in practical applications and uses of space technology such as weather or communications,------,
2022-136H,,Starlink 5167?,USA,10/20/2022,,Yes,ST/SG/SER.E/1086,,in orbit,,Spacecraft engaged in practical applications and uses of space technology such as weather or communications,------,
2022-136J,,Starlink 5173?,USA,10/20/2022,,Yes,ST/SG/SER.E/1086,,in orbit,,Spacecraft engaged in practical applications and uses of space technology such as weather or communications,------,
2022-136L,,Starlink 5209?,USA,10/20/2022,,Yes,ST/SG/SER.E/1086,,in orbit,,Spacecraft engaged in practical applications and uses of space technology such as weather or communications,------,
2022-136M,,Starlink 5170?,USA,10/20/2022,,Yes,ST/SG/SER.E/1086,,in orbit,,Spacecraft engaged in practical applications and uses of space technology such as weather or communications,------,
2022-136P,,Starlink 5172?,USA,10/20/2022,,Yes,ST/SG/SER.E/1086,,in orbit,,Spacecraft engaged in practical applications and uses of space technology such as weather or communications,------,
2022-136Q,,Starlink 5187?,USA,10/20/2022,,Yes,ST/SG/SER.E/1086,,in orbit,,Spacecraft engaged in practical applications and uses of space technology such as weather or communications,------,
2022-136K,,Starlink 5169?,USA,10/20/2022,,Yes,ST/SG/SER.E/1086,,in orbit,,Spacecraft engaged in practical applications and uses of space technology such as weather or communications,------,
2022-136R,,Starlink 5151?,USA,10/20/2022,,Yes,ST/SG/SER.E/1086,,in orbit,,Spacecraft engaged in practical applications and uses of space technology such as weather or communications,------,
2022-136V,,Starlink 5181?,USA,10/20/2022,,Yes,ST/SG/SER.E/1086,,in orbit,,Spacecraft engaged in practical applications and uses of space technology such as weather or communications,------,
2022-136W,,Starlink 5168?,USA,10/20/2022,,Yes,ST/SG/SER.E/1086,,in orbit,,Spacecraft engaged in practical applications and uses of space technology such as weather or communications,------,
2022-136Y,,Starlink 5146?,USA,10/20/2022,,Yes,ST/SG/SER.E/1086,,in orbit,,Spacecraft engaged in practical applications and uses of space technology such as weather or communications,------,
2022-136Z,,Starlink 5192?,USA,10/20/2022,,Yes,ST/SG/SER.E/1086,,in orbit,,Spacecraft engaged in practical applications and uses of space technology such as weather or communications,------,
2022-136S,,Starlink 5174?,USA,10/20/2022,,Yes,ST/SG/SER.E/1086,,in orbit,,Spacecraft engaged in practical applications and uses of space technology such as weather or communications,------,
2022-136T,,Starlink 5222?,USA,10/20/2022,,Yes,ST/SG/SER.E/1086,,in orbit,,Spacecraft engaged in practical applications and uses of space technology such as weather or communications,------,
2022-136N,,Starlink 5225?,USA,10/20/2022,,Yes,ST/SG/SER.E/1086,,in orbit,,Spacecraft engaged in practical applications and uses of space technology such as weather or communications,------,
2022-136AA,,Starlink 5212?,USA,10/20/2022,,Yes,ST/SG/SER.E/1086,,in orbit,,Spacecraft engaged in practical applications and uses of space technology such as weather or communications,------,
2022-136AB,,Starlink 5201?,USA,10/20/2022,,Yes,ST/SG/SER.E/1086,,in orbit,,Spacecraft engaged in practical applications and uses of space technology such as weather or communications,------,
2022-136AC,,Starlink 5171?,USA,10/20/2022,,Yes,ST/SG/SER.E/1086,,in orbit,,Spacecraft engaged in practical applications and uses of space technology such as weather or communications,------,
2022-136AF,,Starlink 5160?,USA,10/20/2022,,Yes,ST/SG/SER.E/1086,,in orbit,,Spacecraft engaged in practical applications and uses of space technology such as weather or communications,------,
2022-136AG,,Starlink 5165?,USA,10/20/2022,,Yes,ST/SG/SER.E/1086,,in orbit,,Spacecraft engaged in practical applications and uses of space technology such as weather or communications,------,
2022-136AH,,Starlink 5210?,USA,10/20/2022,,Yes,ST/SG/SER.E/1086,,in orbit,,Spacecraft engaged in practical applications and uses of space technology such as weather or communications,------,
2022-136AR,,Starlink 5177?,USA,10/20/2022,,Yes,ST/SG/SER.E/1086,,in orbit,,Spacecraft engaged in practical applications and uses of space technology such as weather or communications,------,
2022-136AJ,,Starlink 5178?,USA,10/20/2022,,Yes,ST/SG/SER.E/1086,,in orbit,,Spacecraft engaged in practical applications and uses of space technology such as weather or communications,------,
2022-136AK,,Starlink 5183?,USA,10/20/2022,,Yes,ST/SG/SER.E/1086,,in orbit,,Spacecraft engaged in practical applications and uses of space technology such as weather or communications,------,
2022-136AL,,Starlink 5166?,USA,10/20/2022,,Yes,ST/SG/SER.E/1086,,in orbit,,Spacecraft engaged in practical applications and uses of space technology such as weather or communications,------,
2022-136AM,,Starlink 5211?,USA,10/20/2022,,Yes,ST/SG/SER.E/1086,,in orbit,,Spacecraft engaged in practical applications and uses of space technology such as weather or communications,------,
2022-136AN,,Starlink 5184?,USA,10/20/2022,,Yes,ST/SG/SER.E/1086,,in orbit,,Spacecraft engaged in practical applications and uses of space technology such as weather or communications,------,
2022-136AP,,Starlink 5153?,USA,10/20/2022,,Yes,ST/SG/SER.E/1086,,in orbit,,Spacecraft engaged in practical applications and uses of space technology such as weather or communications,------,
2022-136AQ,,Starlink 5143?,USA,10/20/2022,,Yes,ST/SG/SER.E/1086,,in orbit,,Spacecraft engaged in practical applications and uses of space technology such as weather or communications,------,
2022-136AZ,,Starlink 5217?,USA,10/20/2022,,Yes,ST/SG/SER.E/1086,,in orbit,,Spacecraft engaged in practical applications and uses of space technology such as weather or communications,------,
2022-136AS,,Starlink 5221?,USA,10/20/2022,,Yes,ST/SG/SER.E/1086,,in orbit,,Spacecraft engaged in practical applications and uses of space technology such as weather or communications,------,
2022-136AV,,Starlink 5219?,USA,10/20/2022,,Yes,ST/SG/SER.E/1086,,in orbit,,Spacecraft engaged in practical applications and uses of space technology such as weather or communications,------,
2022-136AT,,Starlink 5190?,USA,10/20/2022,,Yes,ST/SG/SER.E/1086,,in orbit,,Spacecraft engaged in practical applications and uses of space technology such as weather or communications,------,
2022-136AU,,Starlink 5213?,USA,10/20/2022,,Yes,ST/SG/SER.E/1086,,in orbit,,Spacecraft engaged in practical applications and uses of space technology such as weather or communications,------,
2022-136AW,,Starlink 5193?,USA,10/20/2022,,Yes,ST/SG/SER.E/1086,,in orbit,,Spacecraft engaged in practical applications and uses of space technology such as weather or communications,------,
2022-136AX,,Starlink 5188?,USA,10/20/2022,,Yes,ST/SG/SER.E/1086,,in orbit,,Spacecraft engaged in practical applications and uses of space technology such as weather or communications,------,
2022-136BA,,Starlink 5198?,USA,10/20/2022,,Yes,ST/SG/SER.E/1086,,in orbit,,Spacecraft engaged in practical applications and uses of space technology such as weather or communications,------,
2022-136AY,,Starlink 5197?,USA,10/20/2022,,Yes,ST/SG/SER.E/1086,,in orbit,,Spacecraft engaged in practical applications and uses of space technology such as weather or communications,------,
2022-136BE,,Starlink 5200?,USA,10/20/2022,,Yes,ST/SG/SER.E/1086,,in orbit,,Spacecraft engaged in practical applications and uses of space technology such as weather or communications,------,
2022-136BB,,Starlink 5185?,USA,10/20/2022,,Yes,ST/SG/SER.E/1086,,in orbit,,Spacecraft engaged in practical applications and uses of space technology such as weather or communications,------,
2022-136BC,,Starlink 5204?,USA,10/20/2022,,Yes,ST/SG/SER.E/1086,,in orbit,,Spacecraft engaged in practical applications and uses of space technology such as weather or communications,------,
2022-136BF,,Starlink 5203?,USA,10/20/2022,,Yes,ST/SG/SER.E/1086,,in orbit,,Spacecraft engaged in practical applications and uses of space technology such as weather or communications,------,
2022-136BD,,Starlink 5179?,USA,10/20/2022,,Yes,ST/SG/SER.E/1086,,in orbit,,Spacecraft engaged in practical applications and uses of space technology such as weather or communications,------,
2022-136X,,Starlink 5144?,USA,10/20/2022,,Yes,ST/SG/SER.E/1086,ST/SG/SER.E/1270,[deorbited],1/9/2025,Spacecraft engaged in practical applications and uses of space technology such as weather or communications,------,
2022-136AD,,Starlink 5138?,USA,10/20/2022,,Yes,ST/SG/SER.E/1086,,[deorbited],[2025-11-24],Spacecraft engaged in practical applications and uses of space technology such as weather or communications,------,
2022-134A,,EUTELSAT HOTBIRD 13F?,France,10/15/2022,+013.0 degrees East,Yes,ST/SG/SER.E/1113,,in GSO,,Telecommunications satellite,------,
[2022-135A],3619-2022-015,Cosmos 2560?,Russian Federation,10/15/2022,,Yes,ST/SG/SER.E/1081,ST/SG/SER.E/1090,decayed,12/10/2022,Intended for assignments on behalf of the Ministry of Defence of the Russian Federation,------,
2022-133A,,Yaogan 36 Group-02 Satellite-A (Yaogan-36-A 02)?,China,10/14/2022,,Yes,ST/SG/SER.E/1123,,in orbit,,Remote sensing satellite,------,
2022-133B,,Yaogan 36 Group-02 Satellite-B (Yaogan-36-B 02)?,China,10/14/2022,,Yes,ST/SG/SER.E/1123,,in orbit,,Remote sensing satellite,------,
2022-133D,,Yaogan-36 Group-02 Satellite-C (Yaogan-36-C 02)?,China,10/14/2022,,Yes,ST/SG/SER.E/1123,,in orbit,,Remote sensing satellite,------,
[2022-131A],,?[ANGOSAT 2],[(for Angola)],[2022-10-12],[+023.0 degrees East],No,,,[in GSO],,------,Not registered with the United Nations.,
[2022-132A],,?[HJ 2E],[China],[2022-10-12],,No,,,[in orbit],,------,Not registered with the United Nations.,
[2022-130A],3618-2022-014,Cosmos 2559 (GLONASS-K No. 17L)?,Russian Federation,10/10/2022,,Yes,ST/SG/SER.E/1081,,in orbit,,The dual-use space object is intended to perform tasks on behalf of the Ministry of Defence of the Russian Federation and to support the socioeconomic development of the Russian Federation,------,
2022-129A,,Advanced Space-based Solar Observatory (ASO-S)?,China,10/8/2022,,Yes,ST/SG/SER.E/1123,,in orbit,,Solar observation,------,
2022-128B,,Galaxy 34?,USA,10/8/2022,[-129.0 degrees East],Yes,ST/SG/SER.E/1086,,in GSO,,Spacecraft engaged in practical applications and uses of space technology such as weather or communications,------,
2022-128A,,Galaxy 33?,USA,10/8/2022,[-133.0 degrees East],Yes,ST/SG/SER.E/1086,,in GSO,,Spacecraft engaged in practical applications and uses of space technology such as weather or communications,------,
2022-127A,,OTB-3-GAzelle?,USA,10/7/2022,,Yes,ST/SG/SER.E/1086,ST/SG/SER.E/1089,in orbit,,Spacecraft engaged in practical applications and uses of space technology such as weather or communications,Mentioned by New Zealand in ST/SG/SER.E/1089.,
[2022-126B],,?[CENTISPACE 1-S6],[China],[2022-10-07],,No,,,[in orbit],,------,Not registered with the United Nations.,
[2022-126A],,?[CENTISPACE 1-S5],[China],[2022-10-07],,No,,,[in orbit],,------,Not registered with the United Nations.,
2022-124A,,Dragon Endurance 2?,USA,10/5/2022,,Yes,ST/SG/SER.E/1086,ST/SG/SER.E/1117,[recovered],3/12/2023,Reusable space transportation systems,------,
2022-125J,,Starlink 5157?,USA,10/5/2022,,Yes,ST/SG/SER.E/1086,ST/SG/SER.E/1215,[deorbited],5/23/2024,Spacecraft engaged in practical applications and uses of space technology such as weather or communications,------,
2022-125AP,,Starlink 5105?,USA,10/5/2022,,Yes,ST/SG/SER.E/1086,ST/SG/SER.E/1215,[deorbited],5/15/2024,Spacecraft engaged in practical applications and uses of space technology such as weather or communications,------,
2022-125BC,,Starlink 5116?,USA,10/5/2022,,Yes,ST/SG/SER.E/1086,ST/SG/SER.E/1215,[deorbited],5/25/2024,Spacecraft engaged in practical applications and uses of space technology such as weather or communications,------,
2022-125AC,,Starlink 5075?,USA,10/5/2022,,Yes,ST/SG/SER.E/1086,ST/SG/SER.E/1227,[deorbited],8/22/2024,Spacecraft engaged in practical applications and uses of space technology such as weather or communications,------,
2022-125F,,Starlink 4468?,USA,10/5/2022,,Yes,ST/SG/SER.E/1086,,in orbit,,Spacecraft engaged in practical applications and uses of space technology such as weather or communications,------,
2022-125G,,Starlink 4567?,USA,10/5/2022,,Yes,ST/SG/SER.E/1086,,in orbit,,Spacecraft engaged in practical applications and uses of space technology such as weather or communications,------,
2022-125H,,Starlink 4639?,USA,10/5/2022,,Yes,ST/SG/SER.E/1086,,in orbit,,Spacecraft engaged in practical applications and uses of space technology such as weather or communications,------,
2022-125B,,Starlink 4578?,USA,10/5/2022,,Yes,ST/SG/SER.E/1086,,in orbit,,Spacecraft engaged in practical applications and uses of space technology such as weather or communications,------,
2022-125K,,Starlink 5156?,USA,10/5/2022,,Yes,ST/SG/SER.E/1086,,in orbit,,Spacecraft engaged in practical applications and uses of space technology such as weather or communications,------,
2022-125BB,,Starlink 5098?,USA,10/5/2022,,Yes,ST/SG/SER.E/1086,,in orbit,,Spacecraft engaged in practical applications and uses of space technology such as weather or communications,------,
2022-125BA,,Starlink 5126?,USA,10/5/2022,,Yes,ST/SG/SER.E/1086,,in orbit,,Spacecraft engaged in practical applications and uses of space technology such as weather or communications,------,
2022-125AV,,Starlink 5132?,USA,10/5/2022,,Yes,ST/SG/SER.E/1086,,in orbit,,Spacecraft engaged in practical applications and uses of space technology such as weather or communications,------,
2022-125AX,,Starlink 5099?,USA,10/5/2022,,Yes,ST/SG/SER.E/1086,,in orbit,,Spacecraft engaged in practical applications and uses of space technology such as weather or communications,------,
2022-125AZ,,Starlink 5124?,USA,10/5/2022,,Yes,ST/SG/SER.E/1086,,in orbit,,Spacecraft engaged in practical applications and uses of space technology such as weather or communications,------,
2022-125BD,,Starlink 5055?,USA,10/5/2022,,Yes,ST/SG/SER.E/1086,,in orbit,,Spacecraft engaged in practical applications and uses of space technology such as weather or communications,------,
2022-125AW,,Starlink 5145?,USA,10/5/2022,,Yes,ST/SG/SER.E/1086,,in orbit,,Spacecraft engaged in practical applications and uses of space technology such as weather or communications,------,
2022-125AY,,Starlink 5127?,USA,10/5/2022,,Yes,ST/SG/SER.E/1086,,in orbit,,Spacecraft engaged in practical applications and uses of space technology such as weather or communications,------,
2022-125E,,Starlink 4629?,USA,10/5/2022,,Yes,ST/SG/SER.E/1086,,in orbit,,Spacecraft engaged in practical applications and uses of space technology such as weather or communications,------,
2022-125W,,Starlink 5142?,USA,10/5/2022,,Yes,ST/SG/SER.E/1086,,in orbit,,Spacecraft engaged in practical applications and uses of space technology such as weather or communications,------,
2022-125C,,Starlink 4635?,USA,10/5/2022,,Yes,ST/SG/SER.E/1086,,in orbit,,Spacecraft engaged in practical applications and uses of space technology such as weather or communications,------,
2022-125D,,Starlink 4634?,USA,10/5/2022,,Yes,ST/SG/SER.E/1086,,in orbit,,Spacecraft engaged in practical applications and uses of space technology such as weather or communications,------,
2022-125V,,Starlink 5103?,USA,10/5/2022,,Yes,ST/SG/SER.E/1086,,in orbit,,Spacecraft engaged in practical applications and uses of space technology such as weather or communications,------,
2022-125X,,Starlink 5147?,USA,10/5/2022,,Yes,ST/SG/SER.E/1086,,in orbit,,Spacecraft engaged in practical applications and uses of space technology such as weather or communications,------,
2022-125Y,,Starlink 5119?,USA,10/5/2022,,Yes,ST/SG/SER.E/1086,,in orbit,,Spacecraft engaged in practical applications and uses of space technology such as weather or communications,------,
2022-125AL,,Starlink 5128?,USA,10/5/2022,,Yes,ST/SG/SER.E/1086,,in orbit,,Spacecraft engaged in practical applications and uses of space technology such as weather or communications,------,
2022-125AT,,Starlink 5135?,USA,10/5/2022,,Yes,ST/SG/SER.E/1086,,in orbit,,Spacecraft engaged in practical applications and uses of space technology such as weather or communications,------,
2022-125AM,,Starlink 5079?,USA,10/5/2022,,Yes,ST/SG/SER.E/1086,,in orbit,,Spacecraft engaged in practical applications and uses of space technology such as weather or communications,------,
2022-125AN,,Starlink 5088?,USA,10/5/2022,,Yes,ST/SG/SER.E/1086,,in orbit,,Spacecraft engaged in practical applications and uses of space technology such as weather or communications,------,
2022-125AR,,Starlink 5114?,USA,10/5/2022,,Yes,ST/SG/SER.E/1086,,in orbit,,Spacecraft engaged in practical applications and uses of space technology such as weather or communications,------,
2022-125AS,,Starlink 5129?,USA,10/5/2022,,Yes,ST/SG/SER.E/1086,,in orbit,,Spacecraft engaged in practical applications and uses of space technology such as weather or communications,------,
2022-125AU,,Starlink 5096?,USA,10/5/2022,,Yes,ST/SG/SER.E/1086,,in orbit,,Spacecraft engaged in practical applications and uses of space technology such as weather or communications,------,
2022-125AQ,,Starlink 5109?,USA,10/5/2022,,Yes,ST/SG/SER.E/1086,,in orbit,,Spacecraft engaged in practical applications and uses of space technology such as weather or communications,------,
2022-125A,,Starlink 4633?,USA,10/5/2022,,Yes,ST/SG/SER.E/1086,,in orbit,,Spacecraft engaged in practical applications and uses of space technology such as weather or communications,------,
2022-125L,,Starlink 5159?,USA,10/5/2022,,Yes,ST/SG/SER.E/1086,,in orbit,,Spacecraft engaged in practical applications and uses of space technology such as weather or communications,------,
2022-125M,,Starlink 5137?,USA,10/5/2022,,Yes,ST/SG/SER.E/1086,,in orbit,,Spacecraft engaged in practical applications and uses of space technology such as weather or communications,------,
2022-125N,,Starlink 5134?,USA,10/5/2022,,Yes,ST/SG/SER.E/1086,,in orbit,,Spacecraft engaged in practical applications and uses of space technology such as weather or communications,------,
2022-125P,,Starlink 5094?,USA,10/5/2022,,Yes,ST/SG/SER.E/1086,,in orbit,,Spacecraft engaged in practical applications and uses of space technology such as weather or communications,------,
2022-125Q,,Starlink 5148?,USA,10/5/2022,,Yes,ST/SG/SER.E/1086,,in orbit,,Spacecraft engaged in practical applications and uses of space technology such as weather or communications,------,
2022-125T,,Starlink 5149?,USA,10/5/2022,,Yes,ST/SG/SER.E/1086,,in orbit,,Spacecraft engaged in practical applications and uses of space technology such as weather or communications,------,
2022-125U,,Starlink 5120?,USA,10/5/2022,,Yes,ST/SG/SER.E/1086,,in orbit,,Spacecraft engaged in practical applications and uses of space technology such as weather or communications,------,
2022-125R,,Starlink 5123?,USA,10/5/2022,,Yes,ST/SG/SER.E/1086,,in orbit,,Spacecraft engaged in practical applications and uses of space technology such as weather or communications,------,
2022-125S,,Starlink 5133?,USA,10/5/2022,,Yes,ST/SG/SER.E/1086,,in orbit,,Spacecraft engaged in practical applications and uses of space technology such as weather or communications,------,
2022-125AD,,Starlink 5118?,USA,10/5/2022,,Yes,ST/SG/SER.E/1086,,in orbit,,Spacecraft engaged in practical applications and uses of space technology such as weather or communications,------,
2022-125AA,,Starlink 5113?,USA,10/5/2022,,Yes,ST/SG/SER.E/1086,,in orbit,,Spacecraft engaged in practical applications and uses of space technology such as weather or communications,------,
2022-125AE,,Starlink 5108?,USA,10/5/2022,,Yes,ST/SG/SER.E/1086,,in orbit,,Spacecraft engaged in practical applications and uses of space technology such as weather or communications,------,
2022-125AG,,Starlink 5125?,USA,10/5/2022,,Yes,ST/SG/SER.E/1086,,in orbit,,Spacecraft engaged in practical applications and uses of space technology such as weather or communications,------,
2022-125AH,,Starlink 5097?,USA,10/5/2022,,Yes,ST/SG/SER.E/1086,,in orbit,,Spacecraft engaged in practical applications and uses of space technology such as weather or communications,------,
2022-125AJ,,Starlink 5131?,USA,10/5/2022,,Yes,ST/SG/SER.E/1086,,in orbit,,Spacecraft engaged in practical applications and uses of space technology such as weather or communications,------,
2022-125AK,,Starlink 5130?,USA,10/5/2022,,Yes,ST/SG/SER.E/1086,,in orbit,,Spacecraft engaged in practical applications and uses of space technology such as weather or communications,------,
2022-125AF,,Starlink 5121?,USA,10/5/2022,,Yes,ST/SG/SER.E/1086,,in orbit,,Spacecraft engaged in practical applications and uses of space technology such as weather or communications,------,
2022-125AB,,Starlink 5115?,USA,10/5/2022,,Yes,ST/SG/SER.E/1086,ST/SG/SER.E/1249,[deorbited],12/29/2024,Spacecraft engaged in practical applications and uses of space technology such as weather or communications,------,
2022-125Z,,Starlink 5112?,USA,10/5/2022,,Yes,ST/SG/SER.E/1086,ST/SG/SER.E/1287,[deorbited],2/26/2025,Spacecraft engaged in practical applications and uses of space technology such as weather or communications,------,
2022-123B,,SES 21?,USA,10/4/2022,,Yes,ST/SG/SER.E/1086,,in GSO,,Spacecraft engaged in practical applications and uses of space technology such as weather or communications,------,
2022-123A,,SES 20?,USA,10/4/2022,,Yes,ST/SG/SER.E/1086,,in GSO,,Spacecraft engaged in practical applications and uses of space technology such as weather or communications,------,
[2022-122*],,?[TECHEDSAT 15],[USA],[2022-10-01],,No,,,[decayed],[2022-10-05],------,Not registered with the United Nations. International Designator pending assignment.,
[2022-122*],,?[FOSSASAT 1B ],[(for Spain)],[2022-10-01],,No,,,[decayed],[2022-10-05],------,Not registered with the United Nations. International Designator pending assignment.,
[2022-122*],,?[GENESIS G],[(for Spain)],[2022-10-01],,No,,,[decayed],[2022-10-05],------,Not registered with the United Nations. International Designator pending assignment.,
[2022-122*],,?[GENESIS J],[(for Spain)],[2022-10-01],,No,,,[decayed],[2022-10-05],------,Not registered with the United Nations. International Designator pending assignment.,
[2022-122*],,?[QUBIK 4],[(for Greece)],[2022-10-01],,No,,,[decayed],[2022-10-05],------,Not registered with the United Nations. International Designator pending assignment.,
[2022-122*],,?[QUBIK 3],[(for Greece)],[2022-10-01],,No,,,[decayed],[2022-10-05],------,Not registered with the United Nations. International Designator pending assignment.,
2022-122A,,TIS Serenity?,USA,10/1/2022,,Yes,ST/SG/SER.E/1117,ST/SG/SER.E/1117,decayed,10/12/2022,------,------,
2022-120A,,Yaogan 36 Group-01 Satellite-A (Yaogan-36-A 01)?,China,9/26/2022,,Yes,ST/SG/SER.E/1123,,in orbit,,Remote sensing satellite,------,
2022-120E,,Yaogan 36 Group-01 Satellite-C (Yaogan-36-C 01)?,China,9/26/2022,,Yes,ST/SG/SER.E/1123,,in orbit,,Remote sensing satellite,------,
2022-121B,,Shiyan 16 Satellite-B (Shiyan-16 B)?,China,9/26/2022,,Yes,ST/SG/SER.E/1123,,in orbit,,Test satellite,------,
2022-121E,,Shiyan 17?,China,9/26/2022,,Yes,ST/SG/SER.E/1123,,in orbit,,Test satellite,------,
2022-120D,,Yaogan 36 Group-01 Satellite-B (Yaogan-36-B 01)?,China,9/26/2022,[------],Yes,ST/SG/SER.E/1123,,[decayed],[2024-06-28],Remote sensing satellite,------,
2022-121A,,Shiyan 16 Satellite-A (Shiyan-16 A)?,China,9/26/2022,,Yes,ST/SG/SER.E/1123,,[decayed],[2025-03-08],Test satellite,------,
2022-118B,,Shiyan 15?,China,9/24/2022,,Yes,ST/SG/SER.E/1123,,in orbit,,Test satellite,------,
2022-119AD,,Starlink 5053?,USA,9/24/2022,,Yes,ST/SG/SER.E/1082,,in orbit,,Spacecraft engaged in practical applications and uses of space technology such as weather or communications,------,
2022-119AX,,Starlink 5015?,USA,9/24/2022,,Yes,ST/SG/SER.E/1082,,in orbit,,Spacecraft engaged in practical applications and uses of space technology such as weather or communications,------,
2022-119AM,,Starlink 5005?,USA,9/24/2022,,Yes,ST/SG/SER.E/1082,ST/SG/SER.E/1086,[deorbited],10/25/2022,Spacecraft engaged in practical applications and uses of space technology such as weather or communications,------,
2022-119A,,Starlink 5028?,USA,9/24/2022,,Yes,ST/SG/SER.E/1082,,in orbit,,Spacecraft engaged in practical applications and uses of space technology such as weather or communications,------,
2022-119C,,Starlink 5034?,USA,9/24/2022,,Yes,ST/SG/SER.E/1082,,in orbit,,Spacecraft engaged in practical applications and uses of space technology such as weather or communications,------,
2022-119D,,Starlink 5031?,USA,9/24/2022,,Yes,ST/SG/SER.E/1082,,in orbit,,Spacecraft engaged in practical applications and uses of space technology such as weather or communications,------,
2022-119E,,Starlink 5050?,USA,9/24/2022,,Yes,ST/SG/SER.E/1082,,in orbit,,Spacecraft engaged in practical applications and uses of space technology such as weather or communications,------,
2022-119B,,Starlink 5029?,USA,9/24/2022,,Yes,ST/SG/SER.E/1082,,in orbit,,Spacecraft engaged in practical applications and uses of space technology such as weather or communications,------,
2022-117A,,USA 338?,USA,9/24/2022,,Yes,ST/SG/SER.E/1082,,in orbit,,Spacecraft engaged in practical applications and uses of space technology such as weather or communications,------,
2022-119AQ,,Starlink 5001?,USA,9/24/2022,,Yes,ST/SG/SER.E/1082,,in orbit,,Spacecraft engaged in practical applications and uses of space technology such as weather or communications,------,
2022-119AL,,Starlink 5025?,USA,9/24/2022,,Yes,ST/SG/SER.E/1082,,in orbit,,Spacecraft engaged in practical applications and uses of space technology such as weather or communications,------,
2022-119AP,,Starlink 5004?,USA,9/24/2022,,Yes,ST/SG/SER.E/1082,,in orbit,,Spacecraft engaged in practical applications and uses of space technology such as weather or communications,------,
2022-119AS,,Starlink 5014?,USA,9/24/2022,,Yes,ST/SG/SER.E/1082,,in orbit,,Spacecraft engaged in practical applications and uses of space technology such as weather or communications,------,
2022-119AJ,,Starlink 5012?,USA,9/24/2022,,Yes,ST/SG/SER.E/1082,,in orbit,,Spacecraft engaged in practical applications and uses of space technology such as weather or communications,------,
2022-119AK,,Starlink 5023?,USA,9/24/2022,,Yes,ST/SG/SER.E/1082,,in orbit,,Spacecraft engaged in practical applications and uses of space technology such as weather or communications,------,
2022-119AN,,Starlink 5002?,USA,9/24/2022,,Yes,ST/SG/SER.E/1082,,in orbit,,Spacecraft engaged in practical applications and uses of space technology such as weather or communications,------,
2022-119AR,,Starlink 5011?,USA,9/24/2022,,Yes,ST/SG/SER.E/1082,,in orbit,,Spacecraft engaged in practical applications and uses of space technology such as weather or communications,------,
2022-119AA,,Starlink 5056?,USA,9/24/2022,,Yes,ST/SG/SER.E/1082,,in orbit,,Spacecraft engaged in practical applications and uses of space technology such as weather or communications,------,
2022-119AB,,Starlink 5048?,USA,9/24/2022,,Yes,ST/SG/SER.E/1082,,in orbit,,Spacecraft engaged in practical applications and uses of space technology such as weather or communications,------,
2022-119AC,,Starlink 5059?,USA,9/24/2022,,Yes,ST/SG/SER.E/1082,,in orbit,,Spacecraft engaged in practical applications and uses of space technology such as weather or communications,------,
2022-119AE,,Starlink 5040?,USA,9/24/2022,,Yes,ST/SG/SER.E/1082,,in orbit,,Spacecraft engaged in practical applications and uses of space technology such as weather or communications,------,
2022-119AH,,Starlink 5036?,USA,9/24/2022,,Yes,ST/SG/SER.E/1082,,in orbit,,Spacecraft engaged in practical applications and uses of space technology such as weather or communications,------,
2022-119AG,,Starlink 5051?,USA,9/24/2022,,Yes,ST/SG/SER.E/1082,,in orbit,,Spacecraft engaged in practical applications and uses of space technology such as weather or communications,------,
2022-119Z,,Starlink 4796?,USA,9/24/2022,,Yes,ST/SG/SER.E/1082,,in orbit,,Spacecraft engaged in practical applications and uses of space technology such as weather or communications,------,
2022-119AF,,Starlink 5017?,USA,9/24/2022,,Yes,ST/SG/SER.E/1082,,in orbit,,Spacecraft engaged in practical applications and uses of space technology such as weather or communications,------,
2022-119Q,,Starlink 5045?,USA,9/24/2022,,Yes,ST/SG/SER.E/1082,,in orbit,,Spacecraft engaged in practical applications and uses of space technology such as weather or communications,------,
2022-119R,,Starlink 5024?,USA,9/24/2022,,Yes,ST/SG/SER.E/1082,,in orbit,,Spacecraft engaged in practical applications and uses of space technology such as weather or communications,------,
2022-119T,,Starlink 5022?,USA,9/24/2022,,Yes,ST/SG/SER.E/1082,,in orbit,,Spacecraft engaged in practical applications and uses of space technology such as weather or communications,------,
2022-119U,,Starlink 4787?,USA,9/24/2022,,Yes,ST/SG/SER.E/1082,,in orbit,,Spacecraft engaged in practical applications and uses of space technology such as weather or communications,------,
2022-119W,,Starlink 5054?,USA,9/24/2022,,Yes,ST/SG/SER.E/1082,,in orbit,,Spacecraft engaged in practical applications and uses of space technology such as weather or communications,------,
2022-119Y,,Starlink 5057?,USA,9/24/2022,,Yes,ST/SG/SER.E/1082,,in orbit,,Spacecraft engaged in practical applications and uses of space technology such as weather or communications,------,
2022-119S,,Starlink 5021?,USA,9/24/2022,,Yes,ST/SG/SER.E/1082,,in orbit,,Spacecraft engaged in practical applications and uses of space technology such as weather or communications,------,
2022-119V,,Starlink 5003?,USA,9/24/2022,,Yes,ST/SG/SER.E/1082,,in orbit,,Spacecraft engaged in practical applications and uses of space technology such as weather or communications,------,
2022-119BC,,Starlink 4791?,USA,9/24/2022,,Yes,ST/SG/SER.E/1082,,in orbit,,Spacecraft engaged in practical applications and uses of space technology such as weather or communications,------,
2022-119F,,Starlink 5041?,USA,9/24/2022,,Yes,ST/SG/SER.E/1082,,in orbit,,Spacecraft engaged in practical applications and uses of space technology such as weather or communications,------,
2022-119G,,Starlink 5046?,USA,9/24/2022,,Yes,ST/SG/SER.E/1082,,in orbit,,Spacecraft engaged in practical applications and uses of space technology such as weather or communications,------,
2022-119H,,Starlink 5052?,USA,9/24/2022,,Yes,ST/SG/SER.E/1082,,in orbit,,Spacecraft engaged in practical applications and uses of space technology such as weather or communications,------,
2022-119J,,Starlink 5043?,USA,9/24/2022,,Yes,ST/SG/SER.E/1082,,in orbit,,Spacecraft engaged in practical applications and uses of space technology such as weather or communications,------,
2022-119L,,Starlink 5037?,USA,9/24/2022,,Yes,ST/SG/SER.E/1082,,in orbit,,Spacecraft engaged in practical applications and uses of space technology such as weather or communications,------,
2022-119M,,Starlink 5035?,USA,9/24/2022,,Yes,ST/SG/SER.E/1082,,in orbit,,Spacecraft engaged in practical applications and uses of space technology such as weather or communications,------,
2022-119N,,Starlink 5044?,USA,9/24/2022,,Yes,ST/SG/SER.E/1082,,in orbit,,Spacecraft engaged in practical applications and uses of space technology such as weather or communications,------,
2022-119P,,Starlink 5042?,USA,9/24/2022,,Yes,ST/SG/SER.E/1082,,in orbit,,Spacecraft engaged in practical applications and uses of space technology such as weather or communications,------,
2022-119K,,Starlink 5032?,USA,9/24/2022,,Yes,ST/SG/SER.E/1082,,in orbit,,Spacecraft engaged in practical applications and uses of space technology such as weather or communications,------,
2022-119AT,,Starlink 5008?,USA,9/24/2022,,Yes,ST/SG/SER.E/1082,,in orbit,,Spacecraft engaged in practical applications and uses of space technology such as weather or communications,------,
2022-119AU,,Starlink 5009?,USA,9/24/2022,,Yes,ST/SG/SER.E/1082,,in orbit,,Spacecraft engaged in practical applications and uses of space technology such as weather or communications,------,
2022-119AV,,Starlink 5018?,USA,9/24/2022,,Yes,ST/SG/SER.E/1082,,in orbit,,Spacecraft engaged in practical applications and uses of space technology such as weather or communications,------,
2022-119AY,,Starlink 4772?,USA,9/24/2022,,Yes,ST/SG/SER.E/1082,,in orbit,,Spacecraft engaged in practical applications and uses of space technology such as weather or communications,------,
2022-119AZ,,Starlink 4782?,USA,9/24/2022,,Yes,ST/SG/SER.E/1082,,in orbit,,Spacecraft engaged in practical applications and uses of space technology such as weather or communications,------,
2022-119BA,,Starlink 4775?,USA,9/24/2022,,Yes,ST/SG/SER.E/1082,,in orbit,,Spacecraft engaged in practical applications and uses of space technology such as weather or communications,------,
2022-119AW,,Starlink 5010?,USA,9/24/2022,,Yes,ST/SG/SER.E/1082,,in orbit,,Spacecraft engaged in practical applications and uses of space technology such as weather or communications,------,
2022-119BB,,Starlink 5000?,USA,9/24/2022,,Yes,ST/SG/SER.E/1082,,in orbit,,Spacecraft engaged in practical applications and uses of space technology such as weather or communications,------,
2022-118A,,Shiyan 14?,China,9/24/2022,,Yes,ST/SG/SER.E/1123,,[decayed],[2025-04-23],Test satellite,------,
2022-119BD,,Starlink 4765?,USA,9/24/2022,,Yes,ST/SG/SER.E/1082,ST/SG/SER.E/1270,[deorbited],1/14/2025,Spacecraft engaged in practical applications and uses of space technology such as weather or communications,------,
2022-119X,,Starlink 5063?,USA,9/24/2022,,Yes,ST/SG/SER.E/1082,ST/SG/SER.E/1287,[deorbited],2/27/2025,Spacecraft engaged in practical applications and uses of space technology such as weather or communications,------,
[2022-116A],3617-2022-13,Soyuz MS-22?,Russian Federation,9/21/2022,,Yes,ST/SG/SER.E/1077,ST/SG/SER.E/1109,recovered,3/28/2023,"Delivery to the International Space Station of the crew of Expedition 68, consisting of Sergei Valeryevich Prokopyev (Russian Federation), commander of the crewed transport vehicle, and flight engineer-1 Dmitry Aleksandrovich Petelin (Russian Federation) and flight engineer-2 Francisco Rubio (United States of America)",------,
2022-115A,,Yunhai 1 03?,China,9/20/2022,,Yes,ST/SG/SER.E/1123,,in orbit,,Remote sensing satellite,------,
2022-114E,,Starlink 4713?,USA,9/19/2022,,Yes,ST/SG/SER.E/1082,ST/SG/SER.E/1086,[deorbited],10/7/2022,Spacecraft engaged in practical applications and uses of space technology such as weather or communications,------,
2022-114U,,Starlink 4778?,USA,9/19/2022,,Yes,ST/SG/SER.E/1082,,in orbit,,Spacecraft engaged in practical applications and uses of space technology such as weather or communications,------,
2022-114Z,,Starlink 4750?,USA,9/19/2022,,Yes,ST/SG/SER.E/1082,,in orbit,,Spacecraft engaged in practical applications and uses of space technology such as weather or communications,------,
2022-114S,,Starlink 4737?,USA,9/19/2022,,Yes,ST/SG/SER.E/1082,,in orbit,,Spacecraft engaged in practical applications and uses of space technology such as weather or communications,------,
2022-114T,,Starlink 4783?,USA,9/19/2022,,Yes,ST/SG/SER.E/1082,,in orbit,,Spacecraft engaged in practical applications and uses of space technology such as weather or communications,------,
2022-114W,,Starlink 4773?,USA,9/19/2022,,Yes,ST/SG/SER.E/1082,,in orbit,,Spacecraft engaged in practical applications and uses of space technology such as weather or communications,------,
2022-114X,,Starlink 4784?,USA,9/19/2022,,Yes,ST/SG/SER.E/1082,,in orbit,,Spacecraft engaged in practical applications and uses of space technology such as weather or communications,------,
2022-114R,,Starlink 4771?,USA,9/19/2022,,Yes,ST/SG/SER.E/1082,,in orbit,,Spacecraft engaged in practical applications and uses of space technology such as weather or communications,------,
2022-114V,,Starlink 4776?,USA,9/19/2022,,Yes,ST/SG/SER.E/1082,,in orbit,,Spacecraft engaged in practical applications and uses of space technology such as weather or communications,------,
2022-114Y,,Starlink 4766?,USA,9/19/2022,,Yes,ST/SG/SER.E/1082,,in orbit,,Spacecraft engaged in practical applications and uses of space technology such as weather or communications,------,
2022-114BD,,Starlink 4810?,USA,9/19/2022,,Yes,ST/SG/SER.E/1082,,in orbit,,Spacecraft engaged in practical applications and uses of space technology such as weather or communications,------,
2022-114BE,,Starlink 4732?,USA,9/19/2022,,Yes,ST/SG/SER.E/1082,,in orbit,,Spacecraft engaged in practical applications and uses of space technology such as weather or communications,------,
2022-114BF,,Starlink 4740?,USA,9/19/2022,,Yes,ST/SG/SER.E/1082,,in orbit,,Spacecraft engaged in practical applications and uses of space technology such as weather or communications,------,
2022-114B,,Starlink 4738?,USA,9/19/2022,,Yes,ST/SG/SER.E/1082,,in orbit,,Spacecraft engaged in practical applications and uses of space technology such as weather or communications,------,
2022-114C,,Starlink 4758?,USA,9/19/2022,,Yes,ST/SG/SER.E/1082,,in orbit,,Spacecraft engaged in practical applications and uses of space technology such as weather or communications,------,
2022-114D,,Starlink 4752?,USA,9/19/2022,,Yes,ST/SG/SER.E/1082,,in orbit,,Spacecraft engaged in practical applications and uses of space technology such as weather or communications,------,
2022-114F,,Starlink 4748?,USA,9/19/2022,,Yes,ST/SG/SER.E/1082,,in orbit,,Spacecraft engaged in practical applications and uses of space technology such as weather or communications,------,
2022-114BB,,Starlink 4793?,USA,9/19/2022,,Yes,ST/SG/SER.E/1082,,in orbit,,Spacecraft engaged in practical applications and uses of space technology such as weather or communications,------,
2022-114BC,,Starlink 4789?,USA,9/19/2022,,Yes,ST/SG/SER.E/1082,,in orbit,,Spacecraft engaged in practical applications and uses of space technology such as weather or communications,------,
2022-114AU,,Starlink 4799?,USA,9/19/2022,,Yes,ST/SG/SER.E/1082,,in orbit,,Spacecraft engaged in practical applications and uses of space technology such as weather or communications,------,
2022-114AV,,Starlink 4781?,USA,9/19/2022,,Yes,ST/SG/SER.E/1082,,in orbit,,Spacecraft engaged in practical applications and uses of space technology such as weather or communications,------,
2022-114AX,,Starlink 4788?,USA,9/19/2022,,Yes,ST/SG/SER.E/1082,,in orbit,,Spacecraft engaged in practical applications and uses of space technology such as weather or communications,------,
2022-114AY,,Starlink 4779?,USA,9/19/2022,,Yes,ST/SG/SER.E/1082,,in orbit,,Spacecraft engaged in practical applications and uses of space technology such as weather or communications,------,
2022-114BA,,Starlink 4762?,USA,9/19/2022,,Yes,ST/SG/SER.E/1082,,in orbit,,Spacecraft engaged in practical applications and uses of space technology such as weather or communications,------,
2022-114AK,,Starlink 4755?,USA,9/19/2022,,Yes,ST/SG/SER.E/1082,,in orbit,,Spacecraft engaged in practical applications and uses of space technology such as weather or communications,------,
2022-114AL,,Starlink 4797?,USA,9/19/2022,,Yes,ST/SG/SER.E/1082,,in orbit,,Spacecraft engaged in practical applications and uses of space technology such as weather or communications,------,
2022-114AM,,Starlink 4794?,USA,9/19/2022,,Yes,ST/SG/SER.E/1082,,in orbit,,Spacecraft engaged in practical applications and uses of space technology such as weather or communications,------,
2022-114AN,,Starlink 4800?,USA,9/19/2022,,Yes,ST/SG/SER.E/1082,,in orbit,,Spacecraft engaged in practical applications and uses of space technology such as weather or communications,------,
2022-114AP,,Starlink 4703?,USA,9/19/2022,,Yes,ST/SG/SER.E/1082,,in orbit,,Spacecraft engaged in practical applications and uses of space technology such as weather or communications,------,
2022-114AQ,,Starlink 4795?,USA,9/19/2022,,Yes,ST/SG/SER.E/1082,,in orbit,,Spacecraft engaged in practical applications and uses of space technology such as weather or communications,------,
2022-114AS,,Starlink 4798?,USA,9/19/2022,,Yes,ST/SG/SER.E/1082,,in orbit,,Spacecraft engaged in practical applications and uses of space technology such as weather or communications,------,
2022-114AT,,Starlink 4790?,USA,9/19/2022,,Yes,ST/SG/SER.E/1082,,in orbit,,Spacecraft engaged in practical applications and uses of space technology such as weather or communications,------,
2022-114AR,,Starlink 4809?,USA,9/19/2022,,Yes,ST/SG/SER.E/1082,,in orbit,,Spacecraft engaged in practical applications and uses of space technology such as weather or communications,------,
2022-114L,,Starlink 4760?,USA,9/19/2022,,Yes,ST/SG/SER.E/1082,,in orbit,,Spacecraft engaged in practical applications and uses of space technology such as weather or communications,------,
2022-114G,,Starlink 4757?,USA,9/19/2022,,Yes,ST/SG/SER.E/1082,,in orbit,,Spacecraft engaged in practical applications and uses of space technology such as weather or communications,------,
2022-114H,,Starlink 4751?,USA,9/19/2022,,Yes,ST/SG/SER.E/1082,,in orbit,,Spacecraft engaged in practical applications and uses of space technology such as weather or communications,------,
2022-114J,,Starlink 4756?,USA,9/19/2022,,Yes,ST/SG/SER.E/1082,,in orbit,,Spacecraft engaged in practical applications and uses of space technology such as weather or communications,------,
2022-114K,,Starlink 4764?,USA,9/19/2022,,Yes,ST/SG/SER.E/1082,,in orbit,,Spacecraft engaged in practical applications and uses of space technology such as weather or communications,------,
2022-114M,,Starlink 4759?,USA,9/19/2022,,Yes,ST/SG/SER.E/1082,,in orbit,,Spacecraft engaged in practical applications and uses of space technology such as weather or communications,------,
2022-114P,,Starlink 4649?,USA,9/19/2022,,Yes,ST/SG/SER.E/1082,,in orbit,,Spacecraft engaged in practical applications and uses of space technology such as weather or communications,------,
2022-114Q,,Starlink 4747?,USA,9/19/2022,,Yes,ST/SG/SER.E/1082,,in orbit,,Spacecraft engaged in practical applications and uses of space technology such as weather or communications,------,
2022-114N,,Starlink 4761?,USA,9/19/2022,,Yes,ST/SG/SER.E/1082,,in orbit,,Spacecraft engaged in practical applications and uses of space technology such as weather or communications,------,
2022-114AD,,Starlink 4753?,USA,9/19/2022,,Yes,ST/SG/SER.E/1082,,in orbit,,Spacecraft engaged in practical applications and uses of space technology such as weather or communications,------,
2022-114AG,,Starlink 4780?,USA,9/19/2022,,Yes,ST/SG/SER.E/1082,,in orbit,,Spacecraft engaged in practical applications and uses of space technology such as weather or communications,------,
2022-114AH,,Starlink 4770?,USA,9/19/2022,,Yes,ST/SG/SER.E/1082,,in orbit,,Spacecraft engaged in practical applications and uses of space technology such as weather or communications,------,
2022-114AJ,,Starlink 4767?,USA,9/19/2022,,Yes,ST/SG/SER.E/1082,,in orbit,,Spacecraft engaged in practical applications and uses of space technology such as weather or communications,------,
2022-114AA,,Starlink 4754?,USA,9/19/2022,,Yes,ST/SG/SER.E/1082,,in orbit,,Spacecraft engaged in practical applications and uses of space technology such as weather or communications,------,
2022-114AB,,Starlink 4769?,USA,9/19/2022,,Yes,ST/SG/SER.E/1082,,in orbit,,Spacecraft engaged in practical applications and uses of space technology such as weather or communications,------,
2022-114AC,,Starlink 4745?,USA,9/19/2022,,Yes,ST/SG/SER.E/1082,,in orbit,,Spacecraft engaged in practical applications and uses of space technology such as weather or communications,------,
2022-114AE,,Starlink 4746?,USA,9/19/2022,,Yes,ST/SG/SER.E/1082,,in orbit,,Spacecraft engaged in practical applications and uses of space technology such as weather or communications,------,
2022-114AF,,Starlink 4777?,USA,9/19/2022,,Yes,ST/SG/SER.E/1082,,in orbit,,Spacecraft engaged in practical applications and uses of space technology such as weather or communications,------,
2022-114AZ,,Starlink 4785?,USA,9/19/2022,,Yes,ST/SG/SER.E/1082,ST/SG/SER.E/1249,[deorbited],12/30/2024,Spacecraft engaged in practical applications and uses of space technology such as weather or communications,------,
2022-114AW,,Starlink 4792?,USA,9/19/2022,,Yes,ST/SG/SER.E/1082,ST/SG/SER.E/1249,[deorbited],12/29/2024,Spacecraft engaged in practical applications and uses of space technology such as weather or communications,------,
2022-114A,,Starlink 4749?,USA,9/19/2022,,Yes,ST/SG/SER.E/1082,ST/SG/SER.E/1290,[deorbited],3/8/2025,Spacecraft engaged in practical applications and uses of space technology such as weather or communications,------,
2022-113A,,StriX 1?,Japan,9/15/2022,,Yes,ST/SG/SER.E/1132,ST/SG/SER.E/1089,in orbit,,"StriX-1 is the third synthetic aperture radar (SAR) satellite made by Synspective Inc. for commercial SAR imagery (remote sensing) provision services, including upload and download functionality and antenna signal strength",Mentioned by New Zealand in ST/SG/SER.E/1089.,Link
2022-112A,,ChinaSat 1E (ChinaStar1E)?,China,9/13/2022,,Yes,ST/SG/SER.E/1123,,in GSO,,Communications satellite,------,
[2022-111AL],,?[BLUEWALKER 3],[(for Spain)],[2022-09-11],,No,,,[in orbit],,,------,
2022-111U,,Starlink 4791?,USA,9/11/2022,,Yes,ST/SG/SER.E/1082,ST/SG/SER.E/1091,[deorbited],11/14/2022,Spacecraft engaged in practical applications and uses of space technology such as weather or communications,------,
2022-111R,,Starlink 4744?,USA,9/11/2022,,Yes,ST/SG/SER.E/1082,ST/SG/SER.E/1091,[deorbited],11/15/2022,Spacecraft engaged in practical applications and uses of space technology such as weather or communications,------,
2022-111N,,Starlink 4638?,USA,9/11/2022,,Yes,ST/SG/SER.E/1082,ST/SG/SER.E/1091,[deorbited],11/16/2022,Spacecraft engaged in practical applications and uses of space technology such as weather or communications,------,
2021-110C,,LICIACube?,Italy,9/11/2022,,Yes,ST/SG/SER.E/1228,,heliocentric,,"The LICIACube (Light Italian Cubesat for Imaging of Asteroids) is a 6U CubeSat provided by the Italian Space Agency, carried along with the Double Asteroid Redirect Test (DART) to Didymos and was released on 11 September 2022 before the DART impact. The goal of the mission is to follow DART and return post-impact pictures of the asteroid Dimorphos. The scientific objectives were: 1) verify the DART impact; 2) obtain images of the ejecta plume; 3) obtain images of the DART impact site; and 4) obtain images of the far (non-impact) hemisphere.",The registration submission for this space object is presently being processed by the United Nations Secretariat. International Designator provided by the State of registry. Deployed from NASA DART (international designator 2021-110A). Date of launch of carrier and date of deployment provided by the State of registry in ST/SG/SER.E/1228. Date of launch is date of deployment.,Link
2022-111A,,Starlink 4718?,USA,9/11/2022,,Yes,ST/SG/SER.E/1082,,in orbit,,Spacecraft engaged in practical applications and uses of space technology such as weather or communications,------,
2022-111E,,Starlink 4664?,USA,9/11/2022,,Yes,ST/SG/SER.E/1082,,in orbit,,Spacecraft engaged in practical applications and uses of space technology such as weather or communications,------,
2022-111F,,Starlink 4709?,USA,9/11/2022,,Yes,ST/SG/SER.E/1082,,in orbit,,Spacecraft engaged in practical applications and uses of space technology such as weather or communications,------,
2022-111G,,Starlink 4706?,USA,9/11/2022,,Yes,ST/SG/SER.E/1082,,in orbit,,Spacecraft engaged in practical applications and uses of space technology such as weather or communications,------,
2022-111H,,Starlink 4678?,USA,9/11/2022,,Yes,ST/SG/SER.E/1082,,in orbit,,Spacecraft engaged in practical applications and uses of space technology such as weather or communications,------,
2022-111J,,Starlink 4462?,USA,9/11/2022,,Yes,ST/SG/SER.E/1082,,in orbit,,Spacecraft engaged in practical applications and uses of space technology such as weather or communications,------,
2022-111M,,Starlink 4687?,USA,9/11/2022,,Yes,ST/SG/SER.E/1082,,in orbit,,Spacecraft engaged in practical applications and uses of space technology such as weather or communications,------,
2022-111B,,Starlink 4719?,USA,9/11/2022,,Yes,ST/SG/SER.E/1082,,in orbit,,Spacecraft engaged in practical applications and uses of space technology such as weather or communications,------,
2022-111K,,Starlink 4679?,USA,9/11/2022,,Yes,ST/SG/SER.E/1082,,in orbit,,Spacecraft engaged in practical applications and uses of space technology such as weather or communications,------,
2022-111T,,Starlink 4734?,USA,9/11/2022,,Yes,ST/SG/SER.E/1082,,in orbit,,Spacecraft engaged in practical applications and uses of space technology such as weather or communications,------,
2022-111L,,Starlink 4536?,USA,9/11/2022,,Yes,ST/SG/SER.E/1082,,in orbit,,Spacecraft engaged in practical applications and uses of space technology such as weather or communications,------,
2022-111C,,Starlink 4722?,USA,9/11/2022,,Yes,ST/SG/SER.E/1082,,in orbit,,Spacecraft engaged in practical applications and uses of space technology such as weather or communications,------,
2022-111W,,Starlink 4728?,USA,9/11/2022,,Yes,ST/SG/SER.E/1082,,in orbit,,Spacecraft engaged in practical applications and uses of space technology such as weather or communications,------,
2022-111V,,Starlink 4739?,USA,9/11/2022,,Yes,ST/SG/SER.E/1082,,in orbit,,Spacecraft engaged in practical applications and uses of space technology such as weather or communications,------,
2022-111D,,Starlink 4708?,USA,9/11/2022,,Yes,ST/SG/SER.E/1082,,in orbit,,Spacecraft engaged in practical applications and uses of space technology such as weather or communications,------,
2022-111AD,,Starlink 4720?,USA,9/11/2022,,Yes,ST/SG/SER.E/1082,,in orbit,,Spacecraft engaged in practical applications and uses of space technology such as weather or communications,------,
2022-111AA,,Starlink 4723?,USA,9/11/2022,,Yes,ST/SG/SER.E/1082,,in orbit,,Spacecraft engaged in practical applications and uses of space technology such as weather or communications,------,
2022-111AB,,Starlink 4712?,USA,9/11/2022,,Yes,ST/SG/SER.E/1082,,in orbit,,Spacecraft engaged in practical applications and uses of space technology such as weather or communications,------,
2022-111AH,,Starlink 4729?,USA,9/11/2022,,Yes,ST/SG/SER.E/1082,,in orbit,,Spacecraft engaged in practical applications and uses of space technology such as weather or communications,------,
2022-111AJ,,Starlink 4763?,USA,9/11/2022,,Yes,ST/SG/SER.E/1082,,in orbit,,Spacecraft engaged in practical applications and uses of space technology such as weather or communications,------,
2022-111AK,,Starlink 4768?,USA,9/11/2022,,Yes,ST/SG/SER.E/1082,,in orbit,,Spacecraft engaged in practical applications and uses of space technology such as weather or communications,------,
2022-111AC,,Starlink 4710?,USA,9/11/2022,,Yes,ST/SG/SER.E/1082,,in orbit,,Spacecraft engaged in practical applications and uses of space technology such as weather or communications,------,
2022-111AE,,Starlink 4715?,USA,9/11/2022,,Yes,ST/SG/SER.E/1082,,in orbit,,Spacecraft engaged in practical applications and uses of space technology such as weather or communications,------,
2022-111AG,,Starlink 4727?,USA,9/11/2022,,Yes,ST/SG/SER.E/1082,,in orbit,,Spacecraft engaged in practical applications and uses of space technology such as weather or communications,------,
2022-111AF,,Starlink 4726?,USA,9/11/2022,,Yes,ST/SG/SER.E/1082,,in orbit,,Spacecraft engaged in practical applications and uses of space technology such as weather or communications,------,
2022-111Y,,Starlink 4742?,USA,9/11/2022,,Yes,ST/SG/SER.E/1082,,in orbit,,Spacecraft engaged in practical applications and uses of space technology such as weather or communications,------,
2022-111Z,,Starlink 4721?,USA,9/11/2022,,Yes,ST/SG/SER.E/1082,,in orbit,,Spacecraft engaged in practical applications and uses of space technology such as weather or communications,------,
2022-111P,,Starlink 4631?,USA,9/11/2022,,Yes,ST/SG/SER.E/1082,,in orbit,,Spacecraft engaged in practical applications and uses of space technology such as weather or communications,------,
2022-111Q,,Starlink 4743?,USA,9/11/2022,,Yes,ST/SG/SER.E/1082,,in orbit,,Spacecraft engaged in practical applications and uses of space technology such as weather or communications,------,
2022-111S,,Starlink 4666?,USA,9/11/2022,,Yes,ST/SG/SER.E/1082,,in orbit,,Spacecraft engaged in practical applications and uses of space technology such as weather or communications,------,
2022-111X,,Starlink 4730?,USA,9/11/2022,,Yes,ST/SG/SER.E/1082,,in orbit,,Spacecraft engaged in practical applications and uses of space technology such as weather or communications,------,
[2022-111AS],,?[BLUEWALKER LVA],[USA],[2022-09-11],,No,,ST/SG/SER.E/1290,[decayed],3/9/2025,------,Not registered with the United Nations.,
2022-110A,,EUTELSAT KONNECT VHTS?[EUTE KONNECT VHTS],France,9/7/2022,+002.7 degrees East,Yes,ST/SG/SER.E/1113,,in GSO,,Telecommunications satellite,------,
2022-109D,,Yaogan 35 Group-05 Satellite-C (Yaogan-35-C 05)?,China,9/6/2022,,Yes,ST/SG/SER.E/1123,,in orbit,,Remote sensing satellite,------,
2022-109B,,Yaogan 35 Group-05 Satellite-B (Yaogan-35-B 05)?,China,9/6/2022,,Yes,ST/SG/SER.E/1123,,in orbit,,Remote sensing satellite,------,
2022-109A,,Yaogan 35 Group-05 Satellite-A (Yaogan-35-A 05)?,China,9/6/2022,,Yes,ST/SG/SER.E/1123,,in orbit,,Remote sensing satellite,------,
2022-108A,,Sunflower S3 Satellite (Xiangrikui S3)?[CENTISPACE 1-S3],China,9/6/2022,,Yes,ST/SG/SER.E/1123,,in orbit,,Space technology verification,------,
1998-067UJ,,JAGSAT 1?,USA,9/6/2022,,Yes,ST/SG/SER.E/1096,ST/SG/SER.E/1110,decayed,1/22/2023,Spacecraft engaged in practical applications and uses of space technology such as weather or communications,Date of launch is date of deployment from the ISS.,
1998-067UH,,CAPSAT 1?,USA,9/6/2022,,Yes,ST/SG/SER.E/1096,ST/SG/SER.E/1110,decayed,1/31/2023,Spacecraft engaged in investigation of spaceflight techniques and technology,Date of launch is date of deployment from the ISS.,
1998-067UF,,BeaverCube?,USA,9/6/2022,,Yes,ST/SG/SER.E/1082,ST/SG/SER.E/1130,decayed,4/12/2023,Spacecraft engaged in practical applications and uses of space technology such as weather or communications,Date of launch is date of deployment from the ISS.,
1998-067UG,,CLICK A?,USA,9/6/2022,,Yes,ST/SG/SER.E/1082,ST/SG/SER.E/1130,decayed,4/1/2023,Spacecraft engaged in investigation of spaceflight techniques and technology,Date of launch is date of deployment from the ISS.,
1998-067UE,,D3?,USA,9/6/2022,,Yes,ST/SG/SER.E/1096,ST/SG/SER.E/1130,decayed,4/8/2023,Spacecraft engaged in investigation of spaceflight techniques and technology,Date of launch is date of deployment from the ISS.,
[2022-108B],,?[CENTISPACE 1-S4],[China],[2022-09-06],,No,,,[in orbit],,------,Not registered with the United Nations.,
2022-107A,,Starlink 4725?,USA,9/5/2022,,Yes,ST/SG/SER.E/1082,,in orbit,,Spacecraft engaged in practical applications and uses of space technology such as weather or communications,------,
2022-107C,,Starlink 4724?,USA,9/5/2022,,Yes,ST/SG/SER.E/1082,,in orbit,,Spacecraft engaged in practical applications and uses of space technology such as weather or communications,------,
2022-107B,,Starlink 4711?,USA,9/5/2022,,Yes,ST/SG/SER.E/1082,,in orbit,,Spacecraft engaged in practical applications and uses of space technology such as weather or communications,------,
2022-107E,,Starlink 4714?,USA,9/5/2022,,Yes,ST/SG/SER.E/1082,,in orbit,,Spacecraft engaged in practical applications and uses of space technology such as weather or communications,------,
2022-107F,,Starlink 4717?,USA,9/5/2022,,Yes,ST/SG/SER.E/1082,,in orbit,,Spacecraft engaged in practical applications and uses of space technology such as weather or communications,------,
2022-107G,,Starlink 4716?,USA,9/5/2022,,Yes,ST/SG/SER.E/1082,,in orbit,,Spacecraft engaged in practical applications and uses of space technology such as weather or communications,------,
2022-107H,,Starlink 4667?,USA,9/5/2022,,Yes,ST/SG/SER.E/1082,,in orbit,,Spacecraft engaged in practical applications and uses of space technology such as weather or communications,------,
2022-107AZ,,Starlink 4657?,USA,9/5/2022,,Yes,ST/SG/SER.E/1082,ST/SG/SER.E/1086,[deorbited],10/7/2022,Spacecraft engaged in practical applications and uses of space technology such as weather or communications,------,
2022-107AR,,Starlink 4613?,USA,9/5/2022,,Yes,ST/SG/SER.E/1082,ST/SG/SER.E/1086,[deorbited],10/17/2022,Spacecraft engaged in practical applications and uses of space technology such as weather or communications,------,
2022-107L,,Starlink 4696?,USA,9/5/2022,,Yes,ST/SG/SER.E/1082,ST/SG/SER.E/1086,[deorbited],10/24/2022,Spacecraft engaged in practical applications and uses of space technology such as weather or communications,------,
2022-107AC,,Starlink 4697?,USA,9/5/2022,,Yes,ST/SG/SER.E/1082,,in orbit,,Spacecraft engaged in practical applications and uses of space technology such as weather or communications,------,
2022-107AF,,Starlink 4651?,USA,9/5/2022,,Yes,ST/SG/SER.E/1082,,in orbit,,Spacecraft engaged in practical applications and uses of space technology such as weather or communications,------,
2022-107Z,,Starlink 4705?,USA,9/5/2022,,Yes,ST/SG/SER.E/1082,,in orbit,,Spacecraft engaged in practical applications and uses of space technology such as weather or communications,------,
2022-107J,,Starlink 4694?,USA,9/5/2022,,Yes,ST/SG/SER.E/1082,,in orbit,,Spacecraft engaged in practical applications and uses of space technology such as weather or communications,------,
2022-107M,,Starlink 4627?,USA,9/5/2022,,Yes,ST/SG/SER.E/1082,,in orbit,,Spacecraft engaged in practical applications and uses of space technology such as weather or communications,------,
2022-107N,,Starlink 4683?,USA,9/5/2022,,Yes,ST/SG/SER.E/1082,,in orbit,,Spacecraft engaged in practical applications and uses of space technology such as weather or communications,------,
2022-107X,,Starlink 4707?,USA,9/5/2022,,Yes,ST/SG/SER.E/1082,,in orbit,,Spacecraft engaged in practical applications and uses of space technology such as weather or communications,------,
2022-107Y,,Starlink 4700?,USA,9/5/2022,,Yes,ST/SG/SER.E/1082,,in orbit,,Spacecraft engaged in practical applications and uses of space technology such as weather or communications,------,
2022-107P,,Starlink 4698?,USA,9/5/2022,,Yes,ST/SG/SER.E/1082,,in orbit,,Spacecraft engaged in practical applications and uses of space technology such as weather or communications,------,
2022-107U,,Starlink 4695?,USA,9/5/2022,,Yes,ST/SG/SER.E/1082,,in orbit,,Spacecraft engaged in practical applications and uses of space technology such as weather or communications,------,
2022-107W,,Starlink 4642?,USA,9/5/2022,,Yes,ST/SG/SER.E/1082,,in orbit,,Spacecraft engaged in practical applications and uses of space technology such as weather or communications,,
