International Designator,National Designator,Name of Space Object,State/Organization,Date of Launch,GSO Location,UN Registered,Registration Document,Other Documents,Status,Date of Decay or Change,Function of Space Object,Secretariat`s Remarks,External website
2023-212C,,CSCN-B0003 [(HJS-4C)],China,12/30/2023,,Yes,ST/SG/SER.E/1237,,in orbit,,Communications technology experimental satellite,The registration submission for this space object is presently being processed by the United Nations Secretariat.,
2023-212A,,CSCN-B0001 [(HJS-4A)],China,12/30/2023,,Yes,ST/SG/SER.E/1237,,in orbit,,Communications technology experimental satellite,The registration submission for this space object is presently being processed by the United Nations Secretariat.,
2023-212B,,CSCN-B0002 [(HJS-4B)],China,12/30/2023,,Yes,ST/SG/SER.E/1237,,in orbit,,Communications technology experimental satellite,The registration submission for this space object is presently being processed by the United Nations Secretariat.,
2023-211A,,Starlink-31130 ,USA,12/29/2023,,Yes,ST/SG/SER.E/1188,ST/SG/SER.E/1195,[deorbited],1/4/2024,Spacecraft engaged in practical applications and uses of space technology such as weather or communications,Date of launch is 2023-12-29 using UTC.,
2023-211B,,Starlink-31113 ,USA,12/29/2023,,Yes,ST/SG/SER.E/1188,,in orbit,,Spacecraft engaged in practical applications and uses of space technology such as weather or communications,Date of launch is 2023-12-29 using UTC.,
2023-211E,,Starlink-30828 ,USA,12/29/2023,,Yes,ST/SG/SER.E/1188,,in orbit,,Spacecraft engaged in practical applications and uses of space technology such as weather or communications,Date of launch is 2023-12-29 using UTC.,
2023-211F,,Starlink-31104 ,USA,12/29/2023,,Yes,ST/SG/SER.E/1188,,in orbit,,Spacecraft engaged in practical applications and uses of space technology such as weather or communications,Date of launch is 2023-12-29 using UTC.,
2023-211C,,Starlink-31128 ,USA,12/29/2023,,Yes,ST/SG/SER.E/1188,,in orbit,,Spacecraft engaged in practical applications and uses of space technology such as weather or communications,Date of launch is 2023-12-29 using UTC.,
2023-211D,,Starlink-31083 ,USA,12/29/2023,,Yes,ST/SG/SER.E/1188,,in orbit,,Spacecraft engaged in practical applications and uses of space technology such as weather or communications,Date of launch is 2023-12-29 using UTC.,
2023-210A,,USA 349 [(OTV-7)],USA,12/29/2023,,Yes,ST/SG/SER.E/1188,,in orbit,,Spacecraft engaged in practical applications and uses of space technology such as weather or communications,Date of launch is 2023-12-29 using UTC.,
2023-211Q,,Starlink-31147 ,USA,12/29/2023,,Yes,ST/SG/SER.E/1188,,in orbit,,Spacecraft engaged in practical applications and uses of space technology such as weather or communications,Date of launch is 2023-12-29 using UTC.,
2023-211L,,Starlink-31058 ,USA,12/29/2023,,Yes,ST/SG/SER.E/1188,,in orbit,,Spacecraft engaged in practical applications and uses of space technology such as weather or communications,Date of launch is 2023-12-29 using UTC.,
2023-211P,,Starlink-31112 ,USA,12/29/2023,,Yes,ST/SG/SER.E/1188,,in orbit,,Spacecraft engaged in practical applications and uses of space technology such as weather or communications,Date of launch is 2023-12-29 using UTC.,
2023-211H,,Starlink-31124 ,USA,12/29/2023,,Yes,ST/SG/SER.E/1188,,in orbit,,Spacecraft engaged in practical applications and uses of space technology such as weather or communications,Date of launch is 2023-12-29 using UTC.,
2023-211M,,Starlink-31125 ,USA,12/29/2023,,Yes,ST/SG/SER.E/1188,,in orbit,,Spacecraft engaged in practical applications and uses of space technology such as weather or communications,Date of launch is 2023-12-29 using UTC.,
2023-211N,,Starlink-31110 ,USA,12/29/2023,,Yes,ST/SG/SER.E/1188,,in orbit,,Spacecraft engaged in practical applications and uses of space technology such as weather or communications,Date of launch is 2023-12-29 using UTC.,
2023-211G,,Starlink-31131 ,USA,12/29/2023,,Yes,ST/SG/SER.E/1188,,in orbit,,Spacecraft engaged in practical applications and uses of space technology such as weather or communications,Date of launch is 2023-12-29 using UTC.,
2023-211J,,Starlink-31126 ,USA,12/29/2023,,Yes,ST/SG/SER.E/1188,,in orbit,,Spacecraft engaged in practical applications and uses of space technology such as weather or communications,Date of launch is 2023-12-29 using UTC.,
2023-211K,,Starlink-31066 ,USA,12/29/2023,,Yes,ST/SG/SER.E/1188,,in orbit,,Spacecraft engaged in practical applications and uses of space technology such as weather or communications,Date of launch is 2023-12-29 using UTC.,
2023-211W,,Starlink-31109 ,USA,12/29/2023,,Yes,ST/SG/SER.E/1188,ST/SG/SER.E/1215,[deorbited],5/18/2024,Spacecraft engaged in practical applications and uses of space technology such as weather or communications,Date of launch is 2023-12-29 using UTC.,
2023-211R,,Starlink-31144 ,USA,12/29/2023,,Yes,ST/SG/SER.E/1188,,in orbit,,Spacecraft engaged in practical applications and uses of space technology such as weather or communications,Date of launch is 2023-12-29 using UTC.,
2023-211T,,Starlink-31107 ,USA,12/29/2023,,Yes,ST/SG/SER.E/1188,,in orbit,,Spacecraft engaged in practical applications and uses of space technology such as weather or communications,Date of launch is 2023-12-29 using UTC.,
2023-211U,,Starlink-31121 ,USA,12/29/2023,,Yes,ST/SG/SER.E/1188,,in orbit,,Spacecraft engaged in practical applications and uses of space technology such as weather or communications,Date of launch is 2023-12-29 using UTC.,
2023-211X,,Starlink-31139 ,USA,12/29/2023,,Yes,ST/SG/SER.E/1188,,in orbit,,Spacecraft engaged in practical applications and uses of space technology such as weather or communications,Date of launch is 2023-12-29 using UTC.,
2023-211S,,Starlink-31095 ,USA,12/29/2023,,Yes,ST/SG/SER.E/1188,,in orbit,,Spacecraft engaged in practical applications and uses of space technology such as weather or communications,Date of launch is 2023-12-29 using UTC.,
2023-211V,,Starlink-31137 ,USA,12/29/2023,,Yes,ST/SG/SER.E/1188,,in orbit,,Spacecraft engaged in practical applications and uses of space technology such as weather or communications,Date of launch is 2023-12-29 using UTC.,
2023-211Y,,Starlink-31106 ,USA,12/29/2023,,Yes,ST/SG/SER.E/1188,,in orbit,,Spacecraft engaged in practical applications and uses of space technology such as weather or communications,Date of launch is 2023-12-29 using UTC.,
2023-208A,,Tianmu-1 20 ,China,12/27/2023,,Yes,ST/SG/SER.E/1237,,in orbit,,------,The registration submission for this space object is presently being processed by the United Nations Secretariat.,
2023-208D,,Tianmu-1 22 ,China,12/27/2023,,Yes,ST/SG/SER.E/1237,,in orbit,,------,The registration submission for this space object is presently being processed by the United Nations Secretariat.,
2023-208C,,Tianmu-1 21 ,China,12/27/2023,,Yes,ST/SG/SER.E/1237,,in orbit,,------,The registration submission for this space object is presently being processed by the United Nations Secretariat.,
2023-208B,,Tianmu-1 20 ,China,12/27/2023,,Yes,ST/SG/SER.E/1237,,in orbit,,------,The registration submission for this space object is presently being processed by the United Nations Secretariat.,
2023-209A,3696-2023-022,Cosmos 2574 ,Russian Federation,12/27/2023,,Yes,ST/SG/SER.E/1165,ST/SG/SER.E/1318,decayed,11/15/2025,Intended for assignments on behalf of the Ministry of Defence of the Russian Federation,------,
2023-207B,,58th BDS Satellite [BEIDOU 3 (BDS 3)],China,12/26/2023,,Yes,ST/SG/SER.E/1237,,in orbit,,????,The registration submission for this space object is presently being processed by the United Nations Secretariat.,
2023-207A,,57th BDS Satellite [BEIDOU 3 (BDS 3)],China,12/26/2023,,Yes,ST/SG/SER.E/1237,,in orbit,,????,The registration submission for this space object is presently being processed by the United Nations Secretariat.,
2023-206B,,SHIYAN-24 02 [SHIYAN 24C 02],China,12/25/2023,,Yes,ST/SG/SER.E/1237,,in orbit,,????,The registration submission for this space object is presently being processed by the United Nations Secretariat. Date of launch is 2023-12-25 using UTC.,
2023-206C,,SHIYAN-24 03 [SHIYAN 24C 03],China,12/25/2023,,Yes,ST/SG/SER.E/1237,,in orbit,,????,The registration submission for this space object is presently being processed by the United Nations Secretariat. Date of launch is 2023-12-25 using UTC.,
2023-205D,,Tianmu-1 14 ,China,12/25/2023,,Yes,ST/SG/SER.E/1237,,in orbit,,------,The registration submission for this space object is presently being processed by the United Nations Secretariat.,
2023-205C,,Tianmu-1 13 ,China,12/25/2023,,Yes,ST/SG/SER.E/1237,,in orbit,,------,The registration submission for this space object is presently being processed by the United Nations Secretariat.,
2023-205B,,Tianmu-1 12 ,China,12/25/2023,,Yes,ST/SG/SER.E/1237,,in orbit,,------,The registration submission for this space object is presently being processed by the United Nations Secretariat.,
2023-205A,,Tianmu-1 11 ,China,12/25/2023,,Yes,ST/SG/SER.E/1237,,in orbit,,------,The registration submission for this space object is presently being processed by the United Nations Secretariat.,
2023-206A,,SHIYAN-24 01 [SHIYAN 24C 01],China,12/25/2023,,Yes,ST/SG/SER.E/1237,,in orbit,,????,The registration submission for this space object is presently being processed by the United Nations Secretariat. Date of launch is 2023-12-25 using UTC.,
2021-102N,,DRUMS TARGET-2 ,Japan,12/25/2023,,Yes,ST/SG/SER.E/1240,,[deorbited],[2025-04-15],This object was separated from the micro-satellite "DRUMS" for demonstration of approach and capture technologies,Date of launch is date of deployment from DRUMS (international designator 2021-102G).,Link
[2023-204B],, [SARAH 3 (SRH1)],[(for Germany)],[2023-12-24],,No,,,[in orbit],,------,Not registered with the United Nations.,
[2023-204A],, [SARAH 2 (SRH2)],[(for Germany)],[2023-12-24],,No,,,[in orbit],,------,Not registered with the United Nations.,
2023-203A,,Starlink-31119 ,USA,12/23/2023,,Yes,ST/SG/SER.E/1188,ST/SG/SER.E/1188,decayed,12/26/2023,Spacecraft engaged in practical applications and uses of space technology such as weather or communications,Date of launch is 2023-12-23 using UTC.,
2023-203B,,Starlink-31054 ,USA,12/23/2023,,Yes,ST/SG/SER.E/1188,,in orbit,,Spacecraft engaged in practical applications and uses of space technology such as weather or communications,Date of launch is 2023-12-23 using UTC.,
2023-203L,,Starlink-31092 ,USA,12/23/2023,,Yes,ST/SG/SER.E/1188,,in orbit,,Spacecraft engaged in practical applications and uses of space technology such as weather or communications,Date of launch is 2023-12-23 using UTC.,
2023-203G,,Starlink-31129 ,USA,12/23/2023,,Yes,ST/SG/SER.E/1188,,in orbit,,Spacecraft engaged in practical applications and uses of space technology such as weather or communications,Date of launch is 2023-12-23 using UTC.,
2023-203D,,Starlink-31134 ,USA,12/23/2023,,Yes,ST/SG/SER.E/1188,,in orbit,,Spacecraft engaged in practical applications and uses of space technology such as weather or communications,Date of launch is 2023-12-23 using UTC.,
2023-203E,,Starlink-31133 ,USA,12/23/2023,,Yes,ST/SG/SER.E/1188,,in orbit,,Spacecraft engaged in practical applications and uses of space technology such as weather or communications,Date of launch is 2023-12-23 using UTC.,
2023-203F,,Starlink-31068 ,USA,12/23/2023,,Yes,ST/SG/SER.E/1188,,in orbit,,Spacecraft engaged in practical applications and uses of space technology such as weather or communications,Date of launch is 2023-12-23 using UTC.,
2023-203J,,Starlink-31086 ,USA,12/23/2023,,Yes,ST/SG/SER.E/1188,,in orbit,,Spacecraft engaged in practical applications and uses of space technology such as weather or communications,Date of launch is 2023-12-23 using UTC.,
2023-203M,,Starlink-31091 ,USA,12/23/2023,,Yes,ST/SG/SER.E/1188,,in orbit,,Spacecraft engaged in practical applications and uses of space technology such as weather or communications,Date of launch is 2023-12-23 using UTC.,
2023-203H,,Starlink-30774 ,USA,12/23/2023,,Yes,ST/SG/SER.E/1188,,in orbit,,Spacecraft engaged in practical applications and uses of space technology such as weather or communications,Date of launch is 2023-12-23 using UTC.,
2023-203K,,Starlink-31065 ,USA,12/23/2023,,Yes,ST/SG/SER.E/1188,,in orbit,,Spacecraft engaged in practical applications and uses of space technology such as weather or communications,Date of launch is 2023-12-23 using UTC.,
2023-203W,,Starlink-31078 ,USA,12/23/2023,,Yes,ST/SG/SER.E/1188,,in orbit,,Spacecraft engaged in practical applications and uses of space technology such as weather or communications,Date of launch is 2023-12-23 using UTC.,
2023-203R,,Starlink-31022 ,USA,12/23/2023,,Yes,ST/SG/SER.E/1188,,in orbit,,Spacecraft engaged in practical applications and uses of space technology such as weather or communications,Date of launch is 2023-12-23 using UTC.,
2023-203Q,,Starlink-31081 ,USA,12/23/2023,,Yes,ST/SG/SER.E/1188,,in orbit,,Spacecraft engaged in practical applications and uses of space technology such as weather or communications,Date of launch is 2023-12-23 using UTC.,
2023-203P,,Starlink-31064 ,USA,12/23/2023,,Yes,ST/SG/SER.E/1188,,in orbit,,Spacecraft engaged in practical applications and uses of space technology such as weather or communications,Date of launch is 2023-12-23 using UTC.,
2023-203S,,Starlink-31025 ,USA,12/23/2023,,Yes,ST/SG/SER.E/1188,,in orbit,,Spacecraft engaged in practical applications and uses of space technology such as weather or communications,Date of launch is 2023-12-23 using UTC.,
2023-203U,,Starlink-31008 ,USA,12/23/2023,,Yes,ST/SG/SER.E/1188,,in orbit,,Spacecraft engaged in practical applications and uses of space technology such as weather or communications,Date of launch is 2023-12-23 using UTC.,
2023-203N,,Starlink-31084 ,USA,12/23/2023,,Yes,ST/SG/SER.E/1188,,in orbit,,Spacecraft engaged in practical applications and uses of space technology such as weather or communications,Date of launch is 2023-12-23 using UTC.,
2023-203T,,Starlink-31018 ,USA,12/23/2023,,Yes,ST/SG/SER.E/1188,,in orbit,,Spacecraft engaged in practical applications and uses of space technology such as weather or communications,Date of launch is 2023-12-23 using UTC.,
2023-203V,,Starlink-31077 ,USA,12/23/2023,,Yes,ST/SG/SER.E/1188,,in orbit,,Spacecraft engaged in practical applications and uses of space technology such as weather or communications,Date of launch is 2023-12-23 using UTC.,
2023-203X,,Starlink-31070 ,USA,12/23/2023,,Yes,ST/SG/SER.E/1188,,in orbit,,Spacecraft engaged in practical applications and uses of space technology such as weather or communications,Date of launch is 2023-12-23 using UTC.,
2023-203Y,,Starlink-31090 ,USA,12/23/2023,,Yes,ST/SG/SER.E/1188,,in orbit,,Spacecraft engaged in practical applications and uses of space technology such as weather or communications,Date of launch is 2023-12-23 using UTC.,
2023-203C,,Starlink-31118 ,USA,12/23/2023,,Yes,ST/SG/SER.E/1188,ST/SG/SER.E/1242,[deorbited],11/28/2024,Spacecraft engaged in practical applications and uses of space technology such as weather or communications,Date of launch is 2023-12-23 using UTC.,
2023-202A,,Tyvak-1015 (TANTRUM) ,USA,12/22/2023,,Yes,ST/SG/SER.E/1188,ST/SG/SER.E/1200,decayed,2/10/2024,Spacecraft engaged in practical applications and uses of space technology such as weather or communications,------,
[2023-174DG],, [LEMUR 2 NANAZ],[USA],[2023-12-22],,No,,,[decayed],[2025-03-08],,Not registered with the United Nations. Date of launch is approximate date of deployment from ION SCV-013 (international designator 2023-174AW).,
[2023-185N],, [UNICORN-2N],[(for Germany)],[2023-12-22],,No,,ST/SG/SER.E/1228,[in orbit],,------,Not registered with the United Nations. Date of launch is approximate date of deployment from ION SCV-015 (international designator 2023-185H). Mentioned by Italy in ST/SG/SER.E/1228.,
[2023-185P],, [MDQUBESAT 2],[(for Argentina)],[2023-12-22],,No,,ST/SG/SER.E/1228,[in orbit],,------,Not registered with the United Nations. Date of launch is approximate date of deployment from ION SCV-015 (international designator 2023-185H). Mentioned by Italy in ST/SG/SER.E/1228.,
[2023-201A],3695-2023-021,Cosmos 2573 ,Russian Federation,12/21/2023,,Yes,ST/SG/SER.E/1165,,in orbit,,Intended for assignments on behalf of the Ministry of Defence of the Russian Federation,------,
2023-200W,,Starlink-31085 ,USA,12/19/2023,,Yes,ST/SG/SER.E/1188,,in orbit,,Spacecraft engaged in practical applications and uses of space technology such as weather or communications,Date of launch is 2023-12-19 using UTC.,
2023-200U,,Starlink-31069 ,USA,12/19/2023,,Yes,ST/SG/SER.E/1188,,in orbit,,Spacecraft engaged in practical applications and uses of space technology such as weather or communications,Date of launch is 2023-12-19 using UTC.,
2023-200X,,Starlink-31089 ,USA,12/19/2023,,Yes,ST/SG/SER.E/1188,,in orbit,,Spacecraft engaged in practical applications and uses of space technology such as weather or communications,Date of launch is 2023-12-19 using UTC.,
2023-200Y,,Starlink-31061 ,USA,12/19/2023,,Yes,ST/SG/SER.E/1188,,in orbit,,Spacecraft engaged in practical applications and uses of space technology such as weather or communications,Date of launch is 2023-12-19 using UTC.,
2023-200K,,Starlink-31079 ,USA,12/19/2023,,Yes,ST/SG/SER.E/1188,,in orbit,,Spacecraft engaged in practical applications and uses of space technology such as weather or communications,Date of launch is 2023-12-19 using UTC.,
2023-200V,,Starlink-31067 ,USA,12/19/2023,,Yes,ST/SG/SER.E/1188,,in orbit,,Spacecraft engaged in practical applications and uses of space technology such as weather or communications,Date of launch is 2023-12-19 using UTC.,
2023-200R,,Starlink-31088 ,USA,12/19/2023,,Yes,ST/SG/SER.E/1188,,in orbit,,Spacecraft engaged in practical applications and uses of space technology such as weather or communications,Date of launch is 2023-12-19 using UTC.,
2023-200Q,,Starlink-31080 ,USA,12/19/2023,,Yes,ST/SG/SER.E/1188,,in orbit,,Spacecraft engaged in practical applications and uses of space technology such as weather or communications,Date of launch is 2023-12-19 using UTC.,
2023-200S,,Starlink-31038 ,USA,12/19/2023,,Yes,ST/SG/SER.E/1188,,in orbit,,Spacecraft engaged in practical applications and uses of space technology such as weather or communications,Date of launch is 2023-12-19 using UTC.,
2023-200P,,Starlink-31071 ,USA,12/19/2023,,Yes,ST/SG/SER.E/1188,,in orbit,,Spacecraft engaged in practical applications and uses of space technology such as weather or communications,Date of launch is 2023-12-19 using UTC.,
2023-200T,,Starlink-31082 ,USA,12/19/2023,,Yes,ST/SG/SER.E/1188,,in orbit,,Spacecraft engaged in practical applications and uses of space technology such as weather or communications,Date of launch is 2023-12-19 using UTC.,
2023-200M,,Starlink-31052 ,USA,12/19/2023,,Yes,ST/SG/SER.E/1188,,in orbit,,Spacecraft engaged in practical applications and uses of space technology such as weather or communications,Date of launch is 2023-12-19 using UTC.,
2023-200N,,Starlink-31074 ,USA,12/19/2023,,Yes,ST/SG/SER.E/1188,,in orbit,,Spacecraft engaged in practical applications and uses of space technology such as weather or communications,Date of launch is 2023-12-19 using UTC.,
2023-200D,,Starlink-31096 ,USA,12/19/2023,,Yes,ST/SG/SER.E/1188,,in orbit,,Spacecraft engaged in practical applications and uses of space technology such as weather or communications,Date of launch is 2023-12-19 using UTC.,
2023-200A,,Starlink-31044 ,USA,12/19/2023,,Yes,ST/SG/SER.E/1188,,in orbit,,Spacecraft engaged in practical applications and uses of space technology such as weather or communications,Date of launch is 2023-12-19 using UTC.,
2023-200B,,Starlink-31062 ,USA,12/19/2023,,Yes,ST/SG/SER.E/1188,,in orbit,,Spacecraft engaged in practical applications and uses of space technology such as weather or communications,Date of launch is 2023-12-19 using UTC.,
2023-200E,,Starlink-31094 ,USA,12/19/2023,,Yes,ST/SG/SER.E/1188,,in orbit,,Spacecraft engaged in practical applications and uses of space technology such as weather or communications,Date of launch is 2023-12-19 using UTC.,
2023-200J,,Starlink-31087 ,USA,12/19/2023,,Yes,ST/SG/SER.E/1188,,in orbit,,Spacecraft engaged in practical applications and uses of space technology such as weather or communications,Date of launch is 2023-12-19 using UTC.,
2023-200H,,Starlink-31059 ,USA,12/19/2023,,Yes,ST/SG/SER.E/1188,,in orbit,,Spacecraft engaged in practical applications and uses of space technology such as weather or communications,Date of launch is 2023-12-19 using UTC.,
2023-200F,,Starlink-31075 ,USA,12/19/2023,,Yes,ST/SG/SER.E/1188,,in orbit,,Spacecraft engaged in practical applications and uses of space technology such as weather or communications,Date of launch is 2023-12-19 using UTC.,
2023-200G,,Starlink-30857 ,USA,12/19/2023,,Yes,ST/SG/SER.E/1188,,in orbit,,Spacecraft engaged in practical applications and uses of space technology such as weather or communications,Date of launch is 2023-12-19 using UTC.,
2023-200C,,Starlink-31043 ,USA,12/19/2023,,Yes,ST/SG/SER.E/1188,ST/SG/SER.E/1302,[deorbited],5/8/2025,Spacecraft engaged in practical applications and uses of space technology such as weather or communications,Date of launch is 2023-12-19 using UTC.,
2023-200L,,Starlink-31072 ,USA,12/19/2023,,Yes,ST/SG/SER.E/1188,ST/SG/SER.E/1302,[deorbited],5/23/2025,Spacecraft engaged in practical applications and uses of space technology such as weather or communications,Date of launch is 2023-12-19 using UTC.,
1998-067WD,,BEAK ,Japan,12/18/2023,,Yes,ST/SG/SER.E/1240,ST/SG/SER.E/1240,decayed,6/29/2024,"Engineering experimental satellite for 1)Orbital maneuvering by aerodynamic drag on deployed membrane aeroshell, 2) Deployment of an aeroshell supported by shape memory alloy frames, 3)Evaluation of a Nano-sized water resistojet propulsion system, 4)Operation using Iridium/GPS.",The registration submission for this space object is presently being processed by the United Nations Secretariat. Date of launch is date of deployment from the ISS.,
1998-067WE,,Clark sat-1 ,Japan,12/18/2023,,Yes,ST/SG/SER.E/1240,ST/SG/SER.E/1240,decayed,4/15/2024,Clark sat-1 is an educational satellite with following functions. (1) Receiving commands and transmitting telemetry (2) Taking and transmitting images (3) Transmitting voice messages and images recorded before launch,The registration submission for this space object is presently being processed by the United Nations Secretariat. Date of launch is date of deployment from the ISS.,Link
2023-199A,,?????? [DI'ER 1],China,12/17/2023,,Yes,ST/SG/SER.E/1237,,in orbit,,????????????????????,??????????????,?????????(????)????????????????????????????????????,The registration submission for this space object is presently being processed by the United Nations Secretariat.,
[2023-198*],3694-2023-020,Arktika M No.2 ,Russian Federation,12/15/2023,,Yes,ST/SG/SER.E/1165,,in orbit,,Hydrometeorological satellite,International Designator pending assignment.,
2023-196A,,QPS-SAR-5 TSUKUYOMI-I ,Japan,12/15/2023,,Yes,ST/SG/SER.E/1240,ST/SG/SER.E/1166,in orbit,,Earth observation by synthetic aperture radar,The registration submission for this space object is presently being processed by the United Nations Secretariat. Mentioned by New Zealand in ST/SG/SER.E/1166.,Link
2023-197A,,YAOGAN-41 ,China,12/15/2023,,Yes,ST/SG/SER.E/1237,,in orbit,,????,The registration submission for this space object is presently being processed by the United Nations Secretariat.,
[2023-195A],, [REUSABLE EXPERIMIENTAL SPACECRAFT],[China],[2023-12-14],,No,,,[recovered],[2024-09-06],------,Not registered with the United Nations.,
2023-185M,ALISIO-1 / Nº 035,ALISIO-1 ,Spain,[2023-12-12],,Yes,ST/SG/SER.E/1234,ST/SG/SER.E/1228,in orbit,,Observation of the Earth’s surface,Date of launch is date of deployment from ION SCV-015 (international designator 2023-185H). Mentioned by Italy in ST/SG/SER.E/1228.,
2023-194,,YAOGAN-39 05C ,China,12/10/2023,,Yes,ST/SG/SER.E/1237,,in orbit,,????,The registration submission for this space object is presently being processed by the United Nations Secretariat. International Designator pending assignment.,
2023-194,,YAOGAN-39 05B ,China,12/10/2023,,Yes,ST/SG/SER.E/1237,,in orbit,,????,The registration submission for this space object is presently being processed by the United Nations Secretariat. International Designator pending assignment.,
2023-194,,YAOGAN-39 05B ,China,12/10/2023,,Yes,ST/SG/SER.E/1237,,in orbit,,????,The registration submission for this space object is presently being processed by the United Nations Secretariat. International Designator pending assignment.,
2023-192C,,Starlink-31036 ,USA,12/8/2023,,Yes,ST/SG/SER.E/1188,,in orbit,,Spacecraft engaged in practical applications and uses of space technology such as weather or communications,------,
2023-192D,,Starlink-30936 ,USA,12/8/2023,,Yes,ST/SG/SER.E/1188,,in orbit,,Spacecraft engaged in practical applications and uses of space technology such as weather or communications,------,
2023-192B,,Starlink-31035 ,USA,12/8/2023,,Yes,ST/SG/SER.E/1188,,in orbit,,Spacecraft engaged in practical applications and uses of space technology such as weather or communications,------,
2023-192A,,Starlink-31012 ,USA,12/8/2023,,Yes,ST/SG/SER.E/1188,,in orbit,,Spacecraft engaged in practical applications and uses of space technology such as weather or communications,------,
2023-192W,,Starlink-30999 ,USA,12/8/2023,,Yes,ST/SG/SER.E/1188,,in orbit,,Spacecraft engaged in practical applications and uses of space technology such as weather or communications,------,
2023-192S,,Starlink-31063 ,USA,12/8/2023,,Yes,ST/SG/SER.E/1188,,in orbit,,Spacecraft engaged in practical applications and uses of space technology such as weather or communications,------,
2023-192T,,Starlink-31016 ,USA,12/8/2023,,Yes,ST/SG/SER.E/1188,,in orbit,,Spacecraft engaged in practical applications and uses of space technology such as weather or communications,------,
2023-192Q,,Starlink-31057 ,USA,12/8/2023,,Yes,ST/SG/SER.E/1188,,in orbit,,Spacecraft engaged in practical applications and uses of space technology such as weather or communications,------,
2023-192R,,Starlink-31050 ,USA,12/8/2023,,Yes,ST/SG/SER.E/1188,,in orbit,,Spacecraft engaged in practical applications and uses of space technology such as weather or communications,------,
2023-192U,,Starlink-31053 ,USA,12/8/2023,,Yes,ST/SG/SER.E/1188,,in orbit,,Spacecraft engaged in practical applications and uses of space technology such as weather or communications,------,
2023-192X,,Starlink-31046 ,USA,12/8/2023,,Yes,ST/SG/SER.E/1188,,in orbit,,Spacecraft engaged in practical applications and uses of space technology such as weather or communications,------,
2023-192P,,Starlink-31048 ,USA,12/8/2023,,Yes,ST/SG/SER.E/1188,,in orbit,,Spacecraft engaged in practical applications and uses of space technology such as weather or communications,------,
2023-192V,,Starlink-31056 ,USA,12/8/2023,,Yes,ST/SG/SER.E/1188,,in orbit,,Spacecraft engaged in practical applications and uses of space technology such as weather or communications,------,
2023-192L,,Starlink-31045 ,USA,12/8/2023,,Yes,ST/SG/SER.E/1188,,in orbit,,Spacecraft engaged in practical applications and uses of space technology such as weather or communications,------,
2023-192G,,Starlink-31041 ,USA,12/8/2023,,Yes,ST/SG/SER.E/1188,,in orbit,,Spacecraft engaged in practical applications and uses of space technology such as weather or communications,------,
2023-192E,,Starlink-31032 ,USA,12/8/2023,,Yes,ST/SG/SER.E/1188,,in orbit,,Spacecraft engaged in practical applications and uses of space technology such as weather or communications,------,
2023-192J,,Starlink-31055 ,USA,12/8/2023,,Yes,ST/SG/SER.E/1188,,in orbit,,Spacecraft engaged in practical applications and uses of space technology such as weather or communications,------,
2023-192M,,Starlink-31030 ,USA,12/8/2023,,Yes,ST/SG/SER.E/1188,,in orbit,,Spacecraft engaged in practical applications and uses of space technology such as weather or communications,------,
2023-192N,,Starlink-31049 ,USA,12/8/2023,,Yes,ST/SG/SER.E/1188,,in orbit,,Spacecraft engaged in practical applications and uses of space technology such as weather or communications,------,
2023-192H,,Starlink-31014 ,USA,12/8/2023,,Yes,ST/SG/SER.E/1188,,in orbit,,Spacecraft engaged in practical applications and uses of space technology such as weather or communications,------,
2023-192K,,Starlink-31019 ,USA,12/8/2023,,Yes,ST/SG/SER.E/1188,,in orbit,,Spacecraft engaged in practical applications and uses of space technology such as weather or communications,------,
2023-192F,,Starlink-31037 ,USA,12/8/2023,,Yes,ST/SG/SER.E/1188,,in orbit,,Spacecraft engaged in practical applications and uses of space technology such as weather or communications,------,
2023-193B,,Hongqing ,China,12/8/2023,,Yes,ST/SG/SER.E/1237,,[decayed],[2025-03-04],Space science experiments and technology verification,The registration submission for this space object is presently being processed by the United Nations Secretariat.,
2023-193A,,Tianyi 33 (TY-33) ,China,12/8/2023,,Yes,ST/SG/SER.E/1237,,in orbit,,Space science experiments and technology verification,The registration submission for this space object is presently being processed by the United Nations Secretariat.,
2023-193C,,Honghu-02 ,China,12/8/2023,,Yes,ST/SG/SER.E/1237,,deorbited,4/22/2025,"Testing new solar-cell, energy-system and propulsion-system technologies, etc.",The registration submission for this space object is presently being processed by the United Nations Secretariat.,
2023-191J,,Starlink-31028 ,USA,12/7/2023,,Yes,ST/SG/SER.E/1188,,in orbit,,Spacecraft engaged in practical applications and uses of space technology such as weather or communications,------,
2023-191H,,Starlink-31017 ,USA,12/7/2023,,Yes,ST/SG/SER.E/1188,,in orbit,,Spacecraft engaged in practical applications and uses of space technology such as weather or communications,------,
2023-191C,,Starlink-30989 ,USA,12/7/2023,,Yes,ST/SG/SER.E/1188,,in orbit,,Spacecraft engaged in practical applications and uses of space technology such as weather or communications,------,
2023-191D,,Starlink-30968 ,USA,12/7/2023,,Yes,ST/SG/SER.E/1188,,in orbit,,Spacecraft engaged in practical applications and uses of space technology such as weather or communications,------,
2023-191E,,Starlink-30982 ,USA,12/7/2023,,Yes,ST/SG/SER.E/1188,,in orbit,,Spacecraft engaged in practical applications and uses of space technology such as weather or communications,------,
2023-191F,,Starlink-30998 ,USA,12/7/2023,,Yes,ST/SG/SER.E/1188,,in orbit,,Spacecraft engaged in practical applications and uses of space technology such as weather or communications,------,
2023-191G,,Starlink-30983 ,USA,12/7/2023,,Yes,ST/SG/SER.E/1188,,in orbit,,Spacecraft engaged in practical applications and uses of space technology such as weather or communications,------,
2023-191A,,Starlink-31026 ,USA,12/7/2023,,Yes,ST/SG/SER.E/1188,,in orbit,,Spacecraft engaged in practical applications and uses of space technology such as weather or communications,------,
2023-191B,,Starlink-31020 ,USA,12/7/2023,,Yes,ST/SG/SER.E/1188,,in orbit,,Spacecraft engaged in practical applications and uses of space technology such as weather or communications,------,
2023-191W,,Starlink-31004 ,USA,12/7/2023,,Yes,ST/SG/SER.E/1188,,in orbit,,Spacecraft engaged in practical applications and uses of space technology such as weather or communications,------,
2023-191X,,Starlink-30988 ,USA,12/7/2023,,Yes,ST/SG/SER.E/1188,,in orbit,,Spacecraft engaged in practical applications and uses of space technology such as weather or communications,------,
2023-191U,,Starlink-31013 ,USA,12/7/2023,,Yes,ST/SG/SER.E/1188,,in orbit,,Spacecraft engaged in practical applications and uses of space technology such as weather or communications,------,
2023-191Y,,Starlink-31009 ,USA,12/7/2023,,Yes,ST/SG/SER.E/1188,,in orbit,,Spacecraft engaged in practical applications and uses of space technology such as weather or communications,------,
2023-191V,,Starlink-31001 ,USA,12/7/2023,,Yes,ST/SG/SER.E/1188,,in orbit,,Spacecraft engaged in practical applications and uses of space technology such as weather or communications,------,
2023-191R,,Starlink-30932 ,USA,12/7/2023,,Yes,ST/SG/SER.E/1188,,in orbit,,Spacecraft engaged in practical applications and uses of space technology such as weather or communications,------,
2023-191K,,Starlink-31011 ,USA,12/7/2023,,Yes,ST/SG/SER.E/1188,,in orbit,,Spacecraft engaged in practical applications and uses of space technology such as weather or communications,------,
2023-191S,,Starlink-30992 ,USA,12/7/2023,,Yes,ST/SG/SER.E/1188,,in orbit,,Spacecraft engaged in practical applications and uses of space technology such as weather or communications,------,
2023-191P,,Starlink-31015 ,USA,12/7/2023,,Yes,ST/SG/SER.E/1188,,in orbit,,Spacecraft engaged in practical applications and uses of space technology such as weather or communications,------,
2023-191L,,Starlink-31021 ,USA,12/7/2023,,Yes,ST/SG/SER.E/1188,,in orbit,,Spacecraft engaged in practical applications and uses of space technology such as weather or communications,------,
2023-191Q,,Starlink-31023 ,USA,12/7/2023,,Yes,ST/SG/SER.E/1188,,in orbit,,Spacecraft engaged in practical applications and uses of space technology such as weather or communications,------,
2023-191T,,Starlink-30948 ,USA,12/7/2023,,Yes,ST/SG/SER.E/1188,,in orbit,,Spacecraft engaged in practical applications and uses of space technology such as weather or communications,------,
2023-191M,,Starlink-31010 ,USA,12/7/2023,,Yes,ST/SG/SER.E/1188,,in orbit,,Spacecraft engaged in practical applications and uses of space technology such as weather or communications,------,
2023-191N,,Starlink-31003 ,USA,12/7/2023,,Yes,ST/SG/SER.E/1188,,in orbit,,Spacecraft engaged in practical applications and uses of space technology such as weather or communications,------,
2023-190A,,"CSCN-A0004 [(SATELLITE INTERNET TECHNOLOGY TEST SATELLITE, CHUANG XIN 19 (CX-19))]",China,12/5/2023,,Yes,ST/SG/SER.E/1237,,in orbit,,????????,The registration submission for this space object is presently being processed by the United Nations Secretariat. Date of launch is 2023-12-05 using UTC.,
[2023-185Q],, [UNICORN-2M],[(for Germany)],[2023-12-05],,No,,ST/SG/SER.E/1228,[in orbit],,------,Not registered with the United Nations. Date of launch is approximate date of deployment from ION SCV-015 (international designator 2023-185H). Mentioned by Italy in ST/SG/SER.E/1228.,
[2023-188A],,SS-20000 [DOORY SAT],Republic of Korea,12/4/2023,,Yes,ST/SG/SER.E/1182,,in orbit,,Terrain monitoring and securing the ability to operate a synthetic aperture radar (SAR) satellite,------,
2023-187B,,MISRSAT 2 ,Egypt,12/4/2023,,Yes,A/AC.105/INF/461,,in orbit,,Earth observation,------,
2023-189B,,Xingchi-01A ,China,12/4/2023,,Yes,ST/SG/SER.E/1237,,decayed,12/5/2024,Integrated remote sensing satellite,The registration submission for this space object is presently being processed by the United Nations Secretariat. International Designator provided by the State of registry. Date of launch is 2023-12-04 using UTC.,
2023-187A,,Xingchi1-02A [(STARPOOL 02-A)],China,12/4/2023,,Yes,ST/SG/SER.E/1237,,in orbit,,Integrated remote sensing satellite,The registration submission for this space object is presently being processed by the United Nations Secretariat.,
[2023-189*],, [CHINA],[China],[2023-12-04],,No,,,[in orbit],,------,Not registered with the United Nations. International Designator pending assignment. Date of launch is 2023-12-04 using UTC.,
2023-187C,,Xingchi1-02B [(STARPOOL 02-B)],China,12/4/2023,,Yes,ST/SG/SER.E/1237,,in orbit,,Integrated remote sensing satellite,The registration submission for this space object is presently being processed by the United Nations Secretariat.,
2023-186D,,Starlink-30980 ,USA,12/3/2023,,Yes,ST/SG/SER.E/1188,,in orbit,,Spacecraft engaged in practical applications and uses of space technology such as weather or communications,Date of launch is 2023-12-03 using UTC.,
2023-186B,,Starlink-30995 ,USA,12/3/2023,,Yes,ST/SG/SER.E/1188,,in orbit,,Spacecraft engaged in practical applications and uses of space technology such as weather or communications,Date of launch is 2023-12-03 using UTC.,
2023-186E,,Starlink-30965 ,USA,12/3/2023,,Yes,ST/SG/SER.E/1188,,in orbit,,Spacecraft engaged in practical applications and uses of space technology such as weather or communications,Date of launch is 2023-12-03 using UTC.,
2023-186C,,Starlink-30941 ,USA,12/3/2023,,Yes,ST/SG/SER.E/1188,,in orbit,,Spacecraft engaged in practical applications and uses of space technology such as weather or communications,Date of launch is 2023-12-03 using UTC.,
2023-186A,,Starlink-30947 ,USA,12/3/2023,,Yes,ST/SG/SER.E/1188,,in orbit,,Spacecraft engaged in practical applications and uses of space technology such as weather or communications,Date of launch is 2023-12-03 using UTC.,
2023-186L,,Starlink-30994 ,USA,12/3/2023,,Yes,ST/SG/SER.E/1188,,in orbit,,Spacecraft engaged in practical applications and uses of space technology such as weather or communications,Date of launch is 2023-12-03 using UTC.,
2023-186J,,Starlink-30956 ,USA,12/3/2023,,Yes,ST/SG/SER.E/1188,,in orbit,,Spacecraft engaged in practical applications and uses of space technology such as weather or communications,Date of launch is 2023-12-03 using UTC.,
2023-186H,,Starlink-30984 ,USA,12/3/2023,,Yes,ST/SG/SER.E/1188,,in orbit,,Spacecraft engaged in practical applications and uses of space technology such as weather or communications,Date of launch is 2023-12-03 using UTC.,
2023-186K,,Starlink-30997 ,USA,12/3/2023,,Yes,ST/SG/SER.E/1188,,in orbit,,Spacecraft engaged in practical applications and uses of space technology such as weather or communications,Date of launch is 2023-12-03 using UTC.,
2023-186M,,Starlink-30991 ,USA,12/3/2023,,Yes,ST/SG/SER.E/1188,,in orbit,,Spacecraft engaged in practical applications and uses of space technology such as weather or communications,Date of launch is 2023-12-03 using UTC.,
2023-186N,,Starlink-30979 ,USA,12/3/2023,,Yes,ST/SG/SER.E/1188,,in orbit,,Spacecraft engaged in practical applications and uses of space technology such as weather or communications,Date of launch is 2023-12-03 using UTC.,
2023-186F,,Starlink-30990 ,USA,12/3/2023,,Yes,ST/SG/SER.E/1188,,in orbit,,Spacecraft engaged in practical applications and uses of space technology such as weather or communications,Date of launch is 2023-12-03 using UTC.,
2023-186P,,Starlink-31005 ,USA,12/3/2023,,Yes,ST/SG/SER.E/1188,,in orbit,,Spacecraft engaged in practical applications and uses of space technology such as weather or communications,Date of launch is 2023-12-03 using UTC.,
2023-186Q,,Starlink-30987 ,USA,12/3/2023,,Yes,ST/SG/SER.E/1188,,in orbit,,Spacecraft engaged in practical applications and uses of space technology such as weather or communications,Date of launch is 2023-12-03 using UTC.,
2023-186R,,Starlink-31000 ,USA,12/3/2023,,Yes,ST/SG/SER.E/1188,,in orbit,,Spacecraft engaged in practical applications and uses of space technology such as weather or communications,Date of launch is 2023-12-03 using UTC.,
2023-186W,,Starlink-30985 ,USA,12/3/2023,,Yes,ST/SG/SER.E/1188,,in orbit,,Spacecraft engaged in practical applications and uses of space technology such as weather or communications,Date of launch is 2023-12-03 using UTC.,
2023-186U,,Starlink-30953 ,USA,12/3/2023,,Yes,ST/SG/SER.E/1188,,in orbit,,Spacecraft engaged in practical applications and uses of space technology such as weather or communications,Date of launch is 2023-12-03 using UTC.,
2023-186T,,Starlink-30978 ,USA,12/3/2023,,Yes,ST/SG/SER.E/1188,,in orbit,,Spacecraft engaged in practical applications and uses of space technology such as weather or communications,Date of launch is 2023-12-03 using UTC.,
2023-186X,,Starlink-30981 ,USA,12/3/2023,,Yes,ST/SG/SER.E/1188,,in orbit,,Spacecraft engaged in practical applications and uses of space technology such as weather or communications,Date of launch is 2023-12-03 using UTC.,
2023-186Y,,Starlink-31002 ,USA,12/3/2023,,Yes,ST/SG/SER.E/1188,,in orbit,,Spacecraft engaged in practical applications and uses of space technology such as weather or communications,Date of launch is 2023-12-03 using UTC.,
2023-186V,,Starlink-30986 ,USA,12/3/2023,,Yes,ST/SG/SER.E/1188,,in orbit,,Spacecraft engaged in practical applications and uses of space technology such as weather or communications,Date of launch is 2023-12-03 using UTC.,
2023-186G,,Starlink-30974 ,USA,12/3/2023,,Yes,ST/SG/SER.E/1188,ST/SG/SER.E/1242,[deorbited],11/7/2024,Spacecraft engaged in practical applications and uses of space technology such as weather or communications,Date of launch is 2023-12-03 using UTC.,
2023-186S,,Starlink-30993 ,USA,12/3/2023,,Yes,ST/SG/SER.E/1188,ST/SG/SER.E/1228,in orbit,,Spacecraft engaged in practical applications and uses of space technology such as weather or communications,Date of launch is 2023-12-03 using UTC.,
2023-174DD,,TIME WE'LL TELL ,USA,12/2/2023,,Yes,ST/SG/SER.E/1195,ST/SG/SER.E/1249,decayed,12/2/2024,Spacecraft engaged in practical applications and uses of space technology such as weather or communications,Date of launch is approximate date of deployment from IMPULSE-1 MIRA (international designator 2023-174AX).,
[2023-185F],, [LILIUM 1],[(for Taiwan Province of China)],[2023-12-01],,No,,,[in orbit],,------,Not registered with the United Nations.,
[2023-185B],, [KORSAT 7],[(for Republic of Korea)],[2023-12-01],,No,,,[in orbit],,------,Not registered with the United Nations.,
[2023-185G],, [SPIRIT],[(for Australia)],[2023-12-01],,No,,,[in orbit],,------,Not registered with the United Nations.,
[2023-185E],, [UHETSAT],[(for Italy)],[2023-12-01],,No,,,[in orbit],,------,Not registered with the United Nations.,
[2023-001DF],, [ASTROCAST 0401],[(for Switzerland)],[2023-12-01],,No,,,[in orbit],,------,Not registered with the United Nations. Date of launch is date of deployment from ION SCV-008 (2023-001AU).,
[2023-001DG],, [ASTROCAST 0403],[(for Switzerland)],[2023-12-01],,No,,,[in orbit],,------,Not registered with the United Nations. Date of launch is date of deployment from ION SCV-008 (2023-001AU).,
[2023-001DH],, [ASTROCAST 0404],[(for Switzerland)],[2023-12-01],,No,,,[in orbit],,------,Not registered with the United Nations. Date of launch is date of deployment from ION SCV-008 (2023-001AU).,
[2023-001DE],, [ASTROCAST 0402],[(for Switzerland)],[2023-12-01],,No,,,[in orbit],,------,Not registered with the United Nations. Date of launch is date of deployment from ION SCV-008 (2023-001AU).,
2023-185K,2,Hayasat-1 ,Armenia,12/1/2023,,Yes,ST/SG/SER.E/1187,,in orbit,,"Hayasat-1 is an educational and technology demonstration mission. Within implementation of the mission, space engineering (from satellite component testing to satellite integration) has been enhanced and satellite operation capabilities will be developed. The communication system of Hayasat-1 transmits a part from the ""Praise of the Partridge"" song composed by eminent Armenian musicologist Komitas, who is considered the founder of the Armenian national school of music. The satellite also carries an internally developed and manufactured secondary payload, measurements of which will provide data on the satellite's rotations, position and motion.",International Designator provided by the State of registry.,
[2023-184A],3693-2023-019,Progress MS-25 ,Russian Federation,12/1/2023,,Yes,ST/SG/SER.E/1165,,[deorbited],[2024-05-28],"Delivery to the International Space Station of fuel, water, oxygen, air, food, scientific equipment and other consumable materials required for the crew, scientific experiments and operation of the Station",------,
2023-185L,2023IE001,EIRSAT-1 ,Ireland,12/1/2023,,Yes,A/AC.105/INF/460,,in orbit,,"2U educational and scientific CubeSat from University College Dublin (UCD), Ireland. The three payloads are a gamma-ray detector, a material science temperature experiment and an attitude control algorithm testbed. Also includes UCD-designed and built ultra-high frequency (UHF) and very-high frequency (VHF) Antenna Deployment Module",International designator provided by the State of registry.,
2023-185A,,GNOMES-4 ,USA,12/1/2023,,Yes,ST/SG/SER.E/1188,,in orbit,,Spacecraft engaged in practical applications and uses of space technology such as weather or communications,------,
2023-185D,,Bane ,USA,12/1/2023,,Yes,ST/SG/SER.E/1188,,in orbit,,Spacecraft engaged in practical applications and uses of space technology such as weather or communications,------,
2023-185J,,ENSO ,France,12/1/2023,,Yes,ST/SG/SER.E/1193,,in orbit,,Monitoring of solar activity,------,
2023-185C,,KOYOH ,Japan,12/1/2023,,Yes,ST/SG/SER.E/1240,,in orbit,,"KOYOH observes celestial transient sources such as the Gamma-ray burst with the gravitational wave by X-ray imaging with the Wide Field of View X-ray imager, identifies the event time and the direction, and notifies the information immediately to the ground observatories in the world.",The registration submission for this space object is presently being processed by the United Nations Secretariat.,Link
2023-185H,,ION SCV-0015 Daring Diego ,Italy,[2023-12-01],,Yes,ST/SG/SER.E/1228,,in orbit,,"Commercial / Operations. ION SCV-0015 Daring Diego is the 15th commercial mission of a proprietary orbital transfer vehicle (OTV) ION Satellite Carrier (ION). ION SCV-0015 Daring Diego is a versatile and cost-effective OTV designed to precisely deploy satellites and perform orbital demonstrations of third-party payloads hosted onboard. CubeSats deployed: Deimos ALISIO-1, AlbaOrbital pocket cubesat2 (that released Unicorn-2N and MDQUBESAT-2), AlbaOrbital pocket cubesat1 (that released Unicorn-2M, Unicorn-2L), Tuberlin NanoFF cubesat2, Tuberlin NanoFF cubesat1.",------,Link
[2023-185R],, [UNICORN-2L],[(for Germany)],[2023-12-01],,No,,ST/SG/SER.E/1228,[in orbit],,------,Not registered with the United Nations. Date of launch is approximate date of deployment from ION SCV-015 (international designator 2023-185H). Mentioned by Italy in ST/SG/SER.E/1228.,
[2023-174*],, [PICO IOT 4 (PICO 1A-4)],[(for Italy)],[2023-11-29],,No,,,[in orbit],,,Not registered with the United Nations. International Designator pending assignment. Date of launch is approximate date of deployment from ION SCV-013 (international designator 2023-174AW).,
[2023-174*],, [PICO IOT 6 (PICO 1A-6)],[(for Italy)],[2023-11-29],,No,,,[in orbit],,,Not registered with the United Nations. International Designator pending assignment. Date of launch is approximate date of deployment from ION SCV-013 (international designator 2023-174AW).,
[2023-174*],, [PICO IOT 7 (PICO 1A-7)],[(for Italy)],[2023-11-29],,No,,,[in orbit],,,Not registered with the United Nations. International Designator pending assignment. Date of launch is approximate date of deployment from ION SCV-013 (international designator 2023-174AW).,
[2023-174*],, [PICO IOT 8 (PICO 1A-8)],[(for Italy)],[2023-11-29],,No,,,[in orbit],,,Not registered with the United Nations. International Designator pending assignment. Date of launch is approximate date of deployment from ION SCV-013 (international designator 2023-174AW).,
[2023-174CC],, [PICO IOT 5 (PICO 1A-5)],[(for Italy)],[2023-11-29],,No,,,[in orbit],,,Not registered with the United Nations. International Designator pending assignment. Date of launch is approximate date of deployment from ION SCV-013 (international designator 2023-174AW).,
[2023-174BY],, [PICO IOT 3 (PICO 1A-3)],[(for Italy)],[2023-11-29],,No,,,[in orbit],,,Not registered with the United Nations. Date of launch is approximate date of deployment from ION SCV-013 (international designator 2023-174AW).,
[2023-174AH],, [PICO IOT 9 (PICO 1A-9)],[(for Italy)],[2023-11-29],,No,,,[in orbit],,,Not registered with the United Nations.Date of launch is approximate date of deployment from ION SCV-013 (international designator 2023-174AW).,
[2023-174CT],, [PICO IOT 2 (PICO 1A-2)],[(for Italy)],[2023-11-29],,No,,,[in orbit],,,Not registered with the United Nations. Date of launch is approximate date of deployment from ION SCV-013 (international designator 2023-174AW).,
[2023-174CV],, [PICO IOT 1 (PICO 1A-1)],[(for Italy)],[2023-11-29],,No,,,[in orbit],,,Not registered with the United Nations. Date of launch is approximate date of deployment from ION SCV-013 (international designator 2023-174AW).,
[2023-174CU],, [PICO IOT 6 (PICO 1A-6)],[(for Italy)],[2023-11-29],,No,,,[in orbit],,,Not registered with the United Nations. Date of launch is approximate date of deployment from ION SCV-013 (international designator 2023-174AW).,
[2023-174DA],, [UNICORN 2K],[(for Germany)],[2023-11-29],,No,,ST/SG/SER.E/1228,[decayed],[2024-06-26],,Not registered with the United Nations. Date of launch is approximate date of deployment from ION SCV-013 (international designator 2023-174AW). Mentioned by Italy in ST/SG/SER.E/1228.,
2023-183A,,Starlink-30869 ,USA,11/28/2023,,Yes,ST/SG/SER.E/1186,,in orbit,,Spacecraft engaged in practical applications and uses of space technology such as weather or communications,------,
2023-183B,,Starlink-30969 ,USA,11/28/2023,,Yes,ST/SG/SER.E/1186,,in orbit,,Spacecraft engaged in practical applications and uses of space technology such as weather or communications,------,
2023-183C,,Starlink-30951 ,USA,11/28/2023,,Yes,ST/SG/SER.E/1186,,in orbit,,Spacecraft engaged in practical applications and uses of space technology such as weather or communications,------,
2023-183D,,Starlink-30950 ,USA,11/28/2023,,Yes,ST/SG/SER.E/1186,,in orbit,,Spacecraft engaged in practical applications and uses of space technology such as weather or communications,------,
2023-183G,,Starlink-308971 ,USA,11/28/2023,,Yes,ST/SG/SER.E/1186,,in orbit,,Spacecraft engaged in practical applications and uses of space technology such as weather or communications,------,
2023-183E,,Starlink-30942 ,USA,11/28/2023,,Yes,ST/SG/SER.E/1186,,in orbit,,Spacecraft engaged in practical applications and uses of space technology such as weather or communications,------,
2023-183H,,Starlink-30963 ,USA,11/28/2023,,Yes,ST/SG/SER.E/1186,,in orbit,,Spacecraft engaged in practical applications and uses of space technology such as weather or communications,------,
2023-183J,,Starlink-30961 ,USA,11/28/2023,,Yes,ST/SG/SER.E/1186,,in orbit,,Spacecraft engaged in practical applications and uses of space technology such as weather or communications,------,
2023-183L,,Starlink-30976 ,USA,11/28/2023,,Yes,ST/SG/SER.E/1186,,in orbit,,Spacecraft engaged in practical applications and uses of space technology such as weather or communications,------,
2023-183M,,Starlink-30926 ,USA,11/28/2023,,Yes,ST/SG/SER.E/1186,,in orbit,,Spacecraft engaged in practical applications and uses of space technology such as weather or communications,------,
2023-183N,,Starlink-30943 ,USA,11/28/2023,,Yes,ST/SG/SER.E/1186,,in orbit,,Spacecraft engaged in practical applications and uses of space technology such as weather or communications,------,
2023-183K,,Starlink-30975 ,USA,11/28/2023,,Yes,ST/SG/SER.E/1186,,in orbit,,Spacecraft engaged in practical applications and uses of space technology such as weather or communications,------,
2023-183F,,Starlink-30959 ,USA,11/28/2023,,Yes,ST/SG/SER.E/1186,,in orbit,,Spacecraft engaged in practical applications and uses of space technology such as weather or communications,------,
2023-183S,,Starlink-30957 ,USA,11/28/2023,,Yes,ST/SG/SER.E/1186,,in orbit,,Spacecraft engaged in practical applications and uses of space technology such as weather or communications,------,
2023-183Q,,Starlink-30944 ,USA,11/28/2023,,Yes,ST/SG/SER.E/1186,,in orbit,,Spacecraft engaged in practical applications and uses of space technology such as weather or communications,------,
2023-183R,,Starlink-30928 ,USA,11/28/2023,,Yes,ST/SG/SER.E/1186,,in orbit,,Spacecraft engaged in practical applications and uses of space technology such as weather or communications,------,
2023-183V,,Starlink-30960 ,USA,11/28/2023,,Yes,ST/SG/SER.E/1186,,in orbit,,Spacecraft engaged in practical applications and uses of space technology such as weather or communications,------,
2023-183T,,Starlink-30966 ,USA,11/28/2023,,Yes,ST/SG/SER.E/1186,,in orbit,,Spacecraft engaged in practical applications and uses of space technology such as weather or communications,------,
2023-183U,,Starlink-30935 ,USA,11/28/2023,,Yes,ST/SG/SER.E/1186,,in orbit,,Spacecraft engaged in practical applications and uses of space technology such as weather or communications,------,
2023-183W,,Starlink-30958 ,USA,11/28/2023,,Yes,ST/SG/SER.E/1186,,in orbit,,Spacecraft engaged in practical applications and uses of space technology such as weather or communications,------,
2023-183X,,Starlink-30962 ,USA,11/28/2023,,Yes,ST/SG/SER.E/1186,,in orbit,,Spacecraft engaged in practical applications and uses of space technology such as weather or communications,------,
2023-183P,,Starlink-30946 ,USA,11/28/2023,,Yes,ST/SG/SER.E/1186,,in orbit,,Spacecraft engaged in practical applications and uses of space technology such as weather or communications,------,
2023-183Y,,Starlink-30977 ,USA,11/28/2023,,Yes,ST/SG/SER.E/1186,,in orbit,,Spacecraft engaged in practical applications and uses of space technology such as weather or communications,------,
[2023-174CY],, [HADES D],[(for Spain)],[2023-11-28],,No,,ST/SG/SER.E/1228,[decayed],[2024-11-13],,Not registered with the United Nations. Date of launch is approximate date of deployment from ION SCV-013 (international designator 2023-174AW). Mentioned by Italy in ST/SG/SER.E/1228.,
[2023-182A],3692-2023-018,Cosmos 2572 ,Russian Federation,11/25/2023,,Yes,ST/SG/SER.E/1164,,in orbit,,Intended for assignments on behalf of the Ministry of Defence of the Russian Federation,------,
[2023-174CW],, [INTUITION 1],[(for Poland)],[2023-11-24],,No,,ST/SG/SER.E/1228,[in orbit],,,Not registered with the United Nations. Date of launch is approximate date of deployment from ION SCV-013 (international designator 2023-174AW). Mentioned by Italy in ST/SG/SER.E/1228.,
[2023-174CX],, [UNICORN-2J],[(for Germany)],[2023-11-24],,No,,ST/SG/SER.E/1228,[in orbit],,,Not registered with the United Nations. Date of launch is approximate date of deployment from ION SCV-013 (international designator 2023-174AW). Mentioned by Italy in ST/SG/SER.E/1228.,
2023-181B,,CSCN-B0005 [CHUANG XIN 20B (CX-20B)],China,11/23/2023,,Yes,ST/SG/SER.E/1237,,in orbit,,????????,The registration submission for this space object is presently being processed by the United Nations Secretariat.,
2023-181C,,CSCN-B0006 [CHUANG XIN 20C (CX-20C)],China,11/23/2023,,Yes,ST/SG/SER.E/1237,,in orbit,,????????,The registration submission for this space object is presently being processed by the United Nations Secretariat.,
2023-181A,,CSCN-B0004 [CHUANG XIN 20A (CX-20A)],China,11/23/2023,,Yes,ST/SG/SER.E/1237,,in orbit,,????????,The registration submission for this space object is presently being processed by the United Nations Secretariat.,
2023-180C,,Starlink-30876 ,USA,11/22/2023,,Yes,ST/SG/SER.E/1186,,in orbit,,Spacecraft engaged in practical applications and uses of space technology such as weather or communications,------,
2023-180E,,Starlink-30925 ,USA,11/22/2023,,Yes,ST/SG/SER.E/1186,,in orbit,,Spacecraft engaged in practical applications and uses of space technology such as weather or communications,------,
2023-180G,,Starlink-30906 ,USA,11/22/2023,,Yes,ST/SG/SER.E/1186,,in orbit,,Spacecraft engaged in practical applications and uses of space technology such as weather or communications,------,
2023-180B,,Starlink-30844 ,USA,11/22/2023,,Yes,ST/SG/SER.E/1186,,in orbit,,Spacecraft engaged in practical applications and uses of space technology such as weather or communications,------,
2023-180D,,Starlink-30952 ,USA,11/22/2023,,Yes,ST/SG/SER.E/1186,,in orbit,,Spacecraft engaged in practical applications and uses of space technology such as weather or communications,------,
2023-180F,,Starlink-30954 ,USA,11/22/2023,,Yes,ST/SG/SER.E/1186,,in orbit,,Spacecraft engaged in practical applications and uses of space technology such as weather or communications,------,
2023-180H,,Starlink-30940 ,USA,11/22/2023,,Yes,ST/SG/SER.E/1186,,in orbit,,Spacecraft engaged in practical applications and uses of space technology such as weather or communications,------,
2023-180K,,Starlink-30919 ,USA,11/22/2023,,Yes,ST/SG/SER.E/1186,,in orbit,,Spacecraft engaged in practical applications and uses of space technology such as weather or communications,------,
2023-180J,,Starlink-30933 ,USA,11/22/2023,,Yes,ST/SG/SER.E/1186,,in orbit,,Spacecraft engaged in practical applications and uses of space technology such as weather or communications,------,
2023-180Q,,Starlink-30967 ,USA,11/22/2023,,Yes,ST/SG/SER.E/1186,,in orbit,,Spacecraft engaged in practical applications and uses of space technology such as weather or communications,------,
2023-180N,,Starlink-30922 ,USA,11/22/2023,,Yes,ST/SG/SER.E/1186,,in orbit,,Spacecraft engaged in practical applications and uses of space technology such as weather or communications,------,
2023-180L,,Starlink-30924 ,USA,11/22/2023,,Yes,ST/SG/SER.E/1186,,in orbit,,Spacecraft engaged in practical applications and uses of space technology such as weather or communications,------,
2023-180M,,Starlink-30931 ,USA,11/22/2023,,Yes,ST/SG/SER.E/1186,,in orbit,,Spacecraft engaged in practical applications and uses of space technology such as weather or communications,------,
2023-180P,,Starlink-30949 ,USA,11/22/2023,,Yes,ST/SG/SER.E/1186,,in orbit,,Spacecraft engaged in practical applications and uses of space technology such as weather or communications,------,
2023-180T,,Starlink-30917 ,USA,11/22/2023,,Yes,ST/SG/SER.E/1186,,in orbit,,Spacecraft engaged in practical applications and uses of space technology such as weather or communications,------,
2023-180U,,Starlink-30899 ,USA,11/22/2023,,Yes,ST/SG/SER.E/1186,,in orbit,,Spacecraft engaged in practical applications and uses of space technology such as weather or communications,------,
2023-180S,,Starlink-30895 ,USA,11/22/2023,,Yes,ST/SG/SER.E/1186,,in orbit,,Spacecraft engaged in practical applications and uses of space technology such as weather or communications,------,
2023-180R,,Starlink-30955 ,USA,11/22/2023,,Yes,ST/SG/SER.E/1186,,in orbit,,Spacecraft engaged in practical applications and uses of space technology such as weather or communications,------,
2023-180W,,Starlink-30912 ,USA,11/22/2023,,Yes,ST/SG/SER.E/1186,,in orbit,,Spacecraft engaged in practical applications and uses of space technology such as weather or communications,------,
2023-180Y,,Starlink-30908 ,USA,11/22/2023,,Yes,ST/SG/SER.E/1186,,in orbit,,Spacecraft engaged in practical applications and uses of space technology such as weather or communications,------,
2023-180X,,Starlink-30900 ,USA,11/22/2023,,Yes,ST/SG/SER.E/1186,,in orbit,,Spacecraft engaged in practical applications and uses of space technology such as weather or communications,------,
2023-180V,,Starlink-30902 ,USA,11/22/2023,,Yes,ST/SG/SER.E/1186,,in orbit,,Spacecraft engaged in practical applications and uses of space technology such as weather or communications,------,
2023-180A,,Starlink-30964 ,USA,11/22/2023,,Yes,ST/SG/SER.E/1186,,in orbit,,Spacecraft engaged in practical applications and uses of space technology such as weather or communications,------,
[2023-179A],, [MALLIGYONG 1],[Democratic People's Republic of Korea],[2023-11-21],,No,,,[in orbit],,------,Not registered with the United Nations.,
2023-178N,,Starlink-30929 ,USA,11/20/2023,,Yes,ST/SG/SER.E/1186,,in orbit,,Spacecraft engaged in practical applications and uses of space technology such as weather or communications,------,
2023-178Q,,Starlink-30913 ,USA,11/20/2023,,Yes,ST/SG/SER.E/1186,,in orbit,,Spacecraft engaged in practical applications and uses of space technology such as weather or communications,------,
2023-178H,,Starlink-30923 ,USA,11/20/2023,,Yes,ST/SG/SER.E/1186,,in orbit,,Spacecraft engaged in practical applications and uses of space technology such as weather or communications,------,
2023-178J,,Starlink-30927 ,USA,11/20/2023,,Yes,ST/SG/SER.E/1186,,in orbit,,Spacecraft engaged in practical applications and uses of space technology such as weather or communications,------,
2023-178K,,Starlink-30921 ,USA,11/20/2023,,Yes,ST/SG/SER.E/1186,,in orbit,,Spacecraft engaged in practical applications and uses of space technology such as weather or communications,------,
2023-178M,,Starlink-30930 ,USA,11/20/2023,,Yes,ST/SG/SER.E/1186,,in orbit,,Spacecraft engaged in practical applications and uses of space technology such as weather or communications,------,
2023-178P,,Starlink-30898 ,USA,11/20/2023,,Yes,ST/SG/SER.E/1186,,in orbit,,Spacecraft engaged in practical applications and uses of space technology such as weather or communications,------,
2023-178L,,Starlink-30825 ,USA,11/20/2023,,Yes,ST/SG/SER.E/1186,,in orbit,,Spacecraft engaged in practical applications and uses of space technology such as weather or communications,------,
2023-178F,,Starlink-30882 ,USA,11/20/2023,,Yes,ST/SG/SER.E/1186,,in orbit,,Spacecraft engaged in practical applications and uses of space technology such as weather or communications,------,
2023-178D,,Starlink-30914 ,USA,11/20/2023,,Yes,ST/SG/SER.E/1186,,in orbit,,Spacecraft engaged in practical applications and uses of space technology such as weather or communications,------,
2023-178E,,Starlink-30920 ,USA,11/20/2023,,Yes,ST/SG/SER.E/1186,,in orbit,,Spacecraft engaged in practical applications and uses of space technology such as weather or communications,------,
2023-178G,,Starlink-30915 ,USA,11/20/2023,,Yes,ST/SG/SER.E/1186,,in orbit,,Spacecraft engaged in practical applications and uses of space technology such as weather or communications,------,
2023-178A,,Starlink-30911 ,USA,11/20/2023,,Yes,ST/SG/SER.E/1186,,in orbit,,Spacecraft engaged in practical applications and uses of space technology such as weather or communications,------,
2023-178C,,Starlink-30910 ,USA,11/20/2023,,Yes,ST/SG/SER.E/1186,,in orbit,,Spacecraft engaged in practical applications and uses of space technology such as weather or communications,------,
2023-178B,,Starlink-30894 ,USA,11/20/2023,,Yes,ST/SG/SER.E/1186,,in orbit,,Spacecraft engaged in practical applications and uses of space technology such as weather or communications,------,
2023-178T,,Starlink-30916 ,USA,11/20/2023,,Yes,ST/SG/SER.E/1186,,in orbit,,Spacecraft engaged in practical applications and uses of space technology such as weather or communications,------,
2023-178V,,Starlink-30939 ,USA,11/20/2023,,Yes,ST/SG/SER.E/1186,,in orbit,,Spacecraft engaged in practical applications and uses of space technology such as weather or communications,------,
2023-178U,,Starlink-30937 ,USA,11/20/2023,,Yes,ST/SG/SER.E/1186,,in orbit,,Spacecraft engaged in practical applications and uses of space technology such as weather or communications,------,
2023-178R,,Starlink-30938 ,USA,11/20/2023,,Yes,ST/SG/SER.E/1186,,in orbit,,Spacecraft engaged in practical applications and uses of space technology such as weather or communications,------,
2023-178S,,Starlink-30868 ,USA,11/20/2023,,Yes,ST/SG/SER.E/1186,,in orbit,,Spacecraft engaged in practical applications and uses of space technology such as weather or communications,------,
2023-178X,,Starlink-30934 ,USA,11/20/2023,,Yes,ST/SG/SER.E/1186,,in orbit,,Spacecraft engaged in practical applications and uses of space technology such as weather or communications,------,
2023-178W,,Starlink-30887 ,USA,11/20/2023,,Yes,ST/SG/SER.E/1186,,in orbit,,Spacecraft engaged in practical applications and uses of space technology such as weather or communications,------,
2023-177F,,Starlink-30905 ,USA,11/18/2023,,Yes,ST/SG/SER.E/1186,,in orbit,,Spacecraft engaged in practical applications and uses of space technology such as weather or communications,------,
2023-177D,,Starlink-30832 ,USA,11/18/2023,,Yes,ST/SG/SER.E/1186,,in orbit,,Spacecraft engaged in practical applications and uses of space technology such as weather or communications,------,
2023-177G,,Starlink-30842 ,USA,11/18/2023,,Yes,ST/SG/SER.E/1186,,in orbit,,Spacecraft engaged in practical applications and uses of space technology such as weather or communications,------,
2023-177J,,Starlink-30878 ,USA,11/18/2023,,Yes,ST/SG/SER.E/1186,,in orbit,,Spacecraft engaged in practical applications and uses of space technology such as weather or communications,------,
2023-177E,,Starlink-30903 ,USA,11/18/2023,,Yes,ST/SG/SER.E/1186,,in orbit,,Spacecraft engaged in practical applications and uses of space technology such as weather or communications,------,
2023-177H,,Starlink-30858 ,USA,11/18/2023,,Yes,ST/SG/SER.E/1186,,in orbit,,Spacecraft engaged in practical applications and uses of space technology such as weather or communications,------,
2023-177L,,Starlink-30885 ,USA,11/18/2023,,Yes,ST/SG/SER.E/1186,,in orbit,,Spacecraft engaged in practical applications and uses of space technology such as weather or communications,------,
2023-177M,,Starlink-30890 ,USA,11/18/2023,,Yes,ST/SG/SER.E/1186,,in orbit,,Spacecraft engaged in practical applications and uses of space technology such as weather or communications,------,
2023-177K,,Starlink-30897 ,USA,11/18/2023,,Yes,ST/SG/SER.E/1186,,in orbit,,Spacecraft engaged in practical applications and uses of space technology such as weather or communications,------,
2023-177P,,Starlink-30904 ,USA,11/18/2023,,Yes,ST/SG/SER.E/1186,,in orbit,,Spacecraft engaged in practical applications and uses of space technology such as weather or communications,------,
2023-177Q,,Starlink-30918 ,USA,11/18/2023,,Yes,ST/SG/SER.E/1186,,in orbit,,Spacecraft engaged in practical applications and uses of space technology such as weather or communications,------,
2023-177W,,Starlink-30859 ,USA,11/18/2023,,Yes,ST/SG/SER.E/1186,,in orbit,,Spacecraft engaged in practical applications and uses of space technology such as weather or communications,------,
2023-177T,,Starlink-30889 ,USA,11/18/2023,,Yes,ST/SG/SER.E/1186,,in orbit,,Spacecraft engaged in practical applications and uses of space technology such as weather or communications,------,
2023-177V,,Starlink-30888 ,USA,11/18/2023,,Yes,ST/SG/SER.E/1186,,in orbit,,Spacecraft engaged in practical applications and uses of space technology such as weather or communications,------,
2023-177N,,Starlink-30909 ,USA,11/18/2023,,Yes,ST/SG/SER.E/1186,,in orbit,,Spacecraft engaged in practical applications and uses of space technology such as weather or communications,------,
2023-177S,,Starlink-30891 ,USA,11/18/2023,,Yes,ST/SG/SER.E/1186,,in orbit,,Spacecraft engaged in practical applications and uses of space technology such as weather or communications,------,
2023-177R,,Starlink-30892 ,USA,11/18/2023,,Yes,ST/SG/SER.E/1186,,in orbit,,Spacecraft engaged in practical applications and uses of space technology such as weather or communications,------,
2023-177U,,Starlink-30870 ,USA,11/18/2023,,Yes,ST/SG/SER.E/1186,,in orbit,,Spacecraft engaged in practical applications and uses of space technology such as weather or communications,------,
2023-177A,,Starlink-30901 ,USA,11/18/2023,,Yes,ST/SG/SER.E/1186,ST/SG/SER.E/1215,[deorbited],5/2/2024,Spacecraft engaged in practical applications and uses of space technology such as weather or communications,------,
2023-177B,,Starlink-30907 ,USA,11/18/2023,,Yes,ST/SG/SER.E/1186,,in orbit,,Spacecraft engaged in practical applications and uses of space technology such as weather or communications,------,
2023-177C,,Starlink-30896 ,USA,11/18/2023,,Yes,ST/SG/SER.E/1186,,in orbit,,Spacecraft engaged in practical applications and uses of space technology such as weather or communications,------,
2023-177X,,Starlink-30884 ,USA,11/18/2023,,Yes,ST/SG/SER.E/1186,,in orbit,,Spacecraft engaged in practical applications and uses of space technology such as weather or communications,------,
2023-177Y,,Starlink-30852 ,USA,11/18/2023,,Yes,ST/SG/SER.E/1186,,in orbit,,Spacecraft engaged in practical applications and uses of space technology such as weather or communications,------,
2023-176A,,New-Generation Ocean Colour Monitoring Satellite (HY-3A) [(HAIYANG 3A (HY3 01))],China,11/16/2023,,Yes,ST/SG/SER.E/1237,,in orbit,,Ocean colour monitoring,The registration submission for this space object is presently being processed by the United Nations Secretariat.,
2023-175B,,MP06 (O3b mPOWER F6) ,United Kingdom,11/12/2023,,Yes,ST/SG/SER.E/1161,ST/SG/SER.E/1264,in orbit,,"mPOWER will extend SES’s MEO Ka-band services increasing capabilities such as flexibility, performance and scale thus increasing the scope of bandwidth-intensive network services and applications. System wide innovations will provide uncontended multi-gigabit links to deliver high-bandwidth services, offering differentiated services at cloud scale.",State of registry notes in ST/SG/SER.E/1264 that Astra (GB) Limited have taken ownership of satellites previously operated by O3b Limited.,
2023-175A,,MP05 (O3b mPOWER F5) ,United Kingdom,11/12/2023,,Yes,ST/SG/SER.E/1161,ST/SG/SER.E/1264,in orbit,,"mPOWER will extend SES’s MEO Ka-band services increasing capabilities such as flexibility, performance and scale thus increasing the scope of bandwidth-intensive network services and applications. System wide innovations will provide uncontended multi-gigabit links to deliver high-bandwidth services, offering differentiated services at cloud scale.",State of registry notes in ST/SG/SER.E/1264 that Astra (GB) Limited have taken ownership of satellites previously operated by O3b Limited.,
[2023-174CP],, [NINJASAT],[(for Japan)],[2023-11-11],,No,,,[in orbit],,,Not registered with the United Nations.,
[2023-174D],, [LEMUR 2 BASS],[USA],[2023-11-11],,No,,,[in orbit],,,Not registered with the United Nations.,
[2023-174X],, [TIGER 5],[(for Rwanda)],[2023-11-11],,No,,,[in orbit],,,Not registered with the United Nations.,
[2023-174S],, [TIGER 6],[(for Rwanda)],[2023-11-11],,No,,,[in orbit],,,Not registered with the United Nations.,
[2023-174CJ],, [LEMUR 2 JK0903EM1407],[USA],[2023-11-11],,No,,,[in orbit],,,Not registered with the United Nations.,
[2023-174CN],, [LEMUR 2 MJR092620],[USA],[2023-11-11],,No,,,[in orbit],,,Not registered with the United Nations.,
[2023-174*],, [ORBASTRO TR-1],[(for Unknown)],[2023-11-11],,No,,,[in orbit],,,Not registered with the United Nations. International Designator pending assignment.,
[2023-174G],, [PLATERO],[(for Spain)],[2023-11-11],,No,,,[in orbit],,,Not registered with the United Nations.,
[2023-174*],, [HELLO TEST 2],[(for Türkiye)],[2023-11-11],,No,,,[in orbit],,,Not registered with the United Nations. International Designator pending assignment.,
[2023-174*],, [HELLO TEST 1],[(for Türkiye)],[2023-11-11],,No,,,[in orbit],,,Not registered with the United Nations. International Designator pending assignment.,
[2023-174C],, [ORBASTRO PC-1],[(for Unknown)],[2023-11-11],,No,,,[in orbit],,,Not registered with the United Nations.,
[2023-174*],, [OUTPOST MISSION 2],[USA],[2023-11-11],,No,,,[in orbit],,,Not registered with the United Nations. International Designator pending assignment.,
2023-174*,MY012,SpaceANT-D ,Malaysia,11/11/2023,,Yes,A/AC.105/INF/459,,in orbit,,Demonstrates store-and-forward technology using a pico-satellite platform for research and educational purposes,------,
2023-174B,,MANTIS ,United Kingdom,11/11/2023,,Yes,ST/SG/SER.E/1174,,in orbit,,Earth observation,------,
[2023-174A],58256,Connecta T3.1 ,Türkiye,11/11/2023,,Yes,ST/SG/SER.E/1167,,in orbit,,Object-to-object and machine-to-machine communication tests. In-orbit demonstration.,------,
[2023-174N],58268,Connecta T3.2 ,Türkiye,11/11/2023,,Yes,ST/SG/SER.E/1168,,in orbit,,Object-to-object and machine-to-machine communication tests. In-orbit demonstration.,------,
2023-174AY,FIN-27-SAT-2023,ICEYE-X35 ,Finland,11/11/2023,,Yes,ST/SG/SER.E/1173,,in orbit,,"Earth observation satellite, carrying a synthetic aperture radar. Data will be provided commercially.",------,
2023-174AJ,FIN-25-SAT-2023,ICEYE-X31 ,Finland,11/11/2023,,Yes,ST/SG/SER.E/1173,,in orbit,,"Earth observation satellite, carrying a synthetic aperture radar. Data will be provided commercially.",------,
[2023-174L],DJ-2023-001,Djibouti-1A ,Djibouti,[2023-11-11],,Yes,St/SG/SER.E/1160,,in orbit,,Gathering of meteorological data transmitted by ground-based measurement stations,------,Link
[2023-174BV],,Observer-1A ,Republic of Korea,11/11/2023,,Yes,ST/SG/SER.E/1159,,in orbit,,Earth observation using a multi-spectral optics camera,------,
2023-174AB,58281,ÆTHER-1 [(AETHER 1)],Canada,11/11/2023,,Yes,ST/SG/SER.E/1221,,in orbit,,Data transfer and technology,------,
2023-174AV,58299,ÆTHER-2 [(AETHER 2)],Canada,11/11/2023,,Yes,ST/SG/SER.E/1221,,in orbit,,Data transfer and technology,------,
2023-174BT,,PROTOMETHEE-1 ,France,11/11/2023,,Yes,ST/SG/SER.E/1193,,in orbit,,------,The registration submission for this space object is presently being processed by the United Nations Secretariat.,
2023-174DH,,AAC-HSI-SAT3 ,United Kingdom,11/11/2023,,Yes,ST/SG/SER.E/1178,,in orbit,,Earth observation,------,
2023-174AS,,Pelican 3001 ,USA,11/11/2023,,Yes,ST/SG/SER.E/1186,,in orbit,,Spacecraft engaged in practical applications and uses of space technology such as weather or communications,------,
2023-174AG,,Flock 4Q 30 ,USA,11/11/2023,,Yes,ST/SG/SER.E/1186,,in orbit,,Spacecraft engaged in practical applications and uses of space technology such as weather or communications,------,
2023-174AE,,Flock 4Q 26 ,USA,11/11/2023,,Yes,ST/SG/SER.E/1186,,in orbit,,Spacecraft engaged in practical applications and uses of space technology such as weather or communications,------,
2023-174AF,,Flock 4Q 31 ,USA,11/11/2023,,Yes,ST/SG/SER.E/1186,,in orbit,,Spacecraft engaged in practical applications and uses of space technology such as weather or communications,------,
2023-174AM,,Falconsat-10 ,USA,11/11/2023,,Yes,ST/SG/SER.E/1186,,in orbit,,Spacecraft engaged in practical applications and uses of space technology such as weather or communications,------,
2023-174AQ,,ICEYE-X34 ,USA,11/11/2023,,Yes,ST/SG/SER.E/1186,,in orbit,,Spacecraft engaged in practical applications and uses of space technology such as weather or communications,------,
2023-174AN,,Umbra-08 ,USA,11/11/2023,,Yes,ST/SG/SER.E/1186,,in orbit,,Spacecraft engaged in practical applications and uses of space technology such as weather or communications,------,
2023-174AD,,Flock 4Q 17 ,USA,11/11/2023,,Yes,ST/SG/SER.E/1188,,in orbit,,Spacecraft engaged in practical applications and uses of space technology such as weather or communications,------,
2023-174AR,,SPACEVAN-001 ,France,11/11/2023,,Yes,ST/SG/SER.E/1193,,in orbit,,Orbital transfer vehicle,------,
2023-174CA,,Flock 4Q 13 ,USA,11/11/2023,,Yes,ST/SG/SER.E/1186,,in orbit,,Spacecraft engaged in practical applications and uses of space technology such as weather or communications,------,
2023-174BR,,Flock 4Q 15 ,USA,11/11/2023,,Yes,ST/SG/SER.E/1186,,in orbit,,Spacecraft engaged in practical applications and uses of space technology such as weather or communications,------,
2023-174BZ,,Flock 4Q 4 ,USA,11/11/2023,,Yes,ST/SG/SER.E/1186,,in orbit,,Spacecraft engaged in practical applications and uses of space technology such as weather or communications,------,
2023-174BQ,,Flock 4Q 7 ,USA,11/11/2023,,Yes,ST/SG/SER.E/1186,,in orbit,,Spacecraft engaged in practical applications and uses of space technology such as weather or communications,------,
2023-174BU,,Flock 4Q 9 ,USA,11/11/2023,,Yes,ST/SG/SER.E/1186,,in orbit,,Spacecraft engaged in practical applications and uses of space technology such as weather or communications,------,
2023-174BS,,Flock 4Q 2 ,USA,11/11/2023,,Yes,ST/SG/SER.E/1188,,in orbit,,Spacecraft engaged in practical applications and uses of space technology such as weather or communications,------,
2023-174AZ,,Flock 4Q 25 ,USA,11/11/2023,,Yes,ST/SG/SER.E/1186,,in orbit,,Spacecraft engaged in practical applications and uses of space technology such as weather or communications,------,
2023-174BC,,Flock 4Q 22 ,USA,11/11/2023,,Yes,ST/SG/SER.E/1186,,in orbit,,Spacecraft engaged in practical applications and uses of space technology such as weather or communications,------,
2023-174BE,,Flock 4Q 33 ,USA,11/11/2023,,Yes,ST/SG/SER.E/1186,,in orbit,,Spacecraft engaged in practical applications and uses of space technology such as weather or communications,------,
2023-174AX,,Impulse-1 Mira ,USA,11/11/2023,,Yes,ST/SG/SER.E/1186,,in orbit,,Spacecraft engaged in practical applications and uses of space technology such as weather or communications,------,
2023-174BD,,Flock 4Q 23 ,USA,11/11/2023,,Yes,ST/SG/SER.E/1186,,in orbit,,Spacecraft engaged in practical applications and uses of space technology such as weather or communications,------,
2023-174BA,,Flock 4Q 29 ,USA,11/11/2023,,Yes,ST/SG/SER.E/1186,,in orbit,,Spacecraft engaged in practical applications and uses of space technology such as weather or communications,------,
2023-174AT,,Umbra-07 ,USA,11/11/2023,,Yes,ST/SG/SER.E/1186,,in orbit,,Spacecraft engaged in practical applications and uses of space technology such as weather or communications,------,
[2023-174AU],2023-B-SC-039,SPIP ,Belgium,11/11/2023,,Yes,ST/SG/SER.E/1155,,in orbit,,Test and demonstration of a versatile satellite platform,------,
2023-174Q,,Flock 4Q 1 ,USA,11/11/2023,,Yes,ST/SG/SER.E/1186,,in orbit,,Spacecraft engaged in practical applications and uses of space technology such as weather or communications,------,
2023-174R,,Flock 4Q 16 ,USA,11/11/2023,,Yes,ST/SG/SER.E/1186,,in orbit,,Spacecraft engaged in practical applications and uses of space technology such as weather or communications,------,
2023-174CB,,Flock 4Q 21 ,USA,11/11/2023,,Yes,ST/SG/SER.E/1188,,in orbit,,Spacecraft engaged in practical applications and uses of space technology such as weather or communications,------,
2023-174CD,,BRO-10 ,France,11/11/2023,,Yes,ST/SG/SER.E/1193,,in orbit,,Maritime surveillance,------,
2023-174J,,BRO-11 ,France,11/11/2023,,Yes,ST/SG/SER.E/1193,,in orbit,,Maritime surveillance,------,
2023-174AA,,Flock 4Q 28 ,USA,11/11/2023,,Yes,ST/SG/SER.E/1186,,in orbit,,Spacecraft engaged in practical applications and uses of space technology such as weather or communications,------,
2023-174AC,,Flock 4Q 27 ,USA,11/11/2023,,Yes,ST/SG/SER.E/1186,,in orbit,,Spacecraft engaged in practical applications and uses of space technology such as weather or communications,------,
2023-174BL,,Flock 4Q 24 ,USA,11/11/2023,,Yes,ST/SG/SER.E/1186,,in orbit,,Spacecraft engaged in practical applications and uses of space technology such as weather or communications,------,
2023-174BF,,Flock 4Q 35 ,USA,11/11/2023,,Yes,ST/SG/SER.E/1186,,in orbit,,Spacecraft engaged in practical applications and uses of space technology such as weather or communications,------,
2023-174BH,,Flock 4Q 14 ,USA,11/11/2023,,Yes,ST/SG/SER.E/1186,,in orbit,,Spacecraft engaged in practical applications and uses of space technology such as weather or communications,------,
2023-174BN,,Flock 4Q 34 ,USA,11/11/2023,,Yes,ST/SG/SER.E/1186,,in orbit,,Spacecraft engaged in practical applications and uses of space technology such as weather or communications,------,
2023-174BM,,Flock 4Q 6 ,USA,11/11/2023,,Yes,ST/SG/SER.E/1186,,in orbit,,Spacecraft engaged in practical applications and uses of space technology such as weather or communications,------,
2023-174BK,,Flock 4Q 20 ,USA,11/11/2023,,Yes,ST/SG/SER.E/1188,,in orbit,,Spacecraft engaged in practical applications and uses of space technology such as weather or communications,------,
2023-174T,,Flock 4Q 11 ,USA,11/11/2023,,Yes,ST/SG/SER.E/1186,,in orbit,,Spacecraft engaged in practical applications and uses of space technology such as weather or communications,------,
2023-174V,,Flock 4Q 12 ,USA,11/11/2023,,Yes,ST/SG/SER.E/1186,,in orbit,,Spacecraft engaged in practical applications and uses of space technology such as weather or communications,------,
2023-174W,,GENMAT 1 ,USA,11/11/2023,,Yes,ST/SG/SER.E/1186,,in orbit,,Spacecraft engaged in practical applications and uses of space technology such as weather or communications,------,
2023-174U,,Flock 4Q 36 ,USA,11/11/2023,,Yes,ST/SG/SER.E/1188,,in orbit,,Spacecraft engaged in practical applications and uses of space technology such as weather or communications,------,
2023-174CH,,Lemur 2 Mango2A ,USA,11/11/2023,,Yes,ST/SG/SER.E/1186,ST/SG/SER.E/1242,decayed,11/5/2024,Spacecraft engaged in practical applications and uses of space technology such as weather or communications,------,
2023-174CK,,Lemur 2 Mango2B ,USA,11/11/2023,,Yes,ST/SG/SER.E/1186,ST/SG/SER.E/1242,decayed,11/5/2024,Spacecraft engaged in practical applications and uses of space technology such as weather or communications,------,
2023-174AP,FIN-26-SAT-2023,ICEYE-X32 ,Finland,11/11/2023,,Yes,ST/SG/SER.E/1173,ST/SG/SER.E/1207,[deorbited],[2025-04-02],"Earth observation satellite, carrying a synthetic aperture radar. Data will be provided commercially.",State of registry notes in ST/SG/SER.E/1207 that space object was no longer functional as of 28 February 2024 at 081000 UTC.,
2023-174AW,,ION SCV-013 Ultimate Hugo ,Italy,11/11/2023,,Yes,ST/SG/SER.E/1228,,in orbit,,"Commercial / Operations. ION SCV-013 Ultimate Hugo is the 13th commercial mission of a proprietary orbital transfer vehicle (OTV) ION Satellite Carrier (ION). ION SCV-013 Ultimate Hugo is a versatile and cost-effective OTV designed to precisely deploy satellites and perform orbital demonstrations of third-party payloads hosted onboard. CubeSats deployed: Clyde Intuition 1, Apogeo PICO-1, Odysseys, AlbaPOD1 (that released UNICORN-2J), AlbaPOD2 (that released UNICORN-2K, HADES-D, ROM-3), Cryptosat, Spire COO11, Clyde Wyvern3, Clyde VDES.",The registration submission for this space object is presently being processed by the United Nations Secretariat.,Link
[2023-174CF],, [LEMUR 2 THE-CLEANER],[USA],[2023-11-11],,No,,,[decayed],[2025-05-13],,Not registered with the United Nations.,
2023-174BW,,Flock 4Q 10 ,USA,11/11/2023,,Yes,ST/SG/SER.E/1186,ST/SG/SER.E/1302,decayed,5/13/2025,Spacecraft engaged in practical applications and uses of space technology such as weather or communications,------,
2023-174Y,,Flock 4Q 19 ,USA,11/11/2023,,Yes,ST/SG/SER.E/1188,ST/SG/SER.E/1302,decayed,5/31/2025,Spacecraft engaged in practical applications and uses of space technology such as weather or communications,------,
2023-174BB,,Flock 4Q 18 ,USA,11/11/2023,,Yes,ST/SG/SER.E/1188,ST/SG/SER.E/1270,[deorbited],1/11/2025,Spacecraft engaged in practical applications and uses of space technology such as weather or communications,------,
2023-174Z,,Flock 4Q 8 ,USA,11/11/2023,,Yes,ST/SG/SER.E/1186,ST/SG/SER.E/1287,[decayed],2/25/2025,Spacecraft engaged in practical applications and uses of space technology such as weather or communications,------,
2023-174CM,BG-2023-01,PLATFORM-5 ,Bulgaria,11/11/2023,,Yes,ST/SG/SER.E/1295,ST/SG/SER.E/1295,[decayed],4/22/2025,Technological demonstration,The registration submission for this space object is presently being processed by the United Nations Secretariat.,
[2023-174CE],, [LEMUR 2 MARAPAMASM],[USA],[2023-11-11],,No,,ST/SG/SER.E/1290,[decayed],4/8/2025,,Not registered with the United Nations.,
2023-174CL,,Barry-1 ,USA,11/11/2023,,Yes,ST/SG/SER.E/1188,ST/SG/SER.E/1290,[decayed],4/13/2025,Spacecraft engaged in practical applications and uses of space technology such as weather or communications,------,
2023-174BX,,Flock 4Q 5 ,USA,11/11/2023,,Yes,ST/SG/SER.E/1186,ST/SG/SER.E/1290,decayed,4/22/2025,Spacecraft engaged in practical applications and uses of space technology such as weather or communications,------,
2023-174BG,,Flock 4Q 32 ,USA,11/11/2023,,Yes,ST/SG/SER.E/1186,ST/SG/SER.E/1290,decayed,4/10/2025,Spacecraft engaged in practical applications and uses of space technology such as weather or communications,------,
[2023-174H],, [LEMUR 2 GOOD-VIBES],[USA],[2023-11-11],,No,,,[decayed],[2025-05-29],,Not registered with the United Nations.,
[2023-174E],, [LEMUR 2 DILIGHTFUL],[USA],[2023-11-11],,No,,,[decayed],[2025-05-29],,Not registered with the United Nations.,
2023-174BJ,,Flock 4Q 3 ,USA,11/11/2023,,Yes,ST/SG/SER.E/1186,ST/SG/SER.E/1290,decayed,3/25/2025,Spacecraft engaged in practical applications and uses of space technology such as weather or communications,------,
[2023-174BP],,KAFASAT ,Republic of Korea,11/11/2023,,Yes,ST/SG/SER.E/1163,,in orbit,,"Earth observation, satellite operations practice and education",------,
[2023-174M],, [LEMUR 2 SANITA-VETRA],[USA],[2023-11-11],,No,,ST/SG/SER.E/1302,decayed,6/6/2025,,Not registered with the United Nations.,
[2023-174CZ],,HERON Mk. II ,Canada,11/11/2023,,Yes,ST/SG/SER.E/1221,,in orbit,,Amateur radio satellite,International Designator pending assignment.,
[2023-174P],, [IRIS-C2],[(for Taiwan Province of China)],[2023-11-11],,No,,,in orbit,,,Not registered with the United Nations.,
2023-174AF,2024-003SK,Veronika (OM9VER) ,Slovakia,11/11/2023,,Yes,ST/SG/SER.E/1183,ST/SG/SER.E/1183/Add.2,decayed,8/14/2025,"Amateur radio activities, tests of technologies and scientific and technological experiments",Additional information concerning space object owner or operator provided in ST/SG/SER.E/1183/Add.1. International Designator provided by State of registry.,
,,,,,,,,ST/SG/SER.E/1183/Add.1,,,,,
[2023-174*],, [OMNI LER1],[USA],[2023-11-11],,No,,,in orbit,,,Not registered with the United Nations. International Designator pending assignment.,
[2023-174CQ],, [PEARL 1C],[(for Taiwan Province of China)],[2023-11-11],,No,,,[in orbit],,,Not registered with the United Nations.,
[2023-174K],, [PEARL 1H],[(for Taiwan Province of China)],[2023-11-11],,No,,,[in orbit],,,Not registered with the United Nations.,
2023-173A,,Dragon CRS-29 ,USA,11/10/2023,,Yes,ST/SG/SER.E/1186,ST/SG/SER.E/1188,[recovered],12/22/2023,Spacecraft engaged in practical applications and uses of space technology such as weather or communications,Date of launch is 2023-11-10 using UTC.,
2023-172A,,CHINASAT 6E ,China,11/9/2023,,Yes,ST/SG/SER.E/1237,,in GSO,,????????,The registration submission for this space object is presently being processed by the United Nations Secretariat.,
2023-171Q,,Starlink-30854 ,USA,11/8/2023,,Yes,ST/SG/SER.E/1186,,in orbit,,Spacecraft engaged in practical applications and uses of space technology such as weather or communications,------,
2023-171L,,Starlink-30848 ,USA,11/8/2023,,Yes,ST/SG/SER.E/1186,,in orbit,,Spacecraft engaged in practical applications and uses of space technology such as weather or communications,------,
2023-171S,,Starlink-30886 ,USA,11/8/2023,,Yes,ST/SG/SER.E/1186,,in orbit,,Spacecraft engaged in practical applications and uses of space technology such as weather or communications,------,
2023-171N,,Starlink-30877 ,USA,11/8/2023,,Yes,ST/SG/SER.E/1186,,in orbit,,Spacecraft engaged in practical applications and uses of space technology such as weather or communications,------,
2023-171T,,Starlink-30850 ,USA,11/8/2023,,Yes,ST/SG/SER.E/1186,,in orbit,,Spacecraft engaged in practical applications and uses of space technology such as weather or communications,------,
2023-171M,,Starlink-30843 ,USA,11/8/2023,,Yes,ST/SG/SER.E/1186,,in orbit,,Spacecraft engaged in practical applications and uses of space technology such as weather or communications,------,
2023-171P,,Starlink-30864 ,USA,11/8/2023,,Yes,ST/SG/SER.E/1186,,in orbit,,Spacecraft engaged in practical applications and uses of space technology such as weather or communications,------,
2023-171R,,Starlink-30849 ,USA,11/8/2023,,Yes,ST/SG/SER.E/1186,,in orbit,,Spacecraft engaged in practical applications and uses of space technology such as weather or communications,------,
2023-171K,,Starlink-30847 ,USA,11/8/2023,,Yes,ST/SG/SER.E/1186,,in orbit,,Spacecraft engaged in practical applications and uses of space technology such as weather or communications,------,
2023-171B,,Starlink-30867 ,USA,11/8/2023,,Yes,ST/SG/SER.E/1186,,in orbit,,Spacecraft engaged in practical applications and uses of space technology such as weather or communications,------,
2023-171A,,Starlink-30861 ,USA,11/8/2023,,Yes,ST/SG/SER.E/1186,,in orbit,,Spacecraft engaged in practical applications and uses of space technology such as weather or communications,------,
2023-171C,,Starlink-30880 ,USA,11/8/2023,,Yes,ST/SG/SER.E/1186,,in orbit,,Spacecraft engaged in practical applications and uses of space technology such as weather or communications,------,
2023-171E,,Starlink-30860 ,USA,11/8/2023,,Yes,ST/SG/SER.E/1186,,in orbit,,Spacecraft engaged in practical applications and uses of space technology such as weather or communications,------,
2023-171G,,Starlink-30853 ,USA,11/8/2023,,Yes,ST/SG/SER.E/1186,,in orbit,,Spacecraft engaged in practical applications and uses of space technology such as weather or communications,------,
2023-171H,,Starlink-30866 ,USA,11/8/2023,,Yes,ST/SG/SER.E/1186,,in orbit,,Spacecraft engaged in practical applications and uses of space technology such as weather or communications,------,
2023-171J,,Starlink-30817 ,USA,11/8/2023,,Yes,ST/SG/SER.E/1186,,in orbit,,Spacecraft engaged in practical applications and uses of space technology such as weather or communications,------,
2023-171F,,Starlink-30879 ,USA,11/8/2023,,Yes,ST/SG/SER.E/1186,,in orbit,,Spacecraft engaged in practical applications and uses of space technology such as weather or communications,------,
2023-171D,,Starlink-30777 ,USA,11/8/2023,,Yes,ST/SG/SER.E/1186,,in orbit,,Spacecraft engaged in practical applications and uses of space technology such as weather or communications,------,
2023-171U,,Starlink-30823 ,USA,11/8/2023,,Yes,ST/SG/SER.E/1186,,in orbit,,Spacecraft engaged in practical applications and uses of space technology such as weather or communications,------,
2023-171V,,Starlink-30873 ,USA,11/8/2023,,Yes,ST/SG/SER.E/1186,,in orbit,,Spacecraft engaged in practical applications and uses of space technology such as weather or communications,------,
2023-171Y,,Starlink-30883 ,USA,11/8/2023,,Yes,ST/SG/SER.E/1186,,in orbit,,Spacecraft engaged in practical applications and uses of space technology such as weather or communications,------,
2023-171X,,Starlink-30881 ,USA,11/8/2023,,Yes,ST/SG/SER.E/1186,,in orbit,,Spacecraft engaged in practical applications and uses of space technology such as weather or communications,------,
2023-171W,,Starlink-30808 ,USA,11/8/2023,,Yes,ST/SG/SER.E/1186,,in orbit,,Spacecraft engaged in practical applications and uses of space technology such as weather or communications,------,
2023-170Y,,Starlink-30871 ,USA,[2023-11-04],,Yes,ST/SG/SER.E/1186,,in orbit,,Spacecraft engaged in practical applications and uses of space technology such as weather or communications,TDate of launch is 2023-11-04 using UTC.,
2023-170X,,Starlink-30874 ,USA,[2023-11-04],,Yes,ST/SG/SER.E/1186,,in orbit,,Spacecraft engaged in practical applications and uses of space technology such as weather or communications,Date of launch is 2023-11-04 using UTC.,
2023-170W,,Starlink-30865 ,USA,[2023-11-04],,Yes,ST/SG/SER.E/1186,,in orbit,,Spacecraft engaged in practical applications and uses of space technology such as weather or communications,Date of launch is 2023-11-04 using UTC.,
2023-170V,,Starlink-30872 ,USA,[2023-11-04],,Yes,ST/SG/SER.E/1186,,in orbit,,Spacecraft engaged in practical applications and uses of space technology such as weather or communications,Date of launch is 2023-11-04 using UTC.,
2023-170Q,,Starlink-30792 ,USA,[2023-11-04],,Yes,ST/SG/SER.E/1186,,in orbit,,Spacecraft engaged in practical applications and uses of space technology such as weather or communications,Date of launch is 2023-11-04 using UTC.,
2023-170U,,Starlink-30875 ,USA,[2023-11-04],,Yes,ST/SG/SER.E/1186,,in orbit,,Spacecraft engaged in practical applications and uses of space technology such as weather or communications,Date of launch is 2023-11-04 using UTC.,
2023-170T,,Starlink-30840 ,USA,[2023-11-04],,Yes,ST/SG/SER.E/1186,,in orbit,,Spacecraft engaged in practical applications and uses of space technology such as weather or communications,Date of launch is 2023-11-04 using UTC.,
2023-170S,,Starlink-30855 ,USA,[2023-11-04],,Yes,ST/SG/SER.E/1186,,in orbit,,Spacecraft engaged in practical applications and uses of space technology such as weather or communications,Date of launch is 2023-11-04 using UTC.,
2023-170R,,Starlink-30836 ,USA,[2023-11-04],,Yes,ST/SG/SER.E/1186,,in orbit,,Spacecraft engaged in practical applications and uses of space technology such as weather or communications,Date of launch is 2023-11-04 using UTC.,
2023-170M,,Starlink-30818 ,USA,[2023-11-04],,Yes,ST/SG/SER.E/1186,,in orbit,,Spacecraft engaged in practical applications and uses of space technology such as weather or communications,Date of launch is 2023-11-04 using UTC.,
2023-170K,,Starlink-30851 ,USA,[2023-11-04],,Yes,ST/SG/SER.E/1186,,in orbit,,Spacecraft engaged in practical applications and uses of space technology such as weather or communications,Date of launch is 2023-11-04 using UTC.,
2023-170P,,Starlink-30835 ,USA,[2023-11-04],,Yes,ST/SG/SER.E/1186,,in orbit,,Spacecraft engaged in practical applications and uses of space technology such as weather or communications,Date of launch is 2023-11-04 using UTC.,
2023-170N,,Starlink-30794 ,USA,[2023-11-04],,Yes,ST/SG/SER.E/1186,,in orbit,,Spacecraft engaged in practical applications and uses of space technology such as weather or communications,Date of launch is 2023-11-04 using UTC.,
2023-170A,,Starlink-30800 ,USA,[2023-11-04],,Yes,ST/SG/SER.E/1186,,in orbit,,Spacecraft engaged in practical applications and uses of space technology such as weather or communications,Date of launch is 2023-11-04 using UTC.,
2023-170G,,Starlink-30837 ,USA,[2023-11-04],,Yes,ST/SG/SER.E/1186,,in orbit,,Spacecraft engaged in practical applications and uses of space technology such as weather or communications,Date of launch is 2023-11-04 using UTC.,
2023-170F,,Starlink-30838 ,USA,[2023-11-04],,Yes,ST/SG/SER.E/1186,,in orbit,,Spacecraft engaged in practical applications and uses of space technology such as weather or communications,Date of launch is 2023-11-04 using UTC.,
2023-170C,,Starlink-30841 ,USA,[2023-11-04],,Yes,ST/SG/SER.E/1186,,in orbit,,Spacecraft engaged in practical applications and uses of space technology such as weather or communications,Date of launch is 2023-11-04 using UTC.,
2023-170B,,Starlink-30845 ,USA,[2023-11-04],,Yes,ST/SG/SER.E/1186,,in orbit,,Spacecraft engaged in practical applications and uses of space technology such as weather or communications,Date of launch is 2023-11-04 using UTC.,
2023-170D,,Starlink-30839 ,USA,[2023-11-04],,Yes,ST/SG/SER.E/1186,,in orbit,,Spacecraft engaged in practical applications and uses of space technology such as weather or communications,Date of launch is 2023-11-04 using UTC.,
2023-170E,,Starlink-30846 ,USA,[2023-11-04],,Yes,ST/SG/SER.E/1186,,in orbit,,Spacecraft engaged in practical applications and uses of space technology such as weather or communications,Date of launch is 2023-11-04 using UTC.,
2023-170H,,Starlink-30813 ,USA,[2023-11-04],,Yes,ST/SG/SER.E/1186,,in orbit,,Spacecraft engaged in practical applications and uses of space technology such as weather or communications,Date of launch is 2023-11-04 using UTC.,
2023-170J,,Starlink-30805 ,USA,[2023-11-04],,Yes,ST/SG/SER.E/1186,,in orbit,,Spacecraft engaged in practical applications and uses of space technology such as weather or communications,Date of launch is 2023-11-04 using UTC.,
2023-170L,,Starlink-30786 ,USA,[2023-11-04],,Yes,ST/SG/SER.E/1186,ST/SG/SER.E/1242,[deorbited],11/21/2024,Spacecraft engaged in practical applications and uses of space technology such as weather or communications,Date of launch is 2023-11-04 using UTC.,
2023-169A,,TJS-10 ,China,11/3/2023,,Yes,ST/SG/SER.E/1237,,in GSO,,????,The registration submission for this space object is presently being processed by the United Nations Secretariat.,
2023-168A,,Tianhui-5 A ,China,10/31/2023,,Yes,ST/SG/SER.E/1237,,in orbit,,Remote sensing satellite,The registration submission for this space object is presently being processed by the United Nations Secretariat. Date of launch is 2023-10-31 using UTC.,
2023-168C,,Tianhui-5 B ,China,10/31/2023,,Yes,ST/SG/SER.E/1237,,in orbit,,Remote sensing satellite,The registration submission for this space object is presently being processed by the United Nations Secretariat. Date of launch is 2023-10-31 using UTC.,
2023-167E,,Starlink-30819 ,USA,10/30/2023,,Yes,ST/SG/SER.E/1179,,in orbit,,Spacecraft engaged in practical applications and uses of space technology such as weather or communications,------,
2023-167B,,Starlink-30824 ,USA,10/30/2023,,Yes,ST/SG/SER.E/1179,,in orbit,,Spacecraft engaged in practical applications and uses of space technology such as weather or communications,------,
2023-167D,,Starlink-30810 ,USA,10/30/2023,,Yes,ST/SG/SER.E/1179,,in orbit,,Spacecraft engaged in practical applications and uses of space technology such as weather or communications,------,
2023-167A,,Starlink-30753 ,USA,10/30/2023,,Yes,ST/SG/SER.E/1179,,in orbit,,Spacecraft engaged in practical applications and uses of space technology such as weather or communications,------,
2023-167C,,Starlink-30791 ,USA,10/30/2023,,Yes,ST/SG/SER.E/1179,,in orbit,,Spacecraft engaged in practical applications and uses of space technology such as weather or communications,------,
2023-167K,,Starlink-30801 ,USA,10/30/2023,,Yes,ST/SG/SER.E/1179,,in orbit,,Spacecraft engaged in practical applications and uses of space technology such as weather or communications,------,
2023-167P,,Starlink-30826 ,USA,10/30/2023,,Yes,ST/SG/SER.E/1179,,in orbit,,Spacecraft engaged in practical applications and uses of space technology such as weather or communications,------,
2023-167H,,Starlink-30778 ,USA,10/30/2023,,Yes,ST/SG/SER.E/1179,,in orbit,,Spacecraft engaged in practical applications and uses of space technology such as weather or communications,------,
2023-167G,,Starlink-30821 ,USA,10/30/2023,,Yes,ST/SG/SER.E/1179,,in orbit,,Spacecraft engaged in practical applications and uses of space technology such as weather or communications,------,
2023-167N,,Starlink-30760 ,USA,10/30/2023,,Yes,ST/SG/SER.E/1179,,in orbit,,Spacecraft engaged in practical applications and uses of space technology such as weather or communications,------,
2023-167L,,Starlink-30793 ,USA,10/30/2023,,Yes,ST/SG/SER.E/1179,,in orbit,,Spacecraft engaged in practical applications and uses of space technology such as weather or communications,------,
2023-167M,,Starlink-30755 ,USA,10/30/2023,,Yes,ST/SG/SER.E/1179,,in orbit,,Spacecraft engaged in practical applications and uses of space technology such as weather or communications,------,
2023-167F,,Starlink-30806 ,USA,10/30/2023,,Yes,ST/SG/SER.E/1179,,in orbit,,Spacecraft engaged in practical applications and uses of space technology such as weather or communications,------,
2023-167J,,Starlink-30809 ,USA,10/30/2023,,Yes,ST/SG/SER.E/1179,,in orbit,,Spacecraft engaged in practical applications and uses of space technology such as weather or communications,------,
2023-167R,,Starlink-30820 ,USA,10/30/2023,,Yes,ST/SG/SER.E/1179,,in orbit,,Spacecraft engaged in practical applications and uses of space technology such as weather or communications,------,
2023-167Q,,Starlink-30796 ,USA,10/30/2023,,Yes,ST/SG/SER.E/1179,,in orbit,,Spacecraft engaged in practical applications and uses of space technology such as weather or communications,------,
2023-167V,,Starlink-30830 ,USA,10/30/2023,,Yes,ST/SG/SER.E/1179,,in orbit,,Spacecraft engaged in practical applications and uses of space technology such as weather or communications,------,
2023-167S,,Starlink-30785 ,USA,10/30/2023,,Yes,ST/SG/SER.E/1179,,in orbit,,Spacecraft engaged in practical applications and uses of space technology such as weather or communications,------,
2023-167T,,Starlink-30807 ,USA,10/30/2023,,Yes,ST/SG/SER.E/1179,,in orbit,,Spacecraft engaged in practical applications and uses of space technology such as weather or communications,------,
2023-167U,,Starlink-30822 ,USA,10/30/2023,,Yes,ST/SG/SER.E/1179,,in orbit,,Spacecraft engaged in practical applications and uses of space technology such as weather or communications,------,
2023-167W,,Starlink-30827 ,USA,10/30/2023,,Yes,ST/SG/SER.E/1179,,in orbit,,Spacecraft engaged in practical applications and uses of space technology such as weather or communications,------,
2023-167X,,Starlink-30798 ,USA,10/30/2023,,Yes,ST/SG/SER.E/1179,,in orbit,,Spacecraft engaged in practical applications and uses of space technology such as weather or communications,------,
2023-167Y,,Starlink-30762 ,USA,10/30/2023,,Yes,ST/SG/SER.E/1179,,in orbit,,Spacecraft engaged in practical applications and uses of space technology such as weather or communications,------,
[2023-165C],3691-2023-017,Csomos-2571 ,Russian Federation,10/29/2023,,Yes,ST/SG/SER.E/1177,,in orbit,,Intended for assignments on behalf of the Ministry of Defence of the Russian Federation,Date of launch is date of deployment from COSMOS 2570 (international designator 2023-165A).,
2023-166U,,Starlink-30812 ,USA,10/29/2023,,Yes,ST/SG/SER.E/1179,,in orbit,,Spacecraft engaged in practical applications and uses of space technology such as weather or communications,------,
2023-166V,,Starlink-30771 ,USA,10/29/2023,,Yes,ST/SG/SER.E/1179,,in orbit,,Spacecraft engaged in practical applications and uses of space technology such as weather or communications,------,
2023-166X,,Starlink-30752 ,USA,10/29/2023,,Yes,ST/SG/SER.E/1179,,in orbit,,Spacecraft engaged in practical applications and uses of space technology such as weather or communications,------,
2023-166W,,Starlink-30764 ,USA,10/29/2023,,Yes,ST/SG/SER.E/1179,,in orbit,,Spacecraft engaged in practical applications and uses of space technology such as weather or communications,------,
2023-166F,,Starlink-30804 ,USA,10/29/2023,,Yes,ST/SG/SER.E/1179,,in orbit,,Spacecraft engaged in practical applications and uses of space technology such as weather or communications,------,
2023-166J,,Starlink-30829 ,USA,10/29/2023,,Yes,ST/SG/SER.E/1179,,in orbit,,Spacecraft engaged in practical applications and uses of space technology such as weather or communications,------,
2023-166D,,Starlink-30831 ,USA,10/29/2023,,Yes,ST/SG/SER.E/1179,,in orbit,,Spacecraft engaged in practical applications and uses of space technology such as weather or communications,------,
2023-166E,,Starlink-30797 ,USA,10/29/2023,,Yes,ST/SG/SER.E/1179,,in orbit,,Spacecraft engaged in practical applications and uses of space technology such as weather or communications,------,
2023-166H,,Starlink-30803 ,USA,10/29/2023,,Yes,ST/SG/SER.E/1179,,in orbit,,Spacecraft engaged in practical applications and uses of space technology such as weather or communications,------,
2023-166B,,Starlink-30834 ,USA,10/29/2023,,Yes,ST/SG/SER.E/1179,,in orbit,,Spacecraft engaged in practical applications and uses of space technology such as weather or communications,------,
2023-166A,,Starlink-30802 ,USA,10/29/2023,,Yes,ST/SG/SER.E/1179,,in orbit,,Spacecraft engaged in practical applications and uses of space technology such as weather or communications,------,
2023-166C,,Starlink-30834 ,USA,10/29/2023,,Yes,ST/SG/SER.E/1179,,in orbit,,Spacecraft engaged in practical applications and uses of space technology such as weather or communications,------,
2023-166G,,Starlink-30784 ,USA,10/29/2023,,Yes,ST/SG/SER.E/1179,,in orbit,,Spacecraft engaged in practical applications and uses of space technology such as weather or communications,------,
2023-166Q,,Starlink-30815 ,USA,10/29/2023,,Yes,ST/SG/SER.E/1179,,in orbit,,Spacecraft engaged in practical applications and uses of space technology such as weather or communications,------,
2023-166P,,Starlink-30763 ,USA,10/29/2023,,Yes,ST/SG/SER.E/1179,,in orbit,,Spacecraft engaged in practical applications and uses of space technology such as weather or communications,------,
2023-166R,,Starlink-30814 ,USA,10/29/2023,,Yes,ST/SG/SER.E/1179,,in orbit,,Spacecraft engaged in practical applications and uses of space technology such as weather or communications,------,
2023-166L,,Starlink-30779 ,USA,10/29/2023,,Yes,ST/SG/SER.E/1179,,in orbit,,Spacecraft engaged in practical applications and uses of space technology such as weather or communications,------,
2023-166T,,Starlink-30811 ,USA,10/29/2023,,Yes,ST/SG/SER.E/1179,,in orbit,,Spacecraft engaged in practical applications and uses of space technology such as weather or communications,------,
2023-166K,,Starlink-30788 ,USA,10/29/2023,,Yes,ST/SG/SER.E/1179,,in orbit,,Spacecraft engaged in practical applications and uses of space technology such as weather or communications,------,
2023-166M,,Starlink-30773 ,USA,10/29/2023,,Yes,ST/SG/SER.E/1179,,in orbit,,Spacecraft engaged in practical applications and uses of space technology such as weather or communications,------,
2023-166N,,Starlink-30816 ,USA,10/29/2023,,Yes,ST/SG/SER.E/1179,,in orbit,,Spacecraft engaged in practical applications and uses of space technology such as weather or communications,------,
2023-166S,,Starlink-30789 ,USA,10/29/2023,,Yes,ST/SG/SER.E/1179,,in orbit,,Spacecraft engaged in practical applications and uses of space technology such as weather or communications,------,
[2023-165A],3690-2023-016,Cosmos-2570 ,Russian Federation,10/27/2023,,Yes,ST/SG/SER.E/1177,,in orbit,,Intended for assignments on behalf of the Ministry of Defence of the Russian Federation,------,
2023-164A,,Shenzhou-17 ,China,10/26/2023,,Yes,ST/SG/SER.E/1237,,[recovered],[2024-04-30],Crewed spacecraft,The registration submission for this space object is presently being processed by the United Nations Secretariat. Date of launch in 2023-10-26 using UTC.,
1998-067WA,3689-2023-015,Parus MGTU ,Russian Federation,[2023-10-25],,Yes,ST/SG/SER.E/1177,ST/SG/SER.E/1197,decayed,3/29/2024,------,International Designator provided by State of registry. Date of launch is date of deployment from the ISS. Date of deployment is 2023-10-25 using UTC.,
2023-163A,,Yaogan-39 04A ,China,10/23/2023,,Yes,ST/SG/SER.E/1237,,in orbit,,Remote sensing satellite,The registration submission for this space object is presently being processed by the United Nations Secretariat. Date of launch is 2023-10-23 using UTC.,
2023-163C,,Yaogan-39 04B ,China,10/23/2023,,Yes,ST/SG/SER.E/1237,,in orbit,,Remote sensing satellite,The registration submission for this space object is presently being processed by the United Nations Secretariat. Date of launch is 2023-10-23 using UTC.,
2023-163E,,Yaogan-39 04C ,China,10/23/2023,,Yes,ST/SG/SER.E/1237,,in orbit,,Remote sensing satellite,The registration submission for this space object is presently being processed by the United Nations Secretariat. Date of launch is 2023-10-23 using UTC.,
2023-162P,,Starlink-30757 ,USA,10/22/2023,,Yes,ST/SG/SER.E/1179,,in orbit,,Spacecraft engaged in practical applications and uses of space technology such as weather or communications,Date of launch is 2023-10-22 using UTC.,
2023-162G,,Starlink-30754 ,USA,10/22/2023,,Yes,ST/SG/SER.E/1179,,in orbit,,Spacecraft engaged in practical applications and uses of space technology such as weather or communications,Date of launch is 2023-10-22 using UTC.,
2023-162L,,Starlink-30787 ,USA,10/22/2023,,Yes,ST/SG/SER.E/1179,,in orbit,,Spacecraft engaged in practical applications and uses of space technology such as weather or communications,Date of launch is 2023-10-22 using UTC.,
2023-162M,,Starlink-30756 ,USA,10/22/2023,,Yes,ST/SG/SER.E/1179,,in orbit,,Spacecraft engaged in practical applications and uses of space technology such as weather or communications,Date of launch is 2023-10-22 using UTC.,
2023-162H,,Starlink-30766 ,USA,10/22/2023,,Yes,ST/SG/SER.E/1179,,in orbit,,Spacecraft engaged in practical applications and uses of space technology such as weather or communications,Date of launch is 2023-10-22 using UTC.,
2023-162K,,Starlink-30790 ,USA,10/22/2023,,Yes,ST/SG/SER.E/1179,,in orbit,,Spacecraft engaged in practical applications and uses of space technology such as weather or communications,Date of launch is 2023-10-22 using UTC.,
2023-162J,,Starlink-30767 ,USA,10/22/2023,,Yes,ST/SG/SER.E/1179,,in orbit,,Spacecraft engaged in practical applications and uses of space technology such as weather or communications,Date of launch is 2023-10-22 using UTC.,
2023-162Q,,Starlink-30770 ,USA,10/22/2023,,Yes,ST/SG/SER.E/1179,,in orbit,,Spacecraft engaged in practical applications and uses of space technology such as weather or communications,Date of launch is 2023-10-22 using UTC.,
2023-162T,,Starlink-30772 ,USA,10/22/2023,,Yes,ST/SG/SER.E/1179,,in orbit,,Spacecraft engaged in practical applications and uses of space technology such as weather or communications,Date of launch is 2023-10-22 using UTC.,
2023-162S,,Starlink-30761 ,USA,10/22/2023,,Yes,ST/SG/SER.E/1179,,in orbit,,Spacecraft engaged in practical applications and uses of space technology such as weather or communications,Date of launch is 2023-10-22 using UTC.,
2023-162V,,Starlink-30782 ,USA,10/22/2023,,Yes,ST/SG/SER.E/1179,,in orbit,,Spacecraft engaged in practical applications and uses of space technology such as weather or communications,Date of launch is 2023-10-22 using UTC.,
2023-162F,,Starlink-30781 ,USA,10/22/2023,,Yes,ST/SG/SER.E/1179,,in orbit,,Spacecraft engaged in practical applications and uses of space technology such as weather or communications,Date of launch is 2023-10-22 using UTC.,
2023-162N,,Starlink-30783 ,USA,10/22/2023,,Yes,ST/SG/SER.E/1179,,in orbit,,Spacecraft engaged in practical applications and uses of space technology such as weather or communications,Date of launch is 2023-10-22 using UTC.,
2023-162R,,Starlink-30758 ,USA,10/22/2023,,Yes,ST/SG/SER.E/1179,,in orbit,,Spacecraft engaged in practical applications and uses of space technology such as weather or communications,Date of launch is 2023-10-22 using UTC.,
2023-162X,,Starlink-30775 ,USA,10/22/2023,,Yes,ST/SG/SER.E/1179,,in orbit,,Spacecraft engaged in practical applications and uses of space technology such as weather or communications,Date of launch is 2023-10-22 using UTC.,
2023-162W,,Starlink-30769 ,USA,10/22/2023,,Yes,ST/SG/SER.E/1179,,in orbit,,Spacecraft engaged in practical applications and uses of space technology such as weather or communications,Date of launch is 2023-10-22 using UTC.,
2023-162Y,,Starlink-30780 ,USA,10/22/2023,,Yes,ST/SG/SER.E/1179,,in orbit,,Spacecraft engaged in practical applications and uses of space technology such as weather or communications,Date of launch is 2023-10-22 using UTC.,
2023-162E,,Starlink-30759 ,USA,10/22/2023,,Yes,ST/SG/SER.E/1179,,in orbit,,Spacecraft engaged in practical applications and uses of space technology such as weather or communications,Date of launch is 2023-10-22 using UTC.,
2023-162B,,Starlink-30765 ,USA,10/22/2023,,Yes,ST/SG/SER.E/1179,,in orbit,,Spacecraft engaged in practical applications and uses of space technology such as weather or communications,Date of launch is 2023-10-22 using UTC.,
2023-162D,,Starlink-30799 ,USA,10/22/2023,,Yes,ST/SG/SER.E/1179,,in orbit,,Spacecraft engaged in practical applications and uses of space technology such as weather or communications,Date of launch is 2023-10-22 using UTC.,
2023-162C,,Starlink-30768 ,USA,10/22/2023,,Yes,ST/SG/SER.E/1179,,in orbit,,Spacecraft engaged in practical applications and uses of space technology such as weather or communications,Date of launch is 2023-10-22 using UTC.,
2023-162A,,Starlink-30795 ,USA,10/22/2023,,Yes,ST/SG/SER.E/1179,,in orbit,,Spacecraft engaged in practical applications and uses of space technology such as weather or communications,Date of launch is 2023-10-22 using UTC.,
2023-162U,,Starlink-30776 ,USA,10/22/2023,,Yes,ST/SG/SER.E/1179,,in orbit,,Spacecraft engaged in practical applications and uses of space technology such as weather or communications,Date of launch is 2023-10-22 using UTC.,
2023-161U,,Starlink-30580 ,USA,10/21/2023,,Yes,ST/SG/SER.E/1179,,in orbit,,Spacecraft engaged in practical applications and uses of space technology such as weather or communications,------,
2023-161V,,Starlink-30493 ,USA,10/21/2023,,Yes,ST/SG/SER.E/1179,,in orbit,,Spacecraft engaged in practical applications and uses of space technology such as weather or communications,------,
2023-161W,,Starlink-30601 ,USA,10/21/2023,,Yes,ST/SG/SER.E/1179,,in orbit,,Spacecraft engaged in practical applications and uses of space technology such as weather or communications,------,
2023-161T,,Starlink-30572 ,USA,10/21/2023,,Yes,ST/SG/SER.E/1179,,in orbit,,Spacecraft engaged in practical applications and uses of space technology such as weather or communications,------,
2023-161D,,Starlink-30600 ,USA,10/21/2023,,Yes,ST/SG/SER.E/1179,,in orbit,,Spacecraft engaged in practical applications and uses of space technology such as weather or communications,------,
2023-161F,,Starlink-30592 ,USA,10/21/2023,,Yes,ST/SG/SER.E/1179,,in orbit,,Spacecraft engaged in practical applications and uses of space technology such as weather or communications,------,
2023-161G,,Starlink-30589 ,USA,10/21/2023,,Yes,ST/SG/SER.E/1179,,in orbit,,Spacecraft engaged in practical applications and uses of space technology such as weather or communications,------,
2023-161B,,Starlink-30614 ,USA,10/21/2023,,Yes,ST/SG/SER.E/1179,,in orbit,,Spacecraft engaged in practical applications and uses of space technology such as weather or communications,------,
2023-161H,,Starlink-30617 ,USA,10/21/2023,,Yes,ST/SG/SER.E/1179,,in orbit,,Spacecraft engaged in practical applications and uses of space technology such as weather or communications,------,
2023-161A,,Starlink-30594 ,USA,10/21/2023,,Yes,ST/SG/SER.E/1179,,in orbit,,Spacecraft engaged in practical applications and uses of space technology such as weather or communications,------,
2023-161E,,Starlink-30605 ,USA,10/21/2023,,Yes,ST/SG/SER.E/1179,,in orbit,,Spacecraft engaged in practical applications and uses of space technology such as weather or communications,------,
2023-161C,,Starlink-30607 ,USA,10/21/2023,,Yes,ST/SG/SER.E/1179,,in orbit,,Spacecraft engaged in practical applications and uses of space technology such as weather or communications,------,
2023-161K,,Starlink-30612 ,USA,10/21/2023,,Yes,ST/SG/SER.E/1179,,in orbit,,Spacecraft engaged in practical applications and uses of space technology such as weather or communications,------,
2023-161P,,Starlink-30596 ,USA,10/21/2023,,Yes,ST/SG/SER.E/1179,,in orbit,,Spacecraft engaged in practical applications and uses of space technology such as weather or communications,------,
2023-161J,,Starlink-30616 ,USA,10/21/2023,,Yes,ST/SG/SER.E/1179,,in orbit,,Spacecraft engaged in practical applications and uses of space technology such as weather or communications,------,
2023-161Q,,Starlink-30595 ,USA,10/21/2023,,Yes,ST/SG/SER.E/1179,,in orbit,,Spacecraft engaged in practical applications and uses of space technology such as weather or communications,------,
2023-161M,,Starlink-30611 ,USA,10/21/2023,,Yes,ST/SG/SER.E/1179,,in orbit,,Spacecraft engaged in practical applications and uses of space technology such as weather or communications,------,
2023-161N,,Starlink-30606 ,USA,10/21/2023,,Yes,ST/SG/SER.E/1179,,in orbit,,Spacecraft engaged in practical applications and uses of space technology such as weather or communications,------,
2023-161R,,Starlink-30593 ,USA,10/21/2023,,Yes,ST/SG/SER.E/1179,,in orbit,,Spacecraft engaged in practical applications and uses of space technology such as weather or communications,------,
2023-161L,,Starlink-30421 ,USA,10/21/2023,,Yes,ST/SG/SER.E/1179,,in orbit,,Spacecraft engaged in practical applications and uses of space technology such as weather or communications,------,
2023-161S,,Starlink-30353 ,USA,10/21/2023,,Yes,ST/SG/SER.E/1179,,in orbit,,Spacecraft engaged in practical applications and uses of space technology such as weather or communications,------,
2023-160P,,Starlink-30591 ,USA,10/18/2023,,Yes,ST/SG/SER.E/1179,,in orbit,,Spacecraft engaged in practical applications and uses of space technology such as weather or communications,Date of launch is 2023-10-18 using UTC.,
2023-160Q,,Starlink-30584 ,USA,10/18/2023,,Yes,ST/SG/SER.E/1179,,in orbit,,Spacecraft engaged in practical applications and uses of space technology such as weather or communications,Date of launch is 2023-10-18 using UTC.,
2023-160U,,Starlink-30578 ,USA,10/18/2023,,Yes,ST/SG/SER.E/1179,,in orbit,,Spacecraft engaged in practical applications and uses of space technology such as weather or communications,Date of launch is 2023-10-18 using UTC.,
2023-160V,,Starlink-30574 ,USA,10/18/2023,,Yes,ST/SG/SER.E/1179,,in orbit,,Spacecraft engaged in practical applications and uses of space technology such as weather or communications,Date of launch is 2023-10-18 using UTC.,
2023-160S,,Starlink-30608 ,USA,10/18/2023,,Yes,ST/SG/SER.E/1179,,in orbit,,Spacecraft engaged in practical applications and uses of space technology such as weather or communications,Date of launch is 2023-10-18 using UTC.,
2023-160T,,Starlink-30615 ,USA,10/18/2023,,Yes,ST/SG/SER.E/1179,,in orbit,,Spacecraft engaged in practical applications and uses of space technology such as weather or communications,Date of launch is 2023-10-18 using UTC.,
2023-160N,,Starlink-30557 ,USA,10/18/2023,,Yes,ST/SG/SER.E/1179,,in orbit,,Spacecraft engaged in practical applications and uses of space technology such as weather or communications,Date of launch is 2023-10-18 using UTC.,
2023-160R,,Starlink-30590 ,USA,10/18/2023,,Yes,ST/SG/SER.E/1179,,in orbit,,Spacecraft engaged in practical applications and uses of space technology such as weather or communications,Date of launch is 2023-10-18 using UTC.,
2023-160W,,Starlink-30570 ,USA,10/18/2023,,Yes,ST/SG/SER.E/1179,,in orbit,,Spacecraft engaged in practical applications and uses of space technology such as weather or communications,Date of launch is 2023-10-18 using UTC.,
2023-160X,,Starlink-30581 ,USA,10/18/2023,,Yes,ST/SG/SER.E/1179,,in orbit,,Spacecraft engaged in practical applications and uses of space technology such as weather or communications,Date of launch is 2023-10-18 using UTC.,
2023-160A,,Starlink-30604 ,USA,10/18/2023,,Yes,ST/SG/SER.E/1179,,in orbit,,Spacecraft engaged in practical applications and uses of space technology such as weather or communications,Date of launch is 2023-10-18 using UTC.,
2023-160B,,Starlink-30500 ,USA,10/18/2023,,Yes,ST/SG/SER.E/1179,,in orbit,,Spacecraft engaged in practical applications and uses of space technology such as weather or communications,Date of launch is 2023-10-18 using UTC.,
2023-160C,,Starlink-30613 ,USA,10/18/2023,,Yes,ST/SG/SER.E/1179,,in orbit,,Spacecraft engaged in practical applications and uses of space technology such as weather or communications,Date of launch is 2023-10-18 using UTC.,
2023-160F,,Starlink-30603 ,USA,10/18/2023,,Yes,ST/SG/SER.E/1179,,in orbit,,Spacecraft engaged in practical applications and uses of space technology such as weather or communications,Date of launch is 2023-10-18 using UTC.,
2023-160K,,Starlink-30586 ,USA,10/18/2023,,Yes,ST/SG/SER.E/1179,,in orbit,,Spacecraft engaged in practical applications and uses of space technology such as weather or communications,Date of launch is 2023-10-18 using UTC.,
2023-160H,,Starlink-30610 ,USA,10/18/2023,,Yes,ST/SG/SER.E/1179,,in orbit,,Spacecraft engaged in practical applications and uses of space technology such as weather or communications,Date of launch is 2023-10-18 using UTC.,
2023-160D,,Starlink-30597 ,USA,10/18/2023,,Yes,ST/SG/SER.E/1179,,in orbit,,Spacecraft engaged in practical applications and uses of space technology such as weather or communications,Date of launch is 2023-10-18 using UTC.,
2023-160L,,Starlink-30609 ,USA,10/18/2023,,Yes,ST/SG/SER.E/1179,,in orbit,,Spacecraft engaged in practical applications and uses of space technology such as weather or communications,Date of launch is 2023-10-18 using UTC.,
2023-160E,,Starlink-30598 ,USA,10/18/2023,,Yes,ST/SG/SER.E/1179,,in orbit,,Spacecraft engaged in practical applications and uses of space technology such as weather or communications,Date of launch is 2023-10-18 using UTC.,
2023-160G,,Starlink-30602 ,USA,10/18/2023,,Yes,ST/SG/SER.E/1179,,in orbit,,Spacecraft engaged in practical applications and uses of space technology such as weather or communications,Date of launch is 2023-10-18 using UTC.,
2023-160J,,Starlink-30551 ,USA,10/18/2023,,Yes,ST/SG/SER.E/1179,,in orbit,,Spacecraft engaged in practical applications and uses of space technology such as weather or communications,Date of launch is 2023-10-18 using UTC.,
2023-160M,,Starlink-30583 ,USA,10/18/2023,,Yes,ST/SG/SER.E/1179,,in orbit,,Spacecraft engaged in practical applications and uses of space technology such as weather or communications,Date of launch is 2023-10-18 using UTC.,
2023-159A,,Yunhai-1 04 ,China,10/15/2023,,Yes,ST/SG/SER.E/1237,,in orbit,,Remote sensing satellite,The registration submission for this space object is presently being processed by the United Nations Secretariat.,
2023-158D,,Starlink-30566 ,USA,10/13/2023,,Yes,ST/SG/SER.E/1179,,in orbit,,Spacecraft engaged in practical applications and uses of space technology such as weather or communications,------,
2023-158B,,Starlink-30575 ,USA,10/13/2023,,Yes,ST/SG/SER.E/1179,,in orbit,,Spacecraft engaged in practical applications and uses of space technology such as weather or communications,------,
2023-158G,,Starlink-30541 ,USA,10/13/2023,,Yes,ST/SG/SER.E/1179,,in orbit,,Spacecraft engaged in practical applications and uses of space technology such as weather or communications,------,
2023-158A,,Starlink-30568 ,USA,10/13/2023,,Yes,ST/SG/SER.E/1179,,in orbit,,Spacecraft engaged in practical applications and uses of space technology such as weather or communications,------,
2023-158C,,Starlink-30577 ,USA,10/13/2023,,Yes,ST/SG/SER.E/1179,,in orbit,,Spacecraft engaged in practical applications and uses of space technology such as weather or communications,------,
2023-158E,,Starlink-30544 ,USA,10/13/2023,,Yes,ST/SG/SER.E/1179,,in orbit,,Spacecraft engaged in practical applications and uses of space technology such as weather or communications,------,
2023-158F,,Starlink-30553 ,USA,10/13/2023,,Yes,ST/SG/SER.E/1179,,in orbit,,Spacecraft engaged in practical applications and uses of space technology such as weather or communications,------,
2023-157A,,Psyche ,USA,10/13/2023,,Yes,ST/SG/SER.E/1179,,heliocentric,,,------,
2023-158H,,Starlink-30573 ,USA,10/13/2023,,Yes,ST/SG/SER.E/1179,,in orbit,,Spacecraft engaged in practical applications and uses of space technology such as weather or communications,------,
2023-158J,,Starlink-30582 ,USA,10/13/2023,,Yes,ST/SG/SER.E/1179,,in orbit,,Spacecraft engaged in practical applications and uses of space technology such as weather or communications,------,
2023-158P,,Starlink-30587 ,USA,10/13/2023,,Yes,ST/SG/SER.E/1179,,in orbit,,Spacecraft engaged in practical applications and uses of space technology such as weather or communications,------,
2023-158Q,,Starlink-30576 ,USA,10/13/2023,,Yes,ST/SG/SER.E/1179,,in orbit,,Spacecraft engaged in practical applications and uses of space technology such as weather or communications,------,
2023-158L,,Starlink-30579 ,USA,10/13/2023,,Yes,ST/SG/SER.E/1179,,in orbit,,Spacecraft engaged in practical applications and uses of space technology such as weather or communications,------,
2023-158K,,Starlink-30558 ,USA,10/13/2023,,Yes,ST/SG/SER.E/1179,,in orbit,,Spacecraft engaged in practical applications and uses of space technology such as weather or communications,------,
2023-158M,,Starlink-30588 ,USA,10/13/2023,,Yes,ST/SG/SER.E/1179,,in orbit,,Spacecraft engaged in practical applications and uses of space technology such as weather or communications,------,
2023-158N,,Starlink-30585 ,USA,10/13/2023,,Yes,ST/SG/SER.E/1179,,in orbit,,Spacecraft engaged in practical applications and uses of space technology such as weather or communications,------,
2023-158R,,Starlink-30571 ,USA,10/13/2023,,Yes,ST/SG/SER.E/1179,,in orbit,,Spacecraft engaged in practical applications and uses of space technology such as weather or communications,------,
2023-158X,,Starlink-30506 ,USA,10/13/2023,,Yes,ST/SG/SER.E/1179,,in orbit,,Spacecraft engaged in practical applications and uses of space technology such as weather or communications,------,
2023-158S,,Starlink-30567 ,USA,10/13/2023,,Yes,ST/SG/SER.E/1179,,in orbit,,Spacecraft engaged in practical applications and uses of space technology such as weather or communications,------,
2023-158T,,Starlink-30569 ,USA,10/13/2023,,Yes,ST/SG/SER.E/1179,,in orbit,,Spacecraft engaged in practical applications and uses of space technology such as weather or communications,------,
2023-158W,,Starlink-30513 ,USA,10/13/2023,,Yes,ST/SG/SER.E/1179,,in orbit,,Spacecraft engaged in practical applications and uses of space technology such as weather or communications,------,
2023-158U,,Starlink-30480 ,USA,10/13/2023,,Yes,ST/SG/SER.E/1179,,in orbit,,Spacecraft engaged in practical applications and uses of space technology such as weather or communications,------,
2023-158V,,Starlink-30532 ,USA,10/13/2023,,Yes,ST/SG/SER.E/1179,,in orbit,,Spacecraft engaged in practical applications and uses of space technology such as weather or communications,------,
[2023-155*],, [ESTCUBE 2],[(for Estonia)],[2023-10-09],,No,,ST/SG/SER.E/1193,[in orbit],,------,Not registered with the United Nations. Mentioned by France in ST/SG/SER.E/1193. Mentioned by launch service provider in ST/SG/SER.E/1193 that "contact with satellite lost; satellite likely to have been destroyed". Reference sources indicate that space object failed to separate from parent space object.,
[2023-155*],, [ANSER LEADER],[(for Spain)],[2023-10-09],,No,,ST/SG/SER.E/1193,[in orbit],,------,Not registered with the United Nations. Mentioned by France in ST/SG/SER.E/1193. Reference sources indicate that space object failed to separate from parent space object.,
2023-155E,,NESS ,France,10/9/2023,,Yes,ST/SG/SER.E/1193,,in orbit,,Technology demonstration CubeSat,The registration submission for this space object is presently being processed by the United Nations Secretariat. Date of launch is 2023-10-09 using UTC.,
[2023-155B],, [FORMOSAT-7R/TRITON],[(for Taiwan Province of China)],[2023-10-09],,No,,ST/SG/SER.E/1193,[in orbit],,------,Not registered with the United Nations. Date of launch is 2023-10-09 using UTC. Mentioned by France in ST/SG/SER.E/1193.,
[2023-155F],, [CSC 2],[(for the Netherlands)],[2023-10-09],,No,,A/AC.105/1321,[in orbit],,------,Not registered with the United Nations. Notification by the Kingdom of the Netherlands under Art. XI of the Outer Space Treaty in A/AC.105/1321. Date of launch is 2023-10-09 using UTC. Mentioned by France in ST/SG/SER.E/1193.,
,,,,,,,,ST/SG/SER.E/1193,,,,,
[2023-155G],, [CSC 1],[(for the Netherlands)],[2023-10-09],,No,,A/AC.105/1320,[in orbit],,------,Not registered with the United Nations. Notification by the Kingdom of the Netherlands under Art. XI of the Outer Space Treaty in A/AC.105/1320. Date of launch is 2023-10-09 using UTC. Mentioned by France in ST/SG/SER.E/1193.,
,,,,,,,,ST/SG/SER.E/1193,,,,,
2023-155J,,MACSAT ,Luxembourg,10/9/2023,,Yes,ST/SG/SER.E/1202,ST/SG/SER.E/1193,in orbit,,"Telecommunications, Internet of Things (IoT)",Date of launch is 2023-10-09 using UTC. Mentioned by France in ST/SG/SER.E/1193.,
2023-155H,4,PRETTY ,Austria,10/9/2023,,Yes,ST/SG/SER.E/1170,ST/SG/SER.E/1193,in orbit,,Altimetry measurements using direct and reflected signals of navigation satellites (passive reflectometry) and measurement of the near earth radiation environment (dosimetry).,Date of launch is 2023-10-09 using UTC. Mentioned by France in ST/SG/SER.E/1193.,
2023-156W,,Starlink-30554 ,USA,10/9/2023,,Yes,ST/SG/SER.E/1179,,in orbit,,Spacecraft engaged in practical applications and uses of space technology such as weather or communications,Date of launch is 2023-10-09 using UTC.,
2023-156L,,Starlink-30560 ,USA,10/9/2023,,Yes,ST/SG/SER.E/1179,,in orbit,,Spacecraft engaged in practical applications and uses of space technology such as weather or communications,Date of launch is 2023-10-09 using UTC.,
2023-156A,,Starlink-30514 ,USA,10/9/2023,,Yes,ST/SG/SER.E/1179,,in orbit,,Spacecraft engaged in practical applications and uses of space technology such as weather or communications,Date of launch is 2023-10-09 using UTC.,
2023-156D,,Starlink-30556 ,USA,10/9/2023,,Yes,ST/SG/SER.E/1179,,in orbit,,Spacecraft engaged in practical applications and uses of space technology such as weather or communications,Date of launch is 2023-10-09 using UTC.,
2023-156C,,Starlink-30549 ,USA,10/9/2023,,Yes,ST/SG/SER.E/1179,,in orbit,,Spacecraft engaged in practical applications and uses of space technology such as weather or communications,Date of launch is 2023-10-09 using UTC.,
2023-156F,,Starlink-30562 ,USA,10/9/2023,,Yes,ST/SG/SER.E/1179,,in orbit,,Spacecraft engaged in practical applications and uses of space technology such as weather or communications,Date of launch is 2023-10-09 using UTC.,
2023-156G,,Starlink-30565 ,USA,10/9/2023,,Yes,ST/SG/SER.E/1179,,in orbit,,Spacecraft engaged in practical applications and uses of space technology such as weather or communications,Date of launch is 2023-10-09 using UTC.,
2023-156H,,Starlink-30438 ,USA,10/9/2023,,Yes,ST/SG/SER.E/1179,,in orbit,,Spacecraft engaged in practical applications and uses of space technology such as weather or communications,Date of launch is 2023-10-09 using UTC.,
2023-156J,,Starlink-30437 ,USA,10/9/2023,,Yes,ST/SG/SER.E/1179,,in orbit,,Spacecraft engaged in practical applications and uses of space technology such as weather or communications,Date of launch is 2023-10-09 using UTC.,
2023-156K,,Starlink-30533 ,USA,10/9/2023,,Yes,ST/SG/SER.E/1179,,in orbit,,Spacecraft engaged in practical applications and uses of space technology such as weather or communications,Date of launch is 2023-10-09 using UTC.,
2023-156E,,Starlink-30561 ,USA,10/9/2023,,Yes,ST/SG/SER.E/1179,,in orbit,,Spacecraft engaged in practical applications and uses of space technology such as weather or communications,Date of launch is 2023-10-09 using UTC.,
2023-156Q,,Starlink-30563 ,USA,10/9/2023,,Yes,ST/SG/SER.E/1179,,in orbit,,Spacecraft engaged in practical applications and uses of space technology such as weather or communications,Date of launch is 2023-10-09 using UTC.,
2023-156B,,Starlink-30518 ,USA,10/9/2023,,Yes,ST/SG/SER.E/1179,,in orbit,,Spacecraft engaged in practical applications and uses of space technology such as weather or communications,Date of launch is 2023-10-09 using UTC.,
2023-156T,,Starlink-30520 ,USA,10/9/2023,,Yes,ST/SG/SER.E/1179,,in orbit,,Spacecraft engaged in practical applications and uses of space technology such as weather or communications,Date of launch is 2023-10-09 using UTC.,
2023-156N,,Starlink-30555 ,USA,10/9/2023,,Yes,ST/SG/SER.E/1179,,in orbit,,Spacecraft engaged in practical applications and uses of space technology such as weather or communications,Date of launch is 2023-10-09 using UTC.,
2023-156P,,Starlink-30542 ,USA,10/9/2023,,Yes,ST/SG/SER.E/1179,,in orbit,,Spacecraft engaged in practical applications and uses of space technology such as weather or communications,Date of launch is 2023-10-09 using UTC.,
2023-156R,,Starlink-30564 ,USA,10/9/2023,,Yes,ST/SG/SER.E/1179,,in orbit,,Spacecraft engaged in practical applications and uses of space technology such as weather or communications,Date of launch is 2023-10-09 using UTC.,
2023-156U,,Starlink-30548 ,USA,10/9/2023,,Yes,ST/SG/SER.E/1179,,in orbit,,Spacecraft engaged in practical applications and uses of space technology such as weather or communications,Date of launch is 2023-10-09 using UTC.,
2023-156M,,Starlink-30559 ,USA,10/9/2023,,Yes,ST/SG/SER.E/1179,,in orbit,,Spacecraft engaged in practical applications and uses of space technology such as weather or communications,Date of launch is 2023-10-09 using UTC.,
2023-156S,,Starlink-30557 ,USA,10/9/2023,,Yes,ST/SG/SER.E/1179,,in orbit,,Spacecraft engaged in practical applications and uses of space technology such as weather or communications,Date of launch is 2023-10-09 using UTC.,
2023-156V,,Starlink-30529 ,USA,10/9/2023,,Yes,ST/SG/SER.E/1179,,in orbit,,Spacecraft engaged in practical applications and uses of space technology such as weather or communications,Date of launch is 2023-10-09 using UTC.,
[2023-155K],2023-B-SC-038,PVCC ,Belgium,10/9/2023,,Yes,ST/SG/SER.E/1158,ST/SG/SER.E/1193,in orbit,,In-flight demonstration and testing [and] calibration of data,Date of launch is 2023-10-09 using UTC. Mentioned by France in ST/SG/SER.E/1193.,
2023-155A,,"Thailand Earth Observation Satellite 2 (THEOS2, THEOS-2) [(T2V)]",Thailand,10/9/2023,,Yes,A/AC.105/INF/462,ST/SG/SER.E/1193,in orbit,,Earth observation,The registration submission for this space object is presently being processed by the United Nations Secretariat. Date of launch is 2023-10-09 using UTC. Mentioned by France in ST/SG/SER.E/1193.,Link
2023-155D,ANSER-FLW-1 / Nº 036,ANSER-FLW-1 [(ANSER-FLW1)],Spain,10/9/2023,,Yes,ST/SG/SER.E/1234,ST/SG/SER.E/1193,in orbit,,Monitoring of the quality of reservoirs and swamps in Spain,Date of launch is 2023-10-09 using UTC. Mentioned by France in ST/SG/SER.E/1193.,
2023-155C,ANSER-FLW-2 / Nº 037,ANSER-FLW-2 [ANSER-FLW2],Spain,10/9/2023,,Yes,ST/SG/SER.E/1234,ST/SG/SER.E/1193,in orbit,,Monitoring of the quality of reservoirs and swamps in Spain,Date of launch is 2023-10-09 using UTC. Mentioned by France in ST/SG/SER.E/1193.,
2023-154A,,Kuiper-P2 ,USA,10/6/2023,,Yes,ST/SG/SER.E/1179,ST/SG/SER.E/1290,[deorbited],4/29/2025,Spacecraft engaged in practical applications and uses of space technology such as weather or communications,------,
2023-154B,,Kuiper-P1 ,USA,10/6/2023,,Yes,ST/SG/SER.E/1179,ST/SG/SER.E/1229,decayed,9/29/2024,Spacecraft engaged in practical applications and uses of space technology such as weather or communications,------,
2023-153E,,Starlink-30517 ,USA,10/5/2023,,Yes,ST/SG/SER.E/1179,,in orbit,,Spacecraft engaged in practical applications and uses of space technology such as weather or communications,Date of launch is 2023-10-05 using UTC.,
2023-153G,,Starlink-30523 ,USA,10/5/2023,,Yes,ST/SG/SER.E/1179,,in orbit,,Spacecraft engaged in practical applications and uses of space technology such as weather or communications,Date of launch is 2023-10-05 using UTC.,
2023-153M,,Starlink-30540 ,USA,10/5/2023,,Yes,ST/SG/SER.E/1179,,in orbit,,Spacecraft engaged in practical applications and uses of space technology such as weather or communications,Date of launch is 2023-10-05 using UTC.,
2023-153N,,Starlink-30546 ,USA,10/5/2023,,Yes,ST/SG/SER.E/1179,,in orbit,,Spacecraft engaged in practical applications and uses of space technology such as weather or communications,Date of launch is 2023-10-05 using UTC.,
2023-153R,,Starlink-30526 ,USA,10/5/2023,,Yes,ST/SG/SER.E/1179,,in orbit,,Spacecraft engaged in practical applications and uses of space technology such as weather or communications,Date of launch is 2023-10-05 using UTC.,
2023-153S,,Starlink-30527 ,USA,10/5/2023,,Yes,ST/SG/SER.E/1179,,in orbit,,Spacecraft engaged in practical applications and uses of space technology such as weather or communications,Date of launch is 2023-10-05 using UTC.,
2023-153T,,Starlink-30522 ,USA,10/5/2023,,Yes,ST/SG/SER.E/1179,,in orbit,,Spacecraft engaged in practical applications and uses of space technology such as weather or communications,Date of launch is 2023-10-05 using UTC.,
2023-153V,,Starlink-30520 ,USA,10/5/2023,,Yes,ST/SG/SER.E/1179,,in orbit,,Spacecraft engaged in practical applications and uses of space technology such as weather or communications,Date of launch is 2023-10-05 using UTC.,
2023-153U,,Starlink-30486 ,USA,10/5/2023,,Yes,ST/SG/SER.E/1179,,in orbit,,Spacecraft engaged in practical applications and uses of space technology such as weather or communications,Date of launch is 2023-10-05 using UTC.,
2023-153X,,Starlink-30525 ,USA,10/5/2023,,Yes,ST/SG/SER.E/1179,,in orbit,,Spacecraft engaged in practical applications and uses of space technology such as weather or communications,Date of launch is 2023-10-05 using UTC.,
2023-153W,,Starlink-30497 ,USA,10/5/2023,,Yes,ST/SG/SER.E/1179,,in orbit,,Spacecraft engaged in practical applications and uses of space technology such as weather or communications,Date of launch is 2023-10-05 using UTC.,
2023-153J,,Starlink-30552 ,USA,10/5/2023,,Yes,ST/SG/SER.E/1179,,in orbit,,Spacecraft engaged in practical applications and uses of space technology such as weather or communications,Date of launch is 2023-10-05 using UTC.,
2023-153K,,Starlink-30545 ,USA,10/5/2023,,Yes,ST/SG/SER.E/1179,,in orbit,,Spacecraft engaged in practical applications and uses of space technology such as weather or communications,Date of launch is 2023-10-05 using UTC.,
2023-153P,,Starlink-30539 ,USA,10/5/2023,,Yes,ST/SG/SER.E/1179,,in orbit,,Spacecraft engaged in practical applications and uses of space technology such as weather or communications,Date of launch is 2023-10-05 using UTC.,
2023-153Q,,Starlink-30530 ,USA,10/5/2023,,Yes,ST/SG/SER.E/1179,,in orbit,,Spacecraft engaged in practical applications and uses of space technology such as weather or communications,Date of launch is 2023-10-05 using UTC.,
2023-153D,,Starlink-30538 ,USA,10/5/2023,,Yes,ST/SG/SER.E/1179,,in orbit,,Spacecraft engaged in practical applications and uses of space technology such as weather or communications,Date of launch is 2023-10-05 using UTC.,
2023-153A,,Starlink-30537 ,USA,10/5/2023,,Yes,ST/SG/SER.E/1179,,in orbit,,Spacecraft engaged in practical applications and uses of space technology such as weather or communications,Date of launch is 2023-10-05 using UTC.,
2023-153B,,Starlink-30534 ,USA,10/5/2023,,Yes,ST/SG/SER.E/1179,,in orbit,,Spacecraft engaged in practical applications and uses of space technology such as weather or communications,Date of launch is 2023-10-05 using UTC.,
2023-153L,,Starlink-30535 ,USA,10/5/2023,,Yes,ST/SG/SER.E/1179,,in orbit,,Spacecraft engaged in practical applications and uses of space technology such as weather or communications,Date of launch is 2023-10-05 using UTC.,
2023-153H,,Starlink-30531 ,USA,10/5/2023,,Yes,ST/SG/SER.E/1179,,in orbit,,Spacecraft engaged in practical applications and uses of space technology such as weather or communications,Date of launch is 2023-10-05 using UTC.,
2023-153C,,Starlink-30536 ,USA,10/5/2023,,Yes,ST/SG/SER.E/1179,,in orbit,,Spacecraft engaged in practical applications and uses of space technology such as weather or communications,Date of launch is 2023-10-05 using UTC.,
2023-153F,,Starlink-30543 ,USA,10/5/2023,,Yes,ST/SG/SER.E/1179,ST/SG/SER.E/1290,[deorbited],4/21/2025,Spacecraft engaged in practical applications and uses of space technology such as weather or communications,Date of launch is 2023-10-05 using UTC.,
2023-152A,,Yaogan-39 03A ,China,10/5/2023,,Yes,ST/SG/SER.E/1237,,in orbit,,Remote sensing satellite,The registration submission for this space object is presently being processed by the United Nations Secretariat.,
2023-152C,,Yaogan-39 03B ,China,10/5/2023,,Yes,ST/SG/SER.E/1237,,in orbit,,Remote sensing satellite,The registration submission for this space object is presently being processed by the United Nations Secretariat.,
2023-152E,,Yaogan-39 03C ,China,10/5/2023,,Yes,ST/SG/SER.E/1237,,in orbit,,Remote sensing satellite,The registration submission for this space object is presently being processed by the United Nations Secretariat.,
2023-151F,,Starlink-30484 ,USA,9/30/2023,,Yes,ST/SG/SER.E/1162,,in orbit,,Spacecraft engaged in practical applications and uses of space technology such as weather or communications,Date of launch is 2023-09-30 using UTC.,
2023-151G,,Starlink-30494 ,USA,9/30/2023,,Yes,ST/SG/SER.E/1162,,in orbit,,Spacecraft engaged in practical applications and uses of space technology such as weather or communications,Date of launch is 2023-09-30 using UTC.,
2023-151A,,Starlink-30396 ,USA,9/30/2023,,Yes,ST/SG/SER.E/1162,,in orbit,,Spacecraft engaged in practical applications and uses of space technology such as weather or communications,Date of launch is 2023-09-30 using UTC.,
2023-151E,,Starlink-30495 ,USA,9/30/2023,,Yes,ST/SG/SER.E/1162,,in orbit,,Spacecraft engaged in practical applications and uses of space technology such as weather or communications,Date of launch is 2023-09-30 using UTC.,
2023-151P,,Starlink-30509 ,USA,9/30/2023,,Yes,ST/SG/SER.E/1162,,in orbit,,Spacecraft engaged in practical applications and uses of space technology such as weather or communications,Date of launch is 2023-09-30 using UTC.,
2023-151Q,,Starlink-30511 ,USA,9/30/2023,,Yes,ST/SG/SER.E/1162,,in orbit,,Spacecraft engaged in practical applications and uses of space technology such as weather or communications,Date of launch is 2023-09-30 using UTC.,
2023-151M,,Starlink-30503 ,USA,9/30/2023,,Yes,ST/SG/SER.E/1162,,in orbit,,Spacecraft engaged in practical applications and uses of space technology such as weather or communications,Date of launch is 2023-09-30 using UTC.,
2023-151J,,Starlink-30505 ,USA,9/30/2023,,Yes,ST/SG/SER.E/1162,,in orbit,,Spacecraft engaged in practical applications and uses of space technology such as weather or communications,Date of launch is 2023-09-30 using UTC.,
2023-151K,,Starlink-30502 ,USA,9/30/2023,,Yes,ST/SG/SER.E/1162,,in orbit,,Spacecraft engaged in practical applications and uses of space technology such as weather or communications,Date of launch is 2023-09-30 using UTC.,
2023-151L,,Starlink-30489 ,USA,9/30/2023,,Yes,ST/SG/SER.E/1162,,in orbit,,Spacecraft engaged in practical applications and uses of space technology such as weather or communications,Date of launch is 2023-09-30 using UTC.,
2023-151C,,Starlink-30521 ,USA,9/30/2023,,Yes,ST/SG/SER.E/1162,,in orbit,,Spacecraft engaged in practical applications and uses of space technology such as weather or communications,Date of launch is 2023-09-30 using UTC.,
2023-151D,,Starlink-30528 ,USA,9/30/2023,,Yes,ST/SG/SER.E/1162,,in orbit,,Spacecraft engaged in practical applications and uses of space technology such as weather or communications,Date of launch is 2023-09-30 using UTC.,
2023-151B,,Starlink-30524 ,USA,9/30/2023,,Yes,ST/SG/SER.E/1162,,in orbit,,Spacecraft engaged in practical applications and uses of space technology such as weather or communications,Date of launch is 2023-09-30 using UTC.,
2023-151H,,Starlink-30498 ,USA,9/30/2023,,Yes,ST/SG/SER.E/1162,,in orbit,,Spacecraft engaged in practical applications and uses of space technology such as weather or communications,Date of launch is 2023-09-30 using UTC.,
2023-151V,,Starlink-30515 ,USA,9/30/2023,,Yes,ST/SG/SER.E/1162,,in orbit,,Spacecraft engaged in practical applications and uses of space technology such as weather or communications,Date of launch is 2023-09-30 using UTC.,
2023-151T,,Starlink-30510 ,USA,9/30/2023,,Yes,ST/SG/SER.E/1162,,in orbit,,Spacecraft engaged in practical applications and uses of space technology such as weather or communications,Date of launch is 2023-09-30 using UTC.,
2023-151X,,Starlink-30519 ,USA,9/30/2023,,Yes,ST/SG/SER.E/1162,,in orbit,,Spacecraft engaged in practical applications and uses of space technology such as weather or communications,Date of launch is 2023-09-30 using UTC.,
2023-151R,,Starlink-30508 ,USA,9/30/2023,,Yes,ST/SG/SER.E/1162,,in orbit,,Spacecraft engaged in practical applications and uses of space technology such as weather or communications,Date of launch is 2023-09-30 using UTC.,
2023-151N,,Starlink-30512 ,USA,9/30/2023,,Yes,ST/SG/SER.E/1162,,in orbit,,Spacecraft engaged in practical applications and uses of space technology such as weather or communications,Date of launch is 2023-09-30 using UTC.,
2023-151W,,Starlink-30516 ,USA,9/30/2023,,Yes,ST/SG/SER.E/1162,,in orbit,,Spacecraft engaged in practical applications and uses of space technology such as weather or communications,Date of launch is 2023-09-30 using UTC.,
2023-151U,,Starlink-30507 ,USA,9/30/2023,,Yes,ST/SG/SER.E/1162,,in orbit,,Spacecraft engaged in practical applications and uses of space technology such as weather or communications,Date of launch is 2023-09-30 using UTC.,
2023-151S,,Starlink-30504 ,USA,9/30/2023,,Yes,ST/SG/SER.E/1162,,in orbit,,Spacecraft engaged in practical applications and uses of space technology such as weather or communications,Date of launch is 2023-09-30 using UTC.,
[2023-150A],, [NOUR 03],[Iran (Islamic Republic of)],[2023-09-27],,No,,,[decayed],[2024-08-16],------,Not registered with the United Nations.,
2023-149A,,Yaogan-33 04 ,China,9/26/2023,,Yes,ST/SG/SER.E/1237,,in orbit,,Remote sensing satellite,The registration submission for this space object is presently being processed by the United Nations Secretariat. Date of launch in 2023-09-26 using UTC.,
2023-148G,,Starlink-30715 ,USA,9/25/2023,,Yes,ST/SG/SER.E/1162,,in orbit,,Spacecraft engaged in practical applications and uses of space technology such as weather or communications,------,
2023-148E,,Starlink-30714 ,USA,9/25/2023,,Yes,ST/SG/SER.E/1162,,in orbit,,Spacecraft engaged in practical applications and uses of space technology such as weather or communications,------,
2023-148A,,Starlink-30712 ,USA,9/25/2023,,Yes,ST/SG/SER.E/1162,,in orbit,,Spacecraft engaged in practical applications and uses of space technology such as weather or communications,------,
2023-148B,,Starlink-30716 ,USA,9/25/2023,,Yes,ST/SG/SER.E/1162,,in orbit,,Spacecraft engaged in practical applications and uses of space technology such as weather or communications,------,
2023-148F,,Starlink-30711 ,USA,9/25/2023,,Yes,ST/SG/SER.E/1162,,in orbit,,Spacecraft engaged in practical applications and uses of space technology such as weather or communications,------,
2023-148C,,Starlink-30400 ,USA,9/25/2023,,Yes,ST/SG/SER.E/1162,,in orbit,,Spacecraft engaged in practical applications and uses of space technology such as weather or communications,------,
2023-148D,,Starlink-30710 ,USA,9/25/2023,,Yes,ST/SG/SER.E/1162,,in orbit,,Spacecraft engaged in practical applications and uses of space technology such as weather or communications,------,
2023-148K,,Starlink-30708 ,USA,9/25/2023,,Yes,ST/SG/SER.E/1162,,in orbit,,Spacecraft engaged in practical applications and uses of space technology such as weather or communications,------,
2023-148L,,Starlink-30705 ,USA,9/25/2023,,Yes,ST/SG/SER.E/1162,,in orbit,,Spacecraft engaged in practical applications and uses of space technology such as weather or communications,------,
2023-148H,,Starlink-30455 ,USA,9/25/2023,,Yes,ST/SG/SER.E/1162,,in orbit,,Spacecraft engaged in practical applications and uses of space technology such as weather or communications,------,
2023-148N,,Starlink-30706 ,USA,9/25/2023,,Yes,ST/SG/SER.E/1162,,in orbit,,Spacecraft engaged in practical applications and uses of space technology such as weather or communications,------,
2023-148P,,Starlink-30709 ,USA,9/25/2023,,Yes,ST/SG/SER.E/1162,,in orbit,,Spacecraft engaged in practical applications and uses of space technology such as weather or communications,------,
2023-148R,,Starlink-30701 ,USA,9/25/2023,,Yes,ST/SG/SER.E/1162,,in orbit,,Spacecraft engaged in practical applications and uses of space technology such as weather or communications,------,
2023-148J,,Starlink-30456 ,USA,9/25/2023,,Yes,ST/SG/SER.E/1162,,in orbit,,Spacecraft engaged in practical applications and uses of space technology such as weather or communications,------,
2023-148M,,Starlink-30704 ,USA,9/25/2023,,Yes,ST/SG/SER.E/1162,,in orbit,,Spacecraft engaged in practical applications and uses of space technology such as weather or communications,------,
2023-148V,,Starlink-30703 ,USA,9/25/2023,,Yes,ST/SG/SER.E/1162,,in orbit,,Spacecraft engaged in practical applications and uses of space technology such as weather or communications,------,
2023-148Q,,Starlink-30707 ,USA,9/25/2023,,Yes,ST/SG/SER.E/1162,,in orbit,,Spacecraft engaged in practical applications and uses of space technology such as weather or communications,------,
2023-148T,,Starlink-30713 ,USA,9/25/2023,,Yes,ST/SG/SER.E/1162,,in orbit,,Spacecraft engaged in practical applications and uses of space technology such as weather or communications,------,
2023-148U,,Starlink-30700 ,USA,9/25/2023,,Yes,ST/SG/SER.E/1162,,in orbit,,Spacecraft engaged in practical applications and uses of space technology such as weather or communications,------,
2023-148S,,Starlink-30399 ,USA,9/25/2023,,Yes,ST/SG/SER.E/1162,,in orbit,,Spacecraft engaged in practical applications and uses of space technology such as weather or communications,------,
2023-148W,,Starlink-30702 ,USA,9/25/2023,,Yes,ST/SG/SER.E/1162,,in orbit,,Spacecraft engaged in practical applications and uses of space technology such as weather or communications,------,
2023-147Q,,Starlink-30459 ,USA,9/24/2023,,Yes,ST/SG/SER.E/1162,,in orbit,,Spacecraft engaged in practical applications and uses of space technology such as weather or communications,Date of launch is 2023-09-24 using UTC.,
2023-147K,,Starlink-30490 ,USA,9/24/2023,,Yes,ST/SG/SER.E/1162,ST/SG/SER.E/1179,[deorbited],10/1/2023,Spacecraft engaged in practical applications and uses of space technology such as weather or communications,Date of launch is 2023-09-24 using UTC.,
2023-147N,,Starlink-30452 ,USA,9/24/2023,,Yes,ST/SG/SER.E/1162,,in orbit,,Spacecraft engaged in practical applications and uses of space technology such as weather or communications,Date of launch is 2023-09-24 using UTC.,
2023-147M,,Starlink-30487 ,USA,9/24/2023,,Yes,ST/SG/SER.E/1162,,in orbit,,Spacecraft engaged in practical applications and uses of space technology such as weather or communications,Date of launch is 2023-09-24 using UTC.,
2023-147G,,Starlink-30496 ,USA,9/24/2023,,Yes,ST/SG/SER.E/1162,,in orbit,,Spacecraft engaged in practical applications and uses of space technology such as weather or communications,Date of launch is 2023-09-24 using UTC.,
2023-147E,,Starlink-30501 ,USA,9/24/2023,,Yes,ST/SG/SER.E/1162,,in orbit,,Spacecraft engaged in practical applications and uses of space technology such as weather or communications,Date of launch is 2023-09-24 using UTC.,
2023-147H,,Starlink-30485 ,USA,9/24/2023,,Yes,ST/SG/SER.E/1162,,in orbit,,Spacecraft engaged in practical applications and uses of space technology such as weather or communications,Date of launch is 2023-09-24 using UTC.,
2023-147F,,Starlink-30499 ,USA,9/24/2023,,Yes,ST/SG/SER.E/1162,,in orbit,,Spacecraft engaged in practical applications and uses of space technology such as weather or communications,Date of launch is 2023-09-24 using UTC.,
2023-147U,,Starlink-30488 ,USA,9/24/2023,,Yes,ST/SG/SER.E/1162,,in orbit,,Spacecraft engaged in practical applications and uses of space technology such as weather or communications,Date of launch is 2023-09-24 using UTC.,
2023-147P,,Starlink-30468 ,USA,9/24/2023,,Yes,ST/SG/SER.E/1162,,in orbit,,Spacecraft engaged in practical applications and uses of space technology such as weather or communications,Date of launch is 2023-09-24 using UTC.,
2023-147V,,Starlink-30471 ,USA,9/24/2023,,Yes,ST/SG/SER.E/1162,,in orbit,,Spacecraft engaged in practical applications and uses of space technology such as weather or communications,Date of launch is 2023-09-24 using UTC.,
2023-147T,,Starlink-30476 ,USA,9/24/2023,,Yes,ST/SG/SER.E/1162,,in orbit,,Spacecraft engaged in practical applications and uses of space technology such as weather or communications,Date of launch is 2023-09-24 using UTC.,
2023-147W,,Starlink-30461 ,USA,9/24/2023,,Yes,ST/SG/SER.E/1162,,in orbit,,Spacecraft engaged in practical applications and uses of space technology such as weather or communications,Date of launch is 2023-09-24 using UTC.,
2023-147J,,Starlink-30492 ,USA,9/24/2023,,Yes,ST/SG/SER.E/1162,,in orbit,,Spacecraft engaged in practical applications and uses of space technology such as weather or communications,Date of launch is 2023-09-24 using UTC.,
2023-147L,,Starlink-30440 ,USA,9/24/2023,,Yes,ST/SG/SER.E/1162,,in orbit,,Spacecraft engaged in practical applications and uses of space technology such as weather or communications,Date of launch is 2023-09-24 using UTC.,
2023-147R,,Starlink-30448 ,USA,9/24/2023,,Yes,ST/SG/SER.E/1162,,in orbit,,Spacecraft engaged in practical applications and uses of space technology such as weather or communications,Date of launch is 2023-09-24 using UTC.,
2023-147X,,Starlink-30458 ,USA,9/24/2023,,Yes,ST/SG/SER.E/1162,,in orbit,,Spacecraft engaged in practical applications and uses of space technology such as weather or communications,Date of launch is 2023-09-24 using UTC.,
2023-147C,,Starlink-30454 ,USA,9/24/2023,,Yes,ST/SG/SER.E/1162,,in orbit,,Spacecraft engaged in practical applications and uses of space technology such as weather or communications,Date of launch is 2023-09-24 using UTC.,
2023-147B,,Starlink-30483 ,USA,9/24/2023,,Yes,ST/SG/SER.E/1162,,in orbit,,Spacecraft engaged in practical applications and uses of space technology such as weather or communications,Date of launch is 2023-09-24 using UTC.,
2023-147A,,Starlink-30450 ,USA,9/24/2023,,Yes,ST/SG/SER.E/1162,,in orbit,,Spacecraft engaged in practical applications and uses of space technology such as weather or communications,Date of launch is 2023-09-24 using UTC.,
2023-147D,,Starlink-30491 ,USA,9/24/2023,,Yes,ST/SG/SER.E/1162,ST/SG/SER.E/1227,[deorbited],8/5/2024,Spacecraft engaged in practical applications and uses of space technology such as weather or communications,Date of launch is 2023-09-24 using UTC.,
2023-147S,,Starlink-30475 ,USA,9/24/2023,,Yes,ST/SG/SER.E/1162,ST/SG/SER.E/1290,[deorbited],3/26/2025,Spacecraft engaged in practical applications and uses of space technology such as weather or communications,Date of launch is 2023-09-24 using UTC.,
2023-146G,,Starlink-30474 ,USA,9/20/2023,,Yes,ST/SG/SER.E/1162,,in orbit,,Spacecraft engaged in practical applications and uses of space technology such as weather or communications,Date of launch is 2023-09-20 using UTC.,
2023-146E,,Starlink-30467 ,USA,9/20/2023,,Yes,ST/SG/SER.E/1162,,in orbit,,Spacecraft engaged in practical applications and uses of space technology such as weather or communications,Date of launch is 2023-09-20 using UTC.,
2023-146C,,Starlink-30473 ,USA,9/20/2023,,Yes,ST/SG/SER.E/1162,,in orbit,,Spacecraft engaged in practical applications and uses of space technology such as weather or communications,Date of launch is 2023-09-20 using UTC.,
2023-146A,,Starlink-30465 ,USA,9/20/2023,,Yes,ST/SG/SER.E/1162,,in orbit,,Spacecraft engaged in practical applications and uses of space technology such as weather or communications,Date of launch is 2023-09-20 using UTC.,
2023-146J,,Starlink-30481 ,USA,9/20/2023,,Yes,ST/SG/SER.E/1162,,in orbit,,Spacecraft engaged in practical applications and uses of space technology such as weather or communications,Date of launch is 2023-09-20 using UTC.,
2023-146B,,Starlink-30470 ,USA,9/20/2023,,Yes,ST/SG/SER.E/1162,,in orbit,,Spacecraft engaged in practical applications and uses of space technology such as weather or communications,Date of launch is 2023-09-20 using UTC.,
2023-146F,,Starlink-30469 ,USA,9/20/2023,,Yes,ST/SG/SER.E/1162,,in orbit,,Spacecraft engaged in practical applications and uses of space technology such as weather or communications,Date of launch is 2023-09-20 using UTC.,
2023-146H,,Starlink-30479 ,USA,9/20/2023,,Yes,ST/SG/SER.E/1162,,in orbit,,Spacecraft engaged in practical applications and uses of space technology such as weather or communications,Date of launch is 2023-09-20 using UTC.,
2023-146D,,Starlink-30443 ,USA,9/20/2023,,Yes,ST/SG/SER.E/1162,,in orbit,,Spacecraft engaged in practical applications and uses of space technology such as weather or communications,Date of launch is 2023-09-20 using UTC.,
2023-146R,,Starlink-30428 ,USA,9/20/2023,,Yes,ST/SG/SER.E/1162,,in orbit,,Spacecraft engaged in practical applications and uses of space technology such as weather or communications,Date of launch is 2023-09-20 using UTC.,
2023-146Q,,Starlink-30451 ,USA,9/20/2023,,Yes,ST/SG/SER.E/1162,,in orbit,,Spacecraft engaged in practical applications and uses of space technology such as weather or communications,Date of launch is 2023-09-20 using UTC.,
2023-146M,,Starlink-30462 ,USA,9/20/2023,,Yes,ST/SG/SER.E/1162,,in orbit,,Spacecraft engaged in practical applications and uses of space technology such as weather or communications,Date of launch is 2023-09-20 using UTC.,
2023-146T,,Starlink-30464 ,USA,9/20/2023,,Yes,ST/SG/SER.E/1162,,in orbit,,Spacecraft engaged in practical applications and uses of space technology such as weather or communications,Date of launch is 2023-09-20 using UTC.,
2023-146L,,Starlink-30472 ,USA,9/20/2023,,Yes,ST/SG/SER.E/1162,,in orbit,,Spacecraft engaged in practical applications and uses of space technology such as weather or communications,Date of launch is 2023-09-20 using UTC.,
2023-146K,,Starlink-30457 ,USA,9/20/2023,,Yes,ST/SG/SER.E/1162,,in orbit,,Spacecraft engaged in practical applications and uses of space technology such as weather or communications,Date of launch is 2023-09-20 using UTC.,
2023-146S,,Starlink-30482 ,USA,9/20/2023,,Yes,ST/SG/SER.E/1162,,in orbit,,Spacecraft engaged in practical applications and uses of space technology such as weather or communications,Date of launch is 2023-09-20 using UTC.,
2023-146N,,Starlink-30449 ,USA,9/20/2023,,Yes,ST/SG/SER.E/1162,,in orbit,,Spacecraft engaged in practical applications and uses of space technology such as weather or communications,Date of launch is 2023-09-20 using UTC.,
2023-146P,,Starlink-30466 ,USA,9/20/2023,,Yes,ST/SG/SER.E/1162,,in orbit,,Spacecraft engaged in practical applications and uses of space technology such as weather or communications,Date of launch is 2023-09-20 using UTC.,
2023-146X,,Starlink-30477 ,USA,9/20/2023,,Yes,ST/SG/SER.E/1162,,in orbit,,Spacecraft engaged in practical applications and uses of space technology such as weather or communications,Date of launch is 2023-09-20 using UTC.,
2023-146U,,Starlink-30463 ,USA,9/20/2023,,Yes,ST/SG/SER.E/1162,,in orbit,,Spacecraft engaged in practical applications and uses of space technology such as weather or communications,Date of launch is 2023-09-20 using UTC.,
2023-146V,,Starlink-30453 ,USA,9/20/2023,,Yes,ST/SG/SER.E/1162,,in orbit,,Spacecraft engaged in practical applications and uses of space technology such as weather or communications,Date of launch is 2023-09-20 using UTC.,
2023-146W,,Starlink-30478 ,USA,9/20/2023,,Yes,ST/SG/SER.E/1162,,in orbit,,Spacecraft engaged in practical applications and uses of space technology such as weather or communications,Date of launch is 2023-09-20 using UTC.,
2023-145A,,Yaogan-39 02A ,China,9/17/2023,,Yes,ST/SG/SER.E/1237,,in orbit,,Remote sensing satellite,The registration submission for this space object is presently being processed by the United Nations Secretariat.,
2023-145D,,Yaogan-39 02B ,China,9/17/2023,,Yes,ST/SG/SER.E/1237,,in orbit,,Remote sensing satellite,The registration submission for this space object is presently being processed by the United Nations Secretariat.,
2023-145E,,Yaogan-39 02C ,China,9/17/2023,,Yes,ST/SG/SER.E/1237,,in orbit,,Remote sensing satellite,The registration submission for this space object is presently being processed by the United Nations Secretariat.,
2023-144S,,Starlink-30436 ,USA,9/16/2023,,Yes,ST/SG/SER.E/1162,,in orbit,,Spacecraft engaged in practical applications and uses of space technology such as weather or communications,Date of launch is 2023-09-16 using UTC.,
2023-144Q,,Starlink-30433 ,USA,9/16/2023,,Yes,ST/SG/SER.E/1162,,in orbit,,Spacecraft engaged in practical applications and uses of space technology such as weather or communications,Date of launch is 2023-09-16 using UTC.,
2023-144U,,Starlink-30339 ,USA,9/16/2023,,Yes,ST/SG/SER.E/1162,,in orbit,,Spacecraft engaged in practical applications and uses of space technology such as weather or communications,Date of launch is 2023-09-16 using UTC.,
2023-144V,,Starlink-30282 ,USA,9/16/2023,,Yes,ST/SG/SER.E/1162,,in orbit,,Spacecraft engaged in practical applications and uses of space technology such as weather or communications,Date of launch is 2023-09-16 using UTC.,
2023-144X,,Starlink-30279 ,USA,9/16/2023,,Yes,ST/SG/SER.E/1162,,in orbit,,Spacecraft engaged in practical applications and uses of space technology such as weather or communications,Date of launch is 2023-09-16 using UTC.,
2023-144W,,Starlink-30340 ,USA,9/16/2023,,Yes,ST/SG/SER.E/1162,,in orbit,,Spacecraft engaged in practical applications and uses of space technology such as weather or communications,Date of launch is 2023-09-16 using UTC.,
2023-144F,,Starlink-30441 ,USA,9/16/2023,,Yes,ST/SG/SER.E/1162,,in orbit,,Spacecraft engaged in practical applications and uses of space technology such as weather or communications,Date of launch is 2023-09-16 using UTC.,
2023-144R,,Starlink-30358 ,USA,9/16/2023,,Yes,ST/SG/SER.E/1162,,in orbit,,Spacecraft engaged in practical applications and uses of space technology such as weather or communications,Date of launch is 2023-09-16 using UTC.,
2023-144A,,Starlink-30432 ,USA,9/16/2023,,Yes,ST/SG/SER.E/1162,,in orbit,,Spacecraft engaged in practical applications and uses of space technology such as weather or communications,Date of launch is 2023-09-16 using UTC.,
2023-144C,,Starlink-30393 ,USA,9/16/2023,,Yes,ST/SG/SER.E/1162,,in orbit,,Spacecraft engaged in practical applications and uses of space technology such as weather or communications,Date of launch is 2023-09-16 using UTC.,
2023-144B,,Starlink-30427 ,USA,9/16/2023,,Yes,ST/SG/SER.E/1162,,in orbit,,Spacecraft engaged in practical applications and uses of space technology such as weather or communications,Date of launch is 2023-09-16 using UTC.,
2023-144E,,Starlink-30442 ,USA,9/16/2023,,Yes,ST/SG/SER.E/1162,,in orbit,,Spacecraft engaged in practical applications and uses of space technology such as weather or communications,Date of launch is 2023-09-16 using UTC.,
2023-144D,,Starlink-30439 ,USA,9/16/2023,,Yes,ST/SG/SER.E/1162,,in orbit,,Spacecraft engaged in practical applications and uses of space technology such as weather or communications,Date of launch is 2023-09-16 using UTC.,
2023-144M,,Starlink-30434 ,USA,9/16/2023,,Yes,ST/SG/SER.E/1162,,in orbit,,Spacecraft engaged in practical applications and uses of space technology such as weather or communications,Date of launch is 2023-09-16 using UTC.,
2023-144P,,Starlink-30284 ,USA,9/16/2023,,Yes,ST/SG/SER.E/1162,,in orbit,,Spacecraft engaged in practical applications and uses of space technology such as weather or communications,Date of launch is 2023-09-16 using UTC.,
2023-144G,,Starlink-30460 ,USA,9/16/2023,,Yes,ST/SG/SER.E/1162,,in orbit,,Spacecraft engaged in practical applications and uses of space technology such as weather or communications,Date of launch is 2023-09-16 using UTC.,
2023-144K,,Starlink-30445 ,USA,9/16/2023,,Yes,ST/SG/SER.E/1162,,in orbit,,Spacecraft engaged in practical applications and uses of space technology such as weather or communications,Date of launch is 2023-09-16 using UTC.,
2023-144L,,Starlink-30447 ,USA,9/16/2023,,Yes,ST/SG/SER.E/1162,,in orbit,,Spacecraft engaged in practical applications and uses of space technology such as weather or communications,Date of launch is 2023-09-16 using UTC.,
2023-144N,,Starlink-30429 ,USA,9/16/2023,,Yes,ST/SG/SER.E/1162,,in orbit,,Spacecraft engaged in practical applications and uses of space technology such as weather or communications,Date of launch is 2023-09-16 using UTC.,
2023-144H,,Starlink-30444 ,USA,9/16/2023,,Yes,ST/SG/SER.E/1162,,in orbit,,Spacecraft engaged in practical applications and uses of space technology such as weather or communications,Date of launch is 2023-09-16 using UTC.,
2023-144J,,Starlink-30446 ,USA,9/16/2023,,Yes,ST/SG/SER.E/1162,,in orbit,,Spacecraft engaged in practical applications and uses of space technology such as weather or communications,Date of launch is 2023-09-16 using UTC.,
2023-144T,,Starlink-30406 ,USA,9/16/2023,,Yes,ST/SG/SER.E/1162,ST/SG/SER.E/1270,[deorbited],1/9/2025,Spacecraft engaged in practical applications and uses of space technology such as weather or communications,Date of launch is 2023-09-16 using UTC.,
2023-142A,,Victus Nox [(TACRS 3)],USA,9/15/2023,,Yes,ST/SG/SER.E/1162,,in orbit,,Spacecraft engaged in practical applications and uses of space technology such as weather or communications,Date of launch is 2023-09-15 using UTC.,
2023-143A,3688-2023-014,Soyuz MS-24 ,Russian Federation,9/15/2023,,Yes,ST/SG/SER.E/1152,ST/SG/SER.E/1199,recovered,4/6/2024,"Delivery to the International Space Station of the crew of Expeditions 70 and 71, consisting of Oleg Dmitrievich Kononenko (Russian Federation), commander of the crewed transport vehicle, and flight engineer-1 Nikolai Aleksandrovich Chub (Russian Federation) and flight engineer-2 Loral Ashley O’Hara (United States of America)",------,
2023-141V,,Starlink-30414 ,USA,9/12/2023,,Yes,ST/SG/SER.E/1162,,in orbit,,Spacecraft engaged in practical applications and uses of space technology such as weather or communications,Date of launch is 2023-09-12 using UTC.,
2023-141W,,Starlink-30272 ,USA,9/12/2023,,Yes,ST/SG/SER.E/1162,,in orbit,,Spacecraft engaged in practical applications and uses of space technology such as weather or communications,Date of launch is 2023-09-12 using UTC.,
2023-141U,,Starlink-30290 ,USA,9/12/2023,,Yes,ST/SG/SER.E/1162,,in orbit,,Spacecraft engaged in practical applications and uses of space technology such as weather or communications,Date of launch is 2023-09-12 using UTC.,
2023-141K,,Starlink-30430 ,USA,9/12/2023,,Yes,ST/SG/SER.E/1162,,in orbit,,Spacecraft engaged in practical applications and uses of space technology such as weather or communications,Date of launch is 2023-09-12 using UTC.,
2023-141N,,Starlink-30431 ,USA,9/12/2023,,Yes,ST/SG/SER.E/1162,,in orbit,,Spacecraft engaged in practical applications and uses of space technology such as weather or communications,Date of launch is 2023-09-12 using UTC.,
2023-141T,,Starlink-30424 ,USA,9/12/2023,,Yes,ST/SG/SER.E/1162,,in orbit,,Spacecraft engaged in practical applications and uses of space technology such as weather or communications,Date of launch is 2023-09-12 using UTC.,
2023-141M,,Starlink-30405 ,USA,9/12/2023,,Yes,ST/SG/SER.E/1162,,in orbit,,Spacecraft engaged in practical applications and uses of space technology such as weather or communications,Date of launch is 2023-09-12 using UTC.,
2023-141L,,Starlink-30425 ,USA,9/12/2023,,Yes,ST/SG/SER.E/1162,,in orbit,,Spacecraft engaged in practical applications and uses of space technology such as weather or communications,Date of launch is 2023-09-12 using UTC.,
2023-141Q,,Starlink-30412 ,USA,9/12/2023,,Yes,ST/SG/SER.E/1162,,in orbit,,Spacecraft engaged in practical applications and uses of space technology such as weather or communications,Date of launch is 2023-09-12 using UTC.,
2023-141S,,Starlink-30291 ,USA,9/12/2023,,Yes,ST/SG/SER.E/1162,,in orbit,,Spacecraft engaged in practical applications and uses of space technology such as weather or communications,Date of launch is 2023-09-12 using UTC.,
2023-141R,,Starlink-30392 ,USA,9/12/2023,,Yes,ST/SG/SER.E/1162,,in orbit,,Spacecraft engaged in practical applications and uses of space technology such as weather or communications,Date of launch is 2023-09-12 using UTC.,
2023-141P,,Starlink-30404 ,USA,9/12/2023,,Yes,ST/SG/SER.E/1162,,in orbit,,Spacecraft engaged in practical applications and uses of space technology such as weather or communications,Date of launch is 2023-09-12 using UTC.,
2023-141H,,Starlink-30416 ,USA,9/12/2023,,Yes,ST/SG/SER.E/1162,,in orbit,,Spacecraft engaged in practical applications and uses of space technology such as weather or communications,Date of launch is 2023-09-12 using UTC.,
2023-141C,,Starlink-30435 ,USA,9/12/2023,,Yes,ST/SG/SER.E/1162,,in orbit,,Spacecraft engaged in practical applications and uses of space technology such as weather or communications,Date of launch is 2023-09-12 using UTC.,
2023-141E,,Starlink-30292 ,USA,9/12/2023,,Yes,ST/SG/SER.E/1162,,in orbit,,Spacecraft engaged in practical applications and uses of space technology such as weather or communications,Date of launch is 2023-09-12 using UTC.,
2023-141B,,Starlink-30410 ,USA,9/12/2023,,Yes,ST/SG/SER.E/1162,,in orbit,,Spacecraft engaged in practical applications and uses of space technology such as weather or communications,Date of launch is 2023-09-12 using UTC.,
2023-141J,,Starlink-30426 ,USA,9/12/2023,,Yes,ST/SG/SER.E/1162,,in orbit,,Spacecraft engaged in practical applications and uses of space technology such as weather or communications,Date of launch is 2023-09-12 using UTC.,
2023-141A,,Starlink-30285 ,USA,9/12/2023,,Yes,ST/SG/SER.E/1162,,in orbit,,Spacecraft engaged in practical applications and uses of space technology such as weather or communications,Date of launch is 2023-09-12 using UTC.,
2023-141D,,Starlink-30423 ,USA,9/12/2023,,Yes,ST/SG/SER.E/1162,,in orbit,,Spacecraft engaged in practical applications and uses of space technology such as weather or communications,Date of launch is 2023-09-12 using UTC.,
2023-141G,,Starlink-30420 ,USA,9/12/2023,,Yes,ST/SG/SER.E/1162,ST/SG/SER.E/1249,[deorbited],12/31/2024,Spacecraft engaged in practical applications and uses of space technology such as weather or communications,Date of launch is 2023-09-12 using UTC.,
2023-141F,,Starlink-30419 ,USA,9/12/2023,,Yes,ST/SG/SER.E/1162,ST/SG/SER.E/1287,[deorbited],2/26/2025,Spacecraft engaged in practical applications and uses of space technology such as weather or communications,Date of launch is 2023-09-12 using UTC.,
2023-140B,,USA 347 ,USA,9/10/2023,,Yes,ST/SG/SER.E/1162,,in orbit,,Spacecraft engaged in practical applications and uses of space technology such as weather or communications,------,
