International Designator,National Designator,Name of Space Object,State/Organization,Date of Launch,GSO Location,UN Registered,Registration Document,Other Documents,Status,Date of Decay or Change,Function of Space Object,Secretariat`s Remarks,External website
2024-254K,,Starlink-11477 ,USA,12/31/2024,,Yes,ST/SG/SER.E/1249,,in orbit,,Spacecraft engaged in practical applications and uses of space technology such as weather or communications,------,
2024-254P,,Starlink-32657 ,USA,12/31/2024,,Yes,ST/SG/SER.E/1249,,in orbit,,Spacecraft engaged in practical applications and uses of space technology such as weather or communications,------,
2024-254J,,Starlink-11497 ,USA,12/31/2024,,Yes,ST/SG/SER.E/1249,,in orbit,,Spacecraft engaged in practical applications and uses of space technology such as weather or communications,------,
2024-254G,,Starlink-11511 ,USA,12/31/2024,,Yes,ST/SG/SER.E/1249,,in orbit,,Spacecraft engaged in practical applications and uses of space technology such as weather or communications,------,
2024-254M,,Starlink-11464 ,USA,12/31/2024,,Yes,ST/SG/SER.E/1249,,in orbit,,Spacecraft engaged in practical applications and uses of space technology such as weather or communications,------,
2024-254F,,Starlink-11486 ,USA,12/31/2024,,Yes,ST/SG/SER.E/1249,,in orbit,,Spacecraft engaged in practical applications and uses of space technology such as weather or communications,------,
2024-254N,,Starlink-11502 ,USA,12/31/2024,,Yes,ST/SG/SER.E/1249,,in orbit,,Spacecraft engaged in practical applications and uses of space technology such as weather or communications,------,
2024-254H,,Starlink-11505 ,USA,12/31/2024,,Yes,ST/SG/SER.E/1249,,in orbit,,Spacecraft engaged in practical applications and uses of space technology such as weather or communications,------,
2024-254L,,Starlink-11500 ,USA,12/31/2024,,Yes,ST/SG/SER.E/1249,,in orbit,,Spacecraft engaged in practical applications and uses of space technology such as weather or communications,------,
2024-254E,,Starlink-11506 ,USA,12/31/2024,,Yes,ST/SG/SER.E/1249,,in orbit,,Spacecraft engaged in practical applications and uses of space technology such as weather or communications,------,
2024-254C,,Starlink-11459 ,USA,12/31/2024,,Yes,ST/SG/SER.E/1249,,in orbit,,Spacecraft engaged in practical applications and uses of space technology such as weather or communications,------,
2024-254B,,Starlink-11455 ,USA,12/31/2024,,Yes,ST/SG/SER.E/1249,,in orbit,,Spacecraft engaged in practical applications and uses of space technology such as weather or communications,------,
2024-254D,,Starlink-11178 ,USA,12/31/2024,,Yes,ST/SG/SER.E/1249,,in orbit,,Spacecraft engaged in practical applications and uses of space technology such as weather or communications,------,
2024-254A,,Starlink-11518 ,USA,12/31/2024,,Yes,ST/SG/SER.E/1249,,in orbit,,Spacecraft engaged in practical applications and uses of space technology such as weather or communications,------,
2024-254Q,,Starlink-32734 ,USA,12/31/2024,,Yes,ST/SG/SER.E/1249,,in orbit,,Spacecraft engaged in practical applications and uses of space technology such as weather or communications,------,
2024-254S,,Starlink-32707 ,USA,12/31/2024,,Yes,ST/SG/SER.E/1249,,in orbit,,Spacecraft engaged in practical applications and uses of space technology such as weather or communications,------,
2024-254R,,Starlink-32733 ,USA,12/31/2024,,Yes,ST/SG/SER.E/1249,,in orbit,,Spacecraft engaged in practical applications and uses of space technology such as weather or communications,------,
2024-254U,,Starlink-32743 ,USA,12/31/2024,,Yes,ST/SG/SER.E/1249,,in orbit,,Spacecraft engaged in practical applications and uses of space technology such as weather or communications,------,
2024-254V,,Starlink-32753 ,USA,12/31/2024,,Yes,ST/SG/SER.E/1249,,in orbit,,Spacecraft engaged in practical applications and uses of space technology such as weather or communications,------,
2024-254W,,Starlink-32699 ,USA,12/31/2024,,Yes,ST/SG/SER.E/1249,,in orbit,,Spacecraft engaged in practical applications and uses of space technology such as weather or communications,------,
2024-254T,,Starlink-32705 ,USA,12/31/2024,,Yes,ST/SG/SER.E/1249,,in orbit,,Spacecraft engaged in practical applications and uses of space technology such as weather or communications,------,
2024-253C,,PSLV-C60 R/B (POEM-4) ,India,12/30/2024,,Yes,ST/SG/SER.E/1323,ST/SG/SER.E/1323,decayed,4/4/2025,Orbital experimental module of PSLV-C60,The registration submission for this space object is presently being processed by the United Nations Secretariat.,
2024-253A,,SDX-01 ,India,12/30/2024,,Yes,ST/SG/SER.E/1323,,in orbit,,Technology demonstration satellite with autonomous rendezvous and docking,The registration submission for this space object is presently being processed by the United Nations Secretariat.,
2024-253B,,SDX-02 ,India,12/30/2024,,Yes,ST/SG/SER.E/1323,,in orbit,,Technology demonstration satellite with autonomous rendezvous and docking,The registration submission for this space object is presently being processed by the United Nations Secretariat.,
2024-251W,,Starlink-32656 ,USA,12/29/2024,,Yes,ST/SG/SER.E/1249,,in orbit,,Spacecraft engaged in practical applications and uses of space technology such as weather or communications,------,
2024-251X,,Starlink-32690 ,USA,12/29/2024,,Yes,ST/SG/SER.E/1249,,in orbit,,Spacecraft engaged in practical applications and uses of space technology such as weather or communications,------,
2024-251Q,,Starlink-32726 ,USA,12/29/2024,,Yes,ST/SG/SER.E/1249,,in orbit,,Spacecraft engaged in practical applications and uses of space technology such as weather or communications,------,
2024-251S,,Starlink-32719 ,USA,12/29/2024,,Yes,ST/SG/SER.E/1249,,in orbit,,Spacecraft engaged in practical applications and uses of space technology such as weather or communications,------,
2024-251P,,Starlink-32683 ,USA,12/29/2024,,Yes,ST/SG/SER.E/1249,,in orbit,,Spacecraft engaged in practical applications and uses of space technology such as weather or communications,------,
2024-251N,,Starlink-32737 ,USA,12/29/2024,,Yes,ST/SG/SER.E/1249,,in orbit,,Spacecraft engaged in practical applications and uses of space technology such as weather or communications,------,
2024-251U,,Starlink-32722 ,USA,12/29/2024,,Yes,ST/SG/SER.E/1249,,in orbit,,Spacecraft engaged in practical applications and uses of space technology such as weather or communications,------,
2024-251M,,Starlink-32736 ,USA,12/29/2024,,Yes,ST/SG/SER.E/1249,,in orbit,,Spacecraft engaged in practical applications and uses of space technology such as weather or communications,------,
2024-251R,,Starlink-32730 ,USA,12/29/2024,,Yes,ST/SG/SER.E/1249,,in orbit,,Spacecraft engaged in practical applications and uses of space technology such as weather or communications,------,
2024-251T,,Starlink-32723 ,USA,12/29/2024,,Yes,ST/SG/SER.E/1249,,in orbit,,Spacecraft engaged in practical applications and uses of space technology such as weather or communications,------,
2024-251V,,Starlink-32720 ,USA,12/29/2024,,Yes,ST/SG/SER.E/1249,,in orbit,,Spacecraft engaged in practical applications and uses of space technology such as weather or communications,------,
2024-251B,,Starlink-32712 ,USA,12/29/2024,,Yes,ST/SG/SER.E/1249,,in orbit,,Spacecraft engaged in practical applications and uses of space technology such as weather or communications,------,
2024-251A,,Starlink-32702 ,USA,12/29/2024,,Yes,ST/SG/SER.E/1249,,in orbit,,Spacecraft engaged in practical applications and uses of space technology such as weather or communications,------,
2024-251D,,Starlink-32711 ,USA,12/29/2024,,Yes,ST/SG/SER.E/1249,,in orbit,,Spacecraft engaged in practical applications and uses of space technology such as weather or communications,------,
2024-251C,,Starlink-32674 ,USA,12/29/2024,,Yes,ST/SG/SER.E/1249,,in orbit,,Spacecraft engaged in practical applications and uses of space technology such as weather or communications,------,
2024-251G,,Starlink-32721 ,USA,12/29/2024,,Yes,ST/SG/SER.E/1249,,in orbit,,Spacecraft engaged in practical applications and uses of space technology such as weather or communications,------,
2024-251H,,Starlink-32709 ,USA,12/29/2024,,Yes,ST/SG/SER.E/1249,,in orbit,,Spacecraft engaged in practical applications and uses of space technology such as weather or communications,------,
2024-251K,,Starlink-32724 ,USA,12/29/2024,,Yes,ST/SG/SER.E/1249,,in orbit,,Spacecraft engaged in practical applications and uses of space technology such as weather or communications,------,
2024-251F,,Starlink-32693 ,USA,12/29/2024,,Yes,ST/SG/SER.E/1249,,in orbit,,Spacecraft engaged in practical applications and uses of space technology such as weather or communications,------,
2024-251E,,Starlink-32697 ,USA,12/29/2024,,Yes,ST/SG/SER.E/1249,,in orbit,,Spacecraft engaged in practical applications and uses of space technology such as weather or communications,------,
2024-251J,,Starlink-32689 ,USA,12/29/2024,,Yes,ST/SG/SER.E/1249,,in orbit,,Spacecraft engaged in practical applications and uses of space technology such as weather or communications,------,
2024-251L,,Starlink-32291 ,USA,12/29/2024,,Yes,ST/SG/SER.E/1249,,in orbit,,Spacecraft engaged in practical applications and uses of space technology such as weather or communications,------,
2024-252A,62454,UtilitySat [(ASTRANIS UTILITYSAT)],United Kingdom,12/29/2024,,Yes,ST/SG/SER.E/1281,,in GSO,-121.1 degrees East,Communications,------,
2024-252B,62455,NuView Alpha ,United Kingdom,12/29/2024,,Yes,ST/SG/SER.E/1281,,in GSO,-083.1 degrees East,Communications,------,
2024-252C,62456,AGILA ,United Kingdom,12/29/2024,,Yes,ST/SG/SER.E/1281,,in GSO,+152.1 degrees East,Communications,------,
2024-252D,62457,NuView Bravo ,United Kingdom,12/29/2024,,Yes,ST/SG/SER.E/1281,,in GSO,-083.1 degrees West,,------,
[2024-250A],3793-2024-017,Resurs-II No.5 ,Russian Federation,12/25/2024,,Yes,ST/SG/SER.E/1246,,in orbit,,Earth remote sensing,The registration submission for this space object is presently being processed by the United Nations Secretariat.,
2024-249F,,Starlink-11445 ,USA,12/23/2024,,Yes,ST/SG/SER.E/1249,,in orbit,,Spacecraft engaged in practical applications and uses of space technology such as weather or communications,------,
2024-249C,,Starlink-11453 ,USA,12/23/2024,,Yes,ST/SG/SER.E/1249,,in orbit,,Spacecraft engaged in practical applications and uses of space technology such as weather or communications,------,
2024-249D,,Starlink-11462 ,USA,12/23/2024,,Yes,ST/SG/SER.E/1249,,in orbit,,Spacecraft engaged in practical applications and uses of space technology such as weather or communications,------,
2024-249B,,Starlink-11493 ,USA,12/23/2024,,Yes,ST/SG/SER.E/1249,,in orbit,,Spacecraft engaged in practical applications and uses of space technology such as weather or communications,------,
2024-249E,,Starlink-11441 ,USA,12/23/2024,,Yes,ST/SG/SER.E/1249,,in orbit,,Spacecraft engaged in practical applications and uses of space technology such as weather or communications,------,
2024-249A,,Starlink-11444 ,USA,12/23/2024,,Yes,ST/SG/SER.E/1249,,in orbit,,Spacecraft engaged in practical applications and uses of space technology such as weather or communications,------,
2024-249G,,Starlink-11355 ,USA,12/23/2024,,Yes,ST/SG/SER.E/1249,,in orbit,,Spacecraft engaged in practical applications and uses of space technology such as weather or communications,------,
2024-249J,,Starlink-11428 ,USA,12/23/2024,,Yes,ST/SG/SER.E/1249,,in orbit,,Spacecraft engaged in practical applications and uses of space technology such as weather or communications,------,
2024-249H,,Starlink-11446 ,USA,12/23/2024,,Yes,ST/SG/SER.E/1249,,in orbit,,Spacecraft engaged in practical applications and uses of space technology such as weather or communications,------,
2024-249L,,Starlink-11439 ,USA,12/23/2024,,Yes,ST/SG/SER.E/1249,,in orbit,,Spacecraft engaged in practical applications and uses of space technology such as weather or communications,------,
2024-249K,,Starlink-11447 ,USA,12/23/2024,,Yes,ST/SG/SER.E/1249,,in orbit,,Spacecraft engaged in practical applications and uses of space technology such as weather or communications,------,
2024-249N,,Starlink-11461 ,USA,12/23/2024,,Yes,ST/SG/SER.E/1249,,in orbit,,Spacecraft engaged in practical applications and uses of space technology such as weather or communications,------,
2024-249M,,Starlink-11434 ,USA,12/23/2024,,Yes,ST/SG/SER.E/1249,,in orbit,,Spacecraft engaged in practical applications and uses of space technology such as weather or communications,------,
2024-249P,,Starlink-32692 ,USA,12/23/2024,,Yes,ST/SG/SER.E/1249,,in orbit,,Spacecraft engaged in practical applications and uses of space technology such as weather or communications,------,
2024-249R,,Starlink-32638 ,USA,12/23/2024,,Yes,ST/SG/SER.E/1249,,in orbit,,Spacecraft engaged in practical applications and uses of space technology such as weather or communications,------,
2024-249Q,,Starlink-32680 ,USA,12/23/2024,,Yes,ST/SG/SER.E/1249,,in orbit,,Spacecraft engaged in practical applications and uses of space technology such as weather or communications,------,
2024-249V,,Starlink-32614 ,USA,12/23/2024,,Yes,ST/SG/SER.E/1249,,in orbit,,Spacecraft engaged in practical applications and uses of space technology such as weather or communications,------,
2024-249U,,Starlink-32659 ,USA,12/23/2024,,Yes,ST/SG/SER.E/1249,,in orbit,,Spacecraft engaged in practical applications and uses of space technology such as weather or communications,------,
2024-249T,,Starlink-32676 ,USA,12/23/2024,,Yes,ST/SG/SER.E/1249,,in orbit,,Spacecraft engaged in practical applications and uses of space technology such as weather or communications,------,
2024-249W,,Starlink-32418 ,USA,12/23/2024,,Yes,ST/SG/SER.E/1249,,in orbit,,Spacecraft engaged in practical applications and uses of space technology such as weather or communications,------,
2024-249S,,Starlink-32283 ,USA,12/23/2024,,Yes,ST/SG/SER.E/1249,,in orbit,,Spacecraft engaged in practical applications and uses of space technology such as weather or communications,------,
[2024-247A],, [KORSAT 2],[(for Republic of Korea)],[2024-12-21],,No,,,[in orbit],,------,Not registered with the United Nations.,
[2024-247*],, [ONDOSAT OWL-12],[(for Mongolia)],[2024-12-21],,No,,,[in orbit],,------,Not registered with the United Nations. International Designator pending assignment.,
[2024-247*],, [ONDOSAT OWL-4],[(for Mongolia)],[2024-12-21],,No,,,[in orbit],,------,Not registered with the United Nations. International Designator pending assignment.,
[2024-247*],, [ONDOSAT OWL-7],[(for Mongolia)],[2024-12-21],,No,,,[in orbit],,------,Not registered with the United Nations. International Designator pending assignment.,
[2024-247*],, [JACKAL MX-2],[USA],[2024-12-21],,No,,,[in orbit],,------,Not registered with the United Nations. International Designator pending assignment.,
[2024-247*],, [ONDOSAT OWL-11],[(for Mongolia)],[2024-12-21],,No,,,[in orbit],,------,Not registered with the United Nations. International Designator pending assignment.,
[2024-247*],, [ONDOSAT OWL-10],[(for Mongolia)],[2024-12-21],,No,,,[in orbit],,------,Not registered with the United Nations. International Designator pending assignment.,
[2024-247*],, [ONDOSAT OWL-9],[(for Mongolia)],[2024-12-21],,No,,,[in orbit],,------,Not registered with the United Nations. International Designator pending assignment.,
[2024-247*],, [THINKORBITAL FLIGHT-2],[USA],[2024-12-21],,No,,,[in orbit],,------,Not registered with the United Nations. International Designator pending assignment.,
[2024-247*],, [ONDOSAT OWL-6],[(for Mongolia)],[2024-12-21],,No,,,[in orbit],,------,Not registered with the United Nations. International Designator pending assignment.,
[2024-247*],, [ONDOSAT OWL-8],[(for Mongolia)],[2024-12-21],,No,,,[in orbit],,------,Not registered with the United Nations. International Designator pending assignment.,
[2024-247*],, [ONDOSAT OWL-5],[(for Mongolia)],[2024-12-21],,No,,,[in orbit],,------,Not registered with the United Nations. International Designator pending assignment.,
[2024-247*],, [PLEIADES-ORPHEUS],[USA],[2024-12-21],,No,,,[in orbit],,------,Not registered with the United Nations. International Designator pending assignment.,
[2024-247*],, [ONDOSAT OWL-3],[(for Mongolia)],[2024-12-21],,No,,,[in orbit],,------,Not registered with the United Nations. International Designator pending assignment.,
[2024-247Q],, [LASARSAT 1],[(for Czech Republic)],[2024-12-21],,No,,,[in orbit],,------,Not registered with the United Nations.,
2024-247N,FIN-30-SAT-2024,ICEYE-X47 ,Finland,12/21/2024,,Yes,ST/SG/SER.E/1277,,in orbit,,"Earth observation satellite, carrying a synthetic aperture radar. Data will be provided commercially.",The registration submission for this space object is presently being processed by the United Nations Secretariat.,
2024-247F,,Hawk-11A ,USA,12/21/2024,,Yes,ST/SG/SER.E/1249,,in orbit,,Spacecraft engaged in practical applications and uses of space technology such as weather or communications,------,
2024-247C,,Hawk-11B ,USA,12/21/2024,,Yes,ST/SG/SER.E/1249,,in orbit,,Spacecraft engaged in practical applications and uses of space technology such as weather or communications,------,
2024-247R,,Tomorrow-S3 ,USA,12/21/2024,,Yes,ST/SG/SER.E/1249,,in orbit,,Spacecraft engaged in practical applications and uses of space technology such as weather or communications,------,
2024-247E,,Hawk-11C ,USA,12/21/2024,,Yes,ST/SG/SER.E/1249,,in orbit,,Spacecraft engaged in practical applications and uses of space technology such as weather or communications,------,
2024-247AA,,CTC-0 ,USA,12/21/2024,,Yes,ST/SG/SER.E/1249,,in orbit,,Spacecraft engaged in practical applications and uses of space technology such as weather or communications,------,
2024-247Z,,XCUBE-1 ,USA,12/21/2024,,Yes,ST/SG/SER.E/1249,,in orbit,,Spacecraft engaged in practical applications and uses of space technology such as weather or communications,------,
2024-248A,,StriX-2 ,Japan,12/21/2024,,Yes,ST/SG/SER.E/1292,,in orbit,,"StriX-2 is the fourth SAR (Synthetic Aperture Radar) satellite made by Synspective Inc. for commercial SAR imagery (remote sensing) provision services, including the upload and download functionality and clear imaging.",The registration submission for this space object is presently being processed by the United Nations Secretariat. Date of launch is 2024-12-21 using UTC.,Link
2024-247AB,DJ-2024-001,DJIBOUTI-1B ,Djibouti,12/21/2024,,Yes,St/SG/SER.E/1286,St/SG/SER.E/1160,in orbit,,Gathering of meteorological data transmitted by ground-based measurement stations,The registration submission for this space object is presently being processed by the United Nations Secretariat. Prelaunch notification provided by State of registry in ST/SG/SER.E/1160.,Link
2024-247H,FIN-31-SAT-2024,ICEYE-X49 ,Finland,12/21/2024,,Yes,ST/SG/SER.E/1277,,in orbit,,"Earth observation satellite, carrying a synthetic aperture radar. Data will be provided commercially.",The registration submission for this space object is presently being processed by the United Nations Secretariat.,
2024-247G,,LizzieSat-2 ,USA,12/21/2024,,Yes,ST/SG/SER.E/1249,,in orbit,,Spacecraft engaged in practical applications and uses of space technology such as weather or communications,------,
2024-247B,,TANSTAAFL-2 ,USA,12/21/2024,,Yes,ST/SG/SER.E/1249,,in orbit,,Spacecraft engaged in practical applications and uses of space technology such as weather or communications,------,
2024-247K,,Tomorrow-S4 ,USA,12/21/2024,,Yes,ST/SG/SER.E/1249,,in orbit,,Spacecraft engaged in practical applications and uses of space technology such as weather or communications,------,
2024-247M,,GITAI-SC1 ,USA,12/21/2024,,Yes,ST/SG/SER.E/1249,,in orbit,,Spacecraft engaged in practical applications and uses of space technology such as weather or communications,------,
2024-247T,,CroCube ,Croatia,12/21/2024,,Yes,A/AC.105/INF/464,,in orbit,,"Technology demonstration mission with amateur radio payload, VGA camera for Earth observation and the ""Astrotron 1000"" experiment to measure radiation effects on microelectronics",The registration submission for this space object is presently being processed by the United Nations Secretariat.,
[2024-246A],, [TJS 12],[China],[2024-12-20],,No,,,[in GSO],,------,Not registered with the United Nations.,
[2024-245*],, [TIANQI 33],[China],[2024-12-19],,No,,,[in orbit],,------,Not registered with the United Nations. International Designator pending assignment.,
[2024-245*],, [TIANQI 34],[China],[2024-12-19],,No,,,[in orbit],,------,Not registered with the United Nations. International Designator pending assignment.,
[2024-245*],, [TIANQI 35],[China],[2024-12-19],,No,,,[in orbit],,------,Not registered with the United Nations. International Designator pending assignment.,
[2024-245*],, [TIANQI 36],[China],[2024-12-19],,No,,,[in orbit],,------,Not registered with the United Nations. International Designator pending assignment.,
2024-243P,,USA 454 ,USA,12/17/2024,,Yes,ST/SG/SER.E/1249,,in orbit,,Spacecraft engaged in practical applications and uses of space technology such as weather or communications,------,
2024-243S,,USA 457 ,USA,12/17/2024,,Yes,ST/SG/SER.E/1249,,in orbit,,Spacecraft engaged in practical applications and uses of space technology such as weather or communications,------,
2024-243M,,USA 452 ,USA,12/17/2024,,Yes,ST/SG/SER.E/1249,,in orbit,,Spacecraft engaged in practical applications and uses of space technology such as weather or communications,------,
2024-243N,,USA 453 ,USA,12/17/2024,,Yes,ST/SG/SER.E/1249,,in orbit,,Spacecraft engaged in practical applications and uses of space technology such as weather or communications,------,
2024-243Q,,USA 455 ,USA,12/17/2024,,Yes,ST/SG/SER.E/1249,,in orbit,,Spacecraft engaged in practical applications and uses of space technology such as weather or communications,------,
2024-243T,,USA 458 ,USA,12/17/2024,,Yes,ST/SG/SER.E/1249,,in orbit,,Spacecraft engaged in practical applications and uses of space technology such as weather or communications,------,
2024-243U,,USA 459 ,USA,12/17/2024,,Yes,ST/SG/SER.E/1249,,in orbit,,Spacecraft engaged in practical applications and uses of space technology such as weather or communications,------,
2024-243V,,USA 460 ,USA,12/17/2024,,Yes,ST/SG/SER.E/1249,,in orbit,,Spacecraft engaged in practical applications and uses of space technology such as weather or communications,------,
2024-243R,,USA 456 ,USA,12/17/2024,,Yes,ST/SG/SER.E/1249,,in orbit,,Spacecraft engaged in practical applications and uses of space technology such as weather or communications,------,
2024-242A,,Navstar 83 (USA 440) [(GPS III SV-07)],USA,12/17/2024,,Yes,ST/SG/SER.E/1249,,in orbit,,Spacecraft engaged in practical applications and uses of space technology such as weather or communications,Date of launch is 2024-12-17 using UTC.,
2024-243A,,USA 441 ,USA,12/17/2024,,Yes,ST/SG/SER.E/1249,,in orbit,,Spacecraft engaged in practical applications and uses of space technology such as weather or communications,------,
2024-243C,,USA 443 ,USA,12/17/2024,,Yes,ST/SG/SER.E/1249,,in orbit,,Spacecraft engaged in practical applications and uses of space technology such as weather or communications,------,
2024-243W,,USA 461 ,USA,12/17/2024,,Yes,ST/SG/SER.E/1249,,in orbit,,Spacecraft engaged in practical applications and uses of space technology such as weather or communications,------,
2024-243X,,USA 462 ,USA,12/17/2024,,Yes,ST/SG/SER.E/1249,,in orbit,,Spacecraft engaged in practical applications and uses of space technology such as weather or communications,------,
2024-243G,,USA 447 ,USA,12/17/2024,,Yes,ST/SG/SER.E/1249,,in orbit,,Spacecraft engaged in practical applications and uses of space technology such as weather or communications,------,
2024-243J,,USA 449 ,USA,12/17/2024,,Yes,ST/SG/SER.E/1249,,in orbit,,Spacecraft engaged in practical applications and uses of space technology such as weather or communications,------,
2024-243B,,USA 442 ,USA,12/17/2024,,Yes,ST/SG/SER.E/1249,,in orbit,,Spacecraft engaged in practical applications and uses of space technology such as weather or communications,------,
2024-243F,,USA 446 ,USA,12/17/2024,,Yes,ST/SG/SER.E/1249,,in orbit,,Spacecraft engaged in practical applications and uses of space technology such as weather or communications,------,
2024-243H,,USA 448 ,USA,12/17/2024,,Yes,ST/SG/SER.E/1249,,in orbit,,Spacecraft engaged in practical applications and uses of space technology such as weather or communications,------,
2024-243D,,USA 444 ,USA,12/17/2024,,Yes,ST/SG/SER.E/1249,,in orbit,,Spacecraft engaged in practical applications and uses of space technology such as weather or communications,------,
2024-243K,,USA 450 ,USA,12/17/2024,,Yes,ST/SG/SER.E/1249,,in orbit,,Spacecraft engaged in practical applications and uses of space technology such as weather or communications,------,
2024-243L,,USA 451 ,USA,12/17/2024,,Yes,ST/SG/SER.E/1249,,in orbit,,Spacecraft engaged in practical applications and uses of space technology such as weather or communications,------,
2024-243E,,USA 445 ,USA,12/17/2024,,Yes,ST/SG/SER.E/1249,,in orbit,,Spacecraft engaged in practical applications and uses of space technology such as weather or communications,------,
2024-244B,62363,MP08 [O3B MPOWER F8],United Kingdom,12/17/2024,,Yes,ST/SG/SER.E/1251,,in orbit,,Connectivity,------,
2024-244A,62362,MP07 [O3B MPOWER F7],United Kingdom,12/17/2024,,Yes,ST/SG/SER.E/1251,,in orbit,,Connectivity,------,
[2024-240A],, [HULIANGWANG DIGUI-01],[China],[2024-12-16],,No,,,[in orbit],,------,Not registered with the United Nations.,
[2024-240E],, [HULIANGWANG DIGUI-05],[China],[2024-12-16],,No,,,[in orbit],,------,Not registered with the United Nations.,
[2024-240F],, [HULIANGWANG DIGUI-06],[China],[2024-12-16],,No,,,[in orbit],,------,Not registered with the United Nations.,
[2024-240B],, [HULIANGWANG DIGUI-02],[China],[2024-12-16],,No,,,[in orbit],,------,Not registered with the United Nations.,
[2024-240C],, [HULIANGWANG DIGUI-03],[China],[2024-12-16],,No,,,[in orbit],,------,Not registered with the United Nations.,
[2024-240D],, [HULIANGWANG DIGUI-04],[China],[2024-12-16],,No,,,[in orbit],,------,Not registered with the United Nations.,
[2024-240G],, [HULIANGWANG DIGUI-07],[China],[2024-12-16],,No,,,[in orbit],,------,Not registered with the United Nations.,
[2024-240H],, [HULIANGWANG DIGUI-08],[China],[2024-12-16],,No,,,[in orbit],,------,Not registered with the United Nations.,
[2024-240J],, [HULIANGWANG DIGUI-09],[China],[2024-12-16],,No,,,[in orbit],,------,Not registered with the United Nations.,
[2024-240K],, [HULIANGWANG DIGUI-10],[China],[2024-12-16],,No,,,[in orbit],,------,Not registered with the United Nations.,
[2024-241A],, [PIESAT 2 09],[China],[2024-12-16],,No,,,[in orbit],,------,Not registered with the United Nations. Date of launch is 2024-12-16 using UTC.,
[2024-241B],, [PIESAT 2 10],[China],[2024-12-16],,No,,,[in orbit],,------,Not registered with the United Nations. Date of launch is 2024-12-16 using UTC.,
[2024-241C],, [PIESAT 2 11],[China],[2024-12-16],,No,,,[in orbit],,------,Not registered with the United Nations. Date of launch is 2024-12-16 using UTC.,
[2024-241D],, [PIESAT 2 12],[China],[2024-12-16],,No,,,[in orbit],,------,Not registered with the United Nations. Date of launch is 2024-12-16 using UTC.,
2024-239P,,Starlink-32651 ,USA,12/13/2024,,Yes,ST/SG/SER.E/1249,,in orbit,,Spacecraft engaged in practical applications and uses of space technology such as weather or communications,------,
2024-239K,,Starlink-32696 ,USA,12/13/2024,,Yes,ST/SG/SER.E/1249,,in orbit,,Spacecraft engaged in practical applications and uses of space technology such as weather or communications,------,
2024-239L,,Starlink-32700 ,USA,12/13/2024,,Yes,ST/SG/SER.E/1249,,in orbit,,Spacecraft engaged in practical applications and uses of space technology such as weather or communications,------,
2024-239J,,Starlink-32678 ,USA,12/13/2024,,Yes,ST/SG/SER.E/1249,,in orbit,,Spacecraft engaged in practical applications and uses of space technology such as weather or communications,------,
2024-239M,,Starlink-32698 ,USA,12/13/2024,,Yes,ST/SG/SER.E/1249,,in orbit,,Spacecraft engaged in practical applications and uses of space technology such as weather or communications,------,
2024-239N,,Starlink-32634 ,USA,12/13/2024,,Yes,ST/SG/SER.E/1249,,in orbit,,Spacecraft engaged in practical applications and uses of space technology such as weather or communications,------,
2024-239R,,Starlink-32597 ,USA,12/13/2024,,Yes,ST/SG/SER.E/1249,,in orbit,,Spacecraft engaged in practical applications and uses of space technology such as weather or communications,------,
2024-239H,,Starlink-32706 ,USA,12/13/2024,,Yes,ST/SG/SER.E/1249,,in orbit,,Spacecraft engaged in practical applications and uses of space technology such as weather or communications,------,
2024-239Q,,Starlink-32627 ,USA,12/13/2024,,Yes,ST/SG/SER.E/1249,,in orbit,,Spacecraft engaged in practical applications and uses of space technology such as weather or communications,------,
2024-239C,,Starlink-32621 ,USA,12/13/2024,,Yes,ST/SG/SER.E/1249,,in orbit,,Spacecraft engaged in practical applications and uses of space technology such as weather or communications,------,
2024-239A,,Starlink-32648 ,USA,12/13/2024,,Yes,ST/SG/SER.E/1249,,in orbit,,Spacecraft engaged in practical applications and uses of space technology such as weather or communications,------,
2024-239D,,Starlink-32597 ,USA,12/13/2024,,Yes,ST/SG/SER.E/1249,,in orbit,,Spacecraft engaged in practical applications and uses of space technology such as weather or communications,------,
2024-239G,,Starlink-32646 ,USA,12/13/2024,,Yes,ST/SG/SER.E/1249,,in orbit,,Spacecraft engaged in practical applications and uses of space technology such as weather or communications,------,
2024-239E,,Starlink-32649 ,USA,12/13/2024,,Yes,ST/SG/SER.E/1249,,in orbit,,Spacecraft engaged in practical applications and uses of space technology such as weather or communications,------,
2024-239B,,Starlink-32594 ,USA,12/13/2024,,Yes,ST/SG/SER.E/1249,,in orbit,,Spacecraft engaged in practical applications and uses of space technology such as weather or communications,------,
2024-239F,,Starlink-32633 ,USA,12/13/2024,,Yes,ST/SG/SER.E/1249,,in orbit,,Spacecraft engaged in practical applications and uses of space technology such as weather or communications,------,
2024-239U,,Starlink-32577 ,USA,12/13/2024,,Yes,ST/SG/SER.E/1249,,in orbit,,Spacecraft engaged in practical applications and uses of space technology such as weather or communications,------,
2024-239W,,Starlink-32645 ,USA,12/13/2024,,Yes,ST/SG/SER.E/1249,,in orbit,,Spacecraft engaged in practical applications and uses of space technology such as weather or communications,------,
2024-239X,,Starlink-32654 ,USA,12/13/2024,,Yes,ST/SG/SER.E/1249,,in orbit,,Spacecraft engaged in practical applications and uses of space technology such as weather or communications,------,
2024-239T,,Starlink-32576 ,USA,12/13/2024,,Yes,ST/SG/SER.E/1249,,in orbit,,Spacecraft engaged in practical applications and uses of space technology such as weather or communications,------,
2024-239V,,Starlink-32481 ,USA,12/13/2024,,Yes,ST/SG/SER.E/1249,,in orbit,,Spacecraft engaged in practical applications and uses of space technology such as weather or communications,------,
2024-239S,,Starlink-32519 ,USA,12/13/2024,,Yes,ST/SG/SER.E/1249,,in orbit,,Spacecraft engaged in practical applications and uses of space technology such as weather or communications,------,
[2024-238A],, [GJZ 01],[China],[2024-12-12],,No,,,[in orbit],,------,Not registered with the United Nations.,
[2024-238B],, [GJZ 02],[China],[2024-12-12],,No,,,[in orbit],,------,Not registered with the United Nations.,
[2024-238C],, [GJZ 03],[China],[2024-12-12],,No,,,[in orbit],,------,Not registered with the United Nations.,
[2024-238D],, [GJZ 04],[China],[2024-12-12],,No,,,[in orbit],,------,Not registered with the United Nations.,
[2024-238E],, [GJZ 05],[China],[2024-12-12],,No,,,[in orbit],,------,Not registered with the United Nations.,
[1998-067XB],, [YODAKA],[(for Japan)],[2024-12-09],,No,,,[decayed],[2025-02-28],------,Not registered with the United Nations. Date of launch is date of deployment from the ISS.,
1998-067XC,,LIGNOSAT ,Japan,12/9/2024,,Yes,ST/SG/SER.E/1292,ST/SG/SER.E/1292,[decayed],2025-00-4-04,------,The registration submission for this space object is presently being processed by the United Nations Secretariat. International Designator provided by the State of registry. Date of launch is date of deployment from the ISS.,
1998-067XD,,DENDEN-01 ,Japan,12/9/2024,,Yes,ST/SG/SER.E/1292,ST/SG/SER.E/1292,decayed,3/11/2025,The DENDEN-01 CubeSat demonstrates novel power technologies for future nanosatellites,The registration submission for this space object is presently being processed by the United Nations Secretariat. International Designator pending assignment. Date of launch is date of deployment from the ISS.,Link
1998-067XF,,ONGLAISAT ,Japan,12/9/2024,,Yes,ST/SG/SER.E/1292,ST/SG/SER.E/1292,[decayed],3/4/2025,------,The registration submission for this space object is presently being processed by the United Nations Secretariat. Date of launch is date of deployment from the ISS.,Link
1998-067XE,,YOMOGI ,Japan,12/9/2024,,Yes,ST/SG/SER.E/1292,,[decayed],4/1/2025,------,The registration submission for this space object is presently being processed by the United Nations Secretariat. International Designator provided by the State of registry. Date of launch is date of deployment from the ISS.,
2024-237D,,Starlink-11479 ,USA,12/8/2024,,Yes,ST/SG/SER.E/1249,,in orbit,,Spacecraft engaged in practical applications and uses of space technology such as weather or communications,------,
2024-237G,,Starlink-11333 ,USA,12/8/2024,,Yes,ST/SG/SER.E/1249,,in orbit,,Spacecraft engaged in practical applications and uses of space technology such as weather or communications,------,
2024-237C,,Starlink-11491 ,USA,12/8/2024,,Yes,ST/SG/SER.E/1249,,in orbit,,Spacecraft engaged in practical applications and uses of space technology such as weather or communications,------,
2024-237J,,Starlink-11495 ,USA,12/8/2024,,Yes,ST/SG/SER.E/1249,,in orbit,,Spacecraft engaged in practical applications and uses of space technology such as weather or communications,------,
2024-237K,,Starlink-11498 ,USA,12/8/2024,,Yes,ST/SG/SER.E/1249,,in orbit,,Spacecraft engaged in practical applications and uses of space technology such as weather or communications,------,
2024-237L,,Starlink-11484 ,USA,12/8/2024,,Yes,ST/SG/SER.E/1249,,in orbit,,Spacecraft engaged in practical applications and uses of space technology such as weather or communications,------,
2024-237E,,Starlink-11489 ,USA,12/8/2024,,Yes,ST/SG/SER.E/1249,,in orbit,,Spacecraft engaged in practical applications and uses of space technology such as weather or communications,------,
2024-237F,,Starlink-11494 ,USA,12/8/2024,,Yes,ST/SG/SER.E/1249,,in orbit,,Spacecraft engaged in practical applications and uses of space technology such as weather or communications,------,
2024-237H,,Starlink-11504 ,USA,12/8/2024,,Yes,ST/SG/SER.E/1249,,in orbit,,Spacecraft engaged in practical applications and uses of space technology such as weather or communications,------,
2024-237W,,Starlink-33546 ,USA,12/8/2024,,Yes,ST/SG/SER.E/1249,,in orbit,,Spacecraft engaged in practical applications and uses of space technology such as weather or communications,------,
2024-237X,,Starlink-33565 ,USA,12/8/2024,,Yes,ST/SG/SER.E/1249,,in orbit,,Spacecraft engaged in practical applications and uses of space technology such as weather or communications,------,
2024-237Y,,Starlink-33549 ,USA,12/8/2024,,Yes,ST/SG/SER.E/1249,,in orbit,,Spacecraft engaged in practical applications and uses of space technology such as weather or communications,------,
2024-237M,,Starlink-11487 ,USA,12/8/2024,,Yes,ST/SG/SER.E/1249,,in orbit,,Spacecraft engaged in practical applications and uses of space technology such as weather or communications,------,
2024-237N,,Starlink-11499 ,USA,12/8/2024,,Yes,ST/SG/SER.E/1249,,in orbit,,Spacecraft engaged in practical applications and uses of space technology such as weather or communications,------,
2024-237P,,Starlink-33548 ,USA,12/8/2024,,Yes,ST/SG/SER.E/1249,,in orbit,,Spacecraft engaged in practical applications and uses of space technology such as weather or communications,------,
2024-237T,,Starlink-33563 ,USA,12/8/2024,,Yes,ST/SG/SER.E/1249,,in orbit,,Spacecraft engaged in practical applications and uses of space technology such as weather or communications,------,
2024-237V,,Starlink-33564 ,USA,12/8/2024,,Yes,ST/SG/SER.E/1249,,in orbit,,Spacecraft engaged in practical applications and uses of space technology such as weather or communications,------,
2024-237R,,Starlink-33560 ,USA,12/8/2024,,Yes,ST/SG/SER.E/1249,,in orbit,,Spacecraft engaged in practical applications and uses of space technology such as weather or communications,------,
2024-237U,,Starlink-33550 ,USA,12/8/2024,,Yes,ST/SG/SER.E/1249,,in orbit,,Spacecraft engaged in practical applications and uses of space technology such as weather or communications,------,
2024-237Q,,Starlink-33544 ,USA,12/8/2024,,Yes,ST/SG/SER.E/1249,,in orbit,,Spacecraft engaged in practical applications and uses of space technology such as weather or communications,------,
2024-237S,,Starlink-33547 ,USA,12/8/2024,,Yes,ST/SG/SER.E/1249,,in orbit,,Spacecraft engaged in practical applications and uses of space technology such as weather or communications,------,
2024-237A,,Starlink-11496 ,USA,12/8/2024,,Yes,ST/SG/SER.E/1249,,in orbit,,Spacecraft engaged in practical applications and uses of space technology such as weather or communications,------,
2024-237B,,Starlink-11501 ,USA,12/8/2024,,Yes,ST/SG/SER.E/1249,,in orbit,,Spacecraft engaged in practical applications and uses of space technology such as weather or communications,------,
[2024-236*],, [FAKHR 1],[Iran (Islamic Republic of)],[2024-12-06],,No,,,[in orbit],,------,Not registered with the United Nations. International Designator pending assignment.,
[2024-236*],, [SAMAN 1],[Iran (Islamic Republic of)],[2024-12-06],,No,,,[in orbit],,------,Not registered with the United Nations. International Designator pending assignment.,
[2024-236*],, [IRAN],[Iran (Islamic Republic of)],[2024-12-06],,No,,,[in orbit],,------,Not registered with the United Nations. International Designator pending assignment.,
[2024-233A],, [PROBA 3],[(for ESA)],[2024-12-05],,No,,,[in orbit],,------,Not registered with the United Nations.,
[2024-235A],, [SENTINEL 1C],[ESA],[2024-12-05],,No,,ST/SG/SER.E/1273,[in orbit],,------,Not registered with the United Nations. Mentioned by France in ST/SG/SER.E/1273.,
2024-231S,,Starlink-32652 ,USA,12/5/2024,,Yes,ST/SG/SER.E/1249,,in orbit,,Spacecraft engaged in practical applications and uses of space technology such as weather or communications,Date of launch is 2024-12-05 using UTC.,
2024-231R,,Starlink-32643 ,USA,12/5/2024,,Yes,ST/SG/SER.E/1249,,in orbit,,Spacecraft engaged in practical applications and uses of space technology such as weather or communications,Date of launch is 2024-12-05 using UTC.,
2024-231U,,Starlink-32641 ,USA,12/5/2024,,Yes,ST/SG/SER.E/1249,,in orbit,,Spacecraft engaged in practical applications and uses of space technology such as weather or communications,Date of launch is 2024-12-05 using UTC.,
2024-231V,,Starlink-32632 ,USA,12/5/2024,,Yes,ST/SG/SER.E/1249,,in orbit,,Spacecraft engaged in practical applications and uses of space technology such as weather or communications,Date of launch is 2024-12-05 using UTC.,
2024-231T,,Starlink-32631 ,USA,12/5/2024,,Yes,ST/SG/SER.E/1249,,in orbit,,Spacecraft engaged in practical applications and uses of space technology such as weather or communications,Date of launch is 2024-12-05 using UTC.,
2024-231C,,Starlink-11466 ,USA,12/5/2024,,Yes,ST/SG/SER.E/1249,,in orbit,,Spacecraft engaged in practical applications and uses of space technology such as weather or communications,Date of launch is 2024-12-05 using UTC.,
2024-231D,,Starlink-11468 ,USA,12/5/2024,,Yes,ST/SG/SER.E/1249,,in orbit,,Spacecraft engaged in practical applications and uses of space technology such as weather or communications,Date of launch is 2024-12-05 using UTC.,
2024-231E,,Starlink-11488 ,USA,12/5/2024,,Yes,ST/SG/SER.E/1249,,in orbit,,Spacecraft engaged in practical applications and uses of space technology such as weather or communications,Date of launch is 2024-12-05 using UTC.,
2024-231B,,Starlink-11490 ,USA,12/5/2024,,Yes,ST/SG/SER.E/1249,,in orbit,,Spacecraft engaged in practical applications and uses of space technology such as weather or communications,Date of launch is 2024-12-05 using UTC.,
2024-231F,,Starlink-11483 ,USA,12/5/2024,,Yes,ST/SG/SER.E/1249,,in orbit,,Spacecraft engaged in practical applications and uses of space technology such as weather or communications,Date of launch is 2024-12-05 using UTC.,
2024-231A,,Starlink-11394 ,USA,12/5/2024,,Yes,ST/SG/SER.E/1249,,in orbit,,Spacecraft engaged in practical applications and uses of space technology such as weather or communications,Date of launch is 2024-12-05 using UTC.,
2024-231L,,Starlink-11476 ,USA,12/5/2024,,Yes,ST/SG/SER.E/1249,,in orbit,,Spacecraft engaged in practical applications and uses of space technology such as weather or communications,Date of launch is 2024-12-05 using UTC.,
2024-231J,,Starlink-11475 ,USA,12/5/2024,,Yes,ST/SG/SER.E/1249,,in orbit,,Spacecraft engaged in practical applications and uses of space technology such as weather or communications,Date of launch is 2024-12-05 using UTC.,
2024-231G,,Starlink-11492 ,USA,12/5/2024,,Yes,ST/SG/SER.E/1249,,in orbit,,Spacecraft engaged in practical applications and uses of space technology such as weather or communications,Date of launch is 2024-12-05 using UTC.,
2024-231H,,Starlink-11471 ,USA,12/5/2024,,Yes,ST/SG/SER.E/1249,,in orbit,,Spacecraft engaged in practical applications and uses of space technology such as weather or communications,Date of launch is 2024-12-05 using UTC.,
2024-231K,,Starlink-11469 ,USA,12/5/2024,,Yes,ST/SG/SER.E/1249,,in orbit,,Spacecraft engaged in practical applications and uses of space technology such as weather or communications,Date of launch is 2024-12-05 using UTC.,
2024-231N,,Starlink-11481 ,USA,12/5/2024,,Yes,ST/SG/SER.E/1249,,in orbit,,Spacecraft engaged in practical applications and uses of space technology such as weather or communications,Date of launch is 2024-12-05 using UTC.,
2024-231M,,Starlink-11485 ,USA,12/5/2024,,Yes,ST/SG/SER.E/1249,,in orbit,,Spacecraft engaged in practical applications and uses of space technology such as weather or communications,Date of launch is 2024-12-05 using UTC.,
2024-231P,,Starlink-32650 ,USA,12/5/2024,,Yes,ST/SG/SER.E/1249,,in orbit,,Spacecraft engaged in practical applications and uses of space technology such as weather or communications,Date of launch is 2024-12-05 using UTC.,
2024-231Q,,Starlink-32636 ,USA,12/5/2024,,Yes,ST/SG/SER.E/1249,,in orbit,,Spacecraft engaged in practical applications and uses of space technology such as weather or communications,Date of launch is 2024-12-05 using UTC.,
2024-234A,,Sirius XM-9 [(SXM 9)],USA,12/5/2024,,Yes,ST/SG/SER.E/1249,,in GSO,,Spacecraft engaged in practical applications and uses of space technology such as weather or communications,------,
[2024-232J],, [QIANFAN 44],[China],[2024-12-05],,No,,,[in orbit],,------,Not registered with the United Nations.,
[2024-232K],, [QIANFAN 45],[China],[2024-12-05],,No,,,[in orbit],,------,Not registered with the United Nations.,
[2024-232U],, [QIANFAN 54],[China],[2024-12-05],,No,,,[in orbit],,------,Not registered with the United Nations.,
[2024-232L],, [QIANFAN 46],[China],[2024-12-05],,No,,,[in orbit],,------,Not registered with the United Nations.,
[2024-232M],, [QIANFAN 47],[China],[2024-12-05],,No,,,[in orbit],,------,Not registered with the United Nations.,
[2024-232N],, [QIANFAN 48],[China],[2024-12-05],,No,,,[in orbit],,------,Not registered with the United Nations.,
[2024-232P],, [QIANFAN 49],[China],[2024-12-05],,No,,,[in orbit],,------,Not registered with the United Nations.,
[2024-232Q],, [QIANFAN 50],[China],[2024-12-05],,No,,,[in orbit],,------,Not registered with the United Nations.,
[2024-232H],, [QIANFAN 43],[China],[2024-12-05],,No,,,[in orbit],,------,Not registered with the United Nations.,
[2024-232T],, [QIANFAN 53],[China],[2024-12-05],,No,,,[in orbit],,------,Not registered with the United Nations.,
[2024-232R],, [QIANFAN 51],[China],[2024-12-05],,No,,,[in orbit],,------,Not registered with the United Nations.,
[2024-232S],, [QIANFAN 52],[China],[2024-12-05],,No,,,[in orbit],,------,Not registered with the United Nations.,
[2024-232D],, [QIANFAN 39],[China],[2024-12-05],,No,,,[in orbit],,------,Not registered with the United Nations.,
[2024-232B],, [QIANFAN 37],[China],[2024-12-05],,No,,,[in orbit],,------,Not registered with the United Nations.,
[2024-232C],, [QIANFAN 38],[China],[2024-12-05],,No,,,[in orbit],,------,Not registered with the United Nations.,
[2024-232E],, [QIANFAN 40],[China],[2024-12-05],,No,,,[in orbit],,------,Not registered with the United Nations.,
[2024-232F],, [QIANFAN 41],[China],[2024-12-05],,No,,,[in orbit],,------,Not registered with the United Nations.,
[2024-232G],, [QIANFAN 42],[China],[2024-12-05],,No,,,[in orbit],,------,Not registered with the United Nations.,
[2024-228A],, [HAISHAO 1],[China],[2024-12-04],,No,,,[in orbit],,------,Not registered with the United Nations.,
[2024-230A],3792-2024-016,Cosmos-2580 ,Russian Federation,12/4/2024,,Yes,ST/SG/SER.E/1246,,in orbit,,Intended for assignments on behalf of the Ministry of Defence of the Russian Federation,The registration submission for this space object is presently being processed by the United Nations Secretariat.,
2024-229D,,Starlink-32672 ,USA,12/4/2024,,Yes,ST/SG/SER.E/1249,,in orbit,,Spacecraft engaged in practical applications and uses of space technology such as weather or communications,------,
2024-229C,,Starlink-32684 ,USA,12/4/2024,,Yes,ST/SG/SER.E/1249,,in orbit,,Spacecraft engaged in practical applications and uses of space technology such as weather or communications,------,
2024-229B,,Starlink-32688 ,USA,12/4/2024,,Yes,ST/SG/SER.E/1249,,in orbit,,Spacecraft engaged in practical applications and uses of space technology such as weather or communications,------,
2024-229A,,Starlink-32686 ,USA,12/4/2024,,Yes,ST/SG/SER.E/1249,,in orbit,,Spacecraft engaged in practical applications and uses of space technology such as weather or communications,------,
2024-229P,,Starlink-32660 ,USA,12/4/2024,,Yes,ST/SG/SER.E/1249,,in orbit,,Spacecraft engaged in practical applications and uses of space technology such as weather or communications,------,
2024-229X,,Starlink-32669 ,USA,12/4/2024,,Yes,ST/SG/SER.E/1249,,in orbit,,Spacecraft engaged in practical applications and uses of space technology such as weather or communications,------,
2024-229V,,Starlink-32642 ,USA,12/4/2024,,Yes,ST/SG/SER.E/1249,,in orbit,,Spacecraft engaged in practical applications and uses of space technology such as weather or communications,------,
2024-229W,,Starlink-32668 ,USA,12/4/2024,,Yes,ST/SG/SER.E/1249,,in orbit,,Spacecraft engaged in practical applications and uses of space technology such as weather or communications,------,
2024-229U,,Starlink-32670 ,USA,12/4/2024,,Yes,ST/SG/SER.E/1249,,in orbit,,Spacecraft engaged in practical applications and uses of space technology such as weather or communications,------,
2024-229Q,,Starlink-32448 ,USA,12/4/2024,,Yes,ST/SG/SER.E/1249,,in orbit,,Spacecraft engaged in practical applications and uses of space technology such as weather or communications,------,
2024-229T,,Starlink-32671 ,USA,12/4/2024,,Yes,ST/SG/SER.E/1249,,in orbit,,Spacecraft engaged in practical applications and uses of space technology such as weather or communications,------,
2024-229R,,Starlink-32430 ,USA,12/4/2024,,Yes,ST/SG/SER.E/1249,,in orbit,,Spacecraft engaged in practical applications and uses of space technology such as weather or communications,------,
2024-229S,,Starlink-32675 ,USA,12/4/2024,,Yes,ST/SG/SER.E/1249,,in orbit,,Spacecraft engaged in practical applications and uses of space technology such as weather or communications,------,
2024-229N,,Starlink-32664 ,USA,12/4/2024,,Yes,ST/SG/SER.E/1249,,in orbit,,Spacecraft engaged in practical applications and uses of space technology such as weather or communications,------,
2024-229L,,Starlink-32655 ,USA,12/4/2024,,Yes,ST/SG/SER.E/1249,,in orbit,,Spacecraft engaged in practical applications and uses of space technology such as weather or communications,------,
2024-229G,,Starlink-32640 ,USA,12/4/2024,,Yes,ST/SG/SER.E/1249,,in orbit,,Spacecraft engaged in practical applications and uses of space technology such as weather or communications,------,
2024-229H,,Starlink-32653 ,USA,12/4/2024,,Yes,ST/SG/SER.E/1249,,in orbit,,Spacecraft engaged in practical applications and uses of space technology such as weather or communications,------,
2024-229J,,Starlink-32647 ,USA,12/4/2024,,Yes,ST/SG/SER.E/1249,,in orbit,,Spacecraft engaged in practical applications and uses of space technology such as weather or communications,------,
2024-229K,,Starlink-32667 ,USA,12/4/2024,,Yes,ST/SG/SER.E/1249,,in orbit,,Spacecraft engaged in practical applications and uses of space technology such as weather or communications,------,
2024-229M,,Starlink-32665 ,USA,12/4/2024,,Yes,ST/SG/SER.E/1249,,in orbit,,Spacecraft engaged in practical applications and uses of space technology such as weather or communications,------,
2024-229F,,Starlink-32663 ,USA,12/4/2024,,Yes,ST/SG/SER.E/1249,,in orbit,,Spacecraft engaged in practical applications and uses of space technology such as weather or communications,------,
2024-229E,,Starlink-32682 ,USA,12/4/2024,,Yes,ST/SG/SER.E/1249,,in orbit,,Spacecraft engaged in practical applications and uses of space technology such as weather or communications,------,
2024-229Z,,Starlink-32662 ,USA,12/4/2024,,Yes,ST/SG/SER.E/1249,,in orbit,,Spacecraft engaged in practical applications and uses of space technology such as weather or communications,------,
2024-229Y,,Starlink-32666 ,USA,12/4/2024,,Yes,ST/SG/SER.E/1249,,in orbit,,Spacecraft engaged in practical applications and uses of space technology such as weather or communications,------,
[2024-227A],, [TJS 13],[China],[2024-12-03],,No,,,[in GSO],,------,Not registered with the United Nations.,
[2024-226A],, [CHINA],[China],[2024-11-30],,No,,,[in orbit],,------,Not registered with the United Nations.,
[2024-226B],, [CHINA],[China],[2024-11-30],,No,,,[in orbit],,------,Not registered with the United Nations.,
2024-225K,,Starlink-32407 ,USA,11/30/2024,,Yes,ST/SG/SER.E/1242,,in orbit,,Spacecraft engaged in practical applications and uses of space technology such as weather or communications,------,
2024-225M,,Starlink-32552 ,USA,11/30/2024,,Yes,ST/SG/SER.E/1242,,in orbit,,Spacecraft engaged in practical applications and uses of space technology such as weather or communications,------,
2024-225J,,Starlink-32257 ,USA,11/30/2024,,Yes,ST/SG/SER.E/1242,,in orbit,,Spacecraft engaged in practical applications and uses of space technology such as weather or communications,------,
2024-225Q,,Starlink-32542 ,USA,11/30/2024,,Yes,ST/SG/SER.E/1242,,in orbit,,Spacecraft engaged in practical applications and uses of space technology such as weather or communications,------,
2024-225P,,Starlink-32516 ,USA,11/30/2024,,Yes,ST/SG/SER.E/1242,,in orbit,,Spacecraft engaged in practical applications and uses of space technology such as weather or communications,------,
2024-225L,,Starlink-32575 ,USA,11/30/2024,,Yes,ST/SG/SER.E/1242,,in orbit,,Spacecraft engaged in practical applications and uses of space technology such as weather or communications,------,
2024-225N,,Starlink-32534 ,USA,11/30/2024,,Yes,ST/SG/SER.E/1242,,in orbit,,Spacecraft engaged in practical applications and uses of space technology such as weather or communications,------,
2024-225R,,Starlink-32600 ,USA,11/30/2024,,Yes,ST/SG/SER.E/1242,,in orbit,,Spacecraft engaged in practical applications and uses of space technology such as weather or communications,------,
2024-225H,,Starlink-32538 ,USA,11/30/2024,,Yes,ST/SG/SER.E/1242,,in orbit,,Spacecraft engaged in practical applications and uses of space technology such as weather or communications,------,
2024-224K,,Starlink-32479 ,USA,11/30/2024,,Yes,ST/SG/SER.E/1242,,in orbit,,Spacecraft engaged in practical applications and uses of space technology such as weather or communications,------,
2024-224M,,Starlink-32629 ,USA,11/30/2024,,Yes,ST/SG/SER.E/1242,,in orbit,,Spacecraft engaged in practical applications and uses of space technology such as weather or communications,------,
2024-224F,,Starlink-32388 ,USA,11/30/2024,,Yes,ST/SG/SER.E/1242,,in orbit,,Spacecraft engaged in practical applications and uses of space technology such as weather or communications,------,
2024-224N,,Starlink-32644 ,USA,11/30/2024,,Yes,ST/SG/SER.E/1242,,in orbit,,Spacecraft engaged in practical applications and uses of space technology such as weather or communications,------,
2024-224H,,Starlink-32384 ,USA,11/30/2024,,Yes,ST/SG/SER.E/1242,,in orbit,,Spacecraft engaged in practical applications and uses of space technology such as weather or communications,------,
2024-224L,,Starlink-32468 ,USA,11/30/2024,,Yes,ST/SG/SER.E/1242,,in orbit,,Spacecraft engaged in practical applications and uses of space technology such as weather or communications,------,
2024-224E,,Starlink-32485 ,USA,11/30/2024,,Yes,ST/SG/SER.E/1242,,in orbit,,Spacecraft engaged in practical applications and uses of space technology such as weather or communications,------,
2024-224J,,Starlink-32295 ,USA,11/30/2024,,Yes,ST/SG/SER.E/1242,,in orbit,,Spacecraft engaged in practical applications and uses of space technology such as weather or communications,------,
2024-224G,,Starlink-32374 ,USA,11/30/2024,,Yes,ST/SG/SER.E/1242,,in orbit,,Spacecraft engaged in practical applications and uses of space technology such as weather or communications,------,
2024-225V,,Starlink-32565 ,USA,11/30/2024,,Yes,ST/SG/SER.E/1242,,in orbit,,Spacecraft engaged in practical applications and uses of space technology such as weather or communications,------,
2024-225W,,Starlink-32589 ,USA,11/30/2024,,Yes,ST/SG/SER.E/1242,,in orbit,,Spacecraft engaged in practical applications and uses of space technology such as weather or communications,------,
2024-225X,,Starlink-32581 ,USA,11/30/2024,,Yes,ST/SG/SER.E/1242,,in orbit,,Spacecraft engaged in practical applications and uses of space technology such as weather or communications,------,
2024-225T,,Starlink-32587 ,USA,11/30/2024,,Yes,ST/SG/SER.E/1242,,in orbit,,Spacecraft engaged in practical applications and uses of space technology such as weather or communications,------,
2024-225S,,Starlink-32584 ,USA,11/30/2024,,Yes,ST/SG/SER.E/1242,,in orbit,,Spacecraft engaged in practical applications and uses of space technology such as weather or communications,------,
2024-225U,,Starlink-32602 ,USA,11/30/2024,,Yes,ST/SG/SER.E/1242,,in orbit,,Spacecraft engaged in practical applications and uses of space technology such as weather or communications,------,
2024-225G,,Starlink-32558 ,USA,11/30/2024,,Yes,ST/SG/SER.E/1242,,in orbit,,Spacecraft engaged in practical applications and uses of space technology such as weather or communications,------,
2024-225E,,Starlink-32506 ,USA,11/30/2024,,Yes,ST/SG/SER.E/1242,,in orbit,,Spacecraft engaged in practical applications and uses of space technology such as weather or communications,------,
2024-225C,,Starlink-32523 ,USA,11/30/2024,,Yes,ST/SG/SER.E/1242,,in orbit,,Spacecraft engaged in practical applications and uses of space technology such as weather or communications,------,
2024-225D,,Starlink-32551 ,USA,11/30/2024,,Yes,ST/SG/SER.E/1242,,in orbit,,Spacecraft engaged in practical applications and uses of space technology such as weather or communications,------,
2024-225F,,Starlink-32562 ,USA,11/30/2024,,Yes,ST/SG/SER.E/1242,,in orbit,,Spacecraft engaged in practical applications and uses of space technology such as weather or communications,------,
2024-224Z,,Starlink-32526 ,USA,11/30/2024,,Yes,ST/SG/SER.E/1242,,in orbit,,Spacecraft engaged in practical applications and uses of space technology such as weather or communications,------,
2024-224Y,,Starlink-32497 ,USA,11/30/2024,,Yes,ST/SG/SER.E/1242,,in orbit,,Spacecraft engaged in practical applications and uses of space technology such as weather or communications,------,
2024-225A,,USA 438 ,USA,11/30/2024,,Yes,ST/SG/SER.E/1242,,in orbit,,Spacecraft engaged in practical applications and uses of space technology such as weather or communications,------,
2024-225B,,USA 439 ,USA,11/30/2024,,Yes,ST/SG/SER.E/1242,,in orbit,,Spacecraft engaged in practical applications and uses of space technology such as weather or communications,------,
2024-224B,,Starlink-32464 ,USA,11/30/2024,,Yes,ST/SG/SER.E/1242,,in orbit,,Spacecraft engaged in practical applications and uses of space technology such as weather or communications,------,
2024-224C,,Starlink-32482 ,USA,11/30/2024,,Yes,ST/SG/SER.E/1242,,in orbit,,Spacecraft engaged in practical applications and uses of space technology such as weather or communications,------,
2024-224D,,Starlink-32454 ,USA,11/30/2024,,Yes,ST/SG/SER.E/1242,,in orbit,,Spacecraft engaged in practical applications and uses of space technology such as weather or communications,------,
2024-224A,,Starlink-32529 ,USA,11/30/2024,,Yes,ST/SG/SER.E/1242,,in orbit,,Spacecraft engaged in practical applications and uses of space technology such as weather or communications,------,
2024-224S,,Starlink-326235 ,USA,11/30/2024,,Yes,ST/SG/SER.E/1242,,in orbit,,Spacecraft engaged in practical applications and uses of space technology such as weather or communications,------,
2024-224R,,Starlink-32625 ,USA,11/30/2024,,Yes,ST/SG/SER.E/1242,,in orbit,,Spacecraft engaged in practical applications and uses of space technology such as weather or communications,------,
2024-224X,,Starlink-32484 ,USA,11/30/2024,,Yes,ST/SG/SER.E/1242,,in orbit,,Spacecraft engaged in practical applications and uses of space technology such as weather or communications,------,
2024-224U,,Starlink-32503 ,USA,11/30/2024,,Yes,ST/SG/SER.E/1242,,in orbit,,Spacecraft engaged in practical applications and uses of space technology such as weather or communications,------,
2024-224P,,Starlink-32623 ,USA,11/30/2024,,Yes,ST/SG/SER.E/1242,,in orbit,,Spacecraft engaged in practical applications and uses of space technology such as weather or communications,------,
2024-224V,,Starlink-32508 ,USA,11/30/2024,,Yes,ST/SG/SER.E/1242,,in orbit,,Spacecraft engaged in practical applications and uses of space technology such as weather or communications,------,
2024-224W,,Starlink-32524 ,USA,11/30/2024,,Yes,ST/SG/SER.E/1242,,in orbit,,Spacecraft engaged in practical applications and uses of space technology such as weather or communications,------,
2024-224T,,Starlink-32532 ,USA,11/30/2024,,Yes,ST/SG/SER.E/1242,,in orbit,,Spacecraft engaged in practical applications and uses of space technology such as weather or communications,------,
2024-224Q,,Starlink-32639 ,USA,11/30/2024,,Yes,ST/SG/SER.E/1242,,in orbit,,Spacecraft engaged in practical applications and uses of space technology such as weather or communications,------,
[2024-223A],3791-2024-15,Kondor-FKA No.2 ,Russian Federation,11/30/2024,,Yes,ST/SG/SER.E/1238,,in orbit,,Monitoring of emergency situations,Date of launch is 2024-11-29 using UTC.,
[2024-221B],, [CHINA],[China],[2024-11-27],,No,,,[in orbit],,------,Not registered with the United Nations.,
[2024-221A],, [CHINA],[China],[2024-11-27],,No,,,[in orbit],,------,Not registered with the United Nations.,
2024-222A,,Starlink-32311 ,USA,11/27/2024,,Yes,ST/SG/SER.E/1242,,in orbit,,Spacecraft engaged in practical applications and uses of space technology such as weather or communications,------,
2024-222C,,Starlink-32502 ,USA,11/27/2024,,Yes,ST/SG/SER.E/1242,,in orbit,,Spacecraft engaged in practical applications and uses of space technology such as weather or communications,------,
2024-222B,,Starlink-32470 ,USA,11/27/2024,,Yes,ST/SG/SER.E/1242,,in orbit,,Spacecraft engaged in practical applications and uses of space technology such as weather or communications,------,
2024-222Z,,Starlink-32570 ,USA,11/27/2024,,Yes,ST/SG/SER.E/1242,,in orbit,,Spacecraft engaged in practical applications and uses of space technology such as weather or communications,------,
2024-222P,,Starlink-32557 ,USA,11/27/2024,,Yes,ST/SG/SER.E/1242,,in orbit,,Spacecraft engaged in practical applications and uses of space technology such as weather or communications,------,
2024-222S,,Starlink-32463 ,USA,11/27/2024,,Yes,ST/SG/SER.E/1242,,in orbit,,Spacecraft engaged in practical applications and uses of space technology such as weather or communications,------,
2024-222V,,Starlink-32245 ,USA,11/27/2024,,Yes,ST/SG/SER.E/1242,,in orbit,,Spacecraft engaged in practical applications and uses of space technology such as weather or communications,------,
2024-222Q,,Starlink-32568 ,USA,11/27/2024,,Yes,ST/SG/SER.E/1242,,in orbit,,Spacecraft engaged in practical applications and uses of space technology such as weather or communications,------,
2024-222T,,Starlink-32550 ,USA,11/27/2024,,Yes,ST/SG/SER.E/1242,,in orbit,,Spacecraft engaged in practical applications and uses of space technology such as weather or communications,------,
2024-222U,,Starlink-32507 ,USA,11/27/2024,,Yes,ST/SG/SER.E/1242,,in orbit,,Spacecraft engaged in practical applications and uses of space technology such as weather or communications,------,
2024-222N,,Starlink-32490 ,USA,11/27/2024,,Yes,ST/SG/SER.E/1242,,in orbit,,Spacecraft engaged in practical applications and uses of space technology such as weather or communications,------,
2024-222R,,Starlink-32462 ,USA,11/27/2024,,Yes,ST/SG/SER.E/1242,,in orbit,,Spacecraft engaged in practical applications and uses of space technology such as weather or communications,------,
2024-222W,,Starlink-32546 ,USA,11/27/2024,,Yes,ST/SG/SER.E/1242,,in orbit,,Spacecraft engaged in practical applications and uses of space technology such as weather or communications,------,
2024-222K,,Starlink-32626 ,USA,11/27/2024,,Yes,ST/SG/SER.E/1242,,in orbit,,Spacecraft engaged in practical applications and uses of space technology such as weather or communications,------,
2024-222G,,Starlink-32548 ,USA,11/27/2024,,Yes,ST/SG/SER.E/1242,,in orbit,,Spacecraft engaged in practical applications and uses of space technology such as weather or communications,------,
2024-222H,,Starlink-32525 ,USA,11/27/2024,,Yes,ST/SG/SER.E/1242,,in orbit,,Spacecraft engaged in practical applications and uses of space technology such as weather or communications,------,
2024-222J,,Starlink-32628 ,USA,11/27/2024,,Yes,ST/SG/SER.E/1242,,in orbit,,Spacecraft engaged in practical applications and uses of space technology such as weather or communications,------,
2024-222M,,Starlink-32488 ,USA,11/27/2024,,Yes,ST/SG/SER.E/1242,,in orbit,,Spacecraft engaged in practical applications and uses of space technology such as weather or communications,------,
2024-222D,,Starlink-32521 ,USA,11/27/2024,,Yes,ST/SG/SER.E/1242,,in orbit,,Spacecraft engaged in practical applications and uses of space technology such as weather or communications,------,
2024-222E,,Starlink-32549 ,USA,11/27/2024,,Yes,ST/SG/SER.E/1242,,in orbit,,Spacecraft engaged in practical applications and uses of space technology such as weather or communications,------,
2024-222L,,Starlink-32608 ,USA,11/27/2024,,Yes,ST/SG/SER.E/1242,,in orbit,,Spacecraft engaged in practical applications and uses of space technology such as weather or communications,------,
2024-222F,,Starlink-32535 ,USA,11/27/2024,,Yes,ST/SG/SER.E/1242,,in orbit,,Spacecraft engaged in practical applications and uses of space technology such as weather or communications,------,
2024-222X,,Starlink-32545 ,USA,11/27/2024,,Yes,ST/SG/SER.E/1242,,in orbit,,Spacecraft engaged in practical applications and uses of space technology such as weather or communications,------,
2024-222Y,,Starlink-32554 ,USA,11/27/2024,,Yes,ST/SG/SER.E/1242,,in orbit,,Spacecraft engaged in practical applications and uses of space technology such as weather or communications,------,
2024-219E,,KINEIS-5B ,France,11/25/2024,,Yes,ST/SG/SER.E/1273,ST/SG/SER.E/1245,in orbit,,Internet of Things (IoT),The registration submission for this space object is presently being processed by the United Nations Secretariat. Mentioned by New Zealand in ST/SG/SER.E/1245.,
2024-219D,,KINEIS-5A ,France,11/25/2024,,Yes,ST/SG/SER.E/1273,ST/SG/SER.E/1245,in orbit,,Internet of Things (IoT),The registration submission for this space object is presently being processed by the United Nations Secretariat. Mentioned by New Zealand in ST/SG/SER.E/1245.,
2024-219A,,KINEIS-5C ,France,11/25/2024,,Yes,ST/SG/SER.E/1273,ST/SG/SER.E/1245,in orbit,,Internet of Things (IoT),The registration submission for this space object is presently being processed by the United Nations Secretariat. Mentioned by New Zealand in ST/SG/SER.E/1245.,
2024-219C,,KINEIS-5E ,France,11/25/2024,,Yes,ST/SG/SER.E/1273,ST/SG/SER.E/1245,in orbit,,Internet of Things (IoT),The registration submission for this space object is presently being processed by the United Nations Secretariat. Mentioned by New Zealand in ST/SG/SER.E/1245.,
2024-219B,,KINEIS-5D ,France,11/25/2024,,Yes,ST/SG/SER.E/1273,ST/SG/SER.E/1245,in orbit,,Internet of Things (IoT),The registration submission for this space object is presently being processed by the United Nations Secretariat. Mentioned by New Zealand in ST/SG/SER.E/1245.,
2024-220C,,Starlink-11387 ,USA,11/25/2024,,Yes,ST/SG/SER.E/1242,,in orbit,,Spacecraft engaged in practical applications and uses of space technology such as weather or communications,------,
2024-220A,,Starlink-11384 ,USA,11/25/2024,,Yes,ST/SG/SER.E/1242,,in orbit,,Spacecraft engaged in practical applications and uses of space technology such as weather or communications,------,
2024-220D,,Starlink-11389 ,USA,11/25/2024,,Yes,ST/SG/SER.E/1242,,in orbit,,Spacecraft engaged in practical applications and uses of space technology such as weather or communications,------,
2024-220E,,Starlink-11388 ,USA,11/25/2024,,Yes,ST/SG/SER.E/1242,,in orbit,,Spacecraft engaged in practical applications and uses of space technology such as weather or communications,------,
2024-220F,,Starlink-11345 ,USA,11/25/2024,,Yes,ST/SG/SER.E/1242,,in orbit,,Spacecraft engaged in practical applications and uses of space technology such as weather or communications,------,
2024-220B,,Starlink-11379 ,USA,11/25/2024,,Yes,ST/SG/SER.E/1242,,in orbit,,Spacecraft engaged in practical applications and uses of space technology such as weather or communications,------,
2024-220K,,Starlink-11367 ,USA,11/25/2024,,Yes,ST/SG/SER.E/1242,,in orbit,,Spacecraft engaged in practical applications and uses of space technology such as weather or communications,------,
2024-220R,,Starlink-33544 ,USA,11/25/2024,,Yes,ST/SG/SER.E/1242,,in orbit,,Spacecraft engaged in practical applications and uses of space technology such as weather or communications,------,
2024-220V,,Starlink-33559 ,USA,11/25/2024,,Yes,ST/SG/SER.E/1242,,in orbit,,Spacecraft engaged in practical applications and uses of space technology such as weather or communications,------,
2024-220Y,,Starlink-33551 ,USA,11/25/2024,,Yes,ST/SG/SER.E/1242,,in orbit,,Spacecraft engaged in practical applications and uses of space technology such as weather or communications,------,
2024-220X,,Starlink-33556 ,USA,11/25/2024,,Yes,ST/SG/SER.E/1242,,in orbit,,Spacecraft engaged in practical applications and uses of space technology such as weather or communications,------,
2024-220U,,Starlink-33557 ,USA,11/25/2024,,Yes,ST/SG/SER.E/1242,,in orbit,,Spacecraft engaged in practical applications and uses of space technology such as weather or communications,------,
2024-220W,,Starlink-33553 ,USA,11/25/2024,,Yes,ST/SG/SER.E/1242,,in orbit,,Spacecraft engaged in practical applications and uses of space technology such as weather or communications,------,
2024-220S,,Starlink-33555 ,USA,11/25/2024,,Yes,ST/SG/SER.E/1242,,in orbit,,Spacecraft engaged in practical applications and uses of space technology such as weather or communications,------,
2024-220H,,Starlink-11369 ,USA,11/25/2024,,Yes,ST/SG/SER.E/1242,,in orbit,,Spacecraft engaged in practical applications and uses of space technology such as weather or communications,------,
2024-220L,,Starlink-11386 ,USA,11/25/2024,,Yes,ST/SG/SER.E/1242,,in orbit,,Spacecraft engaged in practical applications and uses of space technology such as weather or communications,------,
2024-220N,,Starlink-33566 ,USA,11/25/2024,,Yes,ST/SG/SER.E/1242,,in orbit,,Spacecraft engaged in practical applications and uses of space technology such as weather or communications,------,
2024-220J,,Starlink-11303 ,USA,11/25/2024,,Yes,ST/SG/SER.E/1242,,in orbit,,Spacecraft engaged in practical applications and uses of space technology such as weather or communications,------,
2024-220M,,Starlink-11380 ,USA,11/25/2024,,Yes,ST/SG/SER.E/1242,,in orbit,,Spacecraft engaged in practical applications and uses of space technology such as weather or communications,------,
2024-220G,,Starlink-11381 ,USA,11/25/2024,,Yes,ST/SG/SER.E/1242,,in orbit,,Spacecraft engaged in practical applications and uses of space technology such as weather or communications,------,
2024-220Q,,Starlink-33562 ,USA,11/25/2024,,Yes,ST/SG/SER.E/1242,,in orbit,,Spacecraft engaged in practical applications and uses of space technology such as weather or communications,------,
2024-220P,,Starlink-33545 ,USA,11/25/2024,,Yes,ST/SG/SER.E/1242,,in orbit,,Spacecraft engaged in practical applications and uses of space technology such as weather or communications,------,
2024-220T,,Starlink-33542 ,USA,11/25/2024,,Yes,ST/SG/SER.E/1242,,[deorbited],[2025-08-16],Spacecraft engaged in practical applications and uses of space technology such as weather or communications,------,
[2024-218C],, [SIWEI GAOJING-2 04 (SUPERVIEW NEO-2 04)],[China],[2024-11-24],,No,,,[in orbit],,------,Not registered with the United Nations.,
[2024-218B],, [SIWEI GAOJING-2 03 (SUPERVIEW NEO-2 03)],[China],[2024-11-24],,No,,,[in orbit],,------,Not registered with the United Nations.,
2024-217A,,Starlink-11465 ,USA,11/24/2024,,Yes,ST/SG/SER.E/1242,,in orbit,,Spacecraft engaged in practical applications and uses of space technology such as weather or communications,------,
2024-217M,,Starlink-11467 ,USA,11/24/2024,,Yes,ST/SG/SER.E/1242,,in orbit,,Spacecraft engaged in practical applications and uses of space technology such as weather or communications,------,
2024-217N,,Starlink-11460 ,USA,11/24/2024,,Yes,ST/SG/SER.E/1242,,in orbit,,Spacecraft engaged in practical applications and uses of space technology such as weather or communications,------,
2024-217L,,Starlink-11472 ,USA,11/24/2024,,Yes,ST/SG/SER.E/1242,,in orbit,,Spacecraft engaged in practical applications and uses of space technology such as weather or communications,------,
2024-217P,,Starlink-32604 ,USA,11/24/2024,,Yes,ST/SG/SER.E/1242,,in orbit,,Spacecraft engaged in practical applications and uses of space technology such as weather or communications,------,
2024-217T,,Starlink-32619 ,USA,11/24/2024,,Yes,ST/SG/SER.E/1242,,in orbit,,Spacecraft engaged in practical applications and uses of space technology such as weather or communications,------,
2024-217S,,Starlink-32444 ,USA,11/24/2024,,Yes,ST/SG/SER.E/1242,,in orbit,,Spacecraft engaged in practical applications and uses of space technology such as weather or communications,------,
2024-217Q,,Starlink-32553 ,USA,11/24/2024,,Yes,ST/SG/SER.E/1242,,in orbit,,Spacecraft engaged in practical applications and uses of space technology such as weather or communications,------,
2024-217R,,Starlink-32603 ,USA,11/24/2024,,Yes,ST/SG/SER.E/1242,,in orbit,,Spacecraft engaged in practical applications and uses of space technology such as weather or communications,------,
2024-217U,,Starlink-32580 ,USA,11/24/2024,,Yes,ST/SG/SER.E/1242,,in orbit,,Spacecraft engaged in practical applications and uses of space technology such as weather or communications,------,
2024-217K,,Starlink-11463 ,USA,11/24/2024,,Yes,ST/SG/SER.E/1242,,in orbit,,Spacecraft engaged in practical applications and uses of space technology such as weather or communications,------,
2024-217E,,Starlink-11429 ,USA,11/24/2024,,Yes,ST/SG/SER.E/1242,,in orbit,,Spacecraft engaged in practical applications and uses of space technology such as weather or communications,------,
2024-217B,,Starlink-11426 ,USA,11/24/2024,,Yes,ST/SG/SER.E/1242,,in orbit,,Spacecraft engaged in practical applications and uses of space technology such as weather or communications,------,
2024-217G,,Starlink-11427 ,USA,11/24/2024,,Yes,ST/SG/SER.E/1242,,in orbit,,Spacecraft engaged in practical applications and uses of space technology such as weather or communications,------,
2024-217H,,Starlink-11456 ,USA,11/24/2024,,Yes,ST/SG/SER.E/1242,,in orbit,,Spacecraft engaged in practical applications and uses of space technology such as weather or communications,------,
2024-217D,,Starlink-11473 ,USA,11/24/2024,,Yes,ST/SG/SER.E/1242,,in orbit,,Spacecraft engaged in practical applications and uses of space technology such as weather or communications,------,
2024-217C,,Starlink-11454 ,USA,11/24/2024,,Yes,ST/SG/SER.E/1242,,in orbit,,Spacecraft engaged in practical applications and uses of space technology such as weather or communications,------,
2024-217F,,Starlink-11470 ,USA,11/24/2024,,Yes,ST/SG/SER.E/1242,,in orbit,,Spacecraft engaged in practical applications and uses of space technology such as weather or communications,------,
2024-217J,,Starlink-11474 ,USA,11/24/2024,,Yes,ST/SG/SER.E/1242,,in orbit,,Spacecraft engaged in practical applications and uses of space technology such as weather or communications,------,
2024-217V,,Starlink-32617 ,USA,11/24/2024,,Yes,ST/SG/SER.E/1242,,in orbit,,Spacecraft engaged in practical applications and uses of space technology such as weather or communications,------,
2024-216P,,Starlink-32618 ,USA,11/21/2024,,Yes,ST/SG/SER.E/1242,,in orbit,,Spacecraft engaged in practical applications and uses of space technology such as weather or communications,------,
2024-216K,,Starlink-32456 ,USA,11/21/2024,,Yes,ST/SG/SER.E/1242,,in orbit,,Spacecraft engaged in practical applications and uses of space technology such as weather or communications,------,
2024-216J,,Starlink-32510 ,USA,11/21/2024,,Yes,ST/SG/SER.E/1242,,in orbit,,Spacecraft engaged in practical applications and uses of space technology such as weather or communications,------,
2024-216R,,Starlink-32630 ,USA,11/21/2024,,Yes,ST/SG/SER.E/1242,,in orbit,,Spacecraft engaged in practical applications and uses of space technology such as weather or communications,------,
2024-216M,,Starlink-32491 ,USA,11/21/2024,,Yes,ST/SG/SER.E/1242,,in orbit,,Spacecraft engaged in practical applications and uses of space technology such as weather or communications,------,
2024-216N,,Starlink-32577 ,USA,11/21/2024,,Yes,ST/SG/SER.E/1242,,in orbit,,Spacecraft engaged in practical applications and uses of space technology such as weather or communications,------,
2024-216S,,Starlink-32599 ,USA,11/21/2024,,Yes,ST/SG/SER.E/1242,,in orbit,,Spacecraft engaged in practical applications and uses of space technology such as weather or communications,------,
2024-216Q,,Starlink-32598 ,USA,11/21/2024,,Yes,ST/SG/SER.E/1242,,in orbit,,Spacecraft engaged in practical applications and uses of space technology such as weather or communications,------,
2024-216L,,Starlink-32509 ,USA,11/21/2024,,Yes,ST/SG/SER.E/1242,,in orbit,,Spacecraft engaged in practical applications and uses of space technology such as weather or communications,------,
2024-216B,,Starlink-32582 ,USA,11/21/2024,,Yes,ST/SG/SER.E/1242,,in orbit,,Spacecraft engaged in practical applications and uses of space technology such as weather or communications,------,
2024-216C,,Starlink-32615 ,USA,11/21/2024,,Yes,ST/SG/SER.E/1242,,in orbit,,Spacecraft engaged in practical applications and uses of space technology such as weather or communications,------,
2024-216D,,Starlink-32592 ,USA,11/21/2024,,Yes,ST/SG/SER.E/1242,,in orbit,,Spacecraft engaged in practical applications and uses of space technology such as weather or communications,------,
2024-216E,,Starlink-32225 ,USA,11/21/2024,,Yes,ST/SG/SER.E/1242,,in orbit,,Spacecraft engaged in practical applications and uses of space technology such as weather or communications,------,
2024-216F,,Starlink-32595 ,USA,11/21/2024,,Yes,ST/SG/SER.E/1242,,in orbit,,Spacecraft engaged in practical applications and uses of space technology such as weather or communications,------,
2024-216A,,Starlink-32637 ,USA,11/21/2024,,Yes,ST/SG/SER.E/1242,,in orbit,,Spacecraft engaged in practical applications and uses of space technology such as weather or communications,------,
2024-216G,,Starlink-32477 ,USA,11/21/2024,,Yes,ST/SG/SER.E/1242,,in orbit,,Spacecraft engaged in practical applications and uses of space technology such as weather or communications,------,
2024-216H,,Starlink-32480 ,USA,11/21/2024,,Yes,ST/SG/SER.E/1242,,in orbit,,Spacecraft engaged in practical applications and uses of space technology such as weather or communications,------,
2024-216U,,Starlink-32492 ,USA,11/21/2024,,Yes,ST/SG/SER.E/1242,,in orbit,,Spacecraft engaged in practical applications and uses of space technology such as weather or communications,------,
2024-216X,,Starlink-32494 ,USA,11/21/2024,,Yes,ST/SG/SER.E/1242,,in orbit,,Spacecraft engaged in practical applications and uses of space technology such as weather or communications,------,
2024-216V,,Starlink-32496 ,USA,11/21/2024,,Yes,ST/SG/SER.E/1242,,in orbit,,Spacecraft engaged in practical applications and uses of space technology such as weather or communications,------,
2024-216Y,,Starlink-32408 ,USA,11/21/2024,,Yes,ST/SG/SER.E/1242,,in orbit,,Spacecraft engaged in practical applications and uses of space technology such as weather or communications,------,
2024-216W,,Starlink-32495 ,USA,11/21/2024,,Yes,ST/SG/SER.E/1242,,in orbit,,Spacecraft engaged in practical applications and uses of space technology such as weather or communications,------,
2024-216Z,,Starlink-32571 ,USA,11/21/2024,,Yes,ST/SG/SER.E/1242,,in orbit,,Spacecraft engaged in practical applications and uses of space technology such as weather or communications,------,
2024-216T,,Starlink-32473 ,USA,11/21/2024,,Yes,ST/SG/SER.E/1242,,in orbit,,Spacecraft engaged in practical applications and uses of space technology such as weather or communications,------,
[2024-215A],3790-2024-14,Progress MS-29 ,Russian Federation,11/21/2024,,Yes,ST/SG/SER.E/1238,ST/SG/SER.E/1301,deorbited,7/2/2025,"Delivery to the International Space Station of fuel, water, oxygen, air, food, scientific equipment and other consumable materials required for the crew, scientific experiments and operation of the Station",------,
2024-213K,,Starlink-11343 ,USA,11/18/2024,,Yes,ST/SG/SER.E/1242,,in orbit,,Spacecraft engaged in practical applications and uses of space technology such as weather or communications,Date of launch is 2024-11-18 using UTC.,
2024-213C,,Starlink-11326 ,USA,11/18/2024,,Yes,ST/SG/SER.E/1242,,in orbit,,Spacecraft engaged in practical applications and uses of space technology such as weather or communications,Date of launch is 2024-11-18 using UTC.,
2024-213G,,Starlink-11385 ,USA,11/18/2024,,Yes,ST/SG/SER.E/1242,,in orbit,,Spacecraft engaged in practical applications and uses of space technology such as weather or communications,Date of launch is 2024-11-18 using UTC.,
2024-213H,,Starlink-11396 ,USA,11/18/2024,,Yes,ST/SG/SER.E/1242,,in orbit,,Spacecraft engaged in practical applications and uses of space technology such as weather or communications,Date of launch is 2024-11-18 using UTC.,
2024-213F,,Starlink-11377 ,USA,11/18/2024,,Yes,ST/SG/SER.E/1242,,in orbit,,Spacecraft engaged in practical applications and uses of space technology such as weather or communications,Date of launch is 2024-11-18 using UTC.,
2024-213L,,Starlink-11411 ,USA,11/18/2024,,Yes,ST/SG/SER.E/1242,,in orbit,,Spacecraft engaged in practical applications and uses of space technology such as weather or communications,Date of launch is 2024-11-18 using UTC.,
2024-213D,,Starlink-11330 ,USA,11/18/2024,,Yes,ST/SG/SER.E/1242,,in orbit,,Spacecraft engaged in practical applications and uses of space technology such as weather or communications,Date of launch is 2024-11-18 using UTC.,
2024-213J,,Starlink-11393 ,USA,11/18/2024,,Yes,ST/SG/SER.E/1242,,in orbit,,Spacecraft engaged in practical applications and uses of space technology such as weather or communications,Date of launch is 2024-11-18 using UTC.,
2024-213E,,Starlink-11363 ,USA,11/18/2024,,Yes,ST/SG/SER.E/1242,,in orbit,,Spacecraft engaged in practical applications and uses of space technology such as weather or communications,Date of launch is 2024-11-18 using UTC.,
2024-213A,,Starlink-11433 ,USA,11/18/2024,,Yes,ST/SG/SER.E/1242,,in orbit,,Spacecraft engaged in practical applications and uses of space technology such as weather or communications,Date of launch is 2024-11-18 using UTC.,
2024-213B,,Starlink-11262 ,USA,11/18/2024,,Yes,ST/SG/SER.E/1242,,in orbit,,Spacecraft engaged in practical applications and uses of space technology such as weather or communications,Date of launch is 2024-11-18 using UTC.,
2024-213P,,Starlink-32520 ,USA,11/18/2024,,Yes,ST/SG/SER.E/1242,,in orbit,,Spacecraft engaged in practical applications and uses of space technology such as weather or communications,Date of launch is 2024-11-18 using UTC.,
2024-213N,,Starlink-11378 ,USA,11/18/2024,,Yes,ST/SG/SER.E/1242,,in orbit,,Spacecraft engaged in practical applications and uses of space technology such as weather or communications,Date of launch is 2024-11-18 using UTC.,
2024-213R,,Starlink-32334 ,USA,11/18/2024,,Yes,ST/SG/SER.E/1242,,in orbit,,Spacecraft engaged in practical applications and uses of space technology such as weather or communications,Date of launch is 2024-11-18 using UTC.,
2024-213V,,Starlink-32512 ,USA,11/18/2024,,Yes,ST/SG/SER.E/1242,,in orbit,,Spacecraft engaged in practical applications and uses of space technology such as weather or communications,Date of launch is 2024-11-18 using UTC.,
2024-213S,,Starlink-32504 ,USA,11/18/2024,,Yes,ST/SG/SER.E/1242,,in orbit,,Spacecraft engaged in practical applications and uses of space technology such as weather or communications,Date of launch is 2024-11-18 using UTC.,
2024-213T,,Starlink-32493 ,USA,11/18/2024,,Yes,ST/SG/SER.E/1242,,in orbit,,Spacecraft engaged in practical applications and uses of space technology such as weather or communications,Date of launch is 2024-11-18 using UTC.,
2024-213U,,Starlink-32561 ,USA,11/18/2024,,Yes,ST/SG/SER.E/1242,,in orbit,,Spacecraft engaged in practical applications and uses of space technology such as weather or communications,Date of launch is 2024-11-18 using UTC.,
2024-213M,,Starlink-11404 ,USA,11/18/2024,,Yes,ST/SG/SER.E/1242,,in orbit,,Spacecraft engaged in practical applications and uses of space technology such as weather or communications,Date of launch is 2024-11-18 using UTC.,
2024-213Q,,Starlink-32539 ,USA,11/18/2024,,Yes,ST/SG/SER.E/1242,,in orbit,,Spacecraft engaged in practical applications and uses of space technology such as weather or communications,Date of launch is 2024-11-18 using UTC.,
2024-214A,,GSAT N2 ,India,11/18/2024,,Yes,ST/SG/SER.E/1323,,in GSO,,Communication satellite,The registration submission for this space object is presently being processed by the United Nations Secretariat.,
2024-212A,Jul-24,ADS-01 [OPTUS X (TD7)],Australia,11/17/2024,+095 degrees East,Yes,ST/SG/SER.E/1275,,in GSO,,The satellite shall provide the Commonwealth of Australia (CoA) multiband communications over the Indo-Pacific region. The satellite is used for defence communications purposes.,------,
[2024-211A],, [TIANZHOU 8],[China],[2024-11-15],,No,,,[in orbit],,------,Not registered with the United Nations.,
2024-210B,,Starlink-32372 ,USA,11/14/2024,,Yes,ST/SG/SER.E/1242,,in orbit,,Spacecraft engaged in practical applications and uses of space technology such as weather or communications,------,
2024-210C,,Starlink-32542 ,USA,11/14/2024,,Yes,ST/SG/SER.E/1242,,in orbit,,Spacecraft engaged in practical applications and uses of space technology such as weather or communications,------,
2024-210D,,Starlink-32458 ,USA,11/14/2024,,Yes,ST/SG/SER.E/1242,,in orbit,,Spacecraft engaged in practical applications and uses of space technology such as weather or communications,------,
2024-210F,,Starlink-32513 ,USA,11/14/2024,,Yes,ST/SG/SER.E/1242,,in orbit,,Spacecraft engaged in practical applications and uses of space technology such as weather or communications,------,
2024-210G,,Starlink-32514 ,USA,11/14/2024,,Yes,ST/SG/SER.E/1242,,in orbit,,Spacecraft engaged in practical applications and uses of space technology such as weather or communications,------,
2024-210A,,Starlink-32499 ,USA,11/14/2024,,Yes,ST/SG/SER.E/1242,,in orbit,,Spacecraft engaged in practical applications and uses of space technology such as weather or communications,------,
2024-210E,,Starlink-32487 ,USA,11/14/2024,,Yes,ST/SG/SER.E/1242,,in orbit,,Spacecraft engaged in practical applications and uses of space technology such as weather or communications,------,
2024-209U,,Starlink-32359 ,USA,11/14/2024,,Yes,ST/SG/SER.E/1242,,in orbit,,Spacecraft engaged in practical applications and uses of space technology such as weather or communications,------,
2024-209V,,Starlink-32566 ,USA,11/14/2024,,Yes,ST/SG/SER.E/1242,,in orbit,,Spacecraft engaged in practical applications and uses of space technology such as weather or communications,------,
2024-209M,,Starlink-11423 ,USA,11/14/2024,,Yes,ST/SG/SER.E/1242,,in orbit,,Spacecraft engaged in practical applications and uses of space technology such as weather or communications,------,
2024-209S,,Starlink-32583 ,USA,11/14/2024,,Yes,ST/SG/SER.E/1242,,in orbit,,Spacecraft engaged in practical applications and uses of space technology such as weather or communications,------,
2024-209Q,,Starlink-32585 ,USA,11/14/2024,,Yes,ST/SG/SER.E/1242,,in orbit,,Spacecraft engaged in practical applications and uses of space technology such as weather or communications,------,
2024-209K,,Starlink-11414 ,USA,11/14/2024,,Yes,ST/SG/SER.E/1242,,in orbit,,Spacecraft engaged in practical applications and uses of space technology such as weather or communications,------,
2024-209T,,Starlink-32273 ,USA,11/14/2024,,Yes,ST/SG/SER.E/1242,,in orbit,,Spacecraft engaged in practical applications and uses of space technology such as weather or communications,------,
2024-209N,,Starlink-11395 ,USA,11/14/2024,,Yes,ST/SG/SER.E/1242,,in orbit,,Spacecraft engaged in practical applications and uses of space technology such as weather or communications,------,
2024-209P,,Starlink-32572 ,USA,11/14/2024,,Yes,ST/SG/SER.E/1242,,in orbit,,Spacecraft engaged in practical applications and uses of space technology such as weather or communications,------,
2024-209R,,Starlink-32574 ,USA,11/14/2024,,Yes,ST/SG/SER.E/1242,,in orbit,,Spacecraft engaged in practical applications and uses of space technology such as weather or communications,------,
2024-209L,,Starlink-11424 ,USA,11/14/2024,,Yes,ST/SG/SER.E/1242,,in orbit,,Spacecraft engaged in practical applications and uses of space technology such as weather or communications,------,
2024-209E,,Starlink-11425 ,USA,11/14/2024,,Yes,ST/SG/SER.E/1242,,in orbit,,Spacecraft engaged in practical applications and uses of space technology such as weather or communications,------,
2024-209B,,Starlink-11337 ,USA,11/14/2024,,Yes,ST/SG/SER.E/1242,,in orbit,,Spacecraft engaged in practical applications and uses of space technology such as weather or communications,------,
2024-209D,,Starlink-11320 ,USA,11/14/2024,,Yes,ST/SG/SER.E/1242,,in orbit,,Spacecraft engaged in practical applications and uses of space technology such as weather or communications,------,
2024-209G,,Starlink-11421 ,USA,11/14/2024,,Yes,ST/SG/SER.E/1242,,in orbit,,Spacecraft engaged in practical applications and uses of space technology such as weather or communications,------,
2024-209J,,Starlink-11390 ,USA,11/14/2024,,Yes,ST/SG/SER.E/1242,,in orbit,,Spacecraft engaged in practical applications and uses of space technology such as weather or communications,------,
2024-209C,,Starlink-11353 ,USA,11/14/2024,,Yes,ST/SG/SER.E/1242,,in orbit,,Spacecraft engaged in practical applications and uses of space technology such as weather or communications,------,
2024-209F,,Starlink-11422 ,USA,11/14/2024,,Yes,ST/SG/SER.E/1242,,in orbit,,Spacecraft engaged in practical applications and uses of space technology such as weather or communications,------,
2024-209H,,Starlink-11410 ,USA,11/14/2024,,Yes,ST/SG/SER.E/1242,,in orbit,,Spacecraft engaged in practical applications and uses of space technology such as weather or communications,------,
2024-209A,,Starlink-11407 ,USA,11/14/2024,,Yes,ST/SG/SER.E/1242,,in orbit,,Spacecraft engaged in practical applications and uses of space technology such as weather or communications,------,
2024-210X,,Starlink-32517 ,USA,11/14/2024,,Yes,ST/SG/SER.E/1242,,in orbit,,Spacecraft engaged in practical applications and uses of space technology such as weather or communications,------,
2024-210S,,Starlink-32586 ,USA,11/14/2024,,Yes,ST/SG/SER.E/1242,,in orbit,,Spacecraft engaged in practical applications and uses of space technology such as weather or communications,------,
2024-210T,,Starlink-32611 ,USA,11/14/2024,,Yes,ST/SG/SER.E/1242,,in orbit,,Spacecraft engaged in practical applications and uses of space technology such as weather or communications,------,
2024-210V,,Starlink-32606 ,USA,11/14/2024,,Yes,ST/SG/SER.E/1242,,in orbit,,Spacecraft engaged in practical applications and uses of space technology such as weather or communications,------,
2024-210Z,,Starlink-32560 ,USA,11/14/2024,,Yes,ST/SG/SER.E/1242,,in orbit,,Spacecraft engaged in practical applications and uses of space technology such as weather or communications,------,
2024-210U,,Starlink-32607 ,USA,11/14/2024,,Yes,ST/SG/SER.E/1242,,in orbit,,Spacecraft engaged in practical applications and uses of space technology such as weather or communications,------,
2024-210Y,,Starlink-32522 ,USA,11/14/2024,,Yes,ST/SG/SER.E/1242,,in orbit,,Spacecraft engaged in practical applications and uses of space technology such as weather or communications,------,
2024-210W,,Starlink-32578 ,USA,11/14/2024,,Yes,ST/SG/SER.E/1242,,in orbit,,Spacecraft engaged in practical applications and uses of space technology such as weather or communications,------,
2024-210M,,Starlink-32613 ,USA,11/14/2024,,Yes,ST/SG/SER.E/1242,,in orbit,,Spacecraft engaged in practical applications and uses of space technology such as weather or communications,------,
2024-210L,,Starlink-32450 ,USA,11/14/2024,,Yes,ST/SG/SER.E/1242,,in orbit,,Spacecraft engaged in practical applications and uses of space technology such as weather or communications,------,
2024-210R,,Starlink-32593 ,USA,11/14/2024,,Yes,ST/SG/SER.E/1242,,in orbit,,Spacecraft engaged in practical applications and uses of space technology such as weather or communications,------,
2024-210N,,Starlink-32610 ,USA,11/14/2024,,Yes,ST/SG/SER.E/1242,,in orbit,,Spacecraft engaged in practical applications and uses of space technology such as weather or communications,------,
2024-210H,,Starlink-32498 ,USA,11/14/2024,,Yes,ST/SG/SER.E/1242,,in orbit,,Spacecraft engaged in practical applications and uses of space technology such as weather or communications,------,
2024-210J,,Starlink-32518 ,USA,11/14/2024,,Yes,ST/SG/SER.E/1242,,in orbit,,Spacecraft engaged in practical applications and uses of space technology such as weather or communications,------,
2024-210K,,Starlink-32471 ,USA,11/14/2024,,Yes,ST/SG/SER.E/1242,,in orbit,,Spacecraft engaged in practical applications and uses of space technology such as weather or communications,------,
2024-210Q,,Starlink-32601 ,USA,11/14/2024,,Yes,ST/SG/SER.E/1242,,in orbit,,Spacecraft engaged in practical applications and uses of space technology such as weather or communications,------,
2024-210P,,Starlink-32612 ,USA,11/14/2024,,Yes,ST/SG/SER.E/1242,,in orbit,,Spacecraft engaged in practical applications and uses of space technology such as weather or communications,------,
[2024-208A],, [HAIYANG 4A],[China],[2024-11-13],,No,,,[in orbit],,------,Not registered with the United Nations. Date of launch is 2024-11-13 using UTC.,
[2024-205*],, [JILIN 1 GAOFEN],[China],[2024-11-11],,No,,,[in orbit],,------,Not registered with the United Nations. International Designator pending assignment.,
[2024-205*],, [XIGUANG 1],[China],[2024-11-11],,No,,,[in orbit],,------,Not registered with the United Nations. International Designator pending assignment.,
[2024-205*],, [XIGUANG 1],[China],[2024-11-11],,No,,,[in orbit],,------,Not registered with the United Nations. International Designator pending assignment.,
[2024-205*],, [YUNYAO 1],[China],[2024-11-11],,No,,,[in orbit],,------,Not registered with the United Nations. International Designator pending assignment.,
[2024-205*],, [YUNYAO 1],[China],[2024-11-11],,No,,,[in orbit],,------,Not registered with the United Nations. International Designator pending assignment.,
[2024-205*],, [YUNYAO 1],[China],[2024-11-11],,No,,,[in orbit],,------,Not registered with the United Nations. International Designator pending assignment.,
[2024-205*],, [YUNYAO 1],[China],[2024-11-11],,No,,,[in orbit],,------,Not registered with the United Nations. International Designator pending assignment.,
[2024-205*],, [OMAN LENS-1 (OL 1)],[(for Oman)],[2024-11-11],,No,,,[in orbit],,------,Not registered with the United Nations. International Designator pending assignment.,
[2024-205*],, [CHINA],[China],[2024-11-11],,No,,,[in orbit],,------,Not registered with the United Nations. International Designator pending assignment.,
[2024-205*],, [CHINA],[China],[2024-11-11],,No,,,[in orbit],,------,Not registered with the United Nations. International Designator pending assignment.,
[2024-205*],, [YUNYAO 1],[China],[2024-11-11],,No,,,[in orbit],,------,Not registered with the United Nations. International Designator pending assignment.,
[2024-205*],, [JILIN 1],[China],[2024-11-11],,No,,,[in orbit],,------,Not registered with the United Nations. International Designator pending assignment.,
[2024-205*],, [CHINA],[China],[2024-11-11],,No,,,[in orbit],,------,Not registered with the United Nations. International Designator pending assignment.,
[2024-205*],, [CHINA],[China],[2024-11-11],,No,,,[in orbit],,------,Not registered with the United Nations. International Designator pending assignment.,
[2024-205*],, [CHINA],[China],[2024-11-11],,No,,,[in orbit],,------,Not registered with the United Nations. International Designator pending assignment.,
[2024-206A],,KOREASAT 6A ,Republic of Korea,11/11/2024,+116.0 degrees East,Yes,ST/SG/SER.E/1248,,in GSO,,"Broadcasting, satellite communications and radionavigation services",------,
2024-207U,,Starlink-32567 ,USA,11/11/2024,,Yes,ST/SG/SER.E/1242,,in orbit,,Spacecraft engaged in practical applications and uses of space technology such as weather or communications,------,
2024-207P,,Starlink-32536 ,USA,11/11/2024,,Yes,ST/SG/SER.E/1242,,in orbit,,Spacecraft engaged in practical applications and uses of space technology such as weather or communications,------,
2024-207Q,,Starlink-32624 ,USA,11/11/2024,,Yes,ST/SG/SER.E/1242,,in orbit,,Spacecraft engaged in practical applications and uses of space technology such as weather or communications,------,
2024-207S,,Starlink-32620 ,USA,11/11/2024,,Yes,ST/SG/SER.E/1242,,in orbit,,Spacecraft engaged in practical applications and uses of space technology such as weather or communications,------,
2024-207L,,Starlink-32579 ,USA,11/11/2024,,Yes,ST/SG/SER.E/1242,,in orbit,,Spacecraft engaged in practical applications and uses of space technology such as weather or communications,------,
2024-207N,,Starlink-32564 ,USA,11/11/2024,,Yes,ST/SG/SER.E/1242,,in orbit,,Spacecraft engaged in practical applications and uses of space technology such as weather or communications,------,
2024-207T,,Starlink-32609 ,USA,11/11/2024,,Yes,ST/SG/SER.E/1242,,in orbit,,Spacecraft engaged in practical applications and uses of space technology such as weather or communications,------,
2024-207R,,Starlink-32622 ,USA,11/11/2024,,Yes,ST/SG/SER.E/1242,,in orbit,,Spacecraft engaged in practical applications and uses of space technology such as weather or communications,------,
2024-207M,,Starlink-32537 ,USA,11/11/2024,,Yes,ST/SG/SER.E/1242,,in orbit,,Spacecraft engaged in practical applications and uses of space technology such as weather or communications,------,
2024-207B,,Starlink-32434 ,USA,11/11/2024,,Yes,ST/SG/SER.E/1242,,in orbit,,Spacecraft engaged in practical applications and uses of space technology such as weather or communications,------,
2024-207K,,Starlink-32605 ,USA,11/11/2024,,Yes,ST/SG/SER.E/1242,,in orbit,,Spacecraft engaged in practical applications and uses of space technology such as weather or communications,------,
2024-207D,,Starlink-32559 ,USA,11/11/2024,,Yes,ST/SG/SER.E/1242,,in orbit,,Spacecraft engaged in practical applications and uses of space technology such as weather or communications,------,
2024-207J,,Starlink-32616 ,USA,11/11/2024,,Yes,ST/SG/SER.E/1242,,in orbit,,Spacecraft engaged in practical applications and uses of space technology such as weather or communications,------,
2024-207C,,Starlink-32460 ,USA,11/11/2024,,Yes,ST/SG/SER.E/1242,,in orbit,,Spacecraft engaged in practical applications and uses of space technology such as weather or communications,------,
2024-207F,,Starlink-32544 ,USA,11/11/2024,,Yes,ST/SG/SER.E/1242,,in orbit,,Spacecraft engaged in practical applications and uses of space technology such as weather or communications,------,
2024-207H,,Starlink-32547 ,USA,11/11/2024,,Yes,ST/SG/SER.E/1242,,in orbit,,Spacecraft engaged in practical applications and uses of space technology such as weather or communications,------,
2024-207E,,Starlink-32541 ,USA,11/11/2024,,Yes,ST/SG/SER.E/1242,,in orbit,,Spacecraft engaged in practical applications and uses of space technology such as weather or communications,------,
2024-207G,,Starlink-32555 ,USA,11/11/2024,,Yes,ST/SG/SER.E/1242,,in orbit,,Spacecraft engaged in practical applications and uses of space technology such as weather or communications,------,
2024-207A,,Starlink-32303 ,USA,11/11/2024,,Yes,ST/SG/SER.E/1242,,in orbit,,Spacecraft engaged in practical applications and uses of space technology such as weather or communications,------,
2024-207W,,Starlink-32354 ,USA,11/11/2024,,Yes,ST/SG/SER.E/1242,,in orbit,,Spacecraft engaged in practical applications and uses of space technology such as weather or communications,------,
2024-207V,,Starlink-32420 ,USA,11/11/2024,,Yes,ST/SG/SER.E/1242,,in orbit,,Spacecraft engaged in practical applications and uses of space technology such as weather or communications,------,
2024-207Z,,Starlink-32500 ,USA,11/11/2024,,Yes,ST/SG/SER.E/1242,,in orbit,,Spacecraft engaged in practical applications and uses of space technology such as weather or communications,------,
2024-207X,,Starlink-32361 ,USA,11/11/2024,,Yes,ST/SG/SER.E/1242,,in orbit,,Spacecraft engaged in practical applications and uses of space technology such as weather or communications,------,
2024-207Y,,Starlink-32563 ,USA,11/11/2024,,Yes,ST/SG/SER.E/1242,ST/SG/SER.E/1302,[deorbited],6/3/2025,Spacecraft engaged in practical applications and uses of space technology such as weather or communications,------,
[2024-013E],, [CHINA],[China],[2024-11-10],,No,,,[deorbited],[2025-03-18],------,Not registered with the United Nations. Date of launch is date of deployment from TIANZHOU 7 (international designator 2024-013A),
[2024-203*],, [PIESAT 2],[China],[2024-11-09],,No,,,[in orbit],,------,Not registered with the United Nations. International Designator pending assignment.,
[2024-203*],, [PIESAT 2],[China],[2024-11-09],,No,,,[in orbit],,------,Not registered with the United Nations. International Designator pending assignment.,
[2024-203*],, [PIESAT 2],[China],[2024-11-09],,No,,,[in orbit],,------,Not registered with the United Nations. International Designator pending assignment.,
[2024-203*],, [CHINA],[China],[2024-11-09],,No,,,[in orbit],,------,Not registered with the United Nations. International Designator pending assignment.,
2024-204D,,Starlink-11321 ,USA,11/9/2024,,Yes,ST/SG/SER.E/1242,,in orbit,,Spacecraft engaged in practical applications and uses of space technology such as weather or communications,------,
2024-204G,,Starlink-11328 ,USA,11/9/2024,,Yes,ST/SG/SER.E/1242,,in orbit,,Spacecraft engaged in practical applications and uses of space technology such as weather or communications,------,
2024-204J,,Starlink-11398 ,USA,11/9/2024,,Yes,ST/SG/SER.E/1242,,in orbit,,Spacecraft engaged in practical applications and uses of space technology such as weather or communications,------,
2024-204A,,Starlink-11402 ,USA,11/9/2024,,Yes,ST/SG/SER.E/1242,,in orbit,,Spacecraft engaged in practical applications and uses of space technology such as weather or communications,------,
2024-204E,,Starlink-11314 ,USA,11/9/2024,,Yes,ST/SG/SER.E/1242,,in orbit,,Spacecraft engaged in practical applications and uses of space technology such as weather or communications,------,
2024-204C,,Starlink-11401 ,USA,11/9/2024,,Yes,ST/SG/SER.E/1242,,in orbit,,Spacecraft engaged in practical applications and uses of space technology such as weather or communications,------,
2024-204F,,Starlink-11324 ,USA,11/9/2024,,Yes,ST/SG/SER.E/1242,,in orbit,,Spacecraft engaged in practical applications and uses of space technology such as weather or communications,------,
2024-204H,,Starlink-11329 ,USA,11/9/2024,,Yes,ST/SG/SER.E/1242,,in orbit,,Spacecraft engaged in practical applications and uses of space technology such as weather or communications,------,
2024-204B,,Starlink-11316 ,USA,11/9/2024,,Yes,ST/SG/SER.E/1242,,in orbit,,Spacecraft engaged in practical applications and uses of space technology such as weather or communications,------,
2024-204L,,Starlink-11359 ,USA,11/9/2024,,Yes,ST/SG/SER.E/1242,,in orbit,,Spacecraft engaged in practical applications and uses of space technology such as weather or communications,------,
2024-204N,,Starlink-11351 ,USA,11/9/2024,,Yes,ST/SG/SER.E/1242,,in orbit,,Spacecraft engaged in practical applications and uses of space technology such as weather or communications,------,
2024-204P,,Starlink-32410 ,USA,11/9/2024,,Yes,ST/SG/SER.E/1242,,in orbit,,Spacecraft engaged in practical applications and uses of space technology such as weather or communications,------,
2024-204Q,,Starlink-32377 ,USA,11/9/2024,,Yes,ST/SG/SER.E/1242,,in orbit,,Spacecraft engaged in practical applications and uses of space technology such as weather or communications,------,
2024-204K,,Starlink-11383 ,USA,11/9/2024,,Yes,ST/SG/SER.E/1242,,in orbit,,Spacecraft engaged in practical applications and uses of space technology such as weather or communications,------,
2024-204M,,Starlink-11301 ,USA,11/9/2024,,Yes,ST/SG/SER.E/1242,,in orbit,,Spacecraft engaged in practical applications and uses of space technology such as weather or communications,------,
2024-204S,,Starlink-32501 ,USA,11/9/2024,,Yes,ST/SG/SER.E/1242,,in orbit,,Spacecraft engaged in practical applications and uses of space technology such as weather or communications,------,
2024-204R,,Starlink-32292 ,USA,11/9/2024,,Yes,ST/SG/SER.E/1242,,in orbit,,Spacecraft engaged in practical applications and uses of space technology such as weather or communications,------,
2024-204V,,Starlink-32489 ,USA,11/9/2024,,Yes,ST/SG/SER.E/1242,,in orbit,,Spacecraft engaged in practical applications and uses of space technology such as weather or communications,------,
2024-204T,,Starlink-32383 ,USA,11/9/2024,,Yes,ST/SG/SER.E/1242,,in orbit,,Spacecraft engaged in practical applications and uses of space technology such as weather or communications,------,
2024-204U,,Starlink-32239 ,USA,11/9/2024,,Yes,ST/SG/SER.E/1242,,in orbit,,Spacecraft engaged in practical applications and uses of space technology such as weather or communications,------,
2024-202H,,Starlink-32433 ,USA,11/7/2024,,Yes,ST/SG/SER.E/1242,,in orbit,,Spacecraft engaged in practical applications and uses of space technology such as weather or communications,------,
2024-202J,,Starlink-32394 ,USA,11/7/2024,,Yes,ST/SG/SER.E/1242,,in orbit,,Spacecraft engaged in practical applications and uses of space technology such as weather or communications,------,
2024-202F,,Starlink-32330 ,USA,11/7/2024,,Yes,ST/SG/SER.E/1242,,in orbit,,Spacecraft engaged in practical applications and uses of space technology such as weather or communications,------,
2024-202K,,Starlink-32486 ,USA,11/7/2024,,Yes,ST/SG/SER.E/1242,,in orbit,,Spacecraft engaged in practical applications and uses of space technology such as weather or communications,------,
2024-202N,,Starlink-32451 ,USA,11/7/2024,,Yes,ST/SG/SER.E/1242,,in orbit,,Spacecraft engaged in practical applications and uses of space technology such as weather or communications,------,
2024-202P,,Starlink-32556 ,USA,11/7/2024,,Yes,ST/SG/SER.E/1242,,in orbit,,Spacecraft engaged in practical applications and uses of space technology such as weather or communications,------,
2024-202G,,Starlink-32379 ,USA,11/7/2024,,Yes,ST/SG/SER.E/1242,,in orbit,,Spacecraft engaged in practical applications and uses of space technology such as weather or communications,------,
2024-202M,,Starlink-32483 ,USA,11/7/2024,,Yes,ST/SG/SER.E/1242,,in orbit,,Spacecraft engaged in practical applications and uses of space technology such as weather or communications,------,
2024-202L,,Starlink-32391 ,USA,11/7/2024,,Yes,ST/SG/SER.E/1242,,in orbit,,Spacecraft engaged in practical applications and uses of space technology such as weather or communications,------,
2024-202C,,Starlink-32352 ,USA,11/7/2024,,Yes,ST/SG/SER.E/1242,,in orbit,,Spacecraft engaged in practical applications and uses of space technology such as weather or communications,------,
2024-202B,,Starlink-32472 ,USA,11/7/2024,,Yes,ST/SG/SER.E/1242,,in orbit,,Spacecraft engaged in practical applications and uses of space technology such as weather or communications,------,
2024-202A,,Starlink-32362 ,USA,11/7/2024,,Yes,ST/SG/SER.E/1242,,in orbit,,Spacecraft engaged in practical applications and uses of space technology such as weather or communications,------,
2024-202D,,Starlink-32427 ,USA,11/7/2024,,Yes,ST/SG/SER.E/1242,,in orbit,,Spacecraft engaged in practical applications and uses of space technology such as weather or communications,------,
2024-202E,,Starlink-32346 ,USA,11/7/2024,,Yes,ST/SG/SER.E/1242,,in orbit,,Spacecraft engaged in practical applications and uses of space technology such as weather or communications,------,
2024-202V,,Starlink-32318 ,USA,11/7/2024,,Yes,ST/SG/SER.E/1242,,in orbit,,Spacecraft engaged in practical applications and uses of space technology such as weather or communications,------,
2024-202S,,Starlink-32415 ,USA,11/7/2024,,Yes,ST/SG/SER.E/1242,,in orbit,,Spacecraft engaged in practical applications and uses of space technology such as weather or communications,------,
2024-202R,,Starlink-32316 ,USA,11/7/2024,,Yes,ST/SG/SER.E/1242,,in orbit,,Spacecraft engaged in practical applications and uses of space technology such as weather or communications,------,
2024-202W,,Starlink-32401 ,USA,11/7/2024,,Yes,ST/SG/SER.E/1242,,in orbit,,Spacecraft engaged in practical applications and uses of space technology such as weather or communications,------,
2024-202U,,Starlink-32324 ,USA,11/7/2024,,Yes,ST/SG/SER.E/1242,,in orbit,,Spacecraft engaged in practical applications and uses of space technology such as weather or communications,------,
2024-202Y,,Starlink-32569 ,USA,11/7/2024,,Yes,ST/SG/SER.E/1242,,in orbit,,Spacecraft engaged in practical applications and uses of space technology such as weather or communications,------,
2024-202Q,,Starlink-32466 ,USA,11/7/2024,,Yes,ST/SG/SER.E/1242,,in orbit,,Spacecraft engaged in practical applications and uses of space technology such as weather or communications,------,
2024-202T,,Starlink-32393 ,USA,11/7/2024,,Yes,ST/SG/SER.E/1242,,in orbit,,Spacecraft engaged in practical applications and uses of space technology such as weather or communications,------,
2024-202X,,Starlink-32588 ,USA,11/7/2024,,Yes,ST/SG/SER.E/1242,,in orbit,,Spacecraft engaged in practical applications and uses of space technology such as weather or communications,------,
[2024-201B],, [PROTOSAT 1],[(for Rwanda)],[2024-11-05],,No,,ST/SG/SER.E/1245,[in orbit],,------,Not registered with the United Nations. Mentioned by New Zealand in ST/SG/SER.E/1245.,
2024-200A,,Dragon CRS-31 ,USA,11/5/2024,,Yes,ST/SG/SER.E/1242,ST/SG/SER.E/1249,[recovered],12/17/2024,Reusable space transportation systems,Date of launch is 2024-11-05 using UTC.,
[2024-199*],3740-2024-13,SITRO-AIS-17 ,Russian Federation,11/5/2024,,Yes,ST/SG/SER.E/1238,,in orbit,,Technological applications,International Designator pending assignment. Date of launch is 2024-11-04 using UTC.,
[2024-199A],3738-2024-13,Ionosfera-M No.1 ,Russian Federation,11/5/2024,,Yes,ST/SG/SER.E/1238,,in orbit,,Monitoring of heliogeophysical conditions,Date of launch is 2024-11-04 using UTC.,
[2024-199B],3739-2024-13,Ionosfera-M No.2 ,Russian Federation,11/5/2024,,Yes,ST/SG/SER.E/1238,,in orbit,,Monitoring of heliogeophysical conditions,Date of launch is 2024-11-04 using UTC.,
[2024-199L],3766-2024-13,Polytech Universe-5 ,Russian Federation,11/5/2024,,Yes,ST/SG/SER.E/1238,,in orbit,,Technological applications,Date of launch is 2024-11-04 using UTC.,
[2024-199N],3786-2024-13,Polytech Universe 4 ,Russian Federation,11/5/2024,,Yes,ST/SG/SER.E/1238,,in orbit,,Technological applications,Date of launch is 2024-11-04 using UTC.,
[2024-199M],3788-2024-13,Colibri-S ,Russian Federation,11/5/2024,,Yes,ST/SG/SER.E/1238,,in orbit,,Earth remote sensing,Date of launch is 2024-11-04 using UTC.,
[2024-199*],3762-2024-13,SITRO-AIS-43 ,Russian Federation,11/5/2024,,Yes,ST/SG/SER.E/1238,,in orbit,,Technological applications,International Designator pending assignment. Date of launch is 2024-11-04 using UTC.,
[2024-199*],3758-2024-13,SITRO-AIS-41 ,Russian Federation,11/5/2024,,Yes,ST/SG/SER.E/1238,,in orbit,,Technological applications,International Designator pending assignment. Date of launch is 2024-11-04 using UTC.,
[2024-199*],3754-2024-13,RTU MIREA1 ,Russian Federation,11/5/2024,,Yes,ST/SG/SER.E/1238,,in orbit,,Technological applications,International Designator pending assignment. Date of launch is 2024-11-04 using UTC.,
[2024-199*],3753-2024-13,TUSUR GO ,Russian Federation,11/5/2024,,Yes,ST/SG/SER.E/1238,,in orbit,,Technological applications,International Designator pending assignment. Date of launch is 2024-11-04 using UTC.,
[2024-199*],3761-2024-13,Druzhba ATURK ,Russian Federation,11/5/2024,,Yes,ST/SG/SER.E/1238,,in orbit,,Earth remote sensing,International Designator pending assignment. Date of launch is 2024-11-04 using UTC.,
[2024-199*],3755-2024-13,YUZGU-60 ,Russian Federation,11/5/2024,,Yes,ST/SG/SER.E/1238,,in orbit,,Technological applications,International Designator pending assignment. Date of launch is 2024-11-04 using UTC.,
[2024-199*],3756-2024-13,SIT-HSE ,Russian Federation,11/5/2024,,Yes,ST/SG/SER.E/1238,,in orbit,,Technological applications,International Designator pending assignment. Date of launch is 2024-11-04 using UTC.,
[2024-199*],3759-2024-13,Norbi-3 ,Russian Federation,11/5/2024,,Yes,ST/SG/SER.E/1238,,in orbit,,Scientific applications,International Designator pending assignment. Date of launch is 2024-11-04 using UTC.,
[2024-199*],3742-2024-13,SITRO-AIS-18 ,Russian Federation,11/5/2024,,Yes,ST/SG/SER.E/1238,,in orbit,,Technological applications,International Designator pending assignment. Date of launch is 2024-11-04 using UTC.,
[2024-199*],3745-2024-13,SITRO-AIS-23 ,Russian Federation,11/5/2024,,Yes,ST/SG/SER.E/1238,,in orbit,,Technological applications,International Designator pending assignment. Date of launch is 2024-11-04 using UTC.,
[2024-199*],3746-2024-13,SITRO-AIS-20 ,Russian Federation,11/5/2024,,Yes,ST/SG/SER.E/1238,,in orbit,,Technological applications,International Designator pending assignment. Date of launch is 2024-11-04 using UTC.,
[2024-199*],3747-2024-13,SITRO-AIS-24 ,Russian Federation,11/5/2024,,Yes,ST/SG/SER.E/1238,,in orbit,,Technological applications,International Designator pending assignment. Date of launch is 2024-11-04 using UTC.,
[2024-199*],3751-2024-13,SITRO-AIS-16 ,Russian Federation,11/5/2024,,Yes,ST/SG/SER.E/1238,,in orbit,,Technological applications,International Designator pending assignment. Date of launch is 2024-11-04 using UTC.,
[2024-199*],3743-2024-13,SITRO-AIS-22 ,Russian Federation,11/5/2024,,Yes,ST/SG/SER.E/1238,,in orbit,,Technological applications,International Designator pending assignment. Date of launch is 2024-11-04 using UTC.,
[2024-199*],3744-2024-13,SITRO-AIS-19 ,Russian Federation,11/5/2024,,Yes,ST/SG/SER.E/1238,,in orbit,,Technological applications,International Designator pending assignment. Date of launch is 2024-11-04 using UTC.,
[2024-199*],3741-2024-13,SITRO-AIS-21 ,Russian Federation,11/5/2024,,Yes,ST/SG/SER.E/1238,,in orbit,,Technological applications,International Designator pending assignment. Date of launch is 2024-11-04 using UTC.,
[2024-199*],3752-2024-13,SIT-2086 ,Russian Federation,11/5/2024,,Yes,ST/SG/SER.E/1238,,in orbit,,Technological applications,International Designator pending assignment. Date of launch is 2024-11-04 using UTC.,
[2024-199*],3771-2024-13,Khors No. 4 ,Russian Federation,11/5/2024,,Yes,ST/SG/SER.E/1238,,in orbit,,Scientific applications,International Designator pending assignment. Date of launch is 2024-11-04 using UTC.,
[2024-199*],3772-2024-13,Vladivostok-1 ,Russian Federation,11/5/2024,,Yes,ST/SG/SER.E/1238,,in orbit,,Scientific applications,International Designator pending assignment. Date of launch is 2024-11-04 using UTC.,
[2024-199*],3749-2024-13,SITRO-AIS-14 ,Russian Federation,11/5/2024,,Yes,ST/SG/SER.E/1238,,in orbit,,Technological applications,International Designator pending assignment. Date of launch is 2024-11-04 using UTC.,
[2024-199*],3764-2024-13,SITRO-AIS-44 ,Russian Federation,11/5/2024,,Yes,ST/SG/SER.E/1238,,in orbit,,Technological applications,International Designator pending assignment. Date of launch is 2024-11-04 using UTC.,
[2024-199*],3763-2024-13,Altair ,Russian Federation,11/5/2024,,Yes,ST/SG/SER.E/1238,,in orbit,,Scientific applications,International Designator pending assignment. Date of launch is 2024-11-04 using UTC.,
[2024-199*],3768-2024-13,Khors No. 3 ,Russian Federation,11/5/2024,,Yes,ST/SG/SER.E/1238,,in orbit,,Scientific applications,International Designator pending assignment. Date of launch is 2024-11-04 using UTC.,
[2024-199*],3777-2024-13,SITRO-AIS-39 ,Russian Federation,11/5/2024,,Yes,ST/SG/SER.E/1238,,in orbit,,Technological applications,International Designator pending assignment. Date of launch is 2024-11-04 using UTC.,
[2024-199*],3773-2024-13,SITRO-AIS-37 ,Russian Federation,11/5/2024,,Yes,ST/SG/SER.E/1238,,in orbit,,Technological applications,International Designator pending assignment. Date of launch is 2024-11-04 using UTC.,
[2024-199*],3779-2024-13,SITRO-AIS-40 ,Russian Federation,11/5/2024,,Yes,ST/SG/SER.E/1238,,in orbit,,Technological applications,International Designator pending assignment. Date of launch is 2024-11-04 using UTC.,
[2024-199*],3767-2024-13,CSTP-2.2 ,Russian Federation,11/5/2024,,Yes,ST/SG/SER.E/1238,,in orbit,,Scientific applications,International Designator pending assignment. Date of launch is 2024-11-04 using UTC.,
[2024-199AG],3778-2024-13,Mordovia ,Russian Federation,11/5/2024,,Yes,ST/SG/SER.E/1238,,in orbit,,Technological applications,International Designator pending assignment. Date of launch is 2024-11-04 using UTC.,
[2024-199*],3776-2024-13,Ruzaevka-390 ,Russian Federation,11/5/2024,,Yes,ST/SG/SER.E/1238,,in orbit,,Technological applications,Date of launch is 2024-11-04 using UTC.,
[2024-199*],3781-2024-13,SITRO-AIS-45 ,Russian Federation,11/5/2024,,Yes,ST/SG/SER.E/1238,,in orbit,,Technological applications,International Designator pending assignment. Date of launch is 2024-11-04 using UTC.,
[2024-199*],3785-2024-13,SITRO-AIS-47 ,Russian Federation,11/5/2024,,Yes,ST/SG/SER.E/1238,,in orbit,,Technological applications,International Designator pending assignment. Date of launch is 2024-11-04 using UTC.,
[2024-199*],3787-2024-13,SITRO-AIS-48 ,Russian Federation,11/5/2024,,Yes,ST/SG/SER.E/1238,,in orbit,,Technological applications,International Designator pending assignment. Date of launch is 2024-11-04 using UTC.,
[2024-199*],3783-2024-13,SITRO-AIS-46 ,Russian Federation,11/5/2024,,Yes,ST/SG/SER.E/1238,,in orbit,,Technological applications,International Designator pending assignment. Date of launch is 2024-11-04 using UTC.,
[2024-199*],3748-2024-13,SITRO-AIS-13 ,Russian Federation,11/5/2024,,Yes,ST/SG/SER.E/1238,,in orbit,,Technological applications,International Designator pending assignment. Date of launch is 2024-11-04 using UTC.,
[2024-199*],3782-2024-13,Vizard-ion ,Russian Federation,11/5/2024,,Yes,ST/SG/SER.E/1238,,in orbit,,Technological applications,International Designator pending assignment. Date of launch is 2024-11-04 using UTC.,
[2024-199*],3789-2024-13,CSTP-2.11 ,Russian Federation,11/5/2024,,Yes,ST/SG/SER.E/1238,,in orbit,,Earth remote sensing,International Designator pending assignment. Date of launch is 2024-11-04 using UTC.,
[2024-199Y],3784-2024-13,Gorizont [HORIZON GORIZONT],Russian Federation,11/5/2024,,Yes,ST/SG/SER.E/1238,,in orbit,,Scientific applications,International Designator pending assignment. Date of launch is 2024-11-04 using UTC.,
[2024-199*],3760-2024-13,SITRO-AIS-42 ,Russian Federation,11/5/2024,,Yes,ST/SG/SER.E/1238,,in orbit,,Technological applications,International Designator pending assignment. Date of launch is 2024-11-04 using UTC.,
[2024-199*],3750-2024-13,SITRO-AIS-15 ,Russian Federation,11/5/2024,,Yes,ST/SG/SER.E/1238,,in orbit,,Technological applications,International Designator pending assignment. Date of launch is 2024-11-04 using UTC.,
[2024-199*],3775-2024-13,SITRO-AIS-38 ,Russian Federation,11/5/2024,,Yes,ST/SG/SER.E/1238,,in orbit,,Technological applications,International Designator pending assignment. Date of launch is 2024-11-04 using UTC.,
[2024-199AP],3769-2024-13,SXC6-2362 HyperView-1G ,Russian Federation,11/5/2024,,Yes,ST/SG/SER.E/1238,,in orbit,,Earth remote sensing,International Designator pending assignment. Date of launch is 2024-11-04 using UTC.,
[2024-199*],3770-2024-13,MTUCI-1 ,Russian Federation,11/5/2024,,Yes,ST/SG/SER.E/1238,,in orbit,,Scientific applications,International Designator pending assignment. Date of launch is 2024-11-04 using UTC.,
[2024-199*],3757-2024-13,SamSat-Ionosfera ,Russian Federation,11/5/2024,,Yes,ST/SG/SER.E/1238,,in orbit,,Scientific applications,International Designator pending assignment. Date of launch is 2024-11-04 using UTC.,
[2024-199AD],3780-2024-13,SXC3-2361 ArcticSat-1 ,Russian Federation,11/5/2024,,Yes,ST/SG/SER.E/1238,,in orbit,,Scientific applications,Date of launch is 2024-11-04 using UTC.,
2024-199AJ,3774-2024-13,Nokhcho (Akhmat-2) ,Russian Federation,11/5/2024,,Yes,ST/SG/SER.E/1238,ST/SG/SER.E/1321,decayed,12/29/2025,Technological applications,Additional name of space object provided by State of registry in ST/SG/SER.E/1321. Date of launch is 2024-11-04 using UTC.,
[2024-198A],, [DSN 3 (KIRAMEKI 3)],[Japan],[2024-11-04],,No,,,[in GSO],,------,Not registered with the United Nations.,
[2024-199*],, [HODHOD],[(for Iran (Islamic Republic of))],[2024-11-04],,No,,ST/SG/SER.E/1238,[in orbit],,------,Not registered with the United Nations. International Designator pending assignment. Date of launch is 2024-11-04 using UTC. Mentioned by the Russian Federation in ST/SG/SER.E/1238.,
[2024-199*],, [KOSAR],[(for Iran (Islamic Republic of))],[2024-11-04],,No,,ST/SG/SER.E/1238,[in orbit],,------,Not registered with the United Nations. International Designator pending assignment. Date of launch is 2024-11-04 using UTC. Mentioned by the Russian Federation in ST/SG/SER.E/1238.,
[2024-199*],, [ZIMSAT 2],[(for Zimbabwe)],[2024-11-04],,No,,ST/SG/SER.E/1238,[in orbit],,------,Not registered with the United Nations. International Designator pending assignment. Date of launch is 2024-11-04 using UTC. Mentioned by the Russian Federation in ST/SG/SER.E/1238.,
[2024-078F],, [SZ-18 MODULE],[China],[2024-11-03],,No,,,[in orbit],,------,Not registered with the United Nations. Date of launch is date of separation from SHENZHOU 18 (international designator 22024-078A),
[2024-197A],3737-2024-012,Cosmos-2579 ,Russian Federation,10/31/2024,,Yes,ST/SG/SER.E/1231,,in orbit,,Space object intended for assignments on behalf of the Ministry of Defence of the Russian Federation,------,
2024-195U,,Starlink-32515 ,USA,10/30/2024,,Yes,ST/SG/SER.E/1239,,in orbit,,Spacecraft engaged in practical applications and uses of space technology such as weather or communications,-----,
2024-195V,,Starlink-32533 ,USA,10/30/2024,,Yes,ST/SG/SER.E/1239,,in orbit,,Spacecraft engaged in practical applications and uses of space technology such as weather or communications,-----,
2024-195Q,,Starlink-32461 ,USA,10/30/2024,,Yes,ST/SG/SER.E/1239,,in orbit,,Spacecraft engaged in practical applications and uses of space technology such as weather or communications,-----,
2024-195P,,Starlink-32349 ,USA,10/30/2024,,Yes,ST/SG/SER.E/1239,,in orbit,,Spacecraft engaged in practical applications and uses of space technology such as weather or communications,-----,
2024-195S,,Starlink-32335 ,USA,10/30/2024,,Yes,ST/SG/SER.E/1239,,in orbit,,Spacecraft engaged in practical applications and uses of space technology such as weather or communications,-----,
2024-195T,,Starlink-32387 ,USA,10/30/2024,,Yes,ST/SG/SER.E/1239,,in orbit,,Spacecraft engaged in practical applications and uses of space technology such as weather or communications,-----,
2024-196B,,Starlink-32402 ,USA,10/30/2024,,Yes,ST/SG/SER.E/1239,,in orbit,,Spacecraft engaged in practical applications and uses of space technology such as weather or communications,-----,
2024-196A,,Starlink-32376 ,USA,10/30/2024,,Yes,ST/SG/SER.E/1239,,in orbit,,Spacecraft engaged in practical applications and uses of space technology such as weather or communications,-----,
2024-196L,,Starlink-32457 ,USA,10/30/2024,,Yes,ST/SG/SER.E/1239,,in orbit,,Spacecraft engaged in practical applications and uses of space technology such as weather or communications,-----,
2024-196D,,Starlink-32404 ,USA,10/30/2024,,Yes,ST/SG/SER.E/1239,,in orbit,,Spacecraft engaged in practical applications and uses of space technology such as weather or communications,-----,
2024-196H,,Starlink-32440 ,USA,10/30/2024,,Yes,ST/SG/SER.E/1239,,in orbit,,Spacecraft engaged in practical applications and uses of space technology such as weather or communications,-----,
2024-195B,,Starlink-11344 ,USA,10/30/2024,,Yes,ST/SG/SER.E/1239,,in orbit,,Spacecraft engaged in practical applications and uses of space technology such as weather or communications,-----,
2024-195M,,Starlink-11336 ,USA,10/30/2024,,Yes,ST/SG/SER.E/1239,,in orbit,,Spacecraft engaged in practical applications and uses of space technology such as weather or communications,-----,
2024-195F,,Starlink-11315 ,USA,10/30/2024,,Yes,ST/SG/SER.E/1239,,in orbit,,Spacecraft engaged in practical applications and uses of space technology such as weather or communications,-----,
2024-195L,,Starlink-11346 ,USA,10/30/2024,,Yes,ST/SG/SER.E/1239,,in orbit,,Spacecraft engaged in practical applications and uses of space technology such as weather or communications,-----,
2024-195A,,Starlink-11335 ,USA,10/30/2024,,Yes,ST/SG/SER.E/1239,,in orbit,,Spacecraft engaged in practical applications and uses of space technology such as weather or communications,-----,
2024-195E,,Starlink-11339 ,USA,10/30/2024,,Yes,ST/SG/SER.E/1239,,in orbit,,Spacecraft engaged in practical applications and uses of space technology such as weather or communications,-----,
2024-195H,,Starlink-11348 ,USA,10/30/2024,,Yes,ST/SG/SER.E/1239,,in orbit,,Spacecraft engaged in practical applications and uses of space technology such as weather or communications,-----,
2024-195G,,Starlink-11366 ,USA,10/30/2024,,Yes,ST/SG/SER.E/1239,,in orbit,,Spacecraft engaged in practical applications and uses of space technology such as weather or communications,-----,
2024-195C,,Starlink-11312 ,USA,10/30/2024,,Yes,ST/SG/SER.E/1239,,in orbit,,Spacecraft engaged in practical applications and uses of space technology such as weather or communications,-----,
2024-195D,,Starlink-11340 ,USA,10/30/2024,,Yes,ST/SG/SER.E/1239,,in orbit,,Spacecraft engaged in practical applications and uses of space technology such as weather or communications,-----,
2024-196N,,Starlink-32344 ,USA,10/30/2024,,Yes,ST/SG/SER.E/1239,,in orbit,,Spacecraft engaged in practical applications and uses of space technology such as weather or communications,-----,
2024-196F,,Starlink-32343 ,USA,10/30/2024,,Yes,ST/SG/SER.E/1239,,in orbit,,Spacecraft engaged in practical applications and uses of space technology such as weather or communications,-----,
2024-196S,,Starlink-32540 ,USA,10/30/2024,,Yes,ST/SG/SER.E/1239,,in orbit,,Spacecraft engaged in practical applications and uses of space technology such as weather or communications,-----,
2024-196X,,Starlink-32475 ,USA,10/30/2024,,Yes,ST/SG/SER.E/1239,,in orbit,,Spacecraft engaged in practical applications and uses of space technology such as weather or communications,-----,
2024-196M,,Starlink-32591 ,USA,10/30/2024,,Yes,ST/SG/SER.E/1239,,in orbit,,Spacecraft engaged in practical applications and uses of space technology such as weather or communications,-----,
2024-196P,,Starlink-32322 ,USA,10/30/2024,,Yes,ST/SG/SER.E/1239,,in orbit,,Spacecraft engaged in practical applications and uses of space technology such as weather or communications,-----,
2024-196W,,Starlink-32511 ,USA,10/30/2024,,Yes,ST/SG/SER.E/1239,,in orbit,,Spacecraft engaged in practical applications and uses of space technology such as weather or communications,-----,
2024-196Y,,Starlink-32422 ,USA,10/30/2024,,Yes,ST/SG/SER.E/1239,,in orbit,,Spacecraft engaged in practical applications and uses of space technology such as weather or communications,-----,
2024-196U,,Starlink-32573 ,USA,10/30/2024,,Yes,ST/SG/SER.E/1239,,in orbit,,Spacecraft engaged in practical applications and uses of space technology such as weather or communications,-----,
2024-196G,,Starlink-32467 ,USA,10/30/2024,,Yes,ST/SG/SER.E/1239,,in orbit,,Spacecraft engaged in practical applications and uses of space technology such as weather or communications,-----,
2024-196R,,Starlink-32438 ,USA,10/30/2024,,Yes,ST/SG/SER.E/1239,,in orbit,,Spacecraft engaged in practical applications and uses of space technology such as weather or communications,-----,
2024-196T,,Starlink-32528 ,USA,10/30/2024,,Yes,ST/SG/SER.E/1239,,in orbit,,Spacecraft engaged in practical applications and uses of space technology such as weather or communications,-----,
2024-196C,,Starlink-32314 ,USA,10/30/2024,,Yes,ST/SG/SER.E/1239,,in orbit,,Spacecraft engaged in practical applications and uses of space technology such as weather or communications,-----,
2024-196J,,Starlink-32459 ,USA,10/30/2024,,Yes,ST/SG/SER.E/1239,,in orbit,,Spacecraft engaged in practical applications and uses of space technology such as weather or communications,-----,
2024-196V,,Starlink-32478 ,USA,10/30/2024,,Yes,ST/SG/SER.E/1239,,in orbit,,Spacecraft engaged in practical applications and uses of space technology such as weather or communications,-----,
2024-196E,,Starlink-32312 ,USA,10/30/2024,,Yes,ST/SG/SER.E/1239,,in orbit,,Spacecraft engaged in practical applications and uses of space technology such as weather or communications,-----,
2024-196K,,Starlink-32465 ,USA,10/30/2024,,Yes,ST/SG/SER.E/1239,,in orbit,,Spacecraft engaged in practical applications and uses of space technology such as weather or communications,-----,
2024-196Q,,Starlink-32469 ,USA,10/30/2024,,Yes,ST/SG/SER.E/1239,,in orbit,,Spacecraft engaged in practical applications and uses of space technology such as weather or communications,-----,
2024-195N,,Starlink-11296 ,USA,10/30/2024,,Yes,ST/SG/SER.E/1239,,in orbit,,Spacecraft engaged in practical applications and uses of space technology such as weather or communications,-----,
2024-195J,,Starlink-11327 ,USA,10/30/2024,,Yes,ST/SG/SER.E/1239,,in orbit,,Spacecraft engaged in practical applications and uses of space technology such as weather or communications,-----,
2024-195K,,Starlink-11341 ,USA,10/30/2024,,Yes,ST/SG/SER.E/1239,,in orbit,,Spacecraft engaged in practical applications and uses of space technology such as weather or communications,-----,
2024-195R,,Starlink-32299 ,USA,10/30/2024,,Yes,ST/SG/SER.E/1239,,in orbit,,Spacecraft engaged in practical applications and uses of space technology such as weather or communications,-----,
[2024-194A],, [SHENZHOU 19 (SZ 19)],[China],[2024-10-29],,No,,,[recovered],[2025-04-30],------,Not registered with the United Nations. Date of launch is 2024-10-29 using UTC.,
2024-193J,,Starlink-32400 ,USA,10/26/2024,,Yes,ST/SG/SER.E/1239,,in orbit,,Spacecraft engaged in practical applications and uses of space technology such as weather or communications,-----,
2024-193K,,Starlink-32449 ,USA,10/26/2024,,Yes,ST/SG/SER.E/1239,,in orbit,,Spacecraft engaged in practical applications and uses of space technology such as weather or communications,-----,
2024-193F,,Starlink-32428 ,USA,10/26/2024,,Yes,ST/SG/SER.E/1239,,in orbit,,Spacecraft engaged in practical applications and uses of space technology such as weather or communications,-----,
2024-193H,,Starlink-32414 ,USA,10/26/2024,,Yes,ST/SG/SER.E/1239,,in orbit,,Spacecraft engaged in practical applications and uses of space technology such as weather or communications,-----,
2024-193D,,Starlink-32301 ,USA,10/26/2024,,Yes,ST/SG/SER.E/1239,,in orbit,,Spacecraft engaged in practical applications and uses of space technology such as weather or communications,-----,
2024-193S,,Starlink-32323 ,USA,10/26/2024,,Yes,ST/SG/SER.E/1239,,in orbit,,Spacecraft engaged in practical applications and uses of space technology such as weather or communications,-----,
2024-193E,,Starlink-32439 ,USA,10/26/2024,,Yes,ST/SG/SER.E/1239,,in orbit,,Spacecraft engaged in practical applications and uses of space technology such as weather or communications,-----,
2024-193T,,Starlink-32363 ,USA,10/26/2024,,Yes,ST/SG/SER.E/1239,,in orbit,,Spacecraft engaged in practical applications and uses of space technology such as weather or communications,-----,
2024-193U,,Starlink-32395 ,USA,10/26/2024,,Yes,ST/SG/SER.E/1239,,in orbit,,Spacecraft engaged in practical applications and uses of space technology such as weather or communications,-----,
2024-193N,,Starlink-32417 ,USA,10/26/2024,,Yes,ST/SG/SER.E/1239,,in orbit,,Spacecraft engaged in practical applications and uses of space technology such as weather or communications,-----,
2024-193P,,Starlink-32326 ,USA,10/26/2024,,Yes,ST/SG/SER.E/1239,,in orbit,,Spacecraft engaged in practical applications and uses of space technology such as weather or communications,-----,
2024-193L,,Starlink-32453 ,USA,10/26/2024,,Yes,ST/SG/SER.E/1239,,in orbit,,Spacecraft engaged in practical applications and uses of space technology such as weather or communications,-----,
2024-193Q,,Starlink-32294 ,USA,10/26/2024,,Yes,ST/SG/SER.E/1239,,in orbit,,Spacecraft engaged in practical applications and uses of space technology such as weather or communications,-----,
2024-193R,,Starlink-322309 ,USA,10/26/2024,,Yes,ST/SG/SER.E/1239,,in orbit,,Spacecraft engaged in practical applications and uses of space technology such as weather or communications,-----,
2024-193V,,Starlink-32412 ,USA,10/26/2024,,Yes,ST/SG/SER.E/1239,,in orbit,,Spacecraft engaged in practical applications and uses of space technology such as weather or communications,-----,
2024-193A,,Starlink-32238 ,USA,10/26/2024,,Yes,ST/SG/SER.E/1239,,in orbit,,Spacecraft engaged in practical applications and uses of space technology such as weather or communications,-----,
2024-193C,,Starlink-32308 ,USA,10/26/2024,,Yes,ST/SG/SER.E/1239,,in orbit,,Spacecraft engaged in practical applications and uses of space technology such as weather or communications,-----,
2024-193G,,Starlink-32414 ,USA,10/26/2024,,Yes,ST/SG/SER.E/1239,,in orbit,,Spacecraft engaged in practical applications and uses of space technology such as weather or communications,-----,
2024-193X,,Starlink-32429 ,USA,10/26/2024,,Yes,ST/SG/SER.E/1239,,in orbit,,Spacecraft engaged in practical applications and uses of space technology such as weather or communications,-----,
2024-193W,,Starlink-32426 ,USA,10/26/2024,,Yes,ST/SG/SER.E/1239,,in orbit,,Spacecraft engaged in practical applications and uses of space technology such as weather or communications,-----,
2024-193B,,Starlink-32310 ,USA,10/26/2024,,Yes,ST/SG/SER.E/1239,,in orbit,,Spacecraft engaged in practical applications and uses of space technology such as weather or communications,-----,
2024-193M,,Starlink-32443 ,USA,10/26/2024,,Yes,ST/SG/SER.E/1239,,in orbit,,Spacecraft engaged in practical applications and uses of space technology such as weather or communications,-----,
2024-192M,,USA 432 ,USA,10/24/2024,,Yes,ST/SG/SER.E/1239,,in orbit,,Spacecraft engaged in practical applications and uses of space technology such as weather or communications,-----,
2024-192K,,USA 430 ,USA,10/24/2024,,Yes,ST/SG/SER.E/1239,,in orbit,,Spacecraft engaged in practical applications and uses of space technology such as weather or communications,-----,
2024-192L,,USA 431 ,USA,10/24/2024,,Yes,ST/SG/SER.E/1239,,in orbit,,Spacecraft engaged in practical applications and uses of space technology such as weather or communications,-----,
2024-192N,,USA 433 ,USA,10/24/2024,,Yes,ST/SG/SER.E/1239,,in orbit,,Spacecraft engaged in practical applications and uses of space technology such as weather or communications,-----,
2024-192Q,,USA 435 ,USA,10/24/2024,,Yes,ST/SG/SER.E/1239,,in orbit,,Spacecraft engaged in practical applications and uses of space technology such as weather or communications,-----,
2024-192P,,USA 434 ,USA,10/24/2024,,Yes,ST/SG/SER.E/1239,,in orbit,,Spacecraft engaged in practical applications and uses of space technology such as weather or communications,-----,
2024-192G,,USA 427 ,USA,10/24/2024,,Yes,ST/SG/SER.E/1239,,in orbit,,Spacecraft engaged in practical applications and uses of space technology such as weather or communications,-----,
2024-192H,,USA 428 ,USA,10/24/2024,,Yes,ST/SG/SER.E/1239,,in orbit,,Spacecraft engaged in practical applications and uses of space technology such as weather or communications,-----,
2024-192J,,USA 429 ,USA,10/24/2024,,Yes,ST/SG/SER.E/1239,,in orbit,,Spacecraft engaged in practical applications and uses of space technology such as weather or communications,-----,
2024-192B,,USA 422 ,USA,10/24/2024,,Yes,ST/SG/SER.E/1239,,in orbit,,Spacecraft engaged in practical applications and uses of space technology such as weather or communications,-----,
2024-192E,,USA 425 ,USA,10/24/2024,,Yes,ST/SG/SER.E/1239,,in orbit,,Spacecraft engaged in practical applications and uses of space technology such as weather or communications,-----,
2024-192C,,USA 423 ,USA,10/24/2024,,Yes,ST/SG/SER.E/1239,,in orbit,,Spacecraft engaged in practical applications and uses of space technology such as weather or communications,-----,
2024-192D,,USA 424 ,USA,10/24/2024,,Yes,ST/SG/SER.E/1239,,in orbit,,Spacecraft engaged in practical applications and uses of space technology such as weather or communications,-----,
2024-192A,,USA 421 ,USA,10/24/2024,,Yes,ST/SG/SER.E/1239,,in orbit,,Spacecraft engaged in practical applications and uses of space technology such as weather or communications,-----,
2024-192F,,USA 426 ,USA,10/24/2024,,Yes,ST/SG/SER.E/1239,,in orbit,,Spacecraft engaged in practical applications and uses of space technology such as weather or communications,-----,
2024-192S,,USA 437 ,USA,10/24/2024,,Yes,ST/SG/SER.E/1239,,in orbit,,Spacecraft engaged in practical applications and uses of space technology such as weather or communications,-----,
2024-192R,,USA 436 ,USA,10/24/2024,,Yes,ST/SG/SER.E/1239,,in orbit,,Spacecraft engaged in practical applications and uses of space technology such as weather or communications,-----,
[2024-190*],, [YAOGAN 43-03],[China],[2024-10-23],,No,,,[in orbit],,------,Not registered with the United Nations. International Designator pending assignment.,
[2024-190*],, [YAOGAN 43-03],[China],[2024-10-23],,No,,,[in orbit],,------,Not registered with the United Nations. International Designator pending assignment.,
[2024-190*],, [YAOGAN 43-03],[China],[2024-10-23],,No,,,[in orbit],,------,Not registered with the United Nations. International Designator pending assignment.,
2024-191T,,Starlink-32320 ,USA,10/23/2024,,Yes,ST/SG/SER.E/1239,,in orbit,,Spacecraft engaged in practical applications and uses of space technology such as weather or communications,-----,
2024-191Y,,Starlink-32337 ,USA,10/23/2024,,Yes,ST/SG/SER.E/1239,,in orbit,,Spacecraft engaged in practical applications and uses of space technology such as weather or communications,-----,
2024-191X,,Starlink-32264 ,USA,10/23/2024,,Yes,ST/SG/SER.E/1239,,in orbit,,Spacecraft engaged in practical applications and uses of space technology such as weather or communications,-----,
2024-191S,,Starlink-32419 ,USA,10/23/2024,,Yes,ST/SG/SER.E/1239,,in orbit,,Spacecraft engaged in practical applications and uses of space technology such as weather or communications,-----,
2024-191V,,Starlink-32339 ,USA,10/23/2024,,Yes,ST/SG/SER.E/1239,,in orbit,,Spacecraft engaged in practical applications and uses of space technology such as weather or communications,-----,
2024-191W,,Starlink-32327 ,USA,10/23/2024,,Yes,ST/SG/SER.E/1239,,in orbit,,Spacecraft engaged in practical applications and uses of space technology such as weather or communications,-----,
2024-191U,,Starlink-32341 ,USA,10/23/2024,,Yes,ST/SG/SER.E/1239,,in orbit,,Spacecraft engaged in practical applications and uses of space technology such as weather or communications,-----,
2024-191B,,Starlink-32364 ,USA,10/23/2024,,Yes,ST/SG/SER.E/1239,,in orbit,,Spacecraft engaged in practical applications and uses of space technology such as weather or communications,-----,
2024-191L,,Starlink-32348 ,USA,10/23/2024,,Yes,ST/SG/SER.E/1239,,in orbit,,Spacecraft engaged in practical applications and uses of space technology such as weather or communications,-----,
2024-191M,,Starlink-32455 ,USA,10/23/2024,,Yes,ST/SG/SER.E/1239,,in orbit,,Spacecraft engaged in practical applications and uses of space technology such as weather or communications,-----,
2024-191Q,,Starlink-32370 ,USA,10/23/2024,,Yes,ST/SG/SER.E/1239,,in orbit,,Spacecraft engaged in practical applications and uses of space technology such as weather or communications,-----,
2024-191K,,Starlink-32390 ,USA,10/23/2024,,Yes,ST/SG/SER.E/1239,,in orbit,,Spacecraft engaged in practical applications and uses of space technology such as weather or communications,,
